[INFO][AppLauncher]: Using device: cuda:0
[INFO][AppLauncher]: Loading experience file: /home/lingfeng/playground/sharpa-rl-lab/.pixi/envs/default/lib/python3.11/site-packages/isaaclab/apps/isaaclab.python.headless.kit
[INFO]: Parsing configuration from: rl_isaaclab.tasks.inhand_rotate.xhand_grasp_env_cfg:XhandGraspEnvCfg
[INFO]: Parsing configuration from: /home/lingfeng/playground/sharpa-rl-lab/rl_isaaclab/tasks/inhand_rotate/agents/ppo_cfg.yaml

[36m======================================================================================[0m
[36m[1m[INFO][IsaacLab]: Logging to file: /tmp/isaaclab/logs/isaaclab_2026-04-14_00-36-09.log[0m
[36m======================================================================================[0m

[33m00:36:09 [simulation_context.py] WARNING: The `enable_external_forces_every_iteration` parameter in the PhysxCfg is set to False. If you are experiencing noisy velocities, consider enabling this flag. You may need to slightly increase the number of velocity iterations (setting it to 1 or 2 rather than 0), together with this flag, to improve the accuracy of velocity updates.[0m
[INFO]: Base environment:
	Environment device    : cuda:0
	Environment seed      : 42
	Physics step-size     : 0.004166666666666667
	Rendering step-size   : 0.008333333333333333
	Environment step-size : 0.05
[33m00:36:09 [direct_rl_env.py] WARNING: The render interval (2) is smaller than the decimation (12). Multiple render calls will happen for each environment step.If this is not intended, set the render interval to be equal to the decimation.[0m
[33m00:36:10 [prims.py] WARNING: Could not perform 'modify_collision_properties' on any prims under: '/World/envs/env_0/Robot'. This might be because of the following reasons:
	(1) The desired attribute does not exist on any of the prims.
	(2) The desired attribute exists on an instanced prim.
		Discovered list of instanced prim paths: ['/World/envs/env_0/Robot/right_hand_link/visuals', '/World/envs/env_0/Robot/right_hand_link/collisions', '/World/envs/env_0/Robot/right_hand_back_link/visuals', '/World/envs/env_0/Robot/right_hand_back_link/collisions', '/World/envs/env_0/Robot/right_hand_ee_link/visuals', '/World/envs/env_0/Robot/right_hand_ee_link/collisions', '/World/envs/env_0/Robot/right_hand_index_bend_link/visuals', '/World/envs/env_0/Robot/right_hand_index_bend_link/collisions', '/World/envs/env_0/Robot/right_hand_index_rota_link1/visuals', '/World/envs/env_0/Robot/right_hand_index_rota_link1/collisions', '/World/envs/env_0/Robot/right_hand_index_rota_link2/visuals', '/World/envs/env_0/Robot/right_hand_index_rota_link2/collisions', '/World/envs/env_0/Robot/right_hand_index_rota_tip/visuals', '/World/envs/env_0/Robot/right_hand_index_rota_tip/collisions', '/World/envs/env_0/Robot/right_hand_index_rotaback_link2/visuals', '/World/envs/env_0/Robot/right_hand_index_rotaback_link2/collisions', '/World/envs/env_0/Robot/right_hand_index_rotaback_link1/visuals', '/World/envs/env_0/Robot/right_hand_index_rotaback_link1/collisions', '/World/envs/env_0/Robot/right_hand_mid_link1/visuals', '/World/envs/env_0/Robot/right_hand_mid_link1/collisions', '/World/envs/env_0/Robot/right_hand_mid_link2/visuals', '/World/envs/env_0/Robot/right_hand_mid_link2/collisions', '/World/envs/env_0/Robot/right_hand_mid_tip/visuals', '/World/envs/env_0/Robot/right_hand_mid_tip/collisions', '/World/envs/env_0/Robot/right_hand_midback_link2/visuals', '/World/envs/env_0/Robot/right_hand_midback_link2/collisions', '/World/envs/env_0/Robot/right_hand_midback_link1/visuals', '/World/envs/env_0/Robot/right_hand_midback_link1/collisions', '/World/envs/env_0/Robot/right_hand_pinky_link1/visuals', '/World/envs/env_0/Robot/right_hand_pinky_link1/collisions', '/World/envs/env_0/Robot/right_hand_pinky_link2/visuals', '/World/envs/env_0/Robot/right_hand_pinky_link2/collisions', '/World/envs/env_0/Robot/right_hand_pinky_tip/visuals', '/World/envs/env_0/Robot/right_hand_pinky_tip/collisions', '/World/envs/env_0/Robot/right_hand_pinkyback_link2/visuals', '/World/envs/env_0/Robot/right_hand_pinkyback_link2/collisions', '/World/envs/env_0/Robot/right_hand_pinkyback_link1/visuals', '/World/envs/env_0/Robot/right_hand_pinkyback_link1/collisions', '/World/envs/env_0/Robot/right_hand_ring_link1/visuals', '/World/envs/env_0/Robot/right_hand_ring_link1/collisions', '/World/envs/env_0/Robot/right_hand_ring_link2/visuals', '/World/envs/env_0/Robot/right_hand_ring_link2/collisions', '/World/envs/env_0/Robot/right_hand_ring_tip/visuals', '/World/envs/env_0/Robot/right_hand_ring_tip/collisions', '/World/envs/env_0/Robot/right_hand_ringback_link2/visuals', '/World/envs/env_0/Robot/right_hand_ringback_link2/collisions', '/World/envs/env_0/Robot/right_hand_ringback_link1/visuals', '/World/envs/env_0/Robot/right_hand_ringback_link1/collisions', '/World/envs/env_0/Robot/right_hand_thumb_bend_link/visuals', '/World/envs/env_0/Robot/right_hand_thumb_bend_link/collisions', '/World/envs/env_0/Robot/right_hand_thumb_rota_link1/visuals', '/World/envs/env_0/Robot/right_hand_thumb_rota_link1/collisions', '/World/envs/env_0/Robot/right_hand_thumb_rota_link2/visuals', '/World/envs/env_0/Robot/right_hand_thumb_rota_link2/collisions', '/World/envs/env_0/Robot/right_hand_thumb_rota_tip/visuals', '/World/envs/env_0/Robot/right_hand_thumb_rota_tip/collisions', '/World/envs/env_0/Robot/right_hand_thumb_rotaback_link2/visuals', '/World/envs/env_0/Robot/right_hand_thumb_rotaback_link2/collisions', '/World/envs/env_0/Robot/right_hand_thumb_rotaback_link1/visuals', '/World/envs/env_0/Robot/right_hand_thumb_rotaback_link1/collisions'][0m
[33m00:36:13 [interactive_scene.py] WARNING: Collision filtering can only be automatically enabled when replicate_physics=True and using GPU simulation. Please call scene.filter_collisions(global_prim_paths) to filter collisions across environments.[0m
[INFO]: Time taken for scene creation : 3.533454 seconds
[INFO]: Scene manager:  <class InteractiveScene>
	Number of environments: 1024
	Environment spacing   : 0.75
	Source prim name      : /World/envs/env_0
	Global prim paths     : []
	Replicate physics     : False
[INFO]: Starting the simulation. This may take a few seconds. Please wait...
[INFO]: Time taken for simulation start : 4.657689 seconds
[INFO] Event Manager:  <EventManager> contains 1 active terms.
+----------------------------------------+
| Active Event Terms in Mode: 'prestartup' |
+-----------+----------------------------+
|   Index   | Name                       |
+-----------+----------------------------+
|     0     | randomize_scale            |
+-----------+----------------------------+

[INFO]: Completed setting up the environment...
[2026-04-14 00:36:18] current cache size: 0, finished: 0
[2026-04-14 00:36:18] current cache size: 0, finished: 0
[2026-04-14 00:36:19] current cache size: 12, finished: 0
[2026-04-14 00:36:19] current cache size: 27, finished: 0
[2026-04-14 00:36:19] current cache size: 41, finished: 0
[2026-04-14 00:36:20] current cache size: 50, finished: 0
[2026-04-14 00:36:20] current cache size: 62, finished: 0
[2026-04-14 00:36:20] current cache size: 84, finished: 0
[2026-04-14 00:36:20] current cache size: 99, finished: 0
[2026-04-14 00:36:21] current cache size: 110, finished: 0
[2026-04-14 00:36:21] current cache size: 122, finished: 0
[2026-04-14 00:36:21] current cache size: 135, finished: 0
[2026-04-14 00:36:21] current cache size: 150, finished: 0
[2026-04-14 00:36:21] current cache size: 168, finished: 0
[2026-04-14 00:36:22] current cache size: 193, finished: 0
[2026-04-14 00:36:22] current cache size: 200, finished: 0
[2026-04-14 00:36:22] current cache size: 218, finished: 0
[2026-04-14 00:36:22] current cache size: 237, finished: 0
[2026-04-14 00:36:22] current cache size: 251, finished: 0
[2026-04-14 00:36:23] current cache size: 263, finished: 0
[2026-04-14 00:36:23] current cache size: 289, finished: 0
[2026-04-14 00:36:23] current cache size: 311, finished: 0
[2026-04-14 00:36:23] current cache size: 328, finished: 0
[2026-04-14 00:36:23] current cache size: 347, finished: 0
[2026-04-14 00:36:24] current cache size: 365, finished: 0
[2026-04-14 00:36:24] current cache size: 376, finished: 0
[2026-04-14 00:36:24] current cache size: 401, finished: 0
[2026-04-14 00:36:24] current cache size: 422, finished: 0
[2026-04-14 00:36:24] current cache size: 428, finished: 0
[2026-04-14 00:36:25] current cache size: 445, finished: 0
[2026-04-14 00:36:25] current cache size: 462, finished: 0
[2026-04-14 00:36:25] current cache size: 482, finished: 0
[2026-04-14 00:36:25] current cache size: 499, finished: 0
[2026-04-14 00:36:25] current cache size: 515, finished: 0
[2026-04-14 00:36:26] current cache size: 535, finished: 0
[2026-04-14 00:36:26] current cache size: 547, finished: 0
[2026-04-14 00:36:26] current cache size: 563, finished: 0
[2026-04-14 00:36:26] current cache size: 569, finished: 0
[2026-04-14 00:36:26] current cache size: 586, finished: 0
[2026-04-14 00:36:26] current cache size: 600, finished: 0
[2026-04-14 00:36:27] current cache size: 614, finished: 0
[2026-04-14 00:36:27] current cache size: 632, finished: 0
[2026-04-14 00:36:27] current cache size: 641, finished: 0
[2026-04-14 00:36:27] current cache size: 647, finished: 0
[2026-04-14 00:36:27] current cache size: 655, finished: 0
[2026-04-14 00:36:28] current cache size: 661, finished: 0
[2026-04-14 00:36:28] current cache size: 669, finished: 0
[2026-04-14 00:36:28] current cache size: 674, finished: 0
[2026-04-14 00:36:28] current cache size: 685, finished: 0
[2026-04-14 00:36:28] current cache size: 687, finished: 0
[2026-04-14 00:36:29] current cache size: 696, finished: 0
[2026-04-14 00:36:29] current cache size: 702, finished: 0
[2026-04-14 00:36:29] current cache size: 710, finished: 0
[2026-04-14 00:36:29] current cache size: 720, finished: 0
[2026-04-14 00:36:29] current cache size: 726, finished: 0
[2026-04-14 00:36:30] current cache size: 729, finished: 0
[2026-04-14 00:36:30] current cache size: 732, finished: 0
[2026-04-14 00:36:30] current cache size: 741, finished: 0
[2026-04-14 00:36:30] current cache size: 754, finished: 0
[2026-04-14 00:36:30] current cache size: 763, finished: 0
[2026-04-14 00:36:30] current cache size: 771, finished: 0
[2026-04-14 00:36:31] current cache size: 777, finished: 0
[2026-04-14 00:36:31] current cache size: 783, finished: 0
[2026-04-14 00:36:31] current cache size: 793, finished: 0
[2026-04-14 00:36:31] current cache size: 799, finished: 0
[2026-04-14 00:36:31] current cache size: 807, finished: 0
[2026-04-14 00:36:32] current cache size: 822, finished: 0
[2026-04-14 00:36:32] current cache size: 832, finished: 0
[2026-04-14 00:36:32] current cache size: 842, finished: 0
[2026-04-14 00:36:32] current cache size: 849, finished: 0
[2026-04-14 00:36:32] current cache size: 859, finished: 0
[2026-04-14 00:36:33] current cache size: 866, finished: 0
[2026-04-14 00:36:33] current cache size: 873, finished: 0
[2026-04-14 00:36:33] current cache size: 885, finished: 0
[2026-04-14 00:36:33] current cache size: 887, finished: 0
[2026-04-14 00:36:33] current cache size: 895, finished: 0
[2026-04-14 00:36:34] current cache size: 901, finished: 0
[2026-04-14 00:36:34] current cache size: 905, finished: 0
[2026-04-14 00:36:34] current cache size: 911, finished: 0
[2026-04-14 00:36:34] current cache size: 918, finished: 0
[2026-04-14 00:36:34] current cache size: 925, finished: 0
[2026-04-14 00:36:34] current cache size: 932, finished: 0
[2026-04-14 00:36:35] current cache size: 942, finished: 0
[2026-04-14 00:36:35] current cache size: 969, finished: 0
[2026-04-14 00:36:35] current cache size: 984, finished: 0
[2026-04-14 00:36:35] current cache size: 1001, finished: 0
[2026-04-14 00:36:35] current cache size: 1017, finished: 0
[2026-04-14 00:36:36] current cache size: 1027, finished: 0
[2026-04-14 00:36:36] current cache size: 1047, finished: 0
[2026-04-14 00:36:36] current cache size: 1066, finished: 0
[2026-04-14 00:36:36] current cache size: 1087, finished: 0
[2026-04-14 00:36:36] current cache size: 1100, finished: 0
[2026-04-14 00:36:37] current cache size: 1118, finished: 0
[2026-04-14 00:36:37] current cache size: 1132, finished: 0
[2026-04-14 00:36:37] current cache size: 1149, finished: 0
[2026-04-14 00:36:37] current cache size: 1170, finished: 0
[2026-04-14 00:36:37] current cache size: 1184, finished: 0
[2026-04-14 00:36:38] current cache size: 1193, finished: 0
[2026-04-14 00:36:38] current cache size: 1209, finished: 0
[2026-04-14 00:36:38] current cache size: 1220, finished: 0
[2026-04-14 00:36:38] current cache size: 1235, finished: 0
[2026-04-14 00:36:38] current cache size: 1250, finished: 0
[2026-04-14 00:36:38] current cache size: 1265, finished: 0
[2026-04-14 00:36:39] current cache size: 1283, finished: 0
[2026-04-14 00:36:39] current cache size: 1301, finished: 0
[2026-04-14 00:36:39] current cache size: 1308, finished: 0
[2026-04-14 00:36:39] current cache size: 1321, finished: 0
[2026-04-14 00:36:39] current cache size: 1334, finished: 0
[2026-04-14 00:36:40] current cache size: 1353, finished: 0
[2026-04-14 00:36:40] current cache size: 1376, finished: 0
[2026-04-14 00:36:40] current cache size: 1397, finished: 0
[2026-04-14 00:36:40] current cache size: 1416, finished: 0
[2026-04-14 00:36:40] current cache size: 1435, finished: 0
[2026-04-14 00:36:41] current cache size: 1460, finished: 0
[2026-04-14 00:36:41] current cache size: 1479, finished: 0
[2026-04-14 00:36:41] current cache size: 1491, finished: 0
[2026-04-14 00:36:41] current cache size: 1504, finished: 0
[2026-04-14 00:36:41] current cache size: 1520, finished: 0
[2026-04-14 00:36:42] current cache size: 1542, finished: 0
[2026-04-14 00:36:42] current cache size: 1551, finished: 0
[2026-04-14 00:36:42] current cache size: 1565, finished: 0
[2026-04-14 00:36:42] current cache size: 1582, finished: 0
[2026-04-14 00:36:42] current cache size: 1588, finished: 0
[2026-04-14 00:36:43] current cache size: 1593, finished: 0
[2026-04-14 00:36:43] current cache size: 1598, finished: 0
[2026-04-14 00:36:43] current cache size: 1608, finished: 0
[2026-04-14 00:36:43] current cache size: 1620, finished: 0
[2026-04-14 00:36:43] current cache size: 1628, finished: 0
[2026-04-14 00:36:44] current cache size: 1643, finished: 0
[2026-04-14 00:36:44] current cache size: 1653, finished: 0
[2026-04-14 00:36:44] current cache size: 1657, finished: 0
[2026-04-14 00:36:44] current cache size: 1666, finished: 0
[2026-04-14 00:36:44] current cache size: 1676, finished: 0
[2026-04-14 00:36:45] current cache size: 1688, finished: 0
[2026-04-14 00:36:45] current cache size: 1694, finished: 0
[2026-04-14 00:36:45] current cache size: 1712, finished: 0
[2026-04-14 00:36:45] current cache size: 1726, finished: 0
[2026-04-14 00:36:45] current cache size: 1737, finished: 0
[2026-04-14 00:36:45] current cache size: 1743, finished: 0
[2026-04-14 00:36:46] current cache size: 1754, finished: 0
[2026-04-14 00:36:46] current cache size: 1760, finished: 0
[2026-04-14 00:36:46] current cache size: 1772, finished: 0
[2026-04-14 00:36:46] current cache size: 1784, finished: 0
[2026-04-14 00:36:46] current cache size: 1790, finished: 0
[2026-04-14 00:36:47] current cache size: 1796, finished: 0
[2026-04-14 00:36:47] current cache size: 1802, finished: 0
[2026-04-14 00:36:47] current cache size: 1815, finished: 0
[2026-04-14 00:36:47] current cache size: 1823, finished: 0
[2026-04-14 00:36:47] current cache size: 1830, finished: 0
[2026-04-14 00:36:48] current cache size: 1840, finished: 0
[2026-04-14 00:36:48] current cache size: 1848, finished: 0
[2026-04-14 00:36:48] current cache size: 1856, finished: 0
[2026-04-14 00:36:48] current cache size: 1868, finished: 0
[2026-04-14 00:36:48] current cache size: 1878, finished: 0
[2026-04-14 00:36:49] current cache size: 1885, finished: 0
[2026-04-14 00:36:49] current cache size: 1897, finished: 0
[2026-04-14 00:36:49] current cache size: 1910, finished: 0
[2026-04-14 00:36:49] current cache size: 1920, finished: 0
[2026-04-14 00:36:49] current cache size: 1930, finished: 0
[2026-04-14 00:36:50] current cache size: 1941, finished: 0
[2026-04-14 00:36:50] current cache size: 1949, finished: 0
[2026-04-14 00:36:50] current cache size: 1960, finished: 0
[2026-04-14 00:36:50] current cache size: 1971, finished: 0
[2026-04-14 00:36:50] current cache size: 1986, finished: 0
[2026-04-14 00:36:50] current cache size: 1995, finished: 0
[2026-04-14 00:36:51] current cache size: 2009, finished: 0
[2026-04-14 00:36:51] current cache size: 2020, finished: 0
[2026-04-14 00:36:51] current cache size: 2035, finished: 0
[2026-04-14 00:36:51] current cache size: 2043, finished: 0
[2026-04-14 00:36:51] current cache size: 2049, finished: 0
[2026-04-14 00:36:52] current cache size: 2067, finished: 0
[2026-04-14 00:36:52] current cache size: 2081, finished: 0
[2026-04-14 00:36:52] current cache size: 2091, finished: 0
[2026-04-14 00:36:52] current cache size: 2105, finished: 0
[2026-04-14 00:36:52] current cache size: 2126, finished: 0
[2026-04-14 00:36:53] current cache size: 2137, finished: 0
[2026-04-14 00:36:53] current cache size: 2151, finished: 0
[2026-04-14 00:36:53] current cache size: 2155, finished: 0
[2026-04-14 00:36:53] current cache size: 2171, finished: 0
[2026-04-14 00:36:53] current cache size: 2182, finished: 0
[2026-04-14 00:36:53] current cache size: 2192, finished: 0
[2026-04-14 00:36:54] current cache size: 2208, finished: 0
[2026-04-14 00:36:54] current cache size: 2219, finished: 0
[2026-04-14 00:36:54] current cache size: 2230, finished: 0
[2026-04-14 00:36:54] current cache size: 2247, finished: 0
[2026-04-14 00:36:54] current cache size: 2263, finished: 0
[2026-04-14 00:36:55] current cache size: 2273, finished: 0
[2026-04-14 00:36:55] current cache size: 2286, finished: 0
[2026-04-14 00:36:55] current cache size: 2300, finished: 0
[2026-04-14 00:36:55] current cache size: 2312, finished: 0
[2026-04-14 00:36:55] current cache size: 2320, finished: 0
[2026-04-14 00:36:56] current cache size: 2330, finished: 0
[2026-04-14 00:36:56] current cache size: 2337, finished: 0
[2026-04-14 00:36:56] current cache size: 2352, finished: 0
[2026-04-14 00:36:56] current cache size: 2363, finished: 0
[2026-04-14 00:36:56] current cache size: 2371, finished: 0
[2026-04-14 00:36:57] current cache size: 2383, finished: 0
[2026-04-14 00:36:57] current cache size: 2396, finished: 0
[2026-04-14 00:36:57] current cache size: 2405, finished: 0
[2026-04-14 00:36:57] current cache size: 2415, finished: 0
[2026-04-14 00:36:57] current cache size: 2426, finished: 0
[INCREMENTAL] cache size: 2438, finished scales: 0/1
[GRASP DEBUG] step=200 grav=(0,-9.81,0) | cond1(dist<0.1)=910/1024 cond2(>=2 forces>0.2)=12/1024 cond3(quat<thresh)=356/1024 all=12/1024 | ft_dist mean=0.0647 max=0.7648 | force mean=0.0938 max=37.5203
[GRASP DEBUG env0] obj_pos=[-0.07537841796875, 0.023532867431640625, 0.6419444680213928]
[GRASP DEBUG env0]   ft0 pos=[-0.024687767028808594, 0.040801048278808594, 0.6406095623970032] dist=0.0536
[GRASP DEBUG env0]   ft1 pos=[-0.09430980682373047, 0.02593708038330078, 0.6035703420639038] dist=0.0429
[GRASP DEBUG env0]   ft2 pos=[-0.0851449966430664, 0.003998756408691406, 0.6016932129859924] dist=0.0458
[GRASP DEBUG env0]   ft3 pos=[-0.08606529235839844, -0.016000747680664062, 0.6024990081787109] dist=0.0569
[GRASP DEBUG env0]   ft4 pos=[-0.08733272552490234, -0.03600120544433594, 0.6034008860588074] dist=0.0719
[2026-04-14 00:36:58] current cache size: 2438, finished: 0
[2026-04-14 00:36:58] current cache size: 2451, finished: 0
[2026-04-14 00:36:58] current cache size: 2464, finished: 0
[2026-04-14 00:36:58] current cache size: 2472, finished: 0
[2026-04-14 00:36:58] current cache size: 2481, finished: 0
[2026-04-14 00:36:58] current cache size: 2492, finished: 0
[2026-04-14 00:36:59] current cache size: 2505, finished: 0
[2026-04-14 00:36:59] current cache size: 2516, finished: 0
[2026-04-14 00:36:59] current cache size: 2525, finished: 0
[2026-04-14 00:36:59] current cache size: 2535, finished: 0
[2026-04-14 00:36:59] current cache size: 2545, finished: 0
[2026-04-14 00:37:00] current cache size: 2556, finished: 0
[2026-04-14 00:37:00] current cache size: 2562, finished: 0
[2026-04-14 00:37:00] current cache size: 2571, finished: 0
[2026-04-14 00:37:00] current cache size: 2583, finished: 0
[2026-04-14 00:37:00] current cache size: 2598, finished: 0
[2026-04-14 00:37:01] current cache size: 2610, finished: 0
[2026-04-14 00:37:01] current cache size: 2617, finished: 0
[2026-04-14 00:37:01] current cache size: 2633, finished: 0
[2026-04-14 00:37:01] current cache size: 2645, finished: 0
[2026-04-14 00:37:01] current cache size: 2659, finished: 0
[2026-04-14 00:37:01] current cache size: 2668, finished: 0
[2026-04-14 00:37:02] current cache size: 2675, finished: 0
[2026-04-14 00:37:02] current cache size: 2683, finished: 0
[2026-04-14 00:37:02] current cache size: 2692, finished: 0
[2026-04-14 00:37:02] current cache size: 2703, finished: 0
[2026-04-14 00:37:02] current cache size: 2711, finished: 0
[2026-04-14 00:37:03] current cache size: 2722, finished: 0
[2026-04-14 00:37:03] current cache size: 2729, finished: 0
[2026-04-14 00:37:03] current cache size: 2739, finished: 0
[2026-04-14 00:37:03] current cache size: 2751, finished: 0
[2026-04-14 00:37:03] current cache size: 2761, finished: 0
[2026-04-14 00:37:04] current cache size: 2772, finished: 0
[2026-04-14 00:37:04] current cache size: 2784, finished: 0
[2026-04-14 00:37:04] current cache size: 2791, finished: 0
[2026-04-14 00:37:04] current cache size: 2797, finished: 0
[2026-04-14 00:37:04] current cache size: 2811, finished: 0
[2026-04-14 00:37:04] current cache size: 2820, finished: 0
[2026-04-14 00:37:05] current cache size: 2832, finished: 0
[2026-04-14 00:37:05] current cache size: 2843, finished: 0
[2026-04-14 00:37:05] current cache size: 2852, finished: 0
[2026-04-14 00:37:05] current cache size: 2867, finished: 0
[2026-04-14 00:37:05] current cache size: 2884, finished: 0
[2026-04-14 00:37:06] current cache size: 2897, finished: 0
[2026-04-14 00:37:06] current cache size: 2908, finished: 0
[2026-04-14 00:37:06] current cache size: 2917, finished: 0
[2026-04-14 00:37:06] current cache size: 2921, finished: 0
[2026-04-14 00:37:06] current cache size: 2932, finished: 0
[2026-04-14 00:37:07] current cache size: 2941, finished: 0
[2026-04-14 00:37:07] current cache size: 2947, finished: 0
[2026-04-14 00:37:07] current cache size: 2963, finished: 0
[2026-04-14 00:37:07] current cache size: 2974, finished: 0
[2026-04-14 00:37:07] current cache size: 2984, finished: 0
[2026-04-14 00:37:08] current cache size: 2991, finished: 0
[2026-04-14 00:37:08] current cache size: 3000, finished: 0
[2026-04-14 00:37:08] current cache size: 3015, finished: 0
[2026-04-14 00:37:08] current cache size: 3026, finished: 0
[2026-04-14 00:37:08] current cache size: 3036, finished: 0
[2026-04-14 00:37:08] current cache size: 3045, finished: 0
[2026-04-14 00:37:09] current cache size: 3061, finished: 0
[2026-04-14 00:37:09] current cache size: 3075, finished: 0
[2026-04-14 00:37:09] current cache size: 3085, finished: 0
[2026-04-14 00:37:09] current cache size: 3092, finished: 0
[2026-04-14 00:37:09] current cache size: 3098, finished: 0
[2026-04-14 00:37:10] current cache size: 3104, finished: 0
[2026-04-14 00:37:10] current cache size: 3127, finished: 0
[2026-04-14 00:37:10] current cache size: 3139, finished: 0
[2026-04-14 00:37:10] current cache size: 3149, finished: 0
[2026-04-14 00:37:10] current cache size: 3162, finished: 0
[2026-04-14 00:37:11] current cache size: 3170, finished: 0
[2026-04-14 00:37:11] current cache size: 3177, finished: 0
[2026-04-14 00:37:11] current cache size: 3192, finished: 0
[2026-04-14 00:37:11] current cache size: 3203, finished: 0
[2026-04-14 00:37:11] current cache size: 3213, finished: 0
[2026-04-14 00:37:12] current cache size: 3224, finished: 0
[2026-04-14 00:37:12] current cache size: 3234, finished: 0
[2026-04-14 00:37:12] current cache size: 3248, finished: 0
[2026-04-14 00:37:12] current cache size: 3263, finished: 0
[2026-04-14 00:37:12] current cache size: 3274, finished: 0
[2026-04-14 00:37:12] current cache size: 3293, finished: 0
[2026-04-14 00:37:13] current cache size: 3302, finished: 0
[2026-04-14 00:37:13] current cache size: 3308, finished: 0
[2026-04-14 00:37:13] current cache size: 3318, finished: 0
[2026-04-14 00:37:13] current cache size: 3324, finished: 0
[2026-04-14 00:37:13] current cache size: 3330, finished: 0
[2026-04-14 00:37:14] current cache size: 3340, finished: 0
[2026-04-14 00:37:14] current cache size: 3345, finished: 0
[2026-04-14 00:37:14] current cache size: 3354, finished: 0
[2026-04-14 00:37:14] current cache size: 3359, finished: 0
[2026-04-14 00:37:14] current cache size: 3368, finished: 0
[2026-04-14 00:37:15] current cache size: 3379, finished: 0
[2026-04-14 00:37:15] current cache size: 3388, finished: 0
[2026-04-14 00:37:15] current cache size: 3394, finished: 0
[2026-04-14 00:37:15] current cache size: 3404, finished: 0
[2026-04-14 00:37:15] current cache size: 3412, finished: 0
[2026-04-14 00:37:16] current cache size: 3415, finished: 0
[2026-04-14 00:37:16] current cache size: 3420, finished: 0
[2026-04-14 00:37:16] current cache size: 3425, finished: 0
[2026-04-14 00:37:16] current cache size: 3431, finished: 0
[2026-04-14 00:37:16] current cache size: 3443, finished: 0
[2026-04-14 00:37:17] current cache size: 3449, finished: 0
[2026-04-14 00:37:17] current cache size: 3452, finished: 0
[2026-04-14 00:37:17] current cache size: 3457, finished: 0
[2026-04-14 00:37:17] current cache size: 3466, finished: 0
[2026-04-14 00:37:17] current cache size: 3470, finished: 0
[2026-04-14 00:37:18] current cache size: 3476, finished: 0
[2026-04-14 00:37:18] current cache size: 3483, finished: 0
[2026-04-14 00:37:18] current cache size: 3486, finished: 0
[2026-04-14 00:37:18] current cache size: 3494, finished: 0
[2026-04-14 00:37:18] current cache size: 3497, finished: 0
[2026-04-14 00:37:18] current cache size: 3500, finished: 0
[2026-04-14 00:37:19] current cache size: 3514, finished: 0
[2026-04-14 00:37:19] current cache size: 3519, finished: 0
[2026-04-14 00:37:19] current cache size: 3527, finished: 0
[2026-04-14 00:37:19] current cache size: 3536, finished: 0
[2026-04-14 00:37:19] current cache size: 3541, finished: 0
[2026-04-14 00:37:20] current cache size: 3544, finished: 0
[2026-04-14 00:37:20] current cache size: 3550, finished: 0
[2026-04-14 00:37:20] current cache size: 3559, finished: 0
[2026-04-14 00:37:20] current cache size: 3561, finished: 0
[2026-04-14 00:37:20] current cache size: 3570, finished: 0
[2026-04-14 00:37:21] current cache size: 3582, finished: 0
[2026-04-14 00:37:21] current cache size: 3601, finished: 0
[2026-04-14 00:37:21] current cache size: 3614, finished: 0
[2026-04-14 00:37:21] current cache size: 3635, finished: 0
[2026-04-14 00:37:21] current cache size: 3646, finished: 0
[2026-04-14 00:37:22] current cache size: 3664, finished: 0
[2026-04-14 00:37:22] current cache size: 3680, finished: 0
[2026-04-14 00:37:22] current cache size: 3695, finished: 0
[2026-04-14 00:37:22] current cache size: 3715, finished: 0
[2026-04-14 00:37:22] current cache size: 3729, finished: 0
[2026-04-14 00:37:22] current cache size: 3741, finished: 0
[2026-04-14 00:37:23] current cache size: 3761, finished: 0
[2026-04-14 00:37:23] current cache size: 3783, finished: 0
[2026-04-14 00:37:23] current cache size: 3797, finished: 0
[2026-04-14 00:37:23] current cache size: 3814, finished: 0
[2026-04-14 00:37:23] current cache size: 3836, finished: 0
[2026-04-14 00:37:24] current cache size: 3852, finished: 0
[2026-04-14 00:37:24] current cache size: 3865, finished: 0
[2026-04-14 00:37:24] current cache size: 3887, finished: 0
[2026-04-14 00:37:24] current cache size: 3902, finished: 0
[2026-04-14 00:37:24] current cache size: 3916, finished: 0
[2026-04-14 00:37:25] current cache size: 3936, finished: 0
[2026-04-14 00:37:25] current cache size: 3957, finished: 0
[2026-04-14 00:37:25] current cache size: 3975, finished: 0
[2026-04-14 00:37:25] current cache size: 3988, finished: 0
[2026-04-14 00:37:25] current cache size: 4003, finished: 0
[2026-04-14 00:37:25] current cache size: 4021, finished: 0
[2026-04-14 00:37:26] current cache size: 4035, finished: 0
[2026-04-14 00:37:26] current cache size: 4051, finished: 0
[2026-04-14 00:37:26] current cache size: 4073, finished: 0
[2026-04-14 00:37:26] current cache size: 4086, finished: 0
[2026-04-14 00:37:26] current cache size: 4101, finished: 0
[2026-04-14 00:37:27] current cache size: 4115, finished: 0
[2026-04-14 00:37:27] current cache size: 4131, finished: 0
[2026-04-14 00:37:27] current cache size: 4142, finished: 0
[2026-04-14 00:37:27] current cache size: 4158, finished: 0
[2026-04-14 00:37:27] current cache size: 4174, finished: 0
[2026-04-14 00:37:28] current cache size: 4191, finished: 0
[2026-04-14 00:37:28] current cache size: 4199, finished: 0
[2026-04-14 00:37:28] current cache size: 4217, finished: 0
[2026-04-14 00:37:28] current cache size: 4230, finished: 0
[2026-04-14 00:37:28] current cache size: 4240, finished: 0
[2026-04-14 00:37:29] current cache size: 4254, finished: 0
[2026-04-14 00:37:29] current cache size: 4263, finished: 0
[2026-04-14 00:37:29] current cache size: 4276, finished: 0
[2026-04-14 00:37:29] current cache size: 4288, finished: 0
[2026-04-14 00:37:29] current cache size: 4296, finished: 0
[2026-04-14 00:37:29] current cache size: 4302, finished: 0
[2026-04-14 00:37:30] current cache size: 4311, finished: 0
[2026-04-14 00:37:30] current cache size: 4321, finished: 0
[2026-04-14 00:37:30] current cache size: 4333, finished: 0
[2026-04-14 00:37:30] current cache size: 4342, finished: 0
[2026-04-14 00:37:30] current cache size: 4347, finished: 0
[2026-04-14 00:37:31] current cache size: 4354, finished: 0
[2026-04-14 00:37:31] current cache size: 4368, finished: 0
[2026-04-14 00:37:31] current cache size: 4386, finished: 0
[2026-04-14 00:37:31] current cache size: 4395, finished: 0
[2026-04-14 00:37:31] current cache size: 4405, finished: 0
[2026-04-14 00:37:32] current cache size: 4417, finished: 0
[2026-04-14 00:37:32] current cache size: 4421, finished: 0
[2026-04-14 00:37:32] current cache size: 4435, finished: 0
[2026-04-14 00:37:32] current cache size: 4446, finished: 0
[2026-04-14 00:37:32] current cache size: 4455, finished: 0
[2026-04-14 00:37:33] current cache size: 4466, finished: 0
[2026-04-14 00:37:33] current cache size: 4473, finished: 0
[2026-04-14 00:37:33] current cache size: 4484, finished: 0
[2026-04-14 00:37:33] current cache size: 4496, finished: 0
[2026-04-14 00:37:33] current cache size: 4509, finished: 0
[2026-04-14 00:37:33] current cache size: 4521, finished: 0
[2026-04-14 00:37:34] current cache size: 4529, finished: 0
[2026-04-14 00:37:34] current cache size: 4532, finished: 0
[2026-04-14 00:37:34] current cache size: 4544, finished: 0
[2026-04-14 00:37:34] current cache size: 4551, finished: 0
[2026-04-14 00:37:34] current cache size: 4557, finished: 0
[2026-04-14 00:37:35] current cache size: 4568, finished: 0
[2026-04-14 00:37:35] current cache size: 4583, finished: 0
[2026-04-14 00:37:35] current cache size: 4592, finished: 0
[2026-04-14 00:37:35] current cache size: 4602, finished: 0
[2026-04-14 00:37:35] current cache size: 4609, finished: 0
[INCREMENTAL] cache size: 4618, finished scales: 0/1
[GRASP DEBUG] step=400 grav=(0,9.81,0) | cond1(dist<0.1)=923/1024 cond2(>=2 forces>0.2)=9/1024 cond3(quat<thresh)=371/1024 all=9/1024 | ft_dist mean=0.0630 max=1.4100 | force mean=0.0680 max=18.0171
[GRASP DEBUG env0] obj_pos=[-0.07982540130615234, 0.016679763793945312, 0.638034999370575]
[GRASP DEBUG env0]   ft0 pos=[-0.031126022338867188, 0.04089546203613281, 0.6410441398620605] dist=0.0545
[GRASP DEBUG env0]   ft1 pos=[-0.09262275695800781, 0.026421546936035156, 0.6032379269599915] dist=0.0383
[GRASP DEBUG env0]   ft2 pos=[-0.08511638641357422, 0.003998756408691406, 0.601650059223175] dist=0.0389
[GRASP DEBUG env0]   ft3 pos=[-0.08396053314208984, -0.016000747680664062, 0.6021749377250671] dist=0.0487
[GRASP DEBUG env0]   ft4 pos=[-0.08077335357666016, -0.03600120544433594, 0.6020083427429199] dist=0.0638
[2026-04-14 00:37:36] current cache size: 4618, finished: 0
[2026-04-14 00:37:36] current cache size: 4635, finished: 0
[2026-04-14 00:37:36] current cache size: 4646, finished: 0
[2026-04-14 00:37:36] current cache size: 4653, finished: 0
[2026-04-14 00:37:36] current cache size: 4662, finished: 0
[2026-04-14 00:37:37] current cache size: 4673, finished: 0
[2026-04-14 00:37:37] current cache size: 4684, finished: 0
[2026-04-14 00:37:37] current cache size: 4699, finished: 0
[2026-04-14 00:37:37] current cache size: 4711, finished: 0
[2026-04-14 00:37:37] current cache size: 4718, finished: 0
[2026-04-14 00:37:38] current cache size: 4728, finished: 0
[2026-04-14 00:37:38] current cache size: 4741, finished: 0
[2026-04-14 00:37:38] current cache size: 4754, finished: 0
[2026-04-14 00:37:38] current cache size: 4771, finished: 0
[2026-04-14 00:37:38] current cache size: 4782, finished: 0
[2026-04-14 00:37:38] current cache size: 4800, finished: 0
[2026-04-14 00:37:39] current cache size: 4813, finished: 0
[2026-04-14 00:37:39] current cache size: 4822, finished: 0
[2026-04-14 00:37:39] current cache size: 4827, finished: 0
[2026-04-14 00:37:39] current cache size: 4839, finished: 0
[2026-04-14 00:37:39] current cache size: 4846, finished: 0
[2026-04-14 00:37:40] current cache size: 4857, finished: 0
[2026-04-14 00:37:40] current cache size: 4863, finished: 0
[2026-04-14 00:37:40] current cache size: 4875, finished: 0
[2026-04-14 00:37:40] current cache size: 4890, finished: 0
[2026-04-14 00:37:40] current cache size: 4911, finished: 0
[2026-04-14 00:37:41] current cache size: 4921, finished: 0
[2026-04-14 00:37:41] current cache size: 4934, finished: 0
[2026-04-14 00:37:41] current cache size: 4946, finished: 0
[2026-04-14 00:37:41] current cache size: 4960, finished: 0
[2026-04-14 00:37:41] current cache size: 4970, finished: 0
[2026-04-14 00:37:42] current cache size: 4975, finished: 0
[2026-04-14 00:37:42] current cache size: 4989, finished: 0
[2026-04-14 00:37:42] current cache size: 5003, finished: 0
[2026-04-14 00:37:42] current cache size: 5012, finished: 0
[2026-04-14 00:37:42] current cache size: 5022, finished: 0
[2026-04-14 00:37:43] current cache size: 5035, finished: 0
[2026-04-14 00:37:43] current cache size: 5047, finished: 0
[2026-04-14 00:37:43] current cache size: 5060, finished: 0
[2026-04-14 00:37:43] current cache size: 5070, finished: 0
[2026-04-14 00:37:43] current cache size: 5089, finished: 0
[2026-04-14 00:37:43] current cache size: 5098, finished: 0
[2026-04-14 00:37:44] current cache size: 5112, finished: 0
[2026-04-14 00:37:44] current cache size: 5125, finished: 0
[2026-04-14 00:37:44] current cache size: 5134, finished: 0
[2026-04-14 00:37:44] current cache size: 5140, finished: 0
[2026-04-14 00:37:44] current cache size: 5148, finished: 0
[2026-04-14 00:37:45] current cache size: 5154, finished: 0
[2026-04-14 00:37:45] current cache size: 5162, finished: 0
[2026-04-14 00:37:45] current cache size: 5173, finished: 0
[2026-04-14 00:37:45] current cache size: 5182, finished: 0
[2026-04-14 00:37:45] current cache size: 5194, finished: 0
[2026-04-14 00:37:46] current cache size: 5205, finished: 0
[2026-04-14 00:37:46] current cache size: 5213, finished: 0
[2026-04-14 00:37:46] current cache size: 5224, finished: 0
[2026-04-14 00:37:46] current cache size: 5233, finished: 0
[2026-04-14 00:37:46] current cache size: 5243, finished: 0
[2026-04-14 00:37:47] current cache size: 5250, finished: 0
[2026-04-14 00:37:47] current cache size: 5263, finished: 0
[2026-04-14 00:37:47] current cache size: 5285, finished: 0
[2026-04-14 00:37:47] current cache size: 5295, finished: 0
[2026-04-14 00:37:47] current cache size: 5305, finished: 0
[2026-04-14 00:37:48] current cache size: 5314, finished: 0
[2026-04-14 00:37:48] current cache size: 5319, finished: 0
[2026-04-14 00:37:48] current cache size: 5329, finished: 0
[2026-04-14 00:37:48] current cache size: 5339, finished: 0
[2026-04-14 00:37:48] current cache size: 5345, finished: 0
[2026-04-14 00:37:49] current cache size: 5360, finished: 0
[2026-04-14 00:37:49] current cache size: 5376, finished: 0
[2026-04-14 00:37:49] current cache size: 5385, finished: 0
[2026-04-14 00:37:49] current cache size: 5393, finished: 0
[2026-04-14 00:37:49] current cache size: 5398, finished: 0
[2026-04-14 00:37:49] current cache size: 5403, finished: 0
[2026-04-14 00:37:50] current cache size: 5413, finished: 0
[2026-04-14 00:37:50] current cache size: 5426, finished: 0
[2026-04-14 00:37:50] current cache size: 5437, finished: 0
[2026-04-14 00:37:50] current cache size: 5447, finished: 0
[2026-04-14 00:37:50] current cache size: 5456, finished: 0
[2026-04-14 00:37:51] current cache size: 5458, finished: 0
[2026-04-14 00:37:51] current cache size: 5470, finished: 0
[2026-04-14 00:37:51] current cache size: 5477, finished: 0
[2026-04-14 00:37:51] current cache size: 5485, finished: 0
[2026-04-14 00:37:51] current cache size: 5498, finished: 0
[2026-04-14 00:37:52] current cache size: 5509, finished: 0
[2026-04-14 00:37:52] current cache size: 5522, finished: 0
[2026-04-14 00:37:52] current cache size: 5531, finished: 0
[2026-04-14 00:37:52] current cache size: 5543, finished: 0
[2026-04-14 00:37:52] current cache size: 5550, finished: 0
[2026-04-14 00:37:53] current cache size: 5561, finished: 0
[2026-04-14 00:37:53] current cache size: 5570, finished: 0
[2026-04-14 00:37:53] current cache size: 5581, finished: 0
[2026-04-14 00:37:53] current cache size: 5590, finished: 0
[2026-04-14 00:37:53] current cache size: 5604, finished: 0
[2026-04-14 00:37:54] current cache size: 5620, finished: 0
[2026-04-14 00:37:54] current cache size: 5634, finished: 0
[2026-04-14 00:37:54] current cache size: 5649, finished: 0
[2026-04-14 00:37:54] current cache size: 5658, finished: 0
[2026-04-14 00:37:54] current cache size: 5682, finished: 0
[2026-04-14 00:37:54] current cache size: 5689, finished: 0
[2026-04-14 00:37:55] current cache size: 5701, finished: 0
[2026-04-14 00:37:55] current cache size: 5715, finished: 0
[2026-04-14 00:37:55] current cache size: 5729, finished: 0
[2026-04-14 00:37:55] current cache size: 5741, finished: 0
[2026-04-14 00:37:55] current cache size: 5756, finished: 0
[2026-04-14 00:37:56] current cache size: 5761, finished: 0
[2026-04-14 00:37:56] current cache size: 5773, finished: 0
[2026-04-14 00:37:56] current cache size: 5780, finished: 0
[2026-04-14 00:37:56] current cache size: 5795, finished: 0
[2026-04-14 00:37:56] current cache size: 5808, finished: 0
[2026-04-14 00:37:57] current cache size: 5818, finished: 0
[2026-04-14 00:37:57] current cache size: 5830, finished: 0
[2026-04-14 00:37:57] current cache size: 5846, finished: 0
[2026-04-14 00:37:57] current cache size: 5859, finished: 0
[2026-04-14 00:37:57] current cache size: 5872, finished: 0
[2026-04-14 00:37:58] current cache size: 5880, finished: 0
[2026-04-14 00:37:58] current cache size: 5887, finished: 0
[2026-04-14 00:37:58] current cache size: 5902, finished: 0
[2026-04-14 00:37:58] current cache size: 5913, finished: 0
[2026-04-14 00:37:58] current cache size: 5920, finished: 0
[2026-04-14 00:37:59] current cache size: 5929, finished: 0
[2026-04-14 00:37:59] current cache size: 5950, finished: 0
[2026-04-14 00:37:59] current cache size: 5958, finished: 0
[2026-04-14 00:37:59] current cache size: 5971, finished: 0
[2026-04-14 00:37:59] current cache size: 5980, finished: 0
[2026-04-14 00:37:59] current cache size: 5988, finished: 0
[2026-04-14 00:38:00] current cache size: 5996, finished: 0
[2026-04-14 00:38:00] current cache size: 6002, finished: 0
[2026-04-14 00:38:00] current cache size: 6012, finished: 0
[2026-04-14 00:38:00] current cache size: 6018, finished: 0
[2026-04-14 00:38:00] current cache size: 6024, finished: 0
[2026-04-14 00:38:01] current cache size: 6028, finished: 0
[2026-04-14 00:38:01] current cache size: 6037, finished: 0
[2026-04-14 00:38:01] current cache size: 6044, finished: 0
[2026-04-14 00:38:01] current cache size: 6052, finished: 0
[2026-04-14 00:38:01] current cache size: 6060, finished: 0
[2026-04-14 00:38:02] current cache size: 6070, finished: 0
[2026-04-14 00:38:02] current cache size: 6080, finished: 0
[2026-04-14 00:38:02] current cache size: 6084, finished: 0
[2026-04-14 00:38:02] current cache size: 6091, finished: 0
[2026-04-14 00:38:02] current cache size: 6099, finished: 0
[2026-04-14 00:38:03] current cache size: 6108, finished: 0
[2026-04-14 00:38:03] current cache size: 6115, finished: 0
[2026-04-14 00:38:03] current cache size: 6121, finished: 0
[2026-04-14 00:38:03] current cache size: 6131, finished: 0
[2026-04-14 00:38:03] current cache size: 6137, finished: 0
[2026-04-14 00:38:03] current cache size: 6141, finished: 0
[2026-04-14 00:38:04] current cache size: 6149, finished: 0
[2026-04-14 00:38:04] current cache size: 6157, finished: 0
[2026-04-14 00:38:04] current cache size: 6161, finished: 0
[2026-04-14 00:38:04] current cache size: 6169, finished: 0
[2026-04-14 00:38:04] current cache size: 6179, finished: 0
[2026-04-14 00:38:05] current cache size: 6187, finished: 0
[2026-04-14 00:38:05] current cache size: 6193, finished: 0
[2026-04-14 00:38:05] current cache size: 6205, finished: 0
[2026-04-14 00:38:05] current cache size: 6214, finished: 0
[2026-04-14 00:38:05] current cache size: 6221, finished: 0
[2026-04-14 00:38:06] current cache size: 6227, finished: 0
[2026-04-14 00:38:06] current cache size: 6232, finished: 0
[2026-04-14 00:38:06] current cache size: 6242, finished: 0
[2026-04-14 00:38:06] current cache size: 6253, finished: 0
[2026-04-14 00:38:06] current cache size: 6260, finished: 0
[2026-04-14 00:38:07] current cache size: 6272, finished: 0
[2026-04-14 00:38:07] current cache size: 6293, finished: 0
[2026-04-14 00:38:07] current cache size: 6304, finished: 0
[2026-04-14 00:38:07] current cache size: 6316, finished: 0
[2026-04-14 00:38:07] current cache size: 6330, finished: 0
[2026-04-14 00:38:08] current cache size: 6347, finished: 0
[2026-04-14 00:38:08] current cache size: 6364, finished: 0
[2026-04-14 00:38:08] current cache size: 6381, finished: 0
[2026-04-14 00:38:08] current cache size: 6399, finished: 0
[2026-04-14 00:38:08] current cache size: 6417, finished: 0
[2026-04-14 00:38:08] current cache size: 6438, finished: 0
[2026-04-14 00:38:09] current cache size: 6458, finished: 0
[2026-04-14 00:38:09] current cache size: 6481, finished: 0
[2026-04-14 00:38:09] current cache size: 6500, finished: 0
[2026-04-14 00:38:09] current cache size: 6525, finished: 0
[2026-04-14 00:38:09] current cache size: 6546, finished: 0
[2026-04-14 00:38:10] current cache size: 6562, finished: 0
[2026-04-14 00:38:10] current cache size: 6582, finished: 0
[2026-04-14 00:38:10] current cache size: 6589, finished: 0
[2026-04-14 00:38:10] current cache size: 6614, finished: 0
[2026-04-14 00:38:10] current cache size: 6632, finished: 0
[2026-04-14 00:38:11] current cache size: 6644, finished: 0
[2026-04-14 00:38:11] current cache size: 6663, finished: 0
[2026-04-14 00:38:11] current cache size: 6675, finished: 0
[2026-04-14 00:38:11] current cache size: 6688, finished: 0
[2026-04-14 00:38:11] current cache size: 6704, finished: 0
[2026-04-14 00:38:12] current cache size: 6729, finished: 0
[2026-04-14 00:38:12] current cache size: 6749, finished: 0
[2026-04-14 00:38:12] current cache size: 6773, finished: 0
[2026-04-14 00:38:12] current cache size: 6791, finished: 0
[2026-04-14 00:38:12] current cache size: 6814, finished: 0
[2026-04-14 00:38:13] current cache size: 6827, finished: 0
[2026-04-14 00:38:13] current cache size: 6844, finished: 0
[2026-04-14 00:38:13] current cache size: 6858, finished: 0
[2026-04-14 00:38:13] current cache size: 6874, finished: 0
[2026-04-14 00:38:13] current cache size: 6886, finished: 0
[2026-04-14 00:38:13] current cache size: 6901, finished: 0
[2026-04-14 00:38:14] current cache size: 6919, finished: 0
[2026-04-14 00:38:14] current cache size: 6930, finished: 0
[INCREMENTAL] cache size: 6944, finished scales: 0/1
[GRASP DEBUG] step=600 grav=(0,0,-9.81) | cond1(dist<0.1)=929/1024 cond2(>=2 forces>0.2)=14/1024 cond3(quat<thresh)=390/1024 all=14/1024 | ft_dist mean=0.0615 max=0.4469 | force mean=0.1039 max=18.7971
[GRASP DEBUG env0] obj_pos=[-0.07195281982421875, 0.04214668273925781, 0.6625025272369385]
[GRASP DEBUG env0]   ft0 pos=[-0.024042129516601562, 0.012372970581054688, 0.6424658298492432] dist=0.0599
[GRASP DEBUG env0]   ft1 pos=[-0.11557674407958984, 0.03101348876953125, 0.6041988134384155] dist=0.0737
[GRASP DEBUG env0]   ft2 pos=[-0.0963277816772461, 0.003998756408691406, 0.603783130645752] dist=0.0741
[GRASP DEBUG env0]   ft3 pos=[-0.09848403930664062, -0.016000747680664062, 0.6042747497558594] dist=0.0865
[GRASP DEBUG env0]   ft4 pos=[-0.09782028198242188, -0.03600120544433594, 0.6044504642486572] dist=0.1007
[2026-04-14 00:38:14] current cache size: 6944, finished: 0
[2026-04-14 00:38:14] current cache size: 6949, finished: 0
[2026-04-14 00:38:14] current cache size: 6962, finished: 0
[2026-04-14 00:38:15] current cache size: 6973, finished: 0
[2026-04-14 00:38:15] current cache size: 6984, finished: 0
[2026-04-14 00:38:15] current cache size: 6995, finished: 0
[2026-04-14 00:38:15] current cache size: 7005, finished: 0
[2026-04-14 00:38:15] current cache size: 7016, finished: 0
[2026-04-14 00:38:16] current cache size: 7024, finished: 0
[2026-04-14 00:38:16] current cache size: 7032, finished: 0
[2026-04-14 00:38:16] current cache size: 7038, finished: 0
[2026-04-14 00:38:16] current cache size: 7052, finished: 0
[2026-04-14 00:38:16] current cache size: 7061, finished: 0
[2026-04-14 00:38:17] current cache size: 7066, finished: 0
[2026-04-14 00:38:17] current cache size: 7074, finished: 0
[2026-04-14 00:38:17] current cache size: 7085, finished: 0
[2026-04-14 00:38:17] current cache size: 7099, finished: 0
[2026-04-14 00:38:17] current cache size: 7107, finished: 0
[2026-04-14 00:38:17] current cache size: 7120, finished: 0
[2026-04-14 00:38:18] current cache size: 7134, finished: 0
[2026-04-14 00:38:18] current cache size: 7143, finished: 0
[2026-04-14 00:38:18] current cache size: 7150, finished: 0
[2026-04-14 00:38:18] current cache size: 7162, finished: 0
[2026-04-14 00:38:18] current cache size: 7167, finished: 0
[2026-04-14 00:38:19] current cache size: 7178, finished: 0
[2026-04-14 00:38:19] current cache size: 7191, finished: 0
[2026-04-14 00:38:19] current cache size: 7205, finished: 0
[2026-04-14 00:38:19] current cache size: 7213, finished: 0
[2026-04-14 00:38:19] current cache size: 7223, finished: 0
[2026-04-14 00:38:20] current cache size: 7237, finished: 0
[2026-04-14 00:38:20] current cache size: 7244, finished: 0
[2026-04-14 00:38:20] current cache size: 7262, finished: 0
[2026-04-14 00:38:20] current cache size: 7277, finished: 0
[2026-04-14 00:38:20] current cache size: 7291, finished: 0
[2026-04-14 00:38:21] current cache size: 7303, finished: 0
[2026-04-14 00:38:21] current cache size: 7313, finished: 0
[2026-04-14 00:38:21] current cache size: 7317, finished: 0
[2026-04-14 00:38:21] current cache size: 7326, finished: 0
[2026-04-14 00:38:21] current cache size: 7337, finished: 0
[2026-04-14 00:38:21] current cache size: 7344, finished: 0
[2026-04-14 00:38:22] current cache size: 7357, finished: 0
[2026-04-14 00:38:22] current cache size: 7368, finished: 0
[2026-04-14 00:38:22] current cache size: 7376, finished: 0
[2026-04-14 00:38:22] current cache size: 7392, finished: 0
[2026-04-14 00:38:22] current cache size: 7398, finished: 0
[2026-04-14 00:38:23] current cache size: 7410, finished: 0
[2026-04-14 00:38:23] current cache size: 7416, finished: 0
[2026-04-14 00:38:23] current cache size: 7422, finished: 0
[2026-04-14 00:38:23] current cache size: 7436, finished: 0
[2026-04-14 00:38:23] current cache size: 7444, finished: 0
[2026-04-14 00:38:24] current cache size: 7459, finished: 0
[2026-04-14 00:38:24] current cache size: 7472, finished: 0
[2026-04-14 00:38:24] current cache size: 7483, finished: 0
[2026-04-14 00:38:24] current cache size: 7490, finished: 0
[2026-04-14 00:38:24] current cache size: 7503, finished: 0
[2026-04-14 00:38:25] current cache size: 7519, finished: 0
[2026-04-14 00:38:25] current cache size: 7531, finished: 0
[2026-04-14 00:38:25] current cache size: 7543, finished: 0
[2026-04-14 00:38:25] current cache size: 7551, finished: 0
[2026-04-14 00:38:25] current cache size: 7566, finished: 0
[2026-04-14 00:38:26] current cache size: 7576, finished: 0
[2026-04-14 00:38:26] current cache size: 7583, finished: 0
[2026-04-14 00:38:26] current cache size: 7590, finished: 0
[2026-04-14 00:38:26] current cache size: 7606, finished: 0
[2026-04-14 00:38:26] current cache size: 7616, finished: 0
[2026-04-14 00:38:26] current cache size: 7632, finished: 0
[2026-04-14 00:38:27] current cache size: 7641, finished: 0
[2026-04-14 00:38:27] current cache size: 7650, finished: 0
[2026-04-14 00:38:27] current cache size: 7658, finished: 0
[2026-04-14 00:38:27] current cache size: 7666, finished: 0
[2026-04-14 00:38:27] current cache size: 7670, finished: 0
[2026-04-14 00:38:28] current cache size: 7681, finished: 0
[2026-04-14 00:38:28] current cache size: 7694, finished: 0
[2026-04-14 00:38:28] current cache size: 7711, finished: 0
[2026-04-14 00:38:28] current cache size: 7731, finished: 0
[2026-04-14 00:38:28] current cache size: 7740, finished: 0
[2026-04-14 00:38:29] current cache size: 7749, finished: 0
[2026-04-14 00:38:29] current cache size: 7760, finished: 0
[2026-04-14 00:38:29] current cache size: 7773, finished: 0
[2026-04-14 00:38:29] current cache size: 7783, finished: 0
[2026-04-14 00:38:29] current cache size: 7794, finished: 0
[2026-04-14 00:38:30] current cache size: 7801, finished: 0
[2026-04-14 00:38:30] current cache size: 7810, finished: 0
[2026-04-14 00:38:30] current cache size: 7821, finished: 0
[2026-04-14 00:38:30] current cache size: 7833, finished: 0
[2026-04-14 00:38:30] current cache size: 7846, finished: 0
[2026-04-14 00:38:30] current cache size: 7855, finished: 0
[2026-04-14 00:38:31] current cache size: 7869, finished: 0
[2026-04-14 00:38:31] current cache size: 7877, finished: 0
[2026-04-14 00:38:31] current cache size: 7885, finished: 0
[2026-04-14 00:38:31] current cache size: 7895, finished: 0
[2026-04-14 00:38:31] current cache size: 7906, finished: 0
[2026-04-14 00:38:32] current cache size: 7923, finished: 0
[2026-04-14 00:38:32] current cache size: 7930, finished: 0
[2026-04-14 00:38:32] current cache size: 7941, finished: 0
[2026-04-14 00:38:32] current cache size: 7951, finished: 0
[2026-04-14 00:38:32] current cache size: 7964, finished: 0
[2026-04-14 00:38:33] current cache size: 7974, finished: 0
[2026-04-14 00:38:33] current cache size: 7982, finished: 0
[2026-04-14 00:38:33] current cache size: 7999, finished: 0
[2026-04-14 00:38:33] current cache size: 8011, finished: 0
[2026-04-14 00:38:33] current cache size: 8025, finished: 0
[2026-04-14 00:38:34] current cache size: 8030, finished: 0
[2026-04-14 00:38:34] current cache size: 8038, finished: 0
[2026-04-14 00:38:34] current cache size: 8047, finished: 0
[2026-04-14 00:38:34] current cache size: 8058, finished: 0
[2026-04-14 00:38:34] current cache size: 8068, finished: 0
[2026-04-14 00:38:35] current cache size: 8075, finished: 0
[2026-04-14 00:38:35] current cache size: 8089, finished: 0
[2026-04-14 00:38:35] current cache size: 8093, finished: 0
[2026-04-14 00:38:35] current cache size: 8097, finished: 0
[2026-04-14 00:38:35] current cache size: 8104, finished: 0
[2026-04-14 00:38:35] current cache size: 8112, finished: 0
[2026-04-14 00:38:36] current cache size: 8120, finished: 0
[2026-04-14 00:38:36] current cache size: 8130, finished: 0
[2026-04-14 00:38:36] current cache size: 8140, finished: 0
[2026-04-14 00:38:36] current cache size: 8154, finished: 0
[2026-04-14 00:38:36] current cache size: 8160, finished: 0
[2026-04-14 00:38:37] current cache size: 8174, finished: 0
[2026-04-14 00:38:37] current cache size: 8185, finished: 0
[2026-04-14 00:38:37] current cache size: 8195, finished: 0
[2026-04-14 00:38:37] current cache size: 8209, finished: 0
[2026-04-14 00:38:37] current cache size: 8225, finished: 0
[2026-04-14 00:38:38] current cache size: 8240, finished: 0
[2026-04-14 00:38:38] current cache size: 8251, finished: 0
[2026-04-14 00:38:38] current cache size: 8269, finished: 0
[2026-04-14 00:38:38] current cache size: 8277, finished: 0
[2026-04-14 00:38:38] current cache size: 8288, finished: 0
[2026-04-14 00:38:39] current cache size: 8300, finished: 0
[2026-04-14 00:38:39] current cache size: 8307, finished: 0
[2026-04-14 00:38:39] current cache size: 8322, finished: 0
[2026-04-14 00:38:39] current cache size: 8327, finished: 0
[2026-04-14 00:38:39] current cache size: 8333, finished: 0
[2026-04-14 00:38:40] current cache size: 8340, finished: 0
[2026-04-14 00:38:40] current cache size: 8350, finished: 0
[2026-04-14 00:38:40] current cache size: 8360, finished: 0
[2026-04-14 00:38:40] current cache size: 8366, finished: 0
[2026-04-14 00:38:40] current cache size: 8378, finished: 0
[2026-04-14 00:38:40] current cache size: 8390, finished: 0
[2026-04-14 00:38:41] current cache size: 8398, finished: 0
[2026-04-14 00:38:41] current cache size: 8410, finished: 0
[2026-04-14 00:38:41] current cache size: 8420, finished: 0
[2026-04-14 00:38:41] current cache size: 8433, finished: 0
[2026-04-14 00:38:41] current cache size: 8444, finished: 0
[2026-04-14 00:38:42] current cache size: 8456, finished: 0
[2026-04-14 00:38:42] current cache size: 8468, finished: 0
[2026-04-14 00:38:42] current cache size: 8481, finished: 0
[2026-04-14 00:38:42] current cache size: 8490, finished: 0
[2026-04-14 00:38:42] current cache size: 8494, finished: 0
[2026-04-14 00:38:43] current cache size: 8502, finished: 0
[2026-04-14 00:38:43] current cache size: 8512, finished: 0
[2026-04-14 00:38:43] current cache size: 8526, finished: 0
[2026-04-14 00:38:43] current cache size: 8537, finished: 0
[2026-04-14 00:38:43] current cache size: 8551, finished: 0
[2026-04-14 00:38:44] current cache size: 8559, finished: 0
[2026-04-14 00:38:44] current cache size: 8574, finished: 0
[2026-04-14 00:38:44] current cache size: 8589, finished: 0
[2026-04-14 00:38:44] current cache size: 8600, finished: 0
[2026-04-14 00:38:44] current cache size: 8610, finished: 0
[2026-04-14 00:38:45] current cache size: 8625, finished: 0
[2026-04-14 00:38:45] current cache size: 8635, finished: 0
[2026-04-14 00:38:45] current cache size: 8643, finished: 0
[2026-04-14 00:38:45] current cache size: 8652, finished: 0
[2026-04-14 00:38:45] current cache size: 8661, finished: 0
[2026-04-14 00:38:45] current cache size: 8670, finished: 0
[2026-04-14 00:38:46] current cache size: 8679, finished: 0
[2026-04-14 00:38:46] current cache size: 8687, finished: 0
[2026-04-14 00:38:46] current cache size: 8695, finished: 0
[2026-04-14 00:38:46] current cache size: 8699, finished: 0
[2026-04-14 00:38:46] current cache size: 8705, finished: 0
[2026-04-14 00:38:47] current cache size: 8719, finished: 0
[2026-04-14 00:38:47] current cache size: 8724, finished: 0
[2026-04-14 00:38:47] current cache size: 8734, finished: 0
[2026-04-14 00:38:47] current cache size: 8740, finished: 0
[2026-04-14 00:38:47] current cache size: 8749, finished: 0
[2026-04-14 00:38:48] current cache size: 8754, finished: 0
[2026-04-14 00:38:48] current cache size: 8759, finished: 0
[2026-04-14 00:38:48] current cache size: 8765, finished: 0
[2026-04-14 00:38:48] current cache size: 8769, finished: 0
[2026-04-14 00:38:48] current cache size: 8776, finished: 0
[2026-04-14 00:38:49] current cache size: 8785, finished: 0
[2026-04-14 00:38:49] current cache size: 8796, finished: 0
[2026-04-14 00:38:49] current cache size: 8808, finished: 0
[2026-04-14 00:38:49] current cache size: 8816, finished: 0
[2026-04-14 00:38:49] current cache size: 8825, finished: 0
[2026-04-14 00:38:50] current cache size: 8832, finished: 0
[2026-04-14 00:38:50] current cache size: 8837, finished: 0
[2026-04-14 00:38:50] current cache size: 8841, finished: 0
[2026-04-14 00:38:50] current cache size: 8851, finished: 0
[2026-04-14 00:38:50] current cache size: 8862, finished: 0
[2026-04-14 00:38:50] current cache size: 8865, finished: 0
[2026-04-14 00:38:51] current cache size: 8875, finished: 0
[2026-04-14 00:38:51] current cache size: 8881, finished: 0
[2026-04-14 00:38:51] current cache size: 8887, finished: 0
[2026-04-14 00:38:51] current cache size: 8897, finished: 0
[2026-04-14 00:38:51] current cache size: 8906, finished: 0
[2026-04-14 00:38:52] current cache size: 8913, finished: 0
[2026-04-14 00:38:52] current cache size: 8919, finished: 0
[2026-04-14 00:38:52] current cache size: 8926, finished: 0
[2026-04-14 00:38:52] current cache size: 8931, finished: 0
[INCREMENTAL] cache size: 8943, finished scales: 0/1
[GRASP DEBUG] step=800 grav=(0,0,9.81) | cond1(dist<0.1)=902/1024 cond2(>=2 forces>0.2)=12/1024 cond3(quat<thresh)=322/1024 all=12/1024 | ft_dist mean=0.0647 max=0.7963 | force mean=0.0775 max=87.0098
[GRASP DEBUG env0] obj_pos=[-0.07752323150634766, 0.0015382766723632812, 0.6591235399246216]
[GRASP DEBUG env0]   ft0 pos=[-0.041103363037109375, 0.04113483428955078, 0.64085453748703] dist=0.0568
[GRASP DEBUG env0]   ft1 pos=[-0.10780715942382812, 0.028125762939453125, 0.6045050621032715] dist=0.0679
[GRASP DEBUG env0]   ft2 pos=[-0.07143592834472656, 0.003998756408691406, 0.5968525409698486] dist=0.0626
[GRASP DEBUG env0]   ft3 pos=[-0.07470417022705078, -0.016000747680664062, 0.5994329452514648] dist=0.0623
[GRASP DEBUG env0]   ft4 pos=[-0.10249614715576172, -0.03600120544433594, 0.604547917842865] dist=0.0708
[2026-04-14 00:38:52] current cache size: 8943, finished: 0
[2026-04-14 00:38:53] current cache size: 8959, finished: 0
[2026-04-14 00:38:53] current cache size: 8981, finished: 0
[2026-04-14 00:38:53] current cache size: 8998, finished: 0
[2026-04-14 00:38:53] current cache size: 9016, finished: 0
[2026-04-14 00:38:53] current cache size: 9033, finished: 0
[2026-04-14 00:38:54] current cache size: 9053, finished: 0
[2026-04-14 00:38:54] current cache size: 9068, finished: 0
[2026-04-14 00:38:54] current cache size: 9095, finished: 0
[2026-04-14 00:38:54] current cache size: 9109, finished: 0
[2026-04-14 00:38:54] current cache size: 9131, finished: 0
[2026-04-14 00:38:55] current cache size: 9153, finished: 0
[2026-04-14 00:38:55] current cache size: 9179, finished: 0
[2026-04-14 00:38:55] current cache size: 9191, finished: 0
[2026-04-14 00:38:55] current cache size: 9208, finished: 0
[2026-04-14 00:38:55] current cache size: 9226, finished: 0
[2026-04-14 00:38:56] current cache size: 9243, finished: 0
[2026-04-14 00:38:56] current cache size: 9264, finished: 0
[2026-04-14 00:38:56] current cache size: 9278, finished: 0
[2026-04-14 00:38:56] current cache size: 9292, finished: 0
[2026-04-14 00:38:56] current cache size: 9313, finished: 0
[2026-04-14 00:38:56] current cache size: 9328, finished: 0
[2026-04-14 00:38:57] current cache size: 9347, finished: 0
[2026-04-14 00:38:57] current cache size: 9363, finished: 0
[2026-04-14 00:38:57] current cache size: 9375, finished: 0
[2026-04-14 00:38:57] current cache size: 9392, finished: 0
[2026-04-14 00:38:57] current cache size: 9411, finished: 0
[2026-04-14 00:38:58] current cache size: 9423, finished: 0
[2026-04-14 00:38:58] current cache size: 9440, finished: 0
[2026-04-14 00:38:58] current cache size: 9457, finished: 0
[2026-04-14 00:38:58] current cache size: 9474, finished: 0
[2026-04-14 00:38:58] current cache size: 9485, finished: 0
[2026-04-14 00:38:59] current cache size: 9499, finished: 0
[2026-04-14 00:38:59] current cache size: 9514, finished: 0
[2026-04-14 00:38:59] current cache size: 9528, finished: 0
[2026-04-14 00:38:59] current cache size: 9542, finished: 0
[2026-04-14 00:38:59] current cache size: 9555, finished: 0
[2026-04-14 00:39:00] current cache size: 9571, finished: 0
[2026-04-14 00:39:00] current cache size: 9589, finished: 0
[2026-04-14 00:39:00] current cache size: 9608, finished: 0
[2026-04-14 00:39:00] current cache size: 9627, finished: 0
[2026-04-14 00:39:00] current cache size: 9639, finished: 0
[2026-04-14 00:39:00] current cache size: 9650, finished: 0
[2026-04-14 00:39:01] current cache size: 9660, finished: 0
[2026-04-14 00:39:01] current cache size: 9670, finished: 0
[2026-04-14 00:39:01] current cache size: 9679, finished: 0
[2026-04-14 00:39:01] current cache size: 9694, finished: 0
[2026-04-14 00:39:01] current cache size: 9712, finished: 0
[2026-04-14 00:39:02] current cache size: 9724, finished: 0
[2026-04-14 00:39:02] current cache size: 9733, finished: 0
[2026-04-14 00:39:02] current cache size: 9744, finished: 0
[2026-04-14 00:39:02] current cache size: 9755, finished: 0
[2026-04-14 00:39:02] current cache size: 9765, finished: 0
[2026-04-14 00:39:03] current cache size: 9770, finished: 0
[2026-04-14 00:39:03] current cache size: 9777, finished: 0
[2026-04-14 00:39:03] current cache size: 9783, finished: 0
[2026-04-14 00:39:03] current cache size: 9789, finished: 0
[2026-04-14 00:39:03] current cache size: 9805, finished: 0
[2026-04-14 00:39:04] current cache size: 9815, finished: 0
[2026-04-14 00:39:04] current cache size: 9819, finished: 0
[2026-04-14 00:39:04] current cache size: 9833, finished: 0
[2026-04-14 00:39:04] current cache size: 9841, finished: 0
[2026-04-14 00:39:04] current cache size: 9852, finished: 0
[2026-04-14 00:39:04] current cache size: 9863, finished: 0
[2026-04-14 00:39:05] current cache size: 9878, finished: 0
[2026-04-14 00:39:05] current cache size: 9889, finished: 0
[2026-04-14 00:39:05] current cache size: 9899, finished: 0
[2026-04-14 00:39:05] current cache size: 9905, finished: 0
[2026-04-14 00:39:05] current cache size: 9916, finished: 0
[2026-04-14 00:39:06] current cache size: 9926, finished: 0
[2026-04-14 00:39:06] current cache size: 9932, finished: 0
[2026-04-14 00:39:06] current cache size: 9951, finished: 0
[2026-04-14 00:39:06] current cache size: 9961, finished: 0
[2026-04-14 00:39:06] current cache size: 9967, finished: 0
[2026-04-14 00:39:07] current cache size: 9977, finished: 0
[2026-04-14 00:39:07] current cache size: 9989, finished: 0
[2026-04-14 00:39:07] current cache size: 9999, finished: 0
[2026-04-14 00:39:07] current cache size: 10012, finished: 0
[2026-04-14 00:39:07] current cache size: 10021, finished: 0
[2026-04-14 00:39:08] current cache size: 10026, finished: 0
[2026-04-14 00:39:08] current cache size: 10034, finished: 0
[2026-04-14 00:39:08] current cache size: 10040, finished: 0
[2026-04-14 00:39:08] current cache size: 10053, finished: 0
[2026-04-14 00:39:08] current cache size: 10062, finished: 0
[2026-04-14 00:39:09] current cache size: 10071, finished: 0
[2026-04-14 00:39:09] current cache size: 10087, finished: 0
[2026-04-14 00:39:09] current cache size: 10103, finished: 0
[2026-04-14 00:39:09] current cache size: 10110, finished: 0
[2026-04-14 00:39:09] current cache size: 10122, finished: 0
[2026-04-14 00:39:10] current cache size: 10129, finished: 0
[2026-04-14 00:39:10] current cache size: 10140, finished: 0
[2026-04-14 00:39:10] current cache size: 10149, finished: 0
[2026-04-14 00:39:10] current cache size: 10161, finished: 0
[2026-04-14 00:39:10] current cache size: 10170, finished: 0
[2026-04-14 00:39:10] current cache size: 10182, finished: 0
[2026-04-14 00:39:11] current cache size: 10193, finished: 0
[2026-04-14 00:39:11] current cache size: 10211, finished: 0
[2026-04-14 00:39:11] current cache size: 10228, finished: 0
[2026-04-14 00:39:11] current cache size: 10234, finished: 0
[2026-04-14 00:39:11] current cache size: 10242, finished: 0
[2026-04-14 00:39:12] current cache size: 10252, finished: 0
[2026-04-14 00:39:12] current cache size: 10256, finished: 0
[2026-04-14 00:39:12] current cache size: 10269, finished: 0
[2026-04-14 00:39:12] current cache size: 10283, finished: 0
[2026-04-14 00:39:12] current cache size: 10295, finished: 0
[2026-04-14 00:39:13] current cache size: 10308, finished: 0
[2026-04-14 00:39:13] current cache size: 10326, finished: 0
[2026-04-14 00:39:13] current cache size: 10335, finished: 0
[2026-04-14 00:39:13] current cache size: 10344, finished: 0
[2026-04-14 00:39:13] current cache size: 10357, finished: 0
[2026-04-14 00:39:14] current cache size: 10367, finished: 0
[2026-04-14 00:39:14] current cache size: 10378, finished: 0
[2026-04-14 00:39:14] current cache size: 10393, finished: 0
[2026-04-14 00:39:14] current cache size: 10403, finished: 0
[2026-04-14 00:39:14] current cache size: 10415, finished: 0
[2026-04-14 00:39:15] current cache size: 10425, finished: 0
[2026-04-14 00:39:15] current cache size: 10438, finished: 0
[2026-04-14 00:39:15] current cache size: 10451, finished: 0
[2026-04-14 00:39:15] current cache size: 10467, finished: 0
[2026-04-14 00:39:15] current cache size: 10478, finished: 0
[2026-04-14 00:39:15] current cache size: 10486, finished: 0
[2026-04-14 00:39:16] current cache size: 10494, finished: 0
[2026-04-14 00:39:16] current cache size: 10506, finished: 0
[2026-04-14 00:39:16] current cache size: 10521, finished: 0
[2026-04-14 00:39:16] current cache size: 10530, finished: 0
[2026-04-14 00:39:16] current cache size: 10547, finished: 0
[2026-04-14 00:39:17] current cache size: 10555, finished: 0
[2026-04-14 00:39:17] current cache size: 10562, finished: 0
[2026-04-14 00:39:17] current cache size: 10573, finished: 0
[2026-04-14 00:39:17] current cache size: 10585, finished: 0
[2026-04-14 00:39:17] current cache size: 10601, finished: 0
[2026-04-14 00:39:18] current cache size: 10609, finished: 0
[2026-04-14 00:39:18] current cache size: 10621, finished: 0
[2026-04-14 00:39:18] current cache size: 10631, finished: 0
[2026-04-14 00:39:18] current cache size: 10641, finished: 0
[2026-04-14 00:39:18] current cache size: 10648, finished: 0
[2026-04-14 00:39:19] current cache size: 10662, finished: 0
[2026-04-14 00:39:19] current cache size: 10678, finished: 0
[2026-04-14 00:39:19] current cache size: 10690, finished: 0
[2026-04-14 00:39:19] current cache size: 10697, finished: 0
[2026-04-14 00:39:19] current cache size: 10710, finished: 0
[2026-04-14 00:39:19] current cache size: 10717, finished: 0
[2026-04-14 00:39:20] current cache size: 10726, finished: 0
[2026-04-14 00:39:20] current cache size: 10731, finished: 0
[2026-04-14 00:39:20] current cache size: 10741, finished: 0
[2026-04-14 00:39:20] current cache size: 10754, finished: 0
[2026-04-14 00:39:20] current cache size: 10765, finished: 0
[2026-04-14 00:39:21] current cache size: 10779, finished: 0
[2026-04-14 00:39:21] current cache size: 10790, finished: 0
[2026-04-14 00:39:21] current cache size: 10798, finished: 0
[2026-04-14 00:39:21] current cache size: 10809, finished: 0
[2026-04-14 00:39:21] current cache size: 10816, finished: 0
[2026-04-14 00:39:22] current cache size: 10822, finished: 0
[2026-04-14 00:39:22] current cache size: 10833, finished: 0
[2026-04-14 00:39:22] current cache size: 10842, finished: 0
[2026-04-14 00:39:22] current cache size: 10857, finished: 0
[2026-04-14 00:39:22] current cache size: 10865, finished: 0
[2026-04-14 00:39:22] current cache size: 10871, finished: 0
[2026-04-14 00:39:23] current cache size: 10877, finished: 0
[2026-04-14 00:39:23] current cache size: 10887, finished: 0
[2026-04-14 00:39:23] current cache size: 10902, finished: 0
[2026-04-14 00:39:23] current cache size: 10912, finished: 0
[2026-04-14 00:39:23] current cache size: 10921, finished: 0
[2026-04-14 00:39:24] current cache size: 10928, finished: 0
[2026-04-14 00:39:24] current cache size: 10940, finished: 0
[2026-04-14 00:39:24] current cache size: 10958, finished: 0
[2026-04-14 00:39:24] current cache size: 10971, finished: 0
[2026-04-14 00:39:24] current cache size: 10982, finished: 0
[2026-04-14 00:39:25] current cache size: 10998, finished: 0
[2026-04-14 00:39:25] current cache size: 11009, finished: 0
[2026-04-14 00:39:25] current cache size: 11023, finished: 0
[2026-04-14 00:39:25] current cache size: 11037, finished: 0
[2026-04-14 00:39:25] current cache size: 11047, finished: 0
[2026-04-14 00:39:26] current cache size: 11054, finished: 0
[2026-04-14 00:39:26] current cache size: 11068, finished: 0
[2026-04-14 00:39:26] current cache size: 11078, finished: 0
[2026-04-14 00:39:26] current cache size: 11090, finished: 0
[2026-04-14 00:39:26] current cache size: 11095, finished: 0
[2026-04-14 00:39:26] current cache size: 11104, finished: 0
[2026-04-14 00:39:27] current cache size: 11115, finished: 0
[2026-04-14 00:39:27] current cache size: 11130, finished: 0
[2026-04-14 00:39:27] current cache size: 11140, finished: 0
[2026-04-14 00:39:27] current cache size: 11148, finished: 0
[2026-04-14 00:39:27] current cache size: 11161, finished: 0
[2026-04-14 00:39:28] current cache size: 11174, finished: 0
[2026-04-14 00:39:28] current cache size: 11184, finished: 0
[2026-04-14 00:39:28] current cache size: 11195, finished: 0
[2026-04-14 00:39:28] current cache size: 11203, finished: 0
[2026-04-14 00:39:28] current cache size: 11209, finished: 0
[2026-04-14 00:39:29] current cache size: 11215, finished: 0
[2026-04-14 00:39:29] current cache size: 11224, finished: 0
[2026-04-14 00:39:29] current cache size: 11236, finished: 0
[2026-04-14 00:39:29] current cache size: 11250, finished: 0
[2026-04-14 00:39:29] current cache size: 11267, finished: 0
[2026-04-14 00:39:30] current cache size: 11277, finished: 0
[2026-04-14 00:39:30] current cache size: 11290, finished: 0
[2026-04-14 00:39:30] current cache size: 11304, finished: 0
[2026-04-14 00:39:30] current cache size: 11311, finished: 0
[2026-04-14 00:39:30] current cache size: 11317, finished: 0
[2026-04-14 00:39:31] current cache size: 11323, finished: 0
[INCREMENTAL] cache size: 11333, finished scales: 0/1
[GRASP DEBUG] step=1000 grav=(-9.81,0,0) | cond1(dist<0.1)=907/1024 cond2(>=2 forces>0.2)=10/1024 cond3(quat<thresh)=355/1024 all=10/1024 | ft_dist mean=0.0634 max=0.3623 | force mean=0.0799 max=16.0704
[GRASP DEBUG env0] obj_pos=[-0.07860851287841797, -0.04211997985839844, 0.6631835103034973]
[GRASP DEBUG env0]   ft0 pos=[-0.014667510986328125, 0.0059223175048828125, 0.6410648822784424] dist=0.0830
[GRASP DEBUG env0]   ft1 pos=[-0.0977334976196289, 0.027876853942871094, 0.6039044857025146] dist=0.0937
[GRASP DEBUG env0]   ft2 pos=[-0.08198165893554688, 0.003998756408691406, 0.6004539132118225] dist=0.0779
[GRASP DEBUG env0]   ft3 pos=[-0.09186077117919922, -0.016000747680664062, 0.603592038154602] dist=0.0664
[GRASP DEBUG env0]   ft4 pos=[-0.07993698120117188, -0.03600120544433594, 0.6018173098564148] dist=0.0617
[2026-04-14 00:39:31] current cache size: 11333, finished: 0
[2026-04-14 00:39:31] current cache size: 11348, finished: 0
[2026-04-14 00:39:31] current cache size: 11355, finished: 0
[2026-04-14 00:39:31] current cache size: 11366, finished: 0
[2026-04-14 00:39:31] current cache size: 11376, finished: 0
[2026-04-14 00:39:32] current cache size: 11387, finished: 0
[2026-04-14 00:39:32] current cache size: 11389, finished: 0
[2026-04-14 00:39:32] current cache size: 11394, finished: 0
[2026-04-14 00:39:32] current cache size: 11404, finished: 0
[2026-04-14 00:39:32] current cache size: 11411, finished: 0
[2026-04-14 00:39:33] current cache size: 11424, finished: 0
[2026-04-14 00:39:33] current cache size: 11430, finished: 0
[2026-04-14 00:39:33] current cache size: 11436, finished: 0
[2026-04-14 00:39:33] current cache size: 11447, finished: 0
[2026-04-14 00:39:33] current cache size: 11461, finished: 0
[2026-04-14 00:39:34] current cache size: 11465, finished: 0
[2026-04-14 00:39:34] current cache size: 11477, finished: 0
[2026-04-14 00:39:34] current cache size: 11483, finished: 0
[2026-04-14 00:39:34] current cache size: 11494, finished: 0
[2026-04-14 00:39:34] current cache size: 11502, finished: 0
[2026-04-14 00:39:35] current cache size: 11507, finished: 0
[2026-04-14 00:39:35] current cache size: 11514, finished: 0
[2026-04-14 00:39:35] current cache size: 11523, finished: 0
[2026-04-14 00:39:35] current cache size: 11529, finished: 0
[2026-04-14 00:39:35] current cache size: 11535, finished: 0
[2026-04-14 00:39:36] current cache size: 11546, finished: 0
[2026-04-14 00:39:36] current cache size: 11558, finished: 0
[2026-04-14 00:39:36] current cache size: 11568, finished: 0
[2026-04-14 00:39:36] current cache size: 11576, finished: 0
[2026-04-14 00:39:36] current cache size: 11585, finished: 0
[2026-04-14 00:39:37] current cache size: 11590, finished: 0
[2026-04-14 00:39:37] current cache size: 11597, finished: 0
[2026-04-14 00:39:37] current cache size: 11606, finished: 0
[2026-04-14 00:39:37] current cache size: 11613, finished: 0
[2026-04-14 00:39:37] current cache size: 11623, finished: 0
[2026-04-14 00:39:37] current cache size: 11629, finished: 0
[2026-04-14 00:39:38] current cache size: 11641, finished: 0
[2026-04-14 00:39:38] current cache size: 11657, finished: 0
[2026-04-14 00:39:38] current cache size: 11669, finished: 0
[2026-04-14 00:39:38] current cache size: 11682, finished: 0
[2026-04-14 00:39:38] current cache size: 11689, finished: 0
[2026-04-14 00:39:39] current cache size: 11707, finished: 0
[2026-04-14 00:39:39] current cache size: 11729, finished: 0
[2026-04-14 00:39:39] current cache size: 11744, finished: 0
[2026-04-14 00:39:39] current cache size: 11757, finished: 0
[2026-04-14 00:39:39] current cache size: 11773, finished: 0
[2026-04-14 00:39:40] current cache size: 11788, finished: 0
[2026-04-14 00:39:40] current cache size: 11801, finished: 0
[2026-04-14 00:39:40] current cache size: 11822, finished: 0
[2026-04-14 00:39:40] current cache size: 11842, finished: 0
[2026-04-14 00:39:40] current cache size: 11857, finished: 0
[2026-04-14 00:39:41] current cache size: 11876, finished: 0
[2026-04-14 00:39:41] current cache size: 11885, finished: 0
[2026-04-14 00:39:41] current cache size: 11896, finished: 0
[2026-04-14 00:39:41] current cache size: 11914, finished: 0
[2026-04-14 00:39:41] current cache size: 11923, finished: 0
[2026-04-14 00:39:42] current cache size: 11941, finished: 0
[2026-04-14 00:39:42] current cache size: 11957, finished: 0
[2026-04-14 00:39:42] current cache size: 11974, finished: 0
[2026-04-14 00:39:42] current cache size: 11989, finished: 0
[2026-04-14 00:39:42] current cache size: 12013, finished: 0
[2026-04-14 00:39:42] current cache size: 12027, finished: 0
[2026-04-14 00:39:43] current cache size: 12045, finished: 0
[2026-04-14 00:39:43] current cache size: 12061, finished: 0
[2026-04-14 00:39:43] current cache size: 12081, finished: 0
[2026-04-14 00:39:43] current cache size: 12093, finished: 0
[2026-04-14 00:39:43] current cache size: 12112, finished: 0
[2026-04-14 00:39:44] current cache size: 12127, finished: 0
[2026-04-14 00:39:44] current cache size: 12144, finished: 0
[2026-04-14 00:39:44] current cache size: 12169, finished: 0
[2026-04-14 00:39:44] current cache size: 12189, finished: 0
[2026-04-14 00:39:44] current cache size: 12206, finished: 0
[2026-04-14 00:39:45] current cache size: 12224, finished: 0
[2026-04-14 00:39:45] current cache size: 12239, finished: 0
[2026-04-14 00:39:45] current cache size: 12250, finished: 0
[2026-04-14 00:39:45] current cache size: 12270, finished: 0
[2026-04-14 00:39:45] current cache size: 12289, finished: 0
[2026-04-14 00:39:46] current cache size: 12308, finished: 0
[2026-04-14 00:39:46] current cache size: 12318, finished: 0
[2026-04-14 00:39:46] current cache size: 12335, finished: 0
[2026-04-14 00:39:46] current cache size: 12349, finished: 0
[2026-04-14 00:39:46] current cache size: 12360, finished: 0
[2026-04-14 00:39:46] current cache size: 12370, finished: 0
[2026-04-14 00:39:47] current cache size: 12379, finished: 0
[2026-04-14 00:39:47] current cache size: 12392, finished: 0
[2026-04-14 00:39:47] current cache size: 12401, finished: 0
[2026-04-14 00:39:47] current cache size: 12409, finished: 0
[2026-04-14 00:39:47] current cache size: 12419, finished: 0
[2026-04-14 00:39:48] current cache size: 12429, finished: 0
[2026-04-14 00:39:48] current cache size: 12439, finished: 0
[2026-04-14 00:39:48] current cache size: 12446, finished: 0
[2026-04-14 00:39:48] current cache size: 12456, finished: 0
[2026-04-14 00:39:48] current cache size: 12467, finished: 0
[2026-04-14 00:39:49] current cache size: 12478, finished: 0
[2026-04-14 00:39:49] current cache size: 12484, finished: 0
[2026-04-14 00:39:49] current cache size: 12494, finished: 0
[2026-04-14 00:39:49] current cache size: 12506, finished: 0
[2026-04-14 00:39:49] current cache size: 12517, finished: 0
[2026-04-14 00:39:50] current cache size: 12532, finished: 0
[2026-04-14 00:39:50] current cache size: 12537, finished: 0
[2026-04-14 00:39:50] current cache size: 12541, finished: 0
[2026-04-14 00:39:50] current cache size: 12549, finished: 0
[2026-04-14 00:39:50] current cache size: 12562, finished: 0
[2026-04-14 00:39:50] current cache size: 12577, finished: 0
[2026-04-14 00:39:51] current cache size: 12586, finished: 0
[2026-04-14 00:39:51] current cache size: 12592, finished: 0
[2026-04-14 00:39:51] current cache size: 12599, finished: 0
[2026-04-14 00:39:51] current cache size: 12604, finished: 0
[2026-04-14 00:39:51] current cache size: 12615, finished: 0
[2026-04-14 00:39:52] current cache size: 12627, finished: 0
[2026-04-14 00:39:52] current cache size: 12635, finished: 0
[2026-04-14 00:39:52] current cache size: 12647, finished: 0
[2026-04-14 00:39:52] current cache size: 12654, finished: 0
[2026-04-14 00:39:52] current cache size: 12660, finished: 0
[2026-04-14 00:39:53] current cache size: 12666, finished: 0
[2026-04-14 00:39:53] current cache size: 12675, finished: 0
[2026-04-14 00:39:53] current cache size: 12684, finished: 0
[2026-04-14 00:39:53] current cache size: 12689, finished: 0
[2026-04-14 00:39:53] current cache size: 12697, finished: 0
[2026-04-14 00:39:54] current cache size: 12703, finished: 0
[2026-04-14 00:39:54] current cache size: 12719, finished: 0
[2026-04-14 00:39:54] current cache size: 12727, finished: 0
[2026-04-14 00:39:54] current cache size: 12736, finished: 0
[2026-04-14 00:39:54] current cache size: 12744, finished: 0
[2026-04-14 00:39:55] current cache size: 12754, finished: 0
[2026-04-14 00:39:55] current cache size: 12771, finished: 0
[2026-04-14 00:39:55] current cache size: 12778, finished: 0
[2026-04-14 00:39:55] current cache size: 12788, finished: 0
[2026-04-14 00:39:55] current cache size: 12803, finished: 0
[2026-04-14 00:39:55] current cache size: 12811, finished: 0
[2026-04-14 00:39:56] current cache size: 12828, finished: 0
[2026-04-14 00:39:56] current cache size: 12835, finished: 0
[2026-04-14 00:39:56] current cache size: 12852, finished: 0
[2026-04-14 00:39:56] current cache size: 12874, finished: 0
[2026-04-14 00:39:56] current cache size: 12885, finished: 0
[2026-04-14 00:39:57] current cache size: 12896, finished: 0
[2026-04-14 00:39:57] current cache size: 12904, finished: 0
[2026-04-14 00:39:57] current cache size: 12914, finished: 0
[2026-04-14 00:39:57] current cache size: 12925, finished: 0
[2026-04-14 00:39:57] current cache size: 12931, finished: 0
[2026-04-14 00:39:58] current cache size: 12943, finished: 0
[2026-04-14 00:39:58] current cache size: 12959, finished: 0
[2026-04-14 00:39:58] current cache size: 12970, finished: 0
[2026-04-14 00:39:58] current cache size: 12983, finished: 0
[2026-04-14 00:39:58] current cache size: 12992, finished: 0
[2026-04-14 00:39:59] current cache size: 13000, finished: 0
[2026-04-14 00:39:59] current cache size: 13013, finished: 0
[2026-04-14 00:39:59] current cache size: 13026, finished: 0
[2026-04-14 00:39:59] current cache size: 13038, finished: 0
[2026-04-14 00:39:59] current cache size: 13051, finished: 0
[2026-04-14 00:40:00] current cache size: 13058, finished: 0
[2026-04-14 00:40:00] current cache size: 13064, finished: 0
[2026-04-14 00:40:00] current cache size: 13076, finished: 0
[2026-04-14 00:40:00] current cache size: 13095, finished: 0
[2026-04-14 00:40:00] current cache size: 13106, finished: 0
[2026-04-14 00:40:00] current cache size: 13118, finished: 0
[2026-04-14 00:40:01] current cache size: 13136, finished: 0
[2026-04-14 00:40:01] current cache size: 13147, finished: 0
[2026-04-14 00:40:01] current cache size: 13160, finished: 0
[2026-04-14 00:40:01] current cache size: 13172, finished: 0
[2026-04-14 00:40:01] current cache size: 13181, finished: 0
[2026-04-14 00:40:02] current cache size: 13193, finished: 0
[2026-04-14 00:40:02] current cache size: 13204, finished: 0
[2026-04-14 00:40:02] current cache size: 13211, finished: 0
[2026-04-14 00:40:02] current cache size: 13220, finished: 0
[2026-04-14 00:40:02] current cache size: 13228, finished: 0
[2026-04-14 00:40:03] current cache size: 13239, finished: 0
[2026-04-14 00:40:03] current cache size: 13251, finished: 0
[2026-04-14 00:40:03] current cache size: 13263, finished: 0
[2026-04-14 00:40:03] current cache size: 13271, finished: 0
[2026-04-14 00:40:03] current cache size: 13283, finished: 0
[2026-04-14 00:40:04] current cache size: 13291, finished: 0
[2026-04-14 00:40:04] current cache size: 13304, finished: 0
[2026-04-14 00:40:04] current cache size: 13316, finished: 0
[2026-04-14 00:40:04] current cache size: 13334, finished: 0
[2026-04-14 00:40:04] current cache size: 13347, finished: 0
[2026-04-14 00:40:05] current cache size: 13351, finished: 0
[2026-04-14 00:40:05] current cache size: 13358, finished: 0
[2026-04-14 00:40:05] current cache size: 13367, finished: 0
[2026-04-14 00:40:05] current cache size: 13378, finished: 0
[2026-04-14 00:40:05] current cache size: 13386, finished: 0
[2026-04-14 00:40:05] current cache size: 13396, finished: 0
[2026-04-14 00:40:06] current cache size: 13408, finished: 0
[2026-04-14 00:40:06] current cache size: 13411, finished: 0
[2026-04-14 00:40:06] current cache size: 13422, finished: 0
[2026-04-14 00:40:06] current cache size: 13426, finished: 0
[2026-04-14 00:40:06] current cache size: 13438, finished: 0
[2026-04-14 00:40:07] current cache size: 13449, finished: 0
[2026-04-14 00:40:07] current cache size: 13457, finished: 0
[2026-04-14 00:40:07] current cache size: 13469, finished: 0
[2026-04-14 00:40:07] current cache size: 13476, finished: 0
[2026-04-14 00:40:07] current cache size: 13490, finished: 0
[2026-04-14 00:40:08] current cache size: 13496, finished: 0
[2026-04-14 00:40:08] current cache size: 13511, finished: 0
[2026-04-14 00:40:08] current cache size: 13523, finished: 0
[2026-04-14 00:40:08] current cache size: 13533, finished: 0
[2026-04-14 00:40:08] current cache size: 13539, finished: 0
[2026-04-14 00:40:09] current cache size: 13549, finished: 0
[2026-04-14 00:40:09] current cache size: 13561, finished: 0
[2026-04-14 00:40:09] current cache size: 13570, finished: 0
[INCREMENTAL] cache size: 13581, finished scales: 0/1
[GRASP DEBUG] step=1200 grav=(9.81,0,0) | cond1(dist<0.1)=907/1024 cond2(>=2 forces>0.2)=11/1024 cond3(quat<thresh)=359/1024 all=11/1024 | ft_dist mean=0.0624 max=0.3603 | force mean=0.0733 max=27.3355
[GRASP DEBUG env0] obj_pos=[-0.119171142578125, 0.022559165954589844, 0.6643208861351013]
[GRASP DEBUG env0]   ft0 pos=[-0.035355567932128906, 0.0410919189453125, 0.6403009295463562] dist=0.0891
[GRASP DEBUG env0]   ft1 pos=[-0.112701416015625, 0.028705596923828125, 0.604371964931488] dist=0.0606
[GRASP DEBUG env0]   ft2 pos=[-0.07866573333740234, 0.003998756408691406, 0.5997612476348877] dist=0.0784
[GRASP DEBUG env0]   ft3 pos=[-0.09636116027832031, -0.016000747680664062, 0.6041058301925659] dist=0.0751
[GRASP DEBUG env0]   ft4 pos=[-0.0872945785522461, -0.03600120544433594, 0.6033691167831421] dist=0.0903
[2026-04-14 00:40:09] current cache size: 13581, finished: 0
[2026-04-14 00:40:09] current cache size: 13588, finished: 0
[2026-04-14 00:40:10] current cache size: 13601, finished: 0
[2026-04-14 00:40:10] current cache size: 13613, finished: 0
[2026-04-14 00:40:10] current cache size: 13622, finished: 0
[2026-04-14 00:40:10] current cache size: 13634, finished: 0
[2026-04-14 00:40:10] current cache size: 13645, finished: 0
[2026-04-14 00:40:10] current cache size: 13656, finished: 0
[2026-04-14 00:40:11] current cache size: 13664, finished: 0
[2026-04-14 00:40:11] current cache size: 13673, finished: 0
[2026-04-14 00:40:11] current cache size: 13686, finished: 0
[2026-04-14 00:40:11] current cache size: 13699, finished: 0
[2026-04-14 00:40:11] current cache size: 13713, finished: 0
[2026-04-14 00:40:12] current cache size: 13727, finished: 0
[2026-04-14 00:40:12] current cache size: 13740, finished: 0
[2026-04-14 00:40:12] current cache size: 13750, finished: 0
[2026-04-14 00:40:12] current cache size: 13765, finished: 0
[2026-04-14 00:40:12] current cache size: 13775, finished: 0
[2026-04-14 00:40:13] current cache size: 13782, finished: 0
[2026-04-14 00:40:13] current cache size: 13793, finished: 0
[2026-04-14 00:40:13] current cache size: 13803, finished: 0
[2026-04-14 00:40:13] current cache size: 13816, finished: 0
[2026-04-14 00:40:13] current cache size: 13825, finished: 0
[2026-04-14 00:40:14] current cache size: 13831, finished: 0
[2026-04-14 00:40:14] current cache size: 13837, finished: 0
[2026-04-14 00:40:14] current cache size: 13847, finished: 0
[2026-04-14 00:40:14] current cache size: 13856, finished: 0
[2026-04-14 00:40:14] current cache size: 13866, finished: 0
[2026-04-14 00:40:15] current cache size: 13876, finished: 0
[2026-04-14 00:40:15] current cache size: 13888, finished: 0
[2026-04-14 00:40:15] current cache size: 13896, finished: 0
[2026-04-14 00:40:15] current cache size: 13914, finished: 0
[2026-04-14 00:40:15] current cache size: 13922, finished: 0
[2026-04-14 00:40:15] current cache size: 13934, finished: 0
[2026-04-14 00:40:16] current cache size: 13945, finished: 0
[2026-04-14 00:40:16] current cache size: 13957, finished: 0
[2026-04-14 00:40:16] current cache size: 13970, finished: 0
[2026-04-14 00:40:16] current cache size: 13982, finished: 0
[2026-04-14 00:40:16] current cache size: 13989, finished: 0
[2026-04-14 00:40:17] current cache size: 14005, finished: 0
[2026-04-14 00:40:17] current cache size: 14021, finished: 0
[2026-04-14 00:40:17] current cache size: 14025, finished: 0
[2026-04-14 00:40:17] current cache size: 14030, finished: 0
[2026-04-14 00:40:17] current cache size: 14038, finished: 0
[2026-04-14 00:40:18] current cache size: 14043, finished: 0
[2026-04-14 00:40:18] current cache size: 14046, finished: 0
[2026-04-14 00:40:18] current cache size: 14052, finished: 0
[2026-04-14 00:40:18] current cache size: 14063, finished: 0
[2026-04-14 00:40:18] current cache size: 14070, finished: 0
[2026-04-14 00:40:19] current cache size: 14084, finished: 0
[2026-04-14 00:40:19] current cache size: 14090, finished: 0
[2026-04-14 00:40:19] current cache size: 14101, finished: 0
[2026-04-14 00:40:19] current cache size: 14105, finished: 0
[2026-04-14 00:40:19] current cache size: 14111, finished: 0
[2026-04-14 00:40:20] current cache size: 14114, finished: 0
[2026-04-14 00:40:20] current cache size: 14123, finished: 0
[2026-04-14 00:40:20] current cache size: 14131, finished: 0
[2026-04-14 00:40:20] current cache size: 14136, finished: 0
[2026-04-14 00:40:20] current cache size: 14145, finished: 0
[2026-04-14 00:40:20] current cache size: 14151, finished: 0
[2026-04-14 00:40:21] current cache size: 14155, finished: 0
[2026-04-14 00:40:21] current cache size: 14164, finished: 0
[2026-04-14 00:40:21] current cache size: 14169, finished: 0
[2026-04-14 00:40:21] current cache size: 14172, finished: 0
[2026-04-14 00:40:21] current cache size: 14181, finished: 0
[2026-04-14 00:40:22] current cache size: 14188, finished: 0
[2026-04-14 00:40:22] current cache size: 14199, finished: 0
[2026-04-14 00:40:22] current cache size: 14204, finished: 0
[2026-04-14 00:40:22] current cache size: 14212, finished: 0
[2026-04-14 00:40:22] current cache size: 14218, finished: 0
[2026-04-14 00:40:23] current cache size: 14228, finished: 0
[2026-04-14 00:40:23] current cache size: 14244, finished: 0
[2026-04-14 00:40:23] current cache size: 14247, finished: 0
[2026-04-14 00:40:23] current cache size: 14251, finished: 0
[2026-04-14 00:40:23] current cache size: 14261, finished: 0
[2026-04-14 00:40:24] current cache size: 14264, finished: 0
[2026-04-14 00:40:24] current cache size: 14272, finished: 0
[2026-04-14 00:40:24] current cache size: 14281, finished: 0
[2026-04-14 00:40:24] current cache size: 14289, finished: 0
[2026-04-14 00:40:24] current cache size: 14296, finished: 0
[2026-04-14 00:40:24] current cache size: 14302, finished: 0
[2026-04-14 00:40:25] current cache size: 14312, finished: 0
[2026-04-14 00:40:25] current cache size: 14327, finished: 0
[2026-04-14 00:40:25] current cache size: 14340, finished: 0
[2026-04-14 00:40:25] current cache size: 14358, finished: 0
[2026-04-14 00:40:25] current cache size: 14376, finished: 0
[2026-04-14 00:40:26] current cache size: 14390, finished: 0
[2026-04-14 00:40:26] current cache size: 14406, finished: 0
[2026-04-14 00:40:26] current cache size: 14424, finished: 0
[2026-04-14 00:40:26] current cache size: 14438, finished: 0
[2026-04-14 00:40:26] current cache size: 14451, finished: 0
[2026-04-14 00:40:27] current cache size: 14470, finished: 0
[2026-04-14 00:40:27] current cache size: 14490, finished: 0
[2026-04-14 00:40:27] current cache size: 14504, finished: 0
[2026-04-14 00:40:27] current cache size: 14523, finished: 0
[2026-04-14 00:40:27] current cache size: 14538, finished: 0
[2026-04-14 00:40:27] current cache size: 14560, finished: 0
[2026-04-14 00:40:28] current cache size: 14572, finished: 0
[2026-04-14 00:40:28] current cache size: 14586, finished: 0
[2026-04-14 00:40:28] current cache size: 14601, finished: 0
[2026-04-14 00:40:28] current cache size: 14619, finished: 0
[2026-04-14 00:40:28] current cache size: 14632, finished: 0
[2026-04-14 00:40:29] current cache size: 14649, finished: 0
[2026-04-14 00:40:29] current cache size: 14659, finished: 0
[2026-04-14 00:40:29] current cache size: 14671, finished: 0
[2026-04-14 00:40:29] current cache size: 14689, finished: 0
[2026-04-14 00:40:29] current cache size: 14708, finished: 0
[2026-04-14 00:40:30] current cache size: 14718, finished: 0
[2026-04-14 00:40:30] current cache size: 14735, finished: 0
[2026-04-14 00:40:30] current cache size: 14745, finished: 0
[2026-04-14 00:40:30] current cache size: 14759, finished: 0
[2026-04-14 00:40:30] current cache size: 14772, finished: 0
[2026-04-14 00:40:31] current cache size: 14790, finished: 0
[2026-04-14 00:40:31] current cache size: 14809, finished: 0
[2026-04-14 00:40:31] current cache size: 14825, finished: 0
[2026-04-14 00:40:31] current cache size: 14842, finished: 0
[2026-04-14 00:40:31] current cache size: 14855, finished: 0
[2026-04-14 00:40:32] current cache size: 14867, finished: 0
[2026-04-14 00:40:32] current cache size: 14891, finished: 0
[2026-04-14 00:40:32] current cache size: 14906, finished: 0
[2026-04-14 00:40:32] current cache size: 14926, finished: 0
[2026-04-14 00:40:32] current cache size: 14937, finished: 0
[2026-04-14 00:40:32] current cache size: 14946, finished: 0
[2026-04-14 00:40:33] current cache size: 14955, finished: 0
[2026-04-14 00:40:33] current cache size: 14973, finished: 0
[2026-04-14 00:40:33] current cache size: 14982, finished: 0
[2026-04-14 00:40:33] current cache size: 14991, finished: 0
[2026-04-14 00:40:33] current cache size: 14998, finished: 0
[2026-04-14 00:40:34] current cache size: 15008, finished: 0
[2026-04-14 00:40:34] current cache size: 15015, finished: 0
[2026-04-14 00:40:34] current cache size: 15025, finished: 0
[2026-04-14 00:40:34] current cache size: 15036, finished: 0
[2026-04-14 00:40:34] current cache size: 15043, finished: 0
[2026-04-14 00:40:35] current cache size: 15052, finished: 0
[2026-04-14 00:40:35] current cache size: 15061, finished: 0
[2026-04-14 00:40:35] current cache size: 15074, finished: 0
[2026-04-14 00:40:35] current cache size: 15091, finished: 0
[2026-04-14 00:40:35] current cache size: 15100, finished: 0
[2026-04-14 00:40:36] current cache size: 15112, finished: 0
[2026-04-14 00:40:36] current cache size: 15121, finished: 0
[2026-04-14 00:40:36] current cache size: 15128, finished: 0
[2026-04-14 00:40:36] current cache size: 15137, finished: 0
[2026-04-14 00:40:36] current cache size: 15145, finished: 0
[2026-04-14 00:40:36] current cache size: 15161, finished: 0
[2026-04-14 00:40:37] current cache size: 15170, finished: 0
[2026-04-14 00:40:37] current cache size: 15177, finished: 0
[2026-04-14 00:40:37] current cache size: 15186, finished: 0
[2026-04-14 00:40:37] current cache size: 15195, finished: 0
[2026-04-14 00:40:37] current cache size: 15205, finished: 0
[2026-04-14 00:40:38] current cache size: 15211, finished: 0
[2026-04-14 00:40:38] current cache size: 15223, finished: 0
[2026-04-14 00:40:38] current cache size: 15227, finished: 0
[2026-04-14 00:40:38] current cache size: 15238, finished: 0
[2026-04-14 00:40:38] current cache size: 15247, finished: 0
[2026-04-14 00:40:39] current cache size: 15257, finished: 0
[2026-04-14 00:40:39] current cache size: 15270, finished: 0
[2026-04-14 00:40:39] current cache size: 15277, finished: 0
[2026-04-14 00:40:39] current cache size: 15287, finished: 0
[2026-04-14 00:40:39] current cache size: 15297, finished: 0
[2026-04-14 00:40:40] current cache size: 15305, finished: 0
[2026-04-14 00:40:40] current cache size: 15313, finished: 0
[2026-04-14 00:40:40] current cache size: 15323, finished: 0
[2026-04-14 00:40:40] current cache size: 15330, finished: 0
[2026-04-14 00:40:40] current cache size: 15347, finished: 0
[2026-04-14 00:40:40] current cache size: 15356, finished: 0
[2026-04-14 00:40:41] current cache size: 15365, finished: 0
[2026-04-14 00:40:41] current cache size: 15377, finished: 0
[2026-04-14 00:40:41] current cache size: 15392, finished: 0
[2026-04-14 00:40:41] current cache size: 15403, finished: 0
[2026-04-14 00:40:41] current cache size: 15412, finished: 0
[2026-04-14 00:40:42] current cache size: 15422, finished: 0
[2026-04-14 00:40:42] current cache size: 15429, finished: 0
[2026-04-14 00:40:42] current cache size: 15442, finished: 0
[2026-04-14 00:40:42] current cache size: 15454, finished: 0
[2026-04-14 00:40:42] current cache size: 15472, finished: 0
[2026-04-14 00:40:43] current cache size: 15482, finished: 0
[2026-04-14 00:40:43] current cache size: 15493, finished: 0
[2026-04-14 00:40:43] current cache size: 15512, finished: 0
[2026-04-14 00:40:43] current cache size: 15525, finished: 0
[2026-04-14 00:40:43] current cache size: 15536, finished: 0
[2026-04-14 00:40:44] current cache size: 15544, finished: 0
[2026-04-14 00:40:44] current cache size: 15553, finished: 0
[2026-04-14 00:40:44] current cache size: 15566, finished: 0
[2026-04-14 00:40:44] current cache size: 15581, finished: 0
[2026-04-14 00:40:44] current cache size: 15596, finished: 0
[2026-04-14 00:40:44] current cache size: 15604, finished: 0
[2026-04-14 00:40:45] current cache size: 15615, finished: 0
[2026-04-14 00:40:45] current cache size: 15623, finished: 0
[2026-04-14 00:40:45] current cache size: 15630, finished: 0
[2026-04-14 00:40:45] current cache size: 15643, finished: 0
[2026-04-14 00:40:45] current cache size: 15659, finished: 0
[2026-04-14 00:40:46] current cache size: 15670, finished: 0
[2026-04-14 00:40:46] current cache size: 15680, finished: 0
[2026-04-14 00:40:46] current cache size: 15684, finished: 0
[2026-04-14 00:40:46] current cache size: 15693, finished: 0
[2026-04-14 00:40:46] current cache size: 15702, finished: 0
[2026-04-14 00:40:47] current cache size: 15708, finished: 0
[2026-04-14 00:40:47] current cache size: 15722, finished: 0
[2026-04-14 00:40:47] current cache size: 15733, finished: 0
[2026-04-14 00:40:47] current cache size: 15747, finished: 0
[INCREMENTAL] cache size: 15756, finished scales: 0/1
[GRASP DEBUG] step=1400 grav=(0,-9.81,0) | cond1(dist<0.1)=879/1024 cond2(>=2 forces>0.2)=9/1024 cond3(quat<thresh)=369/1024 all=9/1024 | ft_dist mean=0.0647 max=0.4352 | force mean=0.0854 max=38.9388
[GRASP DEBUG env0] obj_pos=[-0.06132030487060547, 0.008974075317382812, 0.6353543400764465]
[GRASP DEBUG env0]   ft0 pos=[-0.016330718994140625, 0.033016204833984375, 0.6415942907333374] dist=0.0514
[GRASP DEBUG env0]   ft1 pos=[-0.11264228820800781, 0.028062820434570312, 0.6044209003448486] dist=0.0629
[GRASP DEBUG env0]   ft2 pos=[-0.08471870422363281, 0.003998756408691406, 0.6015163064002991] dist=0.0414
[GRASP DEBUG env0]   ft3 pos=[-0.08103752136230469, -0.016000747680664062, 0.6013537645339966] dist=0.0466
[GRASP DEBUG env0]   ft4 pos=[-0.07439517974853516, -0.03600120544433594, 0.6004417538642883] dist=0.0584
[2026-04-14 00:40:47] current cache size: 15756, finished: 0
[2026-04-14 00:40:48] current cache size: 15765, finished: 0
[2026-04-14 00:40:48] current cache size: 15777, finished: 0
[2026-04-14 00:40:48] current cache size: 15782, finished: 0
[2026-04-14 00:40:48] current cache size: 15795, finished: 0
[2026-04-14 00:40:48] current cache size: 15803, finished: 0
[2026-04-14 00:40:49] current cache size: 15816, finished: 0
[2026-04-14 00:40:49] current cache size: 15829, finished: 0
[2026-04-14 00:40:49] current cache size: 15845, finished: 0
[2026-04-14 00:40:49] current cache size: 15859, finished: 0
[2026-04-14 00:40:49] current cache size: 15868, finished: 0
[2026-04-14 00:40:49] current cache size: 15875, finished: 0
[2026-04-14 00:40:50] current cache size: 15886, finished: 0
[2026-04-14 00:40:50] current cache size: 15903, finished: 0
[2026-04-14 00:40:50] current cache size: 15913, finished: 0
[2026-04-14 00:40:50] current cache size: 15927, finished: 0
[2026-04-14 00:40:50] current cache size: 15939, finished: 0
[2026-04-14 00:40:51] current cache size: 15948, finished: 0
[2026-04-14 00:40:51] current cache size: 15958, finished: 0
[2026-04-14 00:40:51] current cache size: 15969, finished: 0
[2026-04-14 00:40:51] current cache size: 15979, finished: 0
[2026-04-14 00:40:51] current cache size: 15986, finished: 0
[2026-04-14 00:40:52] current cache size: 15998, finished: 0
[2026-04-14 00:40:52] current cache size: 16012, finished: 0
[2026-04-14 00:40:52] current cache size: 16031, finished: 0
[2026-04-14 00:40:52] current cache size: 16039, finished: 0
[2026-04-14 00:40:52] current cache size: 16045, finished: 0
[2026-04-14 00:40:53] current cache size: 16053, finished: 0
[2026-04-14 00:40:53] current cache size: 16062, finished: 0
[2026-04-14 00:40:53] current cache size: 16073, finished: 0
[2026-04-14 00:40:53] current cache size: 16079, finished: 0
[2026-04-14 00:40:53] current cache size: 16086, finished: 0
[2026-04-14 00:40:54] current cache size: 16097, finished: 0
[2026-04-14 00:40:54] current cache size: 16109, finished: 0
[2026-04-14 00:40:54] current cache size: 16120, finished: 0
[2026-04-14 00:40:54] current cache size: 16125, finished: 0
[2026-04-14 00:40:54] current cache size: 16136, finished: 0
[2026-04-14 00:40:54] current cache size: 16146, finished: 0
[2026-04-14 00:40:55] current cache size: 16158, finished: 0
[2026-04-14 00:40:55] current cache size: 16168, finished: 0
[2026-04-14 00:40:55] current cache size: 16182, finished: 0
[2026-04-14 00:40:55] current cache size: 16192, finished: 0
[2026-04-14 00:40:55] current cache size: 16211, finished: 0
[2026-04-14 00:40:56] current cache size: 16224, finished: 0
[2026-04-14 00:40:56] current cache size: 16232, finished: 0
[2026-04-14 00:40:56] current cache size: 16245, finished: 0
[2026-04-14 00:40:56] current cache size: 16261, finished: 0
[2026-04-14 00:40:56] current cache size: 16276, finished: 0
[2026-04-14 00:40:57] current cache size: 16286, finished: 0
[2026-04-14 00:40:57] current cache size: 16302, finished: 0
[2026-04-14 00:40:57] current cache size: 16317, finished: 0
[2026-04-14 00:40:57] current cache size: 16331, finished: 0
[2026-04-14 00:40:57] current cache size: 16340, finished: 0
[2026-04-14 00:40:58] current cache size: 16355, finished: 0
[2026-04-14 00:40:58] current cache size: 16367, finished: 0
[2026-04-14 00:40:58] current cache size: 16378, finished: 0
[2026-04-14 00:40:58] current cache size: 16392, finished: 0
[2026-04-14 00:40:58] current cache size: 16400, finished: 0
[2026-04-14 00:40:59] current cache size: 16409, finished: 0
[2026-04-14 00:40:59] current cache size: 16416, finished: 0
[2026-04-14 00:40:59] current cache size: 16430, finished: 0
[2026-04-14 00:40:59] current cache size: 16446, finished: 0
[2026-04-14 00:40:59] current cache size: 16462, finished: 0
[2026-04-14 00:40:59] current cache size: 16472, finished: 0
[2026-04-14 00:41:00] current cache size: 16485, finished: 0
[2026-04-14 00:41:00] current cache size: 16493, finished: 0
[2026-04-14 00:41:00] current cache size: 16506, finished: 0
[2026-04-14 00:41:00] current cache size: 16519, finished: 0
[2026-04-14 00:41:00] current cache size: 16529, finished: 0
[2026-04-14 00:41:01] current cache size: 16537, finished: 0
[2026-04-14 00:41:01] current cache size: 16550, finished: 0
[2026-04-14 00:41:01] current cache size: 16559, finished: 0
[2026-04-14 00:41:01] current cache size: 16567, finished: 0
[2026-04-14 00:41:01] current cache size: 16581, finished: 0
[2026-04-14 00:41:02] current cache size: 16596, finished: 0
[2026-04-14 00:41:02] current cache size: 16607, finished: 0
[2026-04-14 00:41:02] current cache size: 16616, finished: 0
[2026-04-14 00:41:02] current cache size: 16630, finished: 0
[2026-04-14 00:41:02] current cache size: 16647, finished: 0
[2026-04-14 00:41:03] current cache size: 16657, finished: 0
[2026-04-14 00:41:03] current cache size: 16672, finished: 0
[2026-04-14 00:41:03] current cache size: 16678, finished: 0
[2026-04-14 00:41:03] current cache size: 16686, finished: 0
[2026-04-14 00:41:03] current cache size: 16699, finished: 0
[2026-04-14 00:41:03] current cache size: 16710, finished: 0
[2026-04-14 00:41:04] current cache size: 16716, finished: 0
[2026-04-14 00:41:04] current cache size: 16724, finished: 0
[2026-04-14 00:41:04] current cache size: 16726, finished: 0
[2026-04-14 00:41:04] current cache size: 16731, finished: 0
[2026-04-14 00:41:04] current cache size: 16737, finished: 0
[2026-04-14 00:41:05] current cache size: 16745, finished: 0
[2026-04-14 00:41:05] current cache size: 16756, finished: 0
[2026-04-14 00:41:05] current cache size: 16762, finished: 0
[2026-04-14 00:41:05] current cache size: 16768, finished: 0
[2026-04-14 00:41:05] current cache size: 16774, finished: 0
[2026-04-14 00:41:06] current cache size: 16781, finished: 0
[2026-04-14 00:41:06] current cache size: 16788, finished: 0
[2026-04-14 00:41:06] current cache size: 16790, finished: 0
[2026-04-14 00:41:06] current cache size: 16803, finished: 0
[2026-04-14 00:41:06] current cache size: 16813, finished: 0
[2026-04-14 00:41:07] current cache size: 16818, finished: 0
[2026-04-14 00:41:07] current cache size: 16824, finished: 0
[2026-04-14 00:41:07] current cache size: 16833, finished: 0
[2026-04-14 00:41:07] current cache size: 16837, finished: 0
[2026-04-14 00:41:07] current cache size: 16848, finished: 0
[2026-04-14 00:41:07] current cache size: 16855, finished: 0
[2026-04-14 00:41:08] current cache size: 16865, finished: 0
[2026-04-14 00:41:08] current cache size: 16875, finished: 0
[2026-04-14 00:41:08] current cache size: 16878, finished: 0
[2026-04-14 00:41:08] current cache size: 16887, finished: 0
[2026-04-14 00:41:08] current cache size: 16895, finished: 0
[2026-04-14 00:41:09] current cache size: 16898, finished: 0
[2026-04-14 00:41:09] current cache size: 16903, finished: 0
[2026-04-14 00:41:09] current cache size: 16906, finished: 0
[2026-04-14 00:41:09] current cache size: 16916, finished: 0
[2026-04-14 00:41:09] current cache size: 16923, finished: 0
[2026-04-14 00:41:10] current cache size: 16930, finished: 0
[2026-04-14 00:41:10] current cache size: 16937, finished: 0
[2026-04-14 00:41:10] current cache size: 16946, finished: 0
[2026-04-14 00:41:10] current cache size: 16955, finished: 0
[2026-04-14 00:41:10] current cache size: 16964, finished: 0
[2026-04-14 00:41:11] current cache size: 16980, finished: 0
[2026-04-14 00:41:11] current cache size: 17001, finished: 0
[2026-04-14 00:41:11] current cache size: 17021, finished: 0
[2026-04-14 00:41:11] current cache size: 17037, finished: 0
[2026-04-14 00:41:11] current cache size: 17056, finished: 0
[2026-04-14 00:41:12] current cache size: 17072, finished: 0
[2026-04-14 00:41:12] current cache size: 17091, finished: 0
[2026-04-14 00:41:12] current cache size: 17105, finished: 0
[2026-04-14 00:41:12] current cache size: 17128, finished: 0
[2026-04-14 00:41:12] current cache size: 17143, finished: 0
[2026-04-14 00:41:12] current cache size: 17160, finished: 0
[2026-04-14 00:41:13] current cache size: 17177, finished: 0
[2026-04-14 00:41:13] current cache size: 17197, finished: 0
[2026-04-14 00:41:13] current cache size: 17220, finished: 0
[2026-04-14 00:41:13] current cache size: 17234, finished: 0
[2026-04-14 00:41:13] current cache size: 17249, finished: 0
[2026-04-14 00:41:14] current cache size: 17266, finished: 0
[2026-04-14 00:41:14] current cache size: 17281, finished: 0
[2026-04-14 00:41:14] current cache size: 17287, finished: 0
[2026-04-14 00:41:14] current cache size: 17304, finished: 0
[2026-04-14 00:41:14] current cache size: 17317, finished: 0
[2026-04-14 00:41:15] current cache size: 17335, finished: 0
[2026-04-14 00:41:15] current cache size: 17348, finished: 0
[2026-04-14 00:41:15] current cache size: 17368, finished: 0
[2026-04-14 00:41:15] current cache size: 17383, finished: 0
[2026-04-14 00:41:15] current cache size: 17397, finished: 0
[2026-04-14 00:41:16] current cache size: 17408, finished: 0
[2026-04-14 00:41:16] current cache size: 17421, finished: 0
[2026-04-14 00:41:16] current cache size: 17446, finished: 0
[2026-04-14 00:41:16] current cache size: 17457, finished: 0
[2026-04-14 00:41:16] current cache size: 17466, finished: 0
[2026-04-14 00:41:17] current cache size: 17481, finished: 0
[2026-04-14 00:41:17] current cache size: 17500, finished: 0
[2026-04-14 00:41:17] current cache size: 17512, finished: 0
[2026-04-14 00:41:17] current cache size: 17524, finished: 0
[2026-04-14 00:41:17] current cache size: 17539, finished: 0
[2026-04-14 00:41:17] current cache size: 17555, finished: 0
[2026-04-14 00:41:18] current cache size: 17572, finished: 0
[2026-04-14 00:41:18] current cache size: 17590, finished: 0
[2026-04-14 00:41:18] current cache size: 17606, finished: 0
[2026-04-14 00:41:18] current cache size: 17616, finished: 0
[2026-04-14 00:41:18] current cache size: 17630, finished: 0
[2026-04-14 00:41:19] current cache size: 17645, finished: 0
[2026-04-14 00:41:19] current cache size: 17656, finished: 0
[2026-04-14 00:41:19] current cache size: 17667, finished: 0
[2026-04-14 00:41:19] current cache size: 17678, finished: 0
[2026-04-14 00:41:19] current cache size: 17688, finished: 0
[2026-04-14 00:41:20] current cache size: 17699, finished: 0
[2026-04-14 00:41:20] current cache size: 17712, finished: 0
[2026-04-14 00:41:20] current cache size: 17726, finished: 0
[2026-04-14 00:41:20] current cache size: 17735, finished: 0
[2026-04-14 00:41:20] current cache size: 17740, finished: 0
[2026-04-14 00:41:20] current cache size: 17752, finished: 0
[2026-04-14 00:41:21] current cache size: 17772, finished: 0
[2026-04-14 00:41:21] current cache size: 17778, finished: 0
[2026-04-14 00:41:21] current cache size: 17790, finished: 0
[2026-04-14 00:41:21] current cache size: 17796, finished: 0
[2026-04-14 00:41:21] current cache size: 17803, finished: 0
[2026-04-14 00:41:22] current cache size: 17820, finished: 0
[2026-04-14 00:41:22] current cache size: 17829, finished: 0
[2026-04-14 00:41:22] current cache size: 17843, finished: 0
[2026-04-14 00:41:22] current cache size: 17856, finished: 0
[2026-04-14 00:41:22] current cache size: 17869, finished: 0
[2026-04-14 00:41:23] current cache size: 17874, finished: 0
[2026-04-14 00:41:23] current cache size: 17881, finished: 0
[2026-04-14 00:41:23] current cache size: 17888, finished: 0
[2026-04-14 00:41:23] current cache size: 17895, finished: 0
[2026-04-14 00:41:23] current cache size: 17907, finished: 0
[2026-04-14 00:41:24] current cache size: 17918, finished: 0
[2026-04-14 00:41:24] current cache size: 17936, finished: 0
[2026-04-14 00:41:24] current cache size: 17943, finished: 0
[2026-04-14 00:41:24] current cache size: 17955, finished: 0
[2026-04-14 00:41:24] current cache size: 17967, finished: 0
[2026-04-14 00:41:24] current cache size: 17977, finished: 0
[2026-04-14 00:41:25] current cache size: 17986, finished: 0
[2026-04-14 00:41:25] current cache size: 17997, finished: 0
[2026-04-14 00:41:25] current cache size: 18017, finished: 0
[2026-04-14 00:41:25] current cache size: 18027, finished: 0
[2026-04-14 00:41:25] current cache size: 18037, finished: 0
[INCREMENTAL] cache size: 18041, finished scales: 0/1
[GRASP DEBUG] step=1600 grav=(0,9.81,0) | cond1(dist<0.1)=900/1024 cond2(>=2 forces>0.2)=5/1024 cond3(quat<thresh)=382/1024 all=4/1024 | ft_dist mean=0.0619 max=0.3916 | force mean=0.0669 max=33.7429
[GRASP DEBUG env0] obj_pos=[-0.0771036148071289, 0.021719932556152344, 0.6447068452835083]
[GRASP DEBUG env0]   ft0 pos=[-0.02496814727783203, 0.03520679473876953, 0.6417545676231384] dist=0.0539
[GRASP DEBUG env0]   ft1 pos=[-0.10686206817626953, 0.02789783477783203, 0.6045306324958801] dist=0.0504
[GRASP DEBUG env0]   ft2 pos=[-0.0758981704711914, 0.003998756408691406, 0.5982932448387146] dist=0.0497
[GRASP DEBUG env0]   ft3 pos=[-0.08536052703857422, -0.016000747680664062, 0.6024102568626404] dist=0.0573
[GRASP DEBUG env0]   ft4 pos=[-0.0781717300415039, -0.03600120544433594, 0.6014890074729919] dist=0.0721
[2026-04-14 00:41:26] current cache size: 18041, finished: 0
[2026-04-14 00:41:26] current cache size: 18053, finished: 0
[2026-04-14 00:41:26] current cache size: 18062, finished: 0
[2026-04-14 00:41:26] current cache size: 18073, finished: 0
[2026-04-14 00:41:26] current cache size: 18085, finished: 0
[2026-04-14 00:41:27] current cache size: 18094, finished: 0
[2026-04-14 00:41:27] current cache size: 18111, finished: 0
[2026-04-14 00:41:27] current cache size: 18121, finished: 0
[2026-04-14 00:41:27] current cache size: 18129, finished: 0
[2026-04-14 00:41:27] current cache size: 18136, finished: 0
[2026-04-14 00:41:28] current cache size: 18144, finished: 0
[2026-04-14 00:41:28] current cache size: 18154, finished: 0
[2026-04-14 00:41:28] current cache size: 18165, finished: 0
[2026-04-14 00:41:28] current cache size: 18175, finished: 0
[2026-04-14 00:41:28] current cache size: 18184, finished: 0
[2026-04-14 00:41:28] current cache size: 18199, finished: 0
[2026-04-14 00:41:29] current cache size: 18213, finished: 0
[2026-04-14 00:41:29] current cache size: 18232, finished: 0
[2026-04-14 00:41:29] current cache size: 18242, finished: 0
[2026-04-14 00:41:29] current cache size: 18252, finished: 0
[2026-04-14 00:41:29] current cache size: 18267, finished: 0
[2026-04-14 00:41:30] current cache size: 18273, finished: 0
[2026-04-14 00:41:30] current cache size: 18280, finished: 0
[2026-04-14 00:41:30] current cache size: 18292, finished: 0
[2026-04-14 00:41:30] current cache size: 18304, finished: 0
[2026-04-14 00:41:30] current cache size: 18314, finished: 0
[2026-04-14 00:41:31] current cache size: 18325, finished: 0
[2026-04-14 00:41:31] current cache size: 18336, finished: 0
[2026-04-14 00:41:31] current cache size: 18345, finished: 0
[2026-04-14 00:41:31] current cache size: 18357, finished: 0
[2026-04-14 00:41:31] current cache size: 18367, finished: 0
[2026-04-14 00:41:32] current cache size: 18373, finished: 0
[2026-04-14 00:41:32] current cache size: 18386, finished: 0
[2026-04-14 00:41:32] current cache size: 18391, finished: 0
[2026-04-14 00:41:32] current cache size: 18408, finished: 0
[2026-04-14 00:41:32] current cache size: 18414, finished: 0
[2026-04-14 00:41:33] current cache size: 18421, finished: 0
[2026-04-14 00:41:33] current cache size: 18428, finished: 0
[2026-04-14 00:41:33] current cache size: 18440, finished: 0
[2026-04-14 00:41:33] current cache size: 18454, finished: 0
[2026-04-14 00:41:33] current cache size: 18463, finished: 0
[2026-04-14 00:41:33] current cache size: 18472, finished: 0
[2026-04-14 00:41:34] current cache size: 18484, finished: 0
[2026-04-14 00:41:34] current cache size: 18490, finished: 0
[2026-04-14 00:41:34] current cache size: 18496, finished: 0
[2026-04-14 00:41:34] current cache size: 18509, finished: 0
[2026-04-14 00:41:34] current cache size: 18516, finished: 0
[2026-04-14 00:41:35] current cache size: 18527, finished: 0
[2026-04-14 00:41:35] current cache size: 18538, finished: 0
[2026-04-14 00:41:35] current cache size: 18543, finished: 0
[2026-04-14 00:41:35] current cache size: 18558, finished: 0
[2026-04-14 00:41:35] current cache size: 18563, finished: 0
[2026-04-14 00:41:36] current cache size: 18577, finished: 0
[2026-04-14 00:41:36] current cache size: 18593, finished: 0
[2026-04-14 00:41:36] current cache size: 18602, finished: 0
[2026-04-14 00:41:36] current cache size: 18608, finished: 0
[2026-04-14 00:41:36] current cache size: 18622, finished: 0
[2026-04-14 00:41:37] current cache size: 18628, finished: 0
[2026-04-14 00:41:37] current cache size: 18636, finished: 0
[2026-04-14 00:41:37] current cache size: 18645, finished: 0
[2026-04-14 00:41:37] current cache size: 18653, finished: 0
[2026-04-14 00:41:37] current cache size: 18669, finished: 0
[2026-04-14 00:41:37] current cache size: 18678, finished: 0
[2026-04-14 00:41:38] current cache size: 18687, finished: 0
[2026-04-14 00:41:38] current cache size: 18694, finished: 0
[2026-04-14 00:41:38] current cache size: 18711, finished: 0
[2026-04-14 00:41:38] current cache size: 18718, finished: 0
[2026-04-14 00:41:38] current cache size: 18723, finished: 0
[2026-04-14 00:41:39] current cache size: 18737, finished: 0
[2026-04-14 00:41:39] current cache size: 18754, finished: 0
[2026-04-14 00:41:39] current cache size: 18763, finished: 0
[2026-04-14 00:41:39] current cache size: 18770, finished: 0
[2026-04-14 00:41:39] current cache size: 18787, finished: 0
[2026-04-14 00:41:40] current cache size: 18793, finished: 0
[2026-04-14 00:41:40] current cache size: 18808, finished: 0
[2026-04-14 00:41:40] current cache size: 18813, finished: 0
[2026-04-14 00:41:40] current cache size: 18828, finished: 0
[2026-04-14 00:41:40] current cache size: 18838, finished: 0
[2026-04-14 00:41:40] current cache size: 18849, finished: 0
[2026-04-14 00:41:41] current cache size: 18859, finished: 0
[2026-04-14 00:41:41] current cache size: 18871, finished: 0
[2026-04-14 00:41:41] current cache size: 18883, finished: 0
[2026-04-14 00:41:41] current cache size: 18895, finished: 0
[2026-04-14 00:41:41] current cache size: 18911, finished: 0
[2026-04-14 00:41:42] current cache size: 18927, finished: 0
[2026-04-14 00:41:42] current cache size: 18947, finished: 0
[2026-04-14 00:41:42] current cache size: 18961, finished: 0
[2026-04-14 00:41:42] current cache size: 18979, finished: 0
[2026-04-14 00:41:42] current cache size: 18991, finished: 0
[2026-04-14 00:41:43] current cache size: 19009, finished: 0
[2026-04-14 00:41:43] current cache size: 19018, finished: 0
[2026-04-14 00:41:43] current cache size: 19030, finished: 0
[2026-04-14 00:41:43] current cache size: 19047, finished: 0
[2026-04-14 00:41:43] current cache size: 19056, finished: 0
[2026-04-14 00:41:44] current cache size: 19069, finished: 0
[2026-04-14 00:41:44] current cache size: 19086, finished: 0
[2026-04-14 00:41:44] current cache size: 19097, finished: 0
[2026-04-14 00:41:44] current cache size: 19108, finished: 0
[2026-04-14 00:41:44] current cache size: 19125, finished: 0
[2026-04-14 00:41:45] current cache size: 19138, finished: 0
[2026-04-14 00:41:45] current cache size: 19150, finished: 0
[2026-04-14 00:41:45] current cache size: 19164, finished: 0
[2026-04-14 00:41:45] current cache size: 19179, finished: 0
[2026-04-14 00:41:45] current cache size: 19188, finished: 0
[2026-04-14 00:41:45] current cache size: 19199, finished: 0
[2026-04-14 00:41:46] current cache size: 19211, finished: 0
[2026-04-14 00:41:46] current cache size: 19225, finished: 0
[2026-04-14 00:41:46] current cache size: 19234, finished: 0
[2026-04-14 00:41:46] current cache size: 19246, finished: 0
[2026-04-14 00:41:46] current cache size: 19254, finished: 0
[2026-04-14 00:41:47] current cache size: 19261, finished: 0
[2026-04-14 00:41:47] current cache size: 19266, finished: 0
[2026-04-14 00:41:47] current cache size: 19274, finished: 0
[2026-04-14 00:41:47] current cache size: 19284, finished: 0
[2026-04-14 00:41:47] current cache size: 19300, finished: 0
[2026-04-14 00:41:48] current cache size: 19310, finished: 0
[2026-04-14 00:41:48] current cache size: 19323, finished: 0
[2026-04-14 00:41:48] current cache size: 19332, finished: 0
[2026-04-14 00:41:48] current cache size: 19348, finished: 0
[2026-04-14 00:41:48] current cache size: 19352, finished: 0
[2026-04-14 00:41:49] current cache size: 19362, finished: 0
[2026-04-14 00:41:49] current cache size: 19367, finished: 0
[2026-04-14 00:41:49] current cache size: 19375, finished: 0
[2026-04-14 00:41:49] current cache size: 19389, finished: 0
[2026-04-14 00:41:49] current cache size: 19398, finished: 0
[2026-04-14 00:41:50] current cache size: 19402, finished: 0
[2026-04-14 00:41:50] current cache size: 19412, finished: 0
[2026-04-14 00:41:50] current cache size: 19422, finished: 0
[2026-04-14 00:41:50] current cache size: 19430, finished: 0
[2026-04-14 00:41:50] current cache size: 19441, finished: 0
[2026-04-14 00:41:51] current cache size: 19452, finished: 0
[2026-04-14 00:41:51] current cache size: 19458, finished: 0
[2026-04-14 00:41:51] current cache size: 19467, finished: 0
[2026-04-14 00:41:51] current cache size: 19471, finished: 0
[2026-04-14 00:41:51] current cache size: 19479, finished: 0
[2026-04-14 00:41:51] current cache size: 19488, finished: 0
[2026-04-14 00:41:52] current cache size: 19492, finished: 0
[2026-04-14 00:41:52] current cache size: 19501, finished: 0
[2026-04-14 00:41:52] current cache size: 19509, finished: 0
[2026-04-14 00:41:52] current cache size: 19516, finished: 0
[2026-04-14 00:41:52] current cache size: 19520, finished: 0
[2026-04-14 00:41:53] current cache size: 19524, finished: 0
[2026-04-14 00:41:53] current cache size: 19535, finished: 0
[2026-04-14 00:41:53] current cache size: 19543, finished: 0
[2026-04-14 00:41:53] current cache size: 19553, finished: 0
[2026-04-14 00:41:53] current cache size: 19557, finished: 0
[2026-04-14 00:41:54] current cache size: 19568, finished: 0
[2026-04-14 00:41:54] current cache size: 19573, finished: 0
[2026-04-14 00:41:54] current cache size: 19580, finished: 0
[2026-04-14 00:41:54] current cache size: 19584, finished: 0
[2026-04-14 00:41:54] current cache size: 19593, finished: 0
[2026-04-14 00:41:55] current cache size: 19599, finished: 0
[2026-04-14 00:41:55] current cache size: 19604, finished: 0
[2026-04-14 00:41:55] current cache size: 19616, finished: 0
[2026-04-14 00:41:55] current cache size: 19633, finished: 0
[2026-04-14 00:41:55] current cache size: 19644, finished: 0
[2026-04-14 00:41:56] current cache size: 19652, finished: 0
[2026-04-14 00:41:56] current cache size: 19659, finished: 0
[2026-04-14 00:41:56] current cache size: 19668, finished: 0
[2026-04-14 00:41:56] current cache size: 19679, finished: 0
[2026-04-14 00:41:56] current cache size: 19686, finished: 0
[2026-04-14 00:41:56] current cache size: 19708, finished: 0
[2026-04-14 00:41:57] current cache size: 19724, finished: 0
[2026-04-14 00:41:57] current cache size: 19738, finished: 0
[2026-04-14 00:41:57] current cache size: 19751, finished: 0
[2026-04-14 00:41:57] current cache size: 19763, finished: 0
[2026-04-14 00:41:57] current cache size: 19779, finished: 0
[2026-04-14 00:41:58] current cache size: 19797, finished: 0
[2026-04-14 00:41:58] current cache size: 19812, finished: 0
[2026-04-14 00:41:58] current cache size: 19832, finished: 0
[2026-04-14 00:41:58] current cache size: 19847, finished: 0
[2026-04-14 00:41:58] current cache size: 19859, finished: 0
[2026-04-14 00:41:59] current cache size: 19877, finished: 0
[2026-04-14 00:41:59] current cache size: 19891, finished: 0
[2026-04-14 00:41:59] current cache size: 19907, finished: 0
[2026-04-14 00:41:59] current cache size: 19917, finished: 0
[2026-04-14 00:41:59] current cache size: 19932, finished: 0
[2026-04-14 00:42:00] current cache size: 19949, finished: 0
[2026-04-14 00:42:00] current cache size: 19968, finished: 0
[2026-04-14 00:42:00] current cache size: 19992, finished: 0
[2026-04-14 00:42:00] current cache size: 20011, finished: 0
[2026-04-14 00:42:00] current cache size: 20032, finished: 0
[2026-04-14 00:42:00] current cache size: 20041, finished: 0
[2026-04-14 00:42:01] current cache size: 20058, finished: 0
[2026-04-14 00:42:01] current cache size: 20069, finished: 0
[2026-04-14 00:42:01] current cache size: 20083, finished: 0
[2026-04-14 00:42:01] current cache size: 20097, finished: 0
[2026-04-14 00:42:01] current cache size: 20109, finished: 0
[2026-04-14 00:42:02] current cache size: 20130, finished: 0
[2026-04-14 00:42:02] current cache size: 20153, finished: 0
[2026-04-14 00:42:02] current cache size: 20173, finished: 0
[2026-04-14 00:42:02] current cache size: 20187, finished: 0
[2026-04-14 00:42:02] current cache size: 20200, finished: 0
[2026-04-14 00:42:03] current cache size: 20212, finished: 0
[2026-04-14 00:42:03] current cache size: 20231, finished: 0
[2026-04-14 00:42:03] current cache size: 20243, finished: 0
[2026-04-14 00:42:03] current cache size: 20267, finished: 0
[2026-04-14 00:42:03] current cache size: 20279, finished: 0
[2026-04-14 00:42:03] current cache size: 20295, finished: 0
[2026-04-14 00:42:04] current cache size: 20309, finished: 0
[INCREMENTAL] cache size: 20323, finished scales: 0/1
[GRASP DEBUG] step=1800 grav=(0,0,-9.81) | cond1(dist<0.1)=919/1024 cond2(>=2 forces>0.2)=14/1024 cond3(quat<thresh)=387/1024 all=14/1024 | ft_dist mean=0.0632 max=0.6701 | force mean=0.1136 max=15.9805
[GRASP DEBUG env0] obj_pos=[-0.023731231689453125, -0.03934001922607422, 0.60405033826828]
[GRASP DEBUG env0]   ft0 pos=[-0.034401893615722656, 0.04181957244873047, 0.6409911513328552] dist=0.0898
[GRASP DEBUG env0]   ft1 pos=[-0.09317779541015625, 0.026210784912109375, 0.6034252047538757] dist=0.0955
[GRASP DEBUG env0]   ft2 pos=[-0.08012771606445312, 0.003998756408691406, 0.6003657579421997] dist=0.0712
[GRASP DEBUG env0]   ft3 pos=[-0.0893096923828125, -0.016000747680664062, 0.6031268239021301] dist=0.0696
[GRASP DEBUG env0]   ft4 pos=[-0.09209442138671875, -0.03600120544433594, 0.604026198387146] dist=0.0684
[2026-04-14 00:42:04] current cache size: 20323, finished: 0
[2026-04-14 00:42:04] current cache size: 20332, finished: 0
[2026-04-14 00:42:04] current cache size: 20341, finished: 0
[2026-04-14 00:42:04] current cache size: 20360, finished: 0
[2026-04-14 00:42:05] current cache size: 20371, finished: 0
[2026-04-14 00:42:05] current cache size: 20381, finished: 0
[2026-04-14 00:42:05] current cache size: 20391, finished: 0
[2026-04-14 00:42:05] current cache size: 20409, finished: 0
[2026-04-14 00:42:05] current cache size: 20421, finished: 0
[2026-04-14 00:42:06] current cache size: 20426, finished: 0
[2026-04-14 00:42:06] current cache size: 20433, finished: 0
[2026-04-14 00:42:06] current cache size: 20440, finished: 0
[2026-04-14 00:42:06] current cache size: 20452, finished: 0
[2026-04-14 00:42:06] current cache size: 20462, finished: 0
[2026-04-14 00:42:07] current cache size: 20472, finished: 0
[2026-04-14 00:42:07] current cache size: 20481, finished: 0
[2026-04-14 00:42:07] current cache size: 20489, finished: 0
[2026-04-14 00:42:07] current cache size: 20502, finished: 0
[2026-04-14 00:42:07] current cache size: 20509, finished: 0
[2026-04-14 00:42:07] current cache size: 20522, finished: 0
[2026-04-14 00:42:08] current cache size: 20533, finished: 0
[2026-04-14 00:42:08] current cache size: 20540, finished: 0
[2026-04-14 00:42:08] current cache size: 20546, finished: 0
[2026-04-14 00:42:08] current cache size: 20555, finished: 0
[2026-04-14 00:42:08] current cache size: 20564, finished: 0
[2026-04-14 00:42:09] current cache size: 20573, finished: 0
[2026-04-14 00:42:09] current cache size: 20580, finished: 0
[2026-04-14 00:42:09] current cache size: 20589, finished: 0
[2026-04-14 00:42:09] current cache size: 20601, finished: 0
[2026-04-14 00:42:09] current cache size: 20610, finished: 0
[2026-04-14 00:42:10] current cache size: 20615, finished: 0
[2026-04-14 00:42:10] current cache size: 20631, finished: 0
[2026-04-14 00:42:10] current cache size: 20643, finished: 0
[2026-04-14 00:42:10] current cache size: 20657, finished: 0
[2026-04-14 00:42:10] current cache size: 20666, finished: 0
[2026-04-14 00:42:11] current cache size: 20677, finished: 0
[2026-04-14 00:42:11] current cache size: 20686, finished: 0
[2026-04-14 00:42:11] current cache size: 20698, finished: 0
[2026-04-14 00:42:11] current cache size: 20705, finished: 0
[2026-04-14 00:42:11] current cache size: 20718, finished: 0
[2026-04-14 00:42:12] current cache size: 20729, finished: 0
[2026-04-14 00:42:12] current cache size: 20739, finished: 0
[2026-04-14 00:42:12] current cache size: 20752, finished: 0
[2026-04-14 00:42:12] current cache size: 20768, finished: 0
[2026-04-14 00:42:12] current cache size: 20776, finished: 0
[2026-04-14 00:42:13] current cache size: 20788, finished: 0
[2026-04-14 00:42:13] current cache size: 20797, finished: 0
[2026-04-14 00:42:13] current cache size: 20809, finished: 0
[2026-04-14 00:42:13] current cache size: 20823, finished: 0
[2026-04-14 00:42:13] current cache size: 20832, finished: 0
[2026-04-14 00:42:13] current cache size: 20842, finished: 0
[2026-04-14 00:42:14] current cache size: 20851, finished: 0
[2026-04-14 00:42:14] current cache size: 20865, finished: 0
[2026-04-14 00:42:14] current cache size: 20877, finished: 0
[2026-04-14 00:42:14] current cache size: 20884, finished: 0
[2026-04-14 00:42:14] current cache size: 20892, finished: 0
[2026-04-14 00:42:15] current cache size: 20904, finished: 0
[2026-04-14 00:42:15] current cache size: 20914, finished: 0
[2026-04-14 00:42:15] current cache size: 20928, finished: 0
[2026-04-14 00:42:15] current cache size: 20937, finished: 0
[2026-04-14 00:42:15] current cache size: 20948, finished: 0
[2026-04-14 00:42:16] current cache size: 20957, finished: 0
[2026-04-14 00:42:16] current cache size: 20966, finished: 0
[2026-04-14 00:42:16] current cache size: 20972, finished: 0
[2026-04-14 00:42:16] current cache size: 20985, finished: 0
[2026-04-14 00:42:16] current cache size: 20989, finished: 0
[2026-04-14 00:42:17] current cache size: 21006, finished: 0
[2026-04-14 00:42:17] current cache size: 21016, finished: 0
[2026-04-14 00:42:17] current cache size: 21027, finished: 0
[2026-04-14 00:42:17] current cache size: 21039, finished: 0
[2026-04-14 00:42:17] current cache size: 21049, finished: 0
[2026-04-14 00:42:18] current cache size: 21060, finished: 0
[2026-04-14 00:42:18] current cache size: 21069, finished: 0
[2026-04-14 00:42:18] current cache size: 21078, finished: 0
[2026-04-14 00:42:18] current cache size: 21084, finished: 0
[2026-04-14 00:42:18] current cache size: 21094, finished: 0
[2026-04-14 00:42:18] current cache size: 21104, finished: 0
[2026-04-14 00:42:19] current cache size: 21118, finished: 0
[2026-04-14 00:42:19] current cache size: 21129, finished: 0
[2026-04-14 00:42:19] current cache size: 21144, finished: 0
[2026-04-14 00:42:19] current cache size: 21158, finished: 0
[2026-04-14 00:42:19] current cache size: 21173, finished: 0
[2026-04-14 00:42:20] current cache size: 21184, finished: 0
[2026-04-14 00:42:20] current cache size: 21191, finished: 0
[2026-04-14 00:42:20] current cache size: 21203, finished: 0
[2026-04-14 00:42:20] current cache size: 21212, finished: 0
[2026-04-14 00:42:20] current cache size: 21222, finished: 0
[2026-04-14 00:42:21] current cache size: 21230, finished: 0
[2026-04-14 00:42:21] current cache size: 21245, finished: 0
[2026-04-14 00:42:21] current cache size: 21258, finished: 0
[2026-04-14 00:42:21] current cache size: 21268, finished: 0
[2026-04-14 00:42:21] current cache size: 21272, finished: 0
[2026-04-14 00:42:22] current cache size: 21282, finished: 0
[2026-04-14 00:42:22] current cache size: 21290, finished: 0
[2026-04-14 00:42:22] current cache size: 21305, finished: 0
[2026-04-14 00:42:22] current cache size: 21322, finished: 0
[2026-04-14 00:42:22] current cache size: 21330, finished: 0
[2026-04-14 00:42:23] current cache size: 21346, finished: 0
[2026-04-14 00:42:23] current cache size: 21359, finished: 0
[2026-04-14 00:42:23] current cache size: 21371, finished: 0
[2026-04-14 00:42:23] current cache size: 21381, finished: 0
[2026-04-14 00:42:23] current cache size: 21386, finished: 0
[2026-04-14 00:42:23] current cache size: 21395, finished: 0
[2026-04-14 00:42:24] current cache size: 21410, finished: 0
[2026-04-14 00:42:24] current cache size: 21422, finished: 0
[2026-04-14 00:42:24] current cache size: 21430, finished: 0
[2026-04-14 00:42:24] current cache size: 21441, finished: 0
[2026-04-14 00:42:24] current cache size: 21450, finished: 0
[2026-04-14 00:42:25] current cache size: 21458, finished: 0
[2026-04-14 00:42:25] current cache size: 21468, finished: 0
[2026-04-14 00:42:25] current cache size: 21482, finished: 0
[2026-04-14 00:42:25] current cache size: 21491, finished: 0
[2026-04-14 00:42:25] current cache size: 21507, finished: 0
[2026-04-14 00:42:26] current cache size: 21520, finished: 0
[2026-04-14 00:42:26] current cache size: 21528, finished: 0
[2026-04-14 00:42:26] current cache size: 21537, finished: 0
[2026-04-14 00:42:26] current cache size: 21546, finished: 0
[2026-04-14 00:42:26] current cache size: 21558, finished: 0
[2026-04-14 00:42:27] current cache size: 21566, finished: 0
[2026-04-14 00:42:27] current cache size: 21575, finished: 0
[2026-04-14 00:42:27] current cache size: 21589, finished: 0
[2026-04-14 00:42:27] current cache size: 21599, finished: 0
[2026-04-14 00:42:27] current cache size: 21607, finished: 0
[2026-04-14 00:42:27] current cache size: 21619, finished: 0
[2026-04-14 00:42:28] current cache size: 21627, finished: 0
[2026-04-14 00:42:28] current cache size: 21640, finished: 0
[2026-04-14 00:42:28] current cache size: 21650, finished: 0
[2026-04-14 00:42:28] current cache size: 21659, finished: 0
[2026-04-14 00:42:28] current cache size: 21670, finished: 0
[2026-04-14 00:42:29] current cache size: 21686, finished: 0
[2026-04-14 00:42:29] current cache size: 21706, finished: 0
[2026-04-14 00:42:29] current cache size: 21723, finished: 0
[2026-04-14 00:42:29] current cache size: 21732, finished: 0
[2026-04-14 00:42:29] current cache size: 21739, finished: 0
[2026-04-14 00:42:30] current cache size: 21751, finished: 0
[2026-04-14 00:42:30] current cache size: 21767, finished: 0
[2026-04-14 00:42:30] current cache size: 21778, finished: 0
[2026-04-14 00:42:30] current cache size: 21792, finished: 0
[2026-04-14 00:42:30] current cache size: 21802, finished: 0
[2026-04-14 00:42:31] current cache size: 21813, finished: 0
[2026-04-14 00:42:31] current cache size: 21821, finished: 0
[2026-04-14 00:42:31] current cache size: 21832, finished: 0
[2026-04-14 00:42:31] current cache size: 21846, finished: 0
[2026-04-14 00:42:31] current cache size: 21853, finished: 0
[2026-04-14 00:42:32] current cache size: 21862, finished: 0
[2026-04-14 00:42:32] current cache size: 21873, finished: 0
[2026-04-14 00:42:32] current cache size: 21883, finished: 0
[2026-04-14 00:42:32] current cache size: 21898, finished: 0
[2026-04-14 00:42:32] current cache size: 21904, finished: 0
[2026-04-14 00:42:32] current cache size: 21916, finished: 0
[2026-04-14 00:42:33] current cache size: 21928, finished: 0
[2026-04-14 00:42:33] current cache size: 21938, finished: 0
[2026-04-14 00:42:33] current cache size: 21948, finished: 0
[2026-04-14 00:42:33] current cache size: 21956, finished: 0
[2026-04-14 00:42:33] current cache size: 21966, finished: 0
[2026-04-14 00:42:34] current cache size: 21980, finished: 0
[2026-04-14 00:42:34] current cache size: 21985, finished: 0
[2026-04-14 00:42:34] current cache size: 22001, finished: 0
[2026-04-14 00:42:34] current cache size: 22010, finished: 0
[2026-04-14 00:42:34] current cache size: 22023, finished: 0
[2026-04-14 00:42:35] current cache size: 22034, finished: 0
[2026-04-14 00:42:35] current cache size: 22044, finished: 0
[2026-04-14 00:42:35] current cache size: 22052, finished: 0
[2026-04-14 00:42:35] current cache size: 22061, finished: 0
[2026-04-14 00:42:35] current cache size: 22068, finished: 0
[2026-04-14 00:42:36] current cache size: 22073, finished: 0
[2026-04-14 00:42:36] current cache size: 22085, finished: 0
[2026-04-14 00:42:36] current cache size: 22087, finished: 0
[2026-04-14 00:42:36] current cache size: 22097, finished: 0
[2026-04-14 00:42:36] current cache size: 22102, finished: 0
[2026-04-14 00:42:36] current cache size: 22103, finished: 0
[2026-04-14 00:42:37] current cache size: 22110, finished: 0
[2026-04-14 00:42:37] current cache size: 22117, finished: 0
[2026-04-14 00:42:37] current cache size: 22125, finished: 0
[2026-04-14 00:42:37] current cache size: 22135, finished: 0
[2026-04-14 00:42:37] current cache size: 22144, finished: 0
[2026-04-14 00:42:38] current cache size: 22153, finished: 0
[2026-04-14 00:42:38] current cache size: 22157, finished: 0
[2026-04-14 00:42:38] current cache size: 22162, finished: 0
[2026-04-14 00:42:38] current cache size: 22167, finished: 0
[2026-04-14 00:42:38] current cache size: 22174, finished: 0
[2026-04-14 00:42:39] current cache size: 22186, finished: 0
[2026-04-14 00:42:39] current cache size: 22194, finished: 0
[2026-04-14 00:42:39] current cache size: 22205, finished: 0
[2026-04-14 00:42:39] current cache size: 22211, finished: 0
[2026-04-14 00:42:39] current cache size: 22219, finished: 0
[2026-04-14 00:42:40] current cache size: 22227, finished: 0
[2026-04-14 00:42:40] current cache size: 22231, finished: 0
[2026-04-14 00:42:40] current cache size: 22243, finished: 0
[2026-04-14 00:42:40] current cache size: 22255, finished: 0
[2026-04-14 00:42:40] current cache size: 22261, finished: 0
[2026-04-14 00:42:40] current cache size: 22271, finished: 0
[2026-04-14 00:42:41] current cache size: 22280, finished: 0
[2026-04-14 00:42:41] current cache size: 22284, finished: 0
[2026-04-14 00:42:41] current cache size: 22292, finished: 0
[2026-04-14 00:42:41] current cache size: 22298, finished: 0
[2026-04-14 00:42:41] current cache size: 22305, finished: 0
[2026-04-14 00:42:42] current cache size: 22312, finished: 0
[2026-04-14 00:42:42] current cache size: 22322, finished: 0
[2026-04-14 00:42:42] current cache size: 22331, finished: 0
[INCREMENTAL] cache size: 22338, finished scales: 0/1
[GRASP DEBUG] step=2000 grav=(0,0,9.81) | cond1(dist<0.1)=890/1024 cond2(>=2 forces>0.2)=8/1024 cond3(quat<thresh)=328/1024 all=7/1024 | ft_dist mean=0.0658 max=0.4166 | force mean=0.0522 max=12.9859
[GRASP DEBUG env0] obj_pos=[-0.06094837188720703, -0.009409904479980469, 0.644525945186615]
[GRASP DEBUG env0]   ft0 pos=[-0.03278636932373047, 0.03695106506347656, 0.6408846378326416] dist=0.0544
[GRASP DEBUG env0]   ft1 pos=[-0.10797977447509766, 0.02857494354248047, 0.6045476198196411] dist=0.0725
[GRASP DEBUG env0]   ft2 pos=[-0.08640766143798828, 0.003998756408691406, 0.6018756628036499] dist=0.0514
[GRASP DEBUG env0]   ft3 pos=[-0.08715057373046875, -0.016000747680664062, 0.60279780626297] dist=0.0497
[GRASP DEBUG env0]   ft4 pos=[-0.0901803970336914, -0.03600120544433594, 0.6035682559013367] dist=0.0569
[2026-04-14 00:42:42] current cache size: 22338, finished: 0
[2026-04-14 00:42:42] current cache size: 22357, finished: 0
[2026-04-14 00:42:43] current cache size: 22368, finished: 0
[2026-04-14 00:42:43] current cache size: 22383, finished: 0
[2026-04-14 00:42:43] current cache size: 22400, finished: 0
[2026-04-14 00:42:43] current cache size: 22412, finished: 0
[2026-04-14 00:42:43] current cache size: 22428, finished: 0
[2026-04-14 00:42:44] current cache size: 22445, finished: 0
[2026-04-14 00:42:44] current cache size: 22457, finished: 0
[2026-04-14 00:42:44] current cache size: 22475, finished: 0
[2026-04-14 00:42:44] current cache size: 22495, finished: 0
[2026-04-14 00:42:44] current cache size: 22507, finished: 0
[2026-04-14 00:42:45] current cache size: 22527, finished: 0
[2026-04-14 00:42:45] current cache size: 22539, finished: 0
[2026-04-14 00:42:45] current cache size: 22550, finished: 0
[2026-04-14 00:42:45] current cache size: 22577, finished: 0
[2026-04-14 00:42:45] current cache size: 22592, finished: 0
[2026-04-14 00:42:46] current cache size: 22605, finished: 0
[2026-04-14 00:42:46] current cache size: 22614, finished: 0
[2026-04-14 00:42:46] current cache size: 22634, finished: 0
[2026-04-14 00:42:46] current cache size: 22644, finished: 0
[2026-04-14 00:42:46] current cache size: 22657, finished: 0
[2026-04-14 00:42:46] current cache size: 22673, finished: 0
[2026-04-14 00:42:47] current cache size: 22692, finished: 0
[2026-04-14 00:42:47] current cache size: 22711, finished: 0
[2026-04-14 00:42:47] current cache size: 22737, finished: 0
[2026-04-14 00:42:47] current cache size: 22752, finished: 0
[2026-04-14 00:42:47] current cache size: 22769, finished: 0
[2026-04-14 00:42:48] current cache size: 22781, finished: 0
[2026-04-14 00:42:48] current cache size: 22794, finished: 0
[2026-04-14 00:42:48] current cache size: 22807, finished: 0
[2026-04-14 00:42:48] current cache size: 22828, finished: 0
[2026-04-14 00:42:48] current cache size: 22840, finished: 0
[2026-04-14 00:42:49] current cache size: 22856, finished: 0
[2026-04-14 00:42:49] current cache size: 22865, finished: 0
[2026-04-14 00:42:49] current cache size: 22883, finished: 0
[2026-04-14 00:42:49] current cache size: 22898, finished: 0
[2026-04-14 00:42:49] current cache size: 22910, finished: 0
[2026-04-14 00:42:50] current cache size: 22934, finished: 0
[2026-04-14 00:42:50] current cache size: 22953, finished: 0
[2026-04-14 00:42:50] current cache size: 22968, finished: 0
[2026-04-14 00:42:50] current cache size: 22988, finished: 0
[2026-04-14 00:42:50] current cache size: 22998, finished: 0
[2026-04-14 00:42:51] current cache size: 23008, finished: 0
[2026-04-14 00:42:51] current cache size: 23017, finished: 0
[2026-04-14 00:42:51] current cache size: 23022, finished: 0
[2026-04-14 00:42:51] current cache size: 23028, finished: 0
[2026-04-14 00:42:51] current cache size: 23041, finished: 0
[2026-04-14 00:42:51] current cache size: 23048, finished: 0
[2026-04-14 00:42:52] current cache size: 23061, finished: 0
[2026-04-14 00:42:52] current cache size: 23068, finished: 0
[2026-04-14 00:42:52] current cache size: 23080, finished: 0
[2026-04-14 00:42:52] current cache size: 23090, finished: 0
[2026-04-14 00:42:52] current cache size: 23100, finished: 0
[2026-04-14 00:42:53] current cache size: 23107, finished: 0
[2026-04-14 00:42:53] current cache size: 23116, finished: 0
[2026-04-14 00:42:53] current cache size: 23129, finished: 0
[2026-04-14 00:42:53] current cache size: 23139, finished: 0
[2026-04-14 00:42:53] current cache size: 23153, finished: 0
[2026-04-14 00:42:54] current cache size: 23167, finished: 0
[2026-04-14 00:42:54] current cache size: 23178, finished: 0
[2026-04-14 00:42:54] current cache size: 23193, finished: 0
[2026-04-14 00:42:54] current cache size: 23210, finished: 0
[2026-04-14 00:42:54] current cache size: 23224, finished: 0
[2026-04-14 00:42:55] current cache size: 23238, finished: 0
[2026-04-14 00:42:55] current cache size: 23248, finished: 0
[2026-04-14 00:42:55] current cache size: 23259, finished: 0
[2026-04-14 00:42:55] current cache size: 23270, finished: 0
[2026-04-14 00:42:55] current cache size: 23281, finished: 0
[2026-04-14 00:42:55] current cache size: 23292, finished: 0
[2026-04-14 00:42:56] current cache size: 23307, finished: 0
[2026-04-14 00:42:56] current cache size: 23315, finished: 0
[2026-04-14 00:42:56] current cache size: 23321, finished: 0
[2026-04-14 00:42:56] current cache size: 23331, finished: 0
[2026-04-14 00:42:56] current cache size: 23346, finished: 0
[2026-04-14 00:42:57] current cache size: 23357, finished: 0
[2026-04-14 00:42:57] current cache size: 23367, finished: 0
[2026-04-14 00:42:57] current cache size: 23383, finished: 0
[2026-04-14 00:42:57] current cache size: 23402, finished: 0
[2026-04-14 00:42:57] current cache size: 23413, finished: 0
[2026-04-14 00:42:58] current cache size: 23420, finished: 0
[2026-04-14 00:42:58] current cache size: 23434, finished: 0
[2026-04-14 00:42:58] current cache size: 23448, finished: 0
[2026-04-14 00:42:58] current cache size: 23462, finished: 0
[2026-04-14 00:42:58] current cache size: 23475, finished: 0
[2026-04-14 00:42:59] current cache size: 23485, finished: 0
[2026-04-14 00:42:59] current cache size: 23495, finished: 0
[2026-04-14 00:42:59] current cache size: 23509, finished: 0
[2026-04-14 00:42:59] current cache size: 23524, finished: 0
[2026-04-14 00:42:59] current cache size: 23541, finished: 0
[2026-04-14 00:42:59] current cache size: 23554, finished: 0
[2026-04-14 00:43:00] current cache size: 23568, finished: 0
[2026-04-14 00:43:00] current cache size: 23575, finished: 0
[2026-04-14 00:43:00] current cache size: 23592, finished: 0
[2026-04-14 00:43:00] current cache size: 23606, finished: 0
[2026-04-14 00:43:00] current cache size: 23616, finished: 0
[2026-04-14 00:43:01] current cache size: 23622, finished: 0
[2026-04-14 00:43:01] current cache size: 23637, finished: 0
[2026-04-14 00:43:01] current cache size: 23649, finished: 0
[2026-04-14 00:43:01] current cache size: 23663, finished: 0
[2026-04-14 00:43:01] current cache size: 23673, finished: 0
[2026-04-14 00:43:02] current cache size: 23683, finished: 0
[2026-04-14 00:43:02] current cache size: 23701, finished: 0
[2026-04-14 00:43:02] current cache size: 23717, finished: 0
[2026-04-14 00:43:02] current cache size: 23729, finished: 0
[2026-04-14 00:43:02] current cache size: 23744, finished: 0
[2026-04-14 00:43:03] current cache size: 23754, finished: 0
[2026-04-14 00:43:03] current cache size: 23757, finished: 0
[2026-04-14 00:43:03] current cache size: 23768, finished: 0
[2026-04-14 00:43:03] current cache size: 23779, finished: 0
[2026-04-14 00:43:03] current cache size: 23785, finished: 0
[2026-04-14 00:43:03] current cache size: 23793, finished: 0
[2026-04-14 00:43:04] current cache size: 23805, finished: 0
[2026-04-14 00:43:04] current cache size: 23823, finished: 0
[2026-04-14 00:43:04] current cache size: 23831, finished: 0
[2026-04-14 00:43:04] current cache size: 23843, finished: 0
[2026-04-14 00:43:04] current cache size: 23852, finished: 0
[2026-04-14 00:43:05] current cache size: 23863, finished: 0
[2026-04-14 00:43:05] current cache size: 23877, finished: 0
[2026-04-14 00:43:05] current cache size: 23886, finished: 0
[2026-04-14 00:43:05] current cache size: 23899, finished: 0
[2026-04-14 00:43:05] current cache size: 23906, finished: 0
[2026-04-14 00:43:06] current cache size: 23920, finished: 0
[2026-04-14 00:43:06] current cache size: 23928, finished: 0
[2026-04-14 00:43:06] current cache size: 23939, finished: 0
[2026-04-14 00:43:06] current cache size: 23944, finished: 0
[2026-04-14 00:43:06] current cache size: 23952, finished: 0
[2026-04-14 00:43:07] current cache size: 23963, finished: 0
[2026-04-14 00:43:07] current cache size: 23976, finished: 0
[2026-04-14 00:43:07] current cache size: 23989, finished: 0
[2026-04-14 00:43:07] current cache size: 23998, finished: 0
[2026-04-14 00:43:07] current cache size: 24002, finished: 0
[2026-04-14 00:43:07] current cache size: 24016, finished: 0
[2026-04-14 00:43:08] current cache size: 24030, finished: 0
[2026-04-14 00:43:08] current cache size: 24036, finished: 0
[2026-04-14 00:43:08] current cache size: 24050, finished: 0
[2026-04-14 00:43:08] current cache size: 24062, finished: 0
[2026-04-14 00:43:08] current cache size: 24069, finished: 0
[2026-04-14 00:43:09] current cache size: 24075, finished: 0
[2026-04-14 00:43:09] current cache size: 24081, finished: 0
[2026-04-14 00:43:09] current cache size: 24088, finished: 0
[2026-04-14 00:43:09] current cache size: 24095, finished: 0
[2026-04-14 00:43:09] current cache size: 24108, finished: 0
[2026-04-14 00:43:10] current cache size: 24112, finished: 0
[2026-04-14 00:43:10] current cache size: 24122, finished: 0
[2026-04-14 00:43:10] current cache size: 24130, finished: 0
[2026-04-14 00:43:10] current cache size: 24133, finished: 0
[2026-04-14 00:43:10] current cache size: 24140, finished: 0
[2026-04-14 00:43:11] current cache size: 24158, finished: 0
[2026-04-14 00:43:11] current cache size: 24173, finished: 0
[2026-04-14 00:43:11] current cache size: 24183, finished: 0
[2026-04-14 00:43:11] current cache size: 24202, finished: 0
[2026-04-14 00:43:11] current cache size: 24213, finished: 0
[2026-04-14 00:43:11] current cache size: 24221, finished: 0
[2026-04-14 00:43:12] current cache size: 24234, finished: 0
[2026-04-14 00:43:12] current cache size: 24247, finished: 0
[2026-04-14 00:43:12] current cache size: 24255, finished: 0
[2026-04-14 00:43:12] current cache size: 24263, finished: 0
[2026-04-14 00:43:12] current cache size: 24269, finished: 0
[2026-04-14 00:43:13] current cache size: 24277, finished: 0
[2026-04-14 00:43:13] current cache size: 24290, finished: 0
[2026-04-14 00:43:13] current cache size: 24302, finished: 0
[2026-04-14 00:43:13] current cache size: 24312, finished: 0
[2026-04-14 00:43:13] current cache size: 24326, finished: 0
[2026-04-14 00:43:14] current cache size: 24337, finished: 0
[2026-04-14 00:43:14] current cache size: 24345, finished: 0
[2026-04-14 00:43:14] current cache size: 24359, finished: 0
[2026-04-14 00:43:14] current cache size: 24369, finished: 0
[2026-04-14 00:43:14] current cache size: 24388, finished: 0
[2026-04-14 00:43:15] current cache size: 24408, finished: 0
[2026-04-14 00:43:15] current cache size: 24420, finished: 0
[2026-04-14 00:43:15] current cache size: 24432, finished: 0
[2026-04-14 00:43:15] current cache size: 24441, finished: 0
[2026-04-14 00:43:15] current cache size: 24451, finished: 0
[2026-04-14 00:43:15] current cache size: 24468, finished: 0
[2026-04-14 00:43:16] current cache size: 24474, finished: 0
[2026-04-14 00:43:16] current cache size: 24489, finished: 0
[2026-04-14 00:43:16] current cache size: 24501, finished: 0
[2026-04-14 00:43:16] current cache size: 24512, finished: 0
[2026-04-14 00:43:16] current cache size: 24528, finished: 0
[2026-04-14 00:43:17] current cache size: 24534, finished: 0
[2026-04-14 00:43:17] current cache size: 24544, finished: 0
[2026-04-14 00:43:17] current cache size: 24558, finished: 0
[2026-04-14 00:43:17] current cache size: 24568, finished: 0
[2026-04-14 00:43:17] current cache size: 24576, finished: 0
[2026-04-14 00:43:18] current cache size: 24585, finished: 0
[2026-04-14 00:43:18] current cache size: 24597, finished: 0
[2026-04-14 00:43:18] current cache size: 24613, finished: 0
[2026-04-14 00:43:18] current cache size: 24621, finished: 0
[2026-04-14 00:43:18] current cache size: 24636, finished: 0
[2026-04-14 00:43:18] current cache size: 24644, finished: 0
[2026-04-14 00:43:19] current cache size: 24656, finished: 0
[2026-04-14 00:43:19] current cache size: 24670, finished: 0
[2026-04-14 00:43:19] current cache size: 24675, finished: 0
[2026-04-14 00:43:19] current cache size: 24684, finished: 0
[2026-04-14 00:43:19] current cache size: 24692, finished: 0
[2026-04-14 00:43:20] current cache size: 24700, finished: 0
[2026-04-14 00:43:20] current cache size: 24716, finished: 0
[2026-04-14 00:43:20] current cache size: 24730, finished: 0
[2026-04-14 00:43:20] current cache size: 24748, finished: 0
[INCREMENTAL] cache size: 24759, finished scales: 0/1
[GRASP DEBUG] step=2200 grav=(-9.81,0,0) | cond1(dist<0.1)=906/1024 cond2(>=2 forces>0.2)=11/1024 cond3(quat<thresh)=389/1024 all=11/1024 | ft_dist mean=0.0636 max=1.2408 | force mean=0.1020 max=154.8774
[GRASP DEBUG env0] obj_pos=[-0.08222675323486328, 0.004848480224609375, 0.6387774348258972]
[GRASP DEBUG env0]   ft0 pos=[-0.025687217712402344, 0.04004478454589844, 0.6415465474128723] dist=0.0667
[GRASP DEBUG env0]   ft1 pos=[-0.10586071014404297, 0.02599811553955078, 0.6045284867286682] dist=0.0467
[GRASP DEBUG env0]   ft2 pos=[-0.09023189544677734, 0.003998756408691406, 0.6028180122375488] dist=0.0368
[GRASP DEBUG env0]   ft3 pos=[-0.09251976013183594, -0.016000747680664062, 0.6036813259124756] dist=0.0421
[GRASP DEBUG env0]   ft4 pos=[-0.09724617004394531, -0.03600120544433594, 0.6044231057167053] dist=0.0554
[2026-04-14 00:43:20] current cache size: 24759, finished: 0
[2026-04-14 00:43:21] current cache size: 24773, finished: 0
[2026-04-14 00:43:21] current cache size: 24785, finished: 0
[2026-04-14 00:43:21] current cache size: 24795, finished: 0
[2026-04-14 00:43:21] current cache size: 24798, finished: 0
[2026-04-14 00:43:21] current cache size: 24810, finished: 0
[2026-04-14 00:43:22] current cache size: 24816, finished: 0
[2026-04-14 00:43:22] current cache size: 24824, finished: 0
[2026-04-14 00:43:22] current cache size: 24833, finished: 0
[2026-04-14 00:43:22] current cache size: 24842, finished: 0
[2026-04-14 00:43:22] current cache size: 24853, finished: 0
[2026-04-14 00:43:23] current cache size: 24863, finished: 0
[2026-04-14 00:43:23] current cache size: 24877, finished: 0
[2026-04-14 00:43:23] current cache size: 24886, finished: 0
[2026-04-14 00:43:23] current cache size: 24890, finished: 0
[2026-04-14 00:43:23] current cache size: 24899, finished: 0
[2026-04-14 00:43:24] current cache size: 24908, finished: 0
[2026-04-14 00:43:24] current cache size: 24913, finished: 0
[2026-04-14 00:43:24] current cache size: 24919, finished: 0
[2026-04-14 00:43:24] current cache size: 24929, finished: 0
[2026-04-14 00:43:24] current cache size: 24934, finished: 0
[2026-04-14 00:43:24] current cache size: 24940, finished: 0
[2026-04-14 00:43:25] current cache size: 24950, finished: 0
[2026-04-14 00:43:25] current cache size: 24959, finished: 0
[2026-04-14 00:43:25] current cache size: 24964, finished: 0
[2026-04-14 00:43:25] current cache size: 24968, finished: 0
[2026-04-14 00:43:25] current cache size: 24977, finished: 0
[2026-04-14 00:43:26] current cache size: 24990, finished: 0
[2026-04-14 00:43:26] current cache size: 24999, finished: 0
[2026-04-14 00:43:26] current cache size: 25009, finished: 0
[2026-04-14 00:43:26] current cache size: 25016, finished: 0
[2026-04-14 00:43:26] current cache size: 25023, finished: 0
[2026-04-14 00:43:27] current cache size: 25031, finished: 0
[2026-04-14 00:43:27] current cache size: 25041, finished: 0
[2026-04-14 00:43:27] current cache size: 25047, finished: 0
[2026-04-14 00:43:27] current cache size: 25049, finished: 0
[2026-04-14 00:43:27] current cache size: 25064, finished: 0
[2026-04-14 00:43:28] current cache size: 25067, finished: 0
[2026-04-14 00:43:28] current cache size: 25071, finished: 0
[2026-04-14 00:43:28] current cache size: 25078, finished: 0
[2026-04-14 00:43:28] current cache size: 25082, finished: 0
[2026-04-14 00:43:28] current cache size: 25092, finished: 0
[2026-04-14 00:43:29] current cache size: 25103, finished: 0
[2026-04-14 00:43:29] current cache size: 25117, finished: 0
[2026-04-14 00:43:29] current cache size: 25134, finished: 0
[2026-04-14 00:43:29] current cache size: 25147, finished: 0
[2026-04-14 00:43:29] current cache size: 25162, finished: 0
[2026-04-14 00:43:30] current cache size: 25175, finished: 0
[2026-04-14 00:43:30] current cache size: 25188, finished: 0
[2026-04-14 00:43:30] current cache size: 25204, finished: 0
[2026-04-14 00:43:30] current cache size: 25230, finished: 0
[2026-04-14 00:43:30] current cache size: 25243, finished: 0
[2026-04-14 00:43:30] current cache size: 25255, finished: 0
[2026-04-14 00:43:31] current cache size: 25272, finished: 0
[2026-04-14 00:43:31] current cache size: 25287, finished: 0
[2026-04-14 00:43:31] current cache size: 25301, finished: 0
[2026-04-14 00:43:31] current cache size: 25318, finished: 0
[2026-04-14 00:43:31] current cache size: 25331, finished: 0
[2026-04-14 00:43:32] current cache size: 25345, finished: 0
[2026-04-14 00:43:32] current cache size: 25359, finished: 0
[2026-04-14 00:43:32] current cache size: 25371, finished: 0
[2026-04-14 00:43:32] current cache size: 25390, finished: 0
[2026-04-14 00:43:32] current cache size: 25405, finished: 0
[2026-04-14 00:43:33] current cache size: 25428, finished: 0
[2026-04-14 00:43:33] current cache size: 25440, finished: 0
[2026-04-14 00:43:33] current cache size: 25457, finished: 0
[2026-04-14 00:43:33] current cache size: 25472, finished: 0
[2026-04-14 00:43:33] current cache size: 25483, finished: 0
[2026-04-14 00:43:34] current cache size: 25501, finished: 0
[2026-04-14 00:43:34] current cache size: 25516, finished: 0
[2026-04-14 00:43:34] current cache size: 25527, finished: 0
[2026-04-14 00:43:34] current cache size: 25543, finished: 0
[2026-04-14 00:43:34] current cache size: 25551, finished: 0
[2026-04-14 00:43:35] current cache size: 25564, finished: 0
[2026-04-14 00:43:35] current cache size: 25581, finished: 0
[2026-04-14 00:43:35] current cache size: 25596, finished: 0
[2026-04-14 00:43:35] current cache size: 25611, finished: 0
[2026-04-14 00:43:35] current cache size: 25625, finished: 0
[2026-04-14 00:43:35] current cache size: 25643, finished: 0
[2026-04-14 00:43:36] current cache size: 25660, finished: 0
[2026-04-14 00:43:36] current cache size: 25679, finished: 0
[2026-04-14 00:43:36] current cache size: 25684, finished: 0
[2026-04-14 00:43:36] current cache size: 25695, finished: 0
[2026-04-14 00:43:36] current cache size: 25702, finished: 0
[2026-04-14 00:43:37] current cache size: 25706, finished: 0
[2026-04-14 00:43:37] current cache size: 25711, finished: 0
[2026-04-14 00:43:37] current cache size: 25726, finished: 0
[2026-04-14 00:43:37] current cache size: 25733, finished: 0
[2026-04-14 00:43:37] current cache size: 25746, finished: 0
[2026-04-14 00:43:38] current cache size: 25754, finished: 0
[2026-04-14 00:43:38] current cache size: 25767, finished: 0
[2026-04-14 00:43:38] current cache size: 25776, finished: 0
[2026-04-14 00:43:38] current cache size: 25785, finished: 0
[2026-04-14 00:43:38] current cache size: 25793, finished: 0
[2026-04-14 00:43:39] current cache size: 25804, finished: 0
[2026-04-14 00:43:39] current cache size: 25811, finished: 0
[2026-04-14 00:43:39] current cache size: 25824, finished: 0
[2026-04-14 00:43:39] current cache size: 25834, finished: 0
[2026-04-14 00:43:39] current cache size: 25841, finished: 0
[2026-04-14 00:43:40] current cache size: 25851, finished: 0
[2026-04-14 00:43:40] current cache size: 25861, finished: 0
[2026-04-14 00:43:40] current cache size: 25870, finished: 0
[2026-04-14 00:43:40] current cache size: 25885, finished: 0
[2026-04-14 00:43:40] current cache size: 25892, finished: 0
[2026-04-14 00:43:40] current cache size: 25903, finished: 0
[2026-04-14 00:43:41] current cache size: 25906, finished: 0
[2026-04-14 00:43:41] current cache size: 25912, finished: 0
[2026-04-14 00:43:41] current cache size: 25922, finished: 0
[2026-04-14 00:43:41] current cache size: 25928, finished: 0
[2026-04-14 00:43:41] current cache size: 25935, finished: 0
[2026-04-14 00:43:42] current cache size: 25946, finished: 0
[2026-04-14 00:43:42] current cache size: 25950, finished: 0
[2026-04-14 00:43:42] current cache size: 25962, finished: 0
[2026-04-14 00:43:42] current cache size: 25979, finished: 0
[2026-04-14 00:43:42] current cache size: 25987, finished: 0
[2026-04-14 00:43:43] current cache size: 25998, finished: 0
[2026-04-14 00:43:43] current cache size: 26006, finished: 0
[2026-04-14 00:43:43] current cache size: 26010, finished: 0
[2026-04-14 00:43:43] current cache size: 26019, finished: 0
[2026-04-14 00:43:43] current cache size: 26033, finished: 0
[2026-04-14 00:43:43] current cache size: 26045, finished: 0
[2026-04-14 00:43:44] current cache size: 26051, finished: 0
[2026-04-14 00:43:44] current cache size: 26063, finished: 0
[2026-04-14 00:43:44] current cache size: 26075, finished: 0
[2026-04-14 00:43:44] current cache size: 26090, finished: 0
[2026-04-14 00:43:44] current cache size: 26099, finished: 0
[2026-04-14 00:43:45] current cache size: 26113, finished: 0
[2026-04-14 00:43:45] current cache size: 26123, finished: 0
[2026-04-14 00:43:45] current cache size: 26133, finished: 0
[2026-04-14 00:43:45] current cache size: 26144, finished: 0
[2026-04-14 00:43:45] current cache size: 26151, finished: 0
[2026-04-14 00:43:46] current cache size: 26166, finished: 0
[2026-04-14 00:43:46] current cache size: 26180, finished: 0
[2026-04-14 00:43:46] current cache size: 26186, finished: 0
[2026-04-14 00:43:46] current cache size: 26197, finished: 0
[2026-04-14 00:43:46] current cache size: 26203, finished: 0
[2026-04-14 00:43:47] current cache size: 26211, finished: 0
[2026-04-14 00:43:47] current cache size: 26223, finished: 0
[2026-04-14 00:43:47] current cache size: 26233, finished: 0
[2026-04-14 00:43:47] current cache size: 26246, finished: 0
[2026-04-14 00:43:47] current cache size: 26264, finished: 0
[2026-04-14 00:43:48] current cache size: 26270, finished: 0
[2026-04-14 00:43:48] current cache size: 26280, finished: 0
[2026-04-14 00:43:48] current cache size: 26298, finished: 0
[2026-04-14 00:43:48] current cache size: 26314, finished: 0
[2026-04-14 00:43:48] current cache size: 26326, finished: 0
[2026-04-14 00:43:49] current cache size: 26337, finished: 0
[2026-04-14 00:43:49] current cache size: 26343, finished: 0
[2026-04-14 00:43:49] current cache size: 26357, finished: 0
[2026-04-14 00:43:49] current cache size: 26374, finished: 0
[2026-04-14 00:43:49] current cache size: 26385, finished: 0
[2026-04-14 00:43:49] current cache size: 26394, finished: 0
[2026-04-14 00:43:50] current cache size: 26409, finished: 0
[2026-04-14 00:43:50] current cache size: 26421, finished: 0
[2026-04-14 00:43:50] current cache size: 26430, finished: 0
[2026-04-14 00:43:50] current cache size: 26446, finished: 0
[2026-04-14 00:43:50] current cache size: 26451, finished: 0
[2026-04-14 00:43:51] current cache size: 26460, finished: 0
[2026-04-14 00:43:51] current cache size: 26468, finished: 0
[2026-04-14 00:43:51] current cache size: 26480, finished: 0
[2026-04-14 00:43:51] current cache size: 26491, finished: 0
[2026-04-14 00:43:51] current cache size: 26498, finished: 0
[2026-04-14 00:43:52] current cache size: 26509, finished: 0
[2026-04-14 00:43:52] current cache size: 26520, finished: 0
[2026-04-14 00:43:52] current cache size: 26531, finished: 0
[2026-04-14 00:43:52] current cache size: 26542, finished: 0
[2026-04-14 00:43:52] current cache size: 26553, finished: 0
[2026-04-14 00:43:53] current cache size: 26560, finished: 0
[2026-04-14 00:43:53] current cache size: 26572, finished: 0
[2026-04-14 00:43:53] current cache size: 26583, finished: 0
[2026-04-14 00:43:53] current cache size: 26595, finished: 0
[2026-04-14 00:43:53] current cache size: 26606, finished: 0
[2026-04-14 00:43:53] current cache size: 26613, finished: 0
[2026-04-14 00:43:54] current cache size: 26621, finished: 0
[2026-04-14 00:43:54] current cache size: 26634, finished: 0
[2026-04-14 00:43:54] current cache size: 26645, finished: 0
[2026-04-14 00:43:54] current cache size: 26661, finished: 0
[2026-04-14 00:43:54] current cache size: 26669, finished: 0
[2026-04-14 00:43:55] current cache size: 26676, finished: 0
[2026-04-14 00:43:55] current cache size: 26682, finished: 0
[2026-04-14 00:43:55] current cache size: 26692, finished: 0
[2026-04-14 00:43:55] current cache size: 26704, finished: 0
[2026-04-14 00:43:55] current cache size: 26720, finished: 0
[2026-04-14 00:43:56] current cache size: 26734, finished: 0
[2026-04-14 00:43:56] current cache size: 26745, finished: 0
[2026-04-14 00:43:56] current cache size: 26759, finished: 0
[2026-04-14 00:43:56] current cache size: 26768, finished: 0
[2026-04-14 00:43:56] current cache size: 26777, finished: 0
[2026-04-14 00:43:57] current cache size: 26780, finished: 0
[2026-04-14 00:43:57] current cache size: 26789, finished: 0
[2026-04-14 00:43:57] current cache size: 26794, finished: 0
[2026-04-14 00:43:57] current cache size: 26806, finished: 0
[2026-04-14 00:43:57] current cache size: 26817, finished: 0
[2026-04-14 00:43:57] current cache size: 26827, finished: 0
[2026-04-14 00:43:58] current cache size: 26835, finished: 0
[2026-04-14 00:43:58] current cache size: 26849, finished: 0
[2026-04-14 00:43:58] current cache size: 26863, finished: 0
[2026-04-14 00:43:58] current cache size: 26876, finished: 0
[2026-04-14 00:43:58] current cache size: 26887, finished: 0
[2026-04-14 00:43:59] current cache size: 26896, finished: 0
[INCREMENTAL] cache size: 26903, finished scales: 0/1
[GRASP DEBUG] step=2400 grav=(9.81,0,0) | cond1(dist<0.1)=911/1024 cond2(>=2 forces>0.2)=7/1024 cond3(quat<thresh)=385/1024 all=7/1024 | ft_dist mean=0.0627 max=0.2917 | force mean=0.0795 max=28.3809
[GRASP DEBUG env0] obj_pos=[-0.07731437683105469, 0.008209228515625, 0.6361051797866821]
[GRASP DEBUG env0]   ft0 pos=[-0.026048660278320312, 0.00170135498046875, 0.6404241323471069] dist=0.0519
[GRASP DEBUG env0]   ft1 pos=[-0.0854330062866211, 0.02634716033935547, 0.6015826463699341] dist=0.0398
[GRASP DEBUG env0]   ft2 pos=[-0.0768575668334961, 0.003998756408691406, 0.5988274812698364] dist=0.0375
[GRASP DEBUG env0]   ft3 pos=[-0.11279296875, -0.016000747680664062, 0.6042538285255432] dist=0.0535
[GRASP DEBUG env0]   ft4 pos=[-0.09076118469238281, -0.03600120544433594, 0.6038788557052612] dist=0.0563
[2026-04-14 00:43:59] current cache size: 26903, finished: 0
[2026-04-14 00:43:59] current cache size: 26911, finished: 0
[2026-04-14 00:43:59] current cache size: 26927, finished: 0
[2026-04-14 00:43:59] current cache size: 26936, finished: 0
[2026-04-14 00:44:00] current cache size: 26949, finished: 0
[2026-04-14 00:44:00] current cache size: 26963, finished: 0
[2026-04-14 00:44:00] current cache size: 26972, finished: 0
[2026-04-14 00:44:00] current cache size: 26984, finished: 0
[2026-04-14 00:44:00] current cache size: 27000, finished: 0
[2026-04-14 00:44:01] current cache size: 27013, finished: 0
[2026-04-14 00:44:01] current cache size: 27031, finished: 0
[2026-04-14 00:44:01] current cache size: 27041, finished: 0
[2026-04-14 00:44:01] current cache size: 27056, finished: 0
[2026-04-14 00:44:01] current cache size: 27075, finished: 0
[2026-04-14 00:44:02] current cache size: 27089, finished: 0
[2026-04-14 00:44:02] current cache size: 27103, finished: 0
[2026-04-14 00:44:02] current cache size: 27119, finished: 0
[2026-04-14 00:44:02] current cache size: 27135, finished: 0
[2026-04-14 00:44:02] current cache size: 27143, finished: 0
[2026-04-14 00:44:02] current cache size: 27158, finished: 0
[2026-04-14 00:44:03] current cache size: 27168, finished: 0
[2026-04-14 00:44:03] current cache size: 27182, finished: 0
[2026-04-14 00:44:03] current cache size: 27188, finished: 0
[2026-04-14 00:44:03] current cache size: 27199, finished: 0
[2026-04-14 00:44:03] current cache size: 27208, finished: 0
[2026-04-14 00:44:04] current cache size: 27217, finished: 0
[2026-04-14 00:44:04] current cache size: 27226, finished: 0
[2026-04-14 00:44:04] current cache size: 27230, finished: 0
[2026-04-14 00:44:04] current cache size: 27245, finished: 0
[2026-04-14 00:44:04] current cache size: 27250, finished: 0
[2026-04-14 00:44:05] current cache size: 27262, finished: 0
[2026-04-14 00:44:05] current cache size: 27275, finished: 0
[2026-04-14 00:44:05] current cache size: 27284, finished: 0
[2026-04-14 00:44:05] current cache size: 27297, finished: 0
[2026-04-14 00:44:05] current cache size: 27302, finished: 0
[2026-04-14 00:44:06] current cache size: 27314, finished: 0
[2026-04-14 00:44:06] current cache size: 27331, finished: 0
[2026-04-14 00:44:06] current cache size: 27342, finished: 0
[2026-04-14 00:44:06] current cache size: 27355, finished: 0
[2026-04-14 00:44:06] current cache size: 27368, finished: 0
[2026-04-14 00:44:06] current cache size: 27378, finished: 0
[2026-04-14 00:44:07] current cache size: 27381, finished: 0
[2026-04-14 00:44:07] current cache size: 27389, finished: 0
[2026-04-14 00:44:07] current cache size: 27399, finished: 0
[2026-04-14 00:44:07] current cache size: 27404, finished: 0
[2026-04-14 00:44:07] current cache size: 27411, finished: 0
[2026-04-14 00:44:08] current cache size: 27424, finished: 0
[2026-04-14 00:44:08] current cache size: 27427, finished: 0
[2026-04-14 00:44:08] current cache size: 27436, finished: 0
[2026-04-14 00:44:08] current cache size: 27443, finished: 0
[2026-04-14 00:44:08] current cache size: 27448, finished: 0
[2026-04-14 00:44:09] current cache size: 27455, finished: 0
[2026-04-14 00:44:09] current cache size: 27463, finished: 0
[2026-04-14 00:44:09] current cache size: 27470, finished: 0
[2026-04-14 00:44:09] current cache size: 27479, finished: 0
[2026-04-14 00:44:09] current cache size: 27487, finished: 0
[2026-04-14 00:44:10] current cache size: 27498, finished: 0
[2026-04-14 00:44:10] current cache size: 27506, finished: 0
[2026-04-14 00:44:10] current cache size: 27514, finished: 0
[2026-04-14 00:44:10] current cache size: 27524, finished: 0
[2026-04-14 00:44:10] current cache size: 27532, finished: 0
[2026-04-14 00:44:11] current cache size: 27540, finished: 0
[2026-04-14 00:44:11] current cache size: 27546, finished: 0
[2026-04-14 00:44:11] current cache size: 27557, finished: 0
[2026-04-14 00:44:11] current cache size: 27566, finished: 0
[2026-04-14 00:44:11] current cache size: 27569, finished: 0
[2026-04-14 00:44:11] current cache size: 27574, finished: 0
[2026-04-14 00:44:12] current cache size: 27582, finished: 0
[2026-04-14 00:44:12] current cache size: 27592, finished: 0
[2026-04-14 00:44:12] current cache size: 27600, finished: 0
[2026-04-14 00:44:12] current cache size: 27607, finished: 0
[2026-04-14 00:44:12] current cache size: 27613, finished: 0
[2026-04-14 00:44:13] current cache size: 27621, finished: 0
[2026-04-14 00:44:13] current cache size: 27627, finished: 0
[2026-04-14 00:44:13] current cache size: 27632, finished: 0
[2026-04-14 00:44:13] current cache size: 27644, finished: 0
[2026-04-14 00:44:13] current cache size: 27654, finished: 0
[2026-04-14 00:44:14] current cache size: 27660, finished: 0
[2026-04-14 00:44:14] current cache size: 27672, finished: 0
[2026-04-14 00:44:14] current cache size: 27676, finished: 0
[2026-04-14 00:44:14] current cache size: 27681, finished: 0
[2026-04-14 00:44:14] current cache size: 27699, finished: 0
[2026-04-14 00:44:15] current cache size: 27721, finished: 0
[2026-04-14 00:44:15] current cache size: 27731, finished: 0
[2026-04-14 00:44:15] current cache size: 27744, finished: 0
[2026-04-14 00:44:15] current cache size: 27754, finished: 0
[2026-04-14 00:44:15] current cache size: 27777, finished: 0
[2026-04-14 00:44:16] current cache size: 27791, finished: 0
[2026-04-14 00:44:16] current cache size: 27803, finished: 0
[2026-04-14 00:44:16] current cache size: 27819, finished: 0
[2026-04-14 00:44:16] current cache size: 27833, finished: 0
[2026-04-14 00:44:16] current cache size: 27847, finished: 0
[2026-04-14 00:44:16] current cache size: 27860, finished: 0
[2026-04-14 00:44:17] current cache size: 27871, finished: 0
[2026-04-14 00:44:17] current cache size: 27889, finished: 0
[2026-04-14 00:44:17] current cache size: 27905, finished: 0
[2026-04-14 00:44:17] current cache size: 27918, finished: 0
[2026-04-14 00:44:17] current cache size: 27936, finished: 0
[2026-04-14 00:44:18] current cache size: 27948, finished: 0
[2026-04-14 00:44:18] current cache size: 27973, finished: 0
[2026-04-14 00:44:18] current cache size: 27988, finished: 0
[2026-04-14 00:44:18] current cache size: 27999, finished: 0
[2026-04-14 00:44:18] current cache size: 28011, finished: 0
[2026-04-14 00:44:19] current cache size: 28026, finished: 0
[2026-04-14 00:44:19] current cache size: 28038, finished: 0
[2026-04-14 00:44:19] current cache size: 28059, finished: 0
[2026-04-14 00:44:19] current cache size: 28079, finished: 0
[2026-04-14 00:44:19] current cache size: 28096, finished: 0
[2026-04-14 00:44:20] current cache size: 28117, finished: 0
[2026-04-14 00:44:20] current cache size: 28133, finished: 0
[2026-04-14 00:44:20] current cache size: 28149, finished: 0
[2026-04-14 00:44:20] current cache size: 28166, finished: 0
[2026-04-14 00:44:20] current cache size: 28189, finished: 0
[2026-04-14 00:44:21] current cache size: 28210, finished: 0
[2026-04-14 00:44:21] current cache size: 28229, finished: 0
[2026-04-14 00:44:21] current cache size: 28240, finished: 0
[2026-04-14 00:44:21] current cache size: 28253, finished: 0
[2026-04-14 00:44:21] current cache size: 28271, finished: 0
[2026-04-14 00:44:21] current cache size: 28286, finished: 0
[2026-04-14 00:44:22] current cache size: 28303, finished: 0
[2026-04-14 00:44:22] current cache size: 28317, finished: 0
[2026-04-14 00:44:22] current cache size: 28323, finished: 0
[2026-04-14 00:44:22] current cache size: 28335, finished: 0
[2026-04-14 00:44:22] current cache size: 28344, finished: 0
[2026-04-14 00:44:23] current cache size: 28359, finished: 0
[2026-04-14 00:44:23] current cache size: 28366, finished: 0
[2026-04-14 00:44:23] current cache size: 28376, finished: 0
[2026-04-14 00:44:23] current cache size: 28385, finished: 0
[2026-04-14 00:44:23] current cache size: 28400, finished: 0
[2026-04-14 00:44:24] current cache size: 28410, finished: 0
[2026-04-14 00:44:24] current cache size: 28419, finished: 0
[2026-04-14 00:44:24] current cache size: 28428, finished: 0
[2026-04-14 00:44:24] current cache size: 28435, finished: 0
[2026-04-14 00:44:24] current cache size: 28445, finished: 0
[2026-04-14 00:44:25] current cache size: 28455, finished: 0
[2026-04-14 00:44:25] current cache size: 28467, finished: 0
[2026-04-14 00:44:25] current cache size: 28472, finished: 0
[2026-04-14 00:44:25] current cache size: 28488, finished: 0
[2026-04-14 00:44:25] current cache size: 28497, finished: 0
[2026-04-14 00:44:25] current cache size: 28507, finished: 0
[2026-04-14 00:44:26] current cache size: 28516, finished: 0
[2026-04-14 00:44:26] current cache size: 28527, finished: 0
[2026-04-14 00:44:26] current cache size: 28537, finished: 0
[2026-04-14 00:44:26] current cache size: 28546, finished: 0
[2026-04-14 00:44:26] current cache size: 28557, finished: 0
[2026-04-14 00:44:27] current cache size: 28562, finished: 0
[2026-04-14 00:44:27] current cache size: 28569, finished: 0
[2026-04-14 00:44:27] current cache size: 28579, finished: 0
[2026-04-14 00:44:27] current cache size: 28588, finished: 0
[2026-04-14 00:44:27] current cache size: 28595, finished: 0
[2026-04-14 00:44:28] current cache size: 28608, finished: 0
[2026-04-14 00:44:28] current cache size: 28617, finished: 0
[2026-04-14 00:44:28] current cache size: 28624, finished: 0
[2026-04-14 00:44:28] current cache size: 28632, finished: 0
[2026-04-14 00:44:28] current cache size: 28640, finished: 0
[2026-04-14 00:44:28] current cache size: 28650, finished: 0
[2026-04-14 00:44:29] current cache size: 28660, finished: 0
[2026-04-14 00:44:29] current cache size: 28671, finished: 0
[2026-04-14 00:44:29] current cache size: 28680, finished: 0
[2026-04-14 00:44:29] current cache size: 28690, finished: 0
[2026-04-14 00:44:29] current cache size: 28701, finished: 0
[2026-04-14 00:44:30] current cache size: 28713, finished: 0
[2026-04-14 00:44:30] current cache size: 28725, finished: 0
[2026-04-14 00:44:30] current cache size: 28734, finished: 0
[2026-04-14 00:44:30] current cache size: 28741, finished: 0
[2026-04-14 00:44:30] current cache size: 28755, finished: 0
[2026-04-14 00:44:31] current cache size: 28771, finished: 0
[2026-04-14 00:44:31] current cache size: 28782, finished: 0
[2026-04-14 00:44:31] current cache size: 28799, finished: 0
[2026-04-14 00:44:31] current cache size: 28812, finished: 0
[2026-04-14 00:44:31] current cache size: 28818, finished: 0
[2026-04-14 00:44:31] current cache size: 28829, finished: 0
[2026-04-14 00:44:32] current cache size: 28844, finished: 0
[2026-04-14 00:44:32] current cache size: 28855, finished: 0
[2026-04-14 00:44:32] current cache size: 28859, finished: 0
[2026-04-14 00:44:32] current cache size: 28869, finished: 0
[2026-04-14 00:44:32] current cache size: 28883, finished: 0
[2026-04-14 00:44:33] current cache size: 28891, finished: 0
[2026-04-14 00:44:33] current cache size: 28900, finished: 0
[2026-04-14 00:44:33] current cache size: 28910, finished: 0
[2026-04-14 00:44:33] current cache size: 28927, finished: 0
[2026-04-14 00:44:33] current cache size: 28942, finished: 0
[2026-04-14 00:44:34] current cache size: 28946, finished: 0
[2026-04-14 00:44:34] current cache size: 28954, finished: 0
[2026-04-14 00:44:34] current cache size: 28960, finished: 0
[2026-04-14 00:44:34] current cache size: 28968, finished: 0
[2026-04-14 00:44:34] current cache size: 28978, finished: 0
[2026-04-14 00:44:35] current cache size: 28995, finished: 0
[2026-04-14 00:44:35] current cache size: 28999, finished: 0
[2026-04-14 00:44:35] current cache size: 29012, finished: 0
[2026-04-14 00:44:35] current cache size: 29020, finished: 0
[2026-04-14 00:44:35] current cache size: 29035, finished: 0
[2026-04-14 00:44:36] current cache size: 29046, finished: 0
[2026-04-14 00:44:36] current cache size: 29060, finished: 0
[2026-04-14 00:44:36] current cache size: 29070, finished: 0
[2026-04-14 00:44:36] current cache size: 29080, finished: 0
[2026-04-14 00:44:36] current cache size: 29089, finished: 0
[2026-04-14 00:44:36] current cache size: 29101, finished: 0
[2026-04-14 00:44:37] current cache size: 29112, finished: 0
[2026-04-14 00:44:37] current cache size: 29122, finished: 0
[INCREMENTAL] cache size: 29134, finished scales: 0/1
[GRASP DEBUG] step=2600 grav=(0,-9.81,0) | cond1(dist<0.1)=899/1024 cond2(>=2 forces>0.2)=14/1024 cond3(quat<thresh)=357/1024 all=12/1024 | ft_dist mean=0.0632 max=0.3548 | force mean=0.1030 max=41.0809
[GRASP DEBUG env0] obj_pos=[-0.18236255645751953, -0.056641578674316406, 0.6426821351051331]
[GRASP DEBUG env0]   ft0 pos=[-0.03356170654296875, 0.02836322784423828, 0.641871452331543] dist=0.1714
[GRASP DEBUG env0]   ft1 pos=[-0.12062644958496094, 0.02733898162841797, 0.6036474704742432] dist=0.1113
[GRASP DEBUG env0]   ft2 pos=[-0.07265853881835938, 0.003998756408691406, 0.5975357294082642] dist=0.1332
[GRASP DEBUG env0]   ft3 pos=[-0.08003520965576172, -0.016000747680664062, 0.6010208129882812] dist=0.1177
[GRASP DEBUG env0]   ft4 pos=[-0.06874370574951172, -0.03600120544433594, 0.5982393026351929] dist=0.1237
[2026-04-14 00:44:37] current cache size: 29134, finished: 0
[2026-04-14 00:44:37] current cache size: 29141, finished: 0
[2026-04-14 00:44:37] current cache size: 29150, finished: 0
[2026-04-14 00:44:38] current cache size: 29161, finished: 0
[2026-04-14 00:44:38] current cache size: 29167, finished: 0
[2026-04-14 00:44:38] current cache size: 29176, finished: 0
[2026-04-14 00:44:38] current cache size: 29183, finished: 0
[2026-04-14 00:44:38] current cache size: 29192, finished: 0
[2026-04-14 00:44:39] current cache size: 29204, finished: 0
[2026-04-14 00:44:39] current cache size: 29210, finished: 0
[2026-04-14 00:44:39] current cache size: 29219, finished: 0
[2026-04-14 00:44:39] current cache size: 29229, finished: 0
[2026-04-14 00:44:39] current cache size: 29238, finished: 0
[2026-04-14 00:44:40] current cache size: 29250, finished: 0
[2026-04-14 00:44:40] current cache size: 29258, finished: 0
[2026-04-14 00:44:40] current cache size: 29270, finished: 0
[2026-04-14 00:44:40] current cache size: 29284, finished: 0
[2026-04-14 00:44:40] current cache size: 29292, finished: 0
[2026-04-14 00:44:40] current cache size: 29308, finished: 0
[2026-04-14 00:44:41] current cache size: 29321, finished: 0
[2026-04-14 00:44:41] current cache size: 29333, finished: 0
[2026-04-14 00:44:41] current cache size: 29337, finished: 0
[2026-04-14 00:44:41] current cache size: 29347, finished: 0
[2026-04-14 00:44:41] current cache size: 29355, finished: 0
[2026-04-14 00:44:42] current cache size: 29368, finished: 0
[2026-04-14 00:44:42] current cache size: 29380, finished: 0
[2026-04-14 00:44:42] current cache size: 29392, finished: 0
[2026-04-14 00:44:42] current cache size: 29402, finished: 0
[2026-04-14 00:44:42] current cache size: 29410, finished: 0
[2026-04-14 00:44:43] current cache size: 29419, finished: 0
[2026-04-14 00:44:43] current cache size: 29432, finished: 0
[2026-04-14 00:44:43] current cache size: 29442, finished: 0
[2026-04-14 00:44:43] current cache size: 29455, finished: 0
[2026-04-14 00:44:43] current cache size: 29460, finished: 0
[2026-04-14 00:44:44] current cache size: 29473, finished: 0
[2026-04-14 00:44:44] current cache size: 29480, finished: 0
[2026-04-14 00:44:44] current cache size: 29490, finished: 0
[2026-04-14 00:44:44] current cache size: 29500, finished: 0
[2026-04-14 00:44:44] current cache size: 29506, finished: 0
[2026-04-14 00:44:44] current cache size: 29519, finished: 0
[2026-04-14 00:44:45] current cache size: 29523, finished: 0
[2026-04-14 00:44:45] current cache size: 29532, finished: 0
[2026-04-14 00:44:45] current cache size: 29543, finished: 0
[2026-04-14 00:44:45] current cache size: 29556, finished: 0
[2026-04-14 00:44:45] current cache size: 29568, finished: 0
[2026-04-14 00:44:46] current cache size: 29584, finished: 0
[2026-04-14 00:44:46] current cache size: 29594, finished: 0
[2026-04-14 00:44:46] current cache size: 29606, finished: 0
[2026-04-14 00:44:46] current cache size: 29619, finished: 0
[2026-04-14 00:44:46] current cache size: 29629, finished: 0
[2026-04-14 00:44:47] current cache size: 29642, finished: 0
[2026-04-14 00:44:47] current cache size: 29651, finished: 0
[2026-04-14 00:44:47] current cache size: 29661, finished: 0
[2026-04-14 00:44:47] current cache size: 29673, finished: 0
[2026-04-14 00:44:47] current cache size: 29687, finished: 0
[2026-04-14 00:44:48] current cache size: 29696, finished: 0
[2026-04-14 00:44:48] current cache size: 29708, finished: 0
[2026-04-14 00:44:48] current cache size: 29717, finished: 0
[2026-04-14 00:44:48] current cache size: 29729, finished: 0
[2026-04-14 00:44:48] current cache size: 29737, finished: 0
[2026-04-14 00:44:49] current cache size: 29751, finished: 0
[2026-04-14 00:44:49] current cache size: 29764, finished: 0
[2026-04-14 00:44:49] current cache size: 29771, finished: 0
[2026-04-14 00:44:49] current cache size: 29780, finished: 0
[2026-04-14 00:44:49] current cache size: 29793, finished: 0
[2026-04-14 00:44:50] current cache size: 29808, finished: 0
[2026-04-14 00:44:50] current cache size: 29815, finished: 0
[2026-04-14 00:44:50] current cache size: 29823, finished: 0
[2026-04-14 00:44:50] current cache size: 29836, finished: 0
[2026-04-14 00:44:50] current cache size: 29847, finished: 0
[2026-04-14 00:44:50] current cache size: 29859, finished: 0
[2026-04-14 00:44:51] current cache size: 29874, finished: 0
[2026-04-14 00:44:51] current cache size: 29879, finished: 0
[2026-04-14 00:44:51] current cache size: 29889, finished: 0
[2026-04-14 00:44:51] current cache size: 29905, finished: 0
[2026-04-14 00:44:51] current cache size: 29916, finished: 0
[2026-04-14 00:44:52] current cache size: 29923, finished: 0
[2026-04-14 00:44:52] current cache size: 29929, finished: 0
[2026-04-14 00:44:52] current cache size: 29941, finished: 0
[2026-04-14 00:44:52] current cache size: 29956, finished: 0
[2026-04-14 00:44:52] current cache size: 29967, finished: 0
[2026-04-14 00:44:53] current cache size: 29972, finished: 0
[2026-04-14 00:44:53] current cache size: 29977, finished: 0
[2026-04-14 00:44:53] current cache size: 29986, finished: 0
[2026-04-14 00:44:53] current cache size: 29999, finished: 0
[2026-04-14 00:44:53] current cache size: 30008, finished: 0
[2026-04-14 00:44:54] current cache size: 30016, finished: 0
[2026-04-14 00:44:54] current cache size: 30022, finished: 0
[2026-04-14 00:44:54] current cache size: 30031, finished: 0
[2026-04-14 00:44:54] current cache size: 30038, finished: 0
[2026-04-14 00:44:54] current cache size: 30043, finished: 0
[2026-04-14 00:44:55] current cache size: 30046, finished: 0
[2026-04-14 00:44:55] current cache size: 30054, finished: 0
[2026-04-14 00:44:55] current cache size: 30063, finished: 0
[2026-04-14 00:44:55] current cache size: 30067, finished: 0
[2026-04-14 00:44:55] current cache size: 30072, finished: 0
[2026-04-14 00:44:55] current cache size: 30081, finished: 0
[2026-04-14 00:44:56] current cache size: 30085, finished: 0
[2026-04-14 00:44:56] current cache size: 30090, finished: 0
[2026-04-14 00:44:56] current cache size: 30098, finished: 0
[2026-04-14 00:44:56] current cache size: 30106, finished: 0
[2026-04-14 00:44:56] current cache size: 30114, finished: 0
[2026-04-14 00:44:57] current cache size: 30123, finished: 0
[2026-04-14 00:44:57] current cache size: 30132, finished: 0
[2026-04-14 00:44:57] current cache size: 30142, finished: 0
[2026-04-14 00:44:57] current cache size: 30147, finished: 0
[2026-04-14 00:44:57] current cache size: 30154, finished: 0
[2026-04-14 00:44:58] current cache size: 30166, finished: 0
[2026-04-14 00:44:58] current cache size: 30173, finished: 0
[2026-04-14 00:44:58] current cache size: 30176, finished: 0
[2026-04-14 00:44:58] current cache size: 30180, finished: 0
[2026-04-14 00:44:58] current cache size: 30188, finished: 0
[2026-04-14 00:44:59] current cache size: 30196, finished: 0
[2026-04-14 00:44:59] current cache size: 30201, finished: 0
[2026-04-14 00:44:59] current cache size: 30208, finished: 0
[2026-04-14 00:44:59] current cache size: 30213, finished: 0
[2026-04-14 00:44:59] current cache size: 30217, finished: 0
[2026-04-14 00:45:00] current cache size: 30226, finished: 0
[2026-04-14 00:45:00] current cache size: 30228, finished: 0
[2026-04-14 00:45:00] current cache size: 30235, finished: 0
[2026-04-14 00:45:00] current cache size: 30246, finished: 0
[2026-04-14 00:45:00] current cache size: 30265, finished: 0
[2026-04-14 00:45:00] current cache size: 30283, finished: 0
[2026-04-14 00:45:01] current cache size: 30297, finished: 0
[2026-04-14 00:45:01] current cache size: 30313, finished: 0
[2026-04-14 00:45:01] current cache size: 30326, finished: 0
[2026-04-14 00:45:01] current cache size: 30336, finished: 0
[2026-04-14 00:45:01] current cache size: 30352, finished: 0
[2026-04-14 00:45:02] current cache size: 30370, finished: 0
[2026-04-14 00:45:02] current cache size: 30381, finished: 0
[2026-04-14 00:45:02] current cache size: 30394, finished: 0
[2026-04-14 00:45:02] current cache size: 30405, finished: 0
[2026-04-14 00:45:02] current cache size: 30427, finished: 0
[2026-04-14 00:45:03] current cache size: 30443, finished: 0
[2026-04-14 00:45:03] current cache size: 30462, finished: 0
[2026-04-14 00:45:03] current cache size: 30474, finished: 0
[2026-04-14 00:45:03] current cache size: 30496, finished: 0
[2026-04-14 00:45:03] current cache size: 30508, finished: 0
[2026-04-14 00:45:04] current cache size: 30523, finished: 0
[2026-04-14 00:45:04] current cache size: 30532, finished: 0
[2026-04-14 00:45:04] current cache size: 30549, finished: 0
[2026-04-14 00:45:04] current cache size: 30569, finished: 0
[2026-04-14 00:45:04] current cache size: 30581, finished: 0
[2026-04-14 00:45:04] current cache size: 30600, finished: 0
[2026-04-14 00:45:05] current cache size: 30619, finished: 0
[2026-04-14 00:45:05] current cache size: 30638, finished: 0
[2026-04-14 00:45:05] current cache size: 30650, finished: 0
[2026-04-14 00:45:05] current cache size: 30659, finished: 0
[2026-04-14 00:45:05] current cache size: 30677, finished: 0
[2026-04-14 00:45:06] current cache size: 30693, finished: 0
[2026-04-14 00:45:06] current cache size: 30708, finished: 0
[2026-04-14 00:45:06] current cache size: 30723, finished: 0
[2026-04-14 00:45:06] current cache size: 30745, finished: 0
[2026-04-14 00:45:06] current cache size: 30766, finished: 0
[2026-04-14 00:45:07] current cache size: 30781, finished: 0
[2026-04-14 00:45:07] current cache size: 30792, finished: 0
[2026-04-14 00:45:07] current cache size: 30811, finished: 0
[2026-04-14 00:45:07] current cache size: 30828, finished: 0
[2026-04-14 00:45:07] current cache size: 30846, finished: 0
[2026-04-14 00:45:08] current cache size: 30864, finished: 0
[2026-04-14 00:45:08] current cache size: 30879, finished: 0
[2026-04-14 00:45:08] current cache size: 30888, finished: 0
[2026-04-14 00:45:08] current cache size: 30902, finished: 0
[2026-04-14 00:45:08] current cache size: 30916, finished: 0
[2026-04-14 00:45:08] current cache size: 30923, finished: 0
[2026-04-14 00:45:09] current cache size: 30934, finished: 0
[2026-04-14 00:45:09] current cache size: 30948, finished: 0
[2026-04-14 00:45:09] current cache size: 30960, finished: 0
[2026-04-14 00:45:09] current cache size: 30970, finished: 0
[2026-04-14 00:45:09] current cache size: 30983, finished: 0
[2026-04-14 00:45:10] current cache size: 30992, finished: 0
[2026-04-14 00:45:10] current cache size: 31001, finished: 0
[2026-04-14 00:45:10] current cache size: 31009, finished: 0
[2026-04-14 00:45:10] current cache size: 31022, finished: 0
[2026-04-14 00:45:10] current cache size: 31032, finished: 0
[2026-04-14 00:45:11] current cache size: 31039, finished: 0
[2026-04-14 00:45:11] current cache size: 31052, finished: 0
[2026-04-14 00:45:11] current cache size: 31063, finished: 0
[2026-04-14 00:45:11] current cache size: 31071, finished: 0
[2026-04-14 00:45:11] current cache size: 31076, finished: 0
[2026-04-14 00:45:12] current cache size: 31085, finished: 0
[2026-04-14 00:45:12] current cache size: 31090, finished: 0
[2026-04-14 00:45:12] current cache size: 31102, finished: 0
[2026-04-14 00:45:12] current cache size: 31112, finished: 0
[2026-04-14 00:45:12] current cache size: 31121, finished: 0
[2026-04-14 00:45:12] current cache size: 31131, finished: 0
[2026-04-14 00:45:13] current cache size: 31143, finished: 0
[2026-04-14 00:45:13] current cache size: 31153, finished: 0
[2026-04-14 00:45:13] current cache size: 31158, finished: 0
[2026-04-14 00:45:13] current cache size: 31172, finished: 0
[2026-04-14 00:45:13] current cache size: 31179, finished: 0
[2026-04-14 00:45:14] current cache size: 31188, finished: 0
[2026-04-14 00:45:14] current cache size: 31195, finished: 0
[2026-04-14 00:45:14] current cache size: 31211, finished: 0
[2026-04-14 00:45:14] current cache size: 31221, finished: 0
[2026-04-14 00:45:14] current cache size: 31233, finished: 0
[2026-04-14 00:45:15] current cache size: 31244, finished: 0
[2026-04-14 00:45:15] current cache size: 31255, finished: 0
[2026-04-14 00:45:15] current cache size: 31264, finished: 0
[2026-04-14 00:45:15] current cache size: 31275, finished: 0
[INCREMENTAL] cache size: 31284, finished scales: 0/1
[GRASP DEBUG] step=2800 grav=(0,9.81,0) | cond1(dist<0.1)=920/1024 cond2(>=2 forces>0.2)=10/1024 cond3(quat<thresh)=354/1024 all=9/1024 | ft_dist mean=0.0623 max=0.2840 | force mean=0.0647 max=21.7174
[GRASP DEBUG env0] obj_pos=[-0.07328128814697266, 0.005658149719238281, 0.6322135329246521]
[GRASP DEBUG env0]   ft0 pos=[-0.028554916381835938, 0.0407257080078125, 0.6417346000671387] dist=0.0576
[GRASP DEBUG env0]   ft1 pos=[-0.11622428894042969, 0.02978515625, 0.6041589975357056] dist=0.0567
[GRASP DEBUG env0]   ft2 pos=[-0.11087512969970703, 0.003998756408691406, 0.6045114994049072] dist=0.0467
[GRASP DEBUG env0]   ft3 pos=[-0.08573341369628906, -0.016000747680664062, 0.602472722530365] dist=0.0388
[GRASP DEBUG env0]   ft4 pos=[-0.09602165222167969, -0.03600120544433594, 0.6043102145195007] dist=0.0551
[2026-04-14 00:45:15] current cache size: 31284, finished: 0
[2026-04-14 00:45:16] current cache size: 31295, finished: 0
[2026-04-14 00:45:16] current cache size: 31309, finished: 0
[2026-04-14 00:45:16] current cache size: 31321, finished: 0
[2026-04-14 00:45:16] current cache size: 31332, finished: 0
[2026-04-14 00:45:16] current cache size: 31345, finished: 0
[2026-04-14 00:45:17] current cache size: 31354, finished: 0
[2026-04-14 00:45:17] current cache size: 31369, finished: 0
[2026-04-14 00:45:17] current cache size: 31377, finished: 0
[2026-04-14 00:45:17] current cache size: 31385, finished: 0
[2026-04-14 00:45:17] current cache size: 31394, finished: 0
[2026-04-14 00:45:17] current cache size: 31408, finished: 0
[2026-04-14 00:45:18] current cache size: 31416, finished: 0
[2026-04-14 00:45:18] current cache size: 31423, finished: 0
[2026-04-14 00:45:18] current cache size: 31430, finished: 0
[2026-04-14 00:45:18] current cache size: 31437, finished: 0
[2026-04-14 00:45:18] current cache size: 31443, finished: 0
[2026-04-14 00:45:19] current cache size: 31454, finished: 0
[2026-04-14 00:45:19] current cache size: 31467, finished: 0
[2026-04-14 00:45:19] current cache size: 31476, finished: 0
[2026-04-14 00:45:19] current cache size: 31483, finished: 0
[2026-04-14 00:45:19] current cache size: 31488, finished: 0
[2026-04-14 00:45:20] current cache size: 31493, finished: 0
[2026-04-14 00:45:20] current cache size: 31505, finished: 0
[2026-04-14 00:45:20] current cache size: 31515, finished: 0
[2026-04-14 00:45:20] current cache size: 31529, finished: 0
[2026-04-14 00:45:20] current cache size: 31532, finished: 0
[2026-04-14 00:45:21] current cache size: 31543, finished: 0
[2026-04-14 00:45:21] current cache size: 31554, finished: 0
[2026-04-14 00:45:21] current cache size: 31564, finished: 0
[2026-04-14 00:45:21] current cache size: 31576, finished: 0
[2026-04-14 00:45:21] current cache size: 31588, finished: 0
[2026-04-14 00:45:21] current cache size: 31598, finished: 0
[2026-04-14 00:45:22] current cache size: 31608, finished: 0
[2026-04-14 00:45:22] current cache size: 31621, finished: 0
[2026-04-14 00:45:22] current cache size: 31635, finished: 0
[2026-04-14 00:45:22] current cache size: 31642, finished: 0
[2026-04-14 00:45:22] current cache size: 31658, finished: 0
[2026-04-14 00:45:23] current cache size: 31666, finished: 0
[2026-04-14 00:45:23] current cache size: 31676, finished: 0
[2026-04-14 00:45:23] current cache size: 31691, finished: 0
[2026-04-14 00:45:23] current cache size: 31701, finished: 0
[2026-04-14 00:45:23] current cache size: 31710, finished: 0
[2026-04-14 00:45:24] current cache size: 31715, finished: 0
[2026-04-14 00:45:24] current cache size: 31728, finished: 0
[2026-04-14 00:45:24] current cache size: 31739, finished: 0
[2026-04-14 00:45:24] current cache size: 31748, finished: 0
[2026-04-14 00:45:24] current cache size: 31760, finished: 0
[2026-04-14 00:45:25] current cache size: 31777, finished: 0
[2026-04-14 00:45:25] current cache size: 31795, finished: 0
[2026-04-14 00:45:25] current cache size: 31802, finished: 0
[2026-04-14 00:45:25] current cache size: 31817, finished: 0
[2026-04-14 00:45:25] current cache size: 31824, finished: 0
[2026-04-14 00:45:25] current cache size: 31834, finished: 0
[2026-04-14 00:45:26] current cache size: 31845, finished: 0
[2026-04-14 00:45:26] current cache size: 31860, finished: 0
[2026-04-14 00:45:26] current cache size: 31866, finished: 0
[2026-04-14 00:45:26] current cache size: 31877, finished: 0
[2026-04-14 00:45:26] current cache size: 31889, finished: 0
[2026-04-14 00:45:27] current cache size: 31898, finished: 0
[2026-04-14 00:45:27] current cache size: 31910, finished: 0
[2026-04-14 00:45:27] current cache size: 31915, finished: 0
[2026-04-14 00:45:27] current cache size: 31924, finished: 0
[2026-04-14 00:45:27] current cache size: 31932, finished: 0
[2026-04-14 00:45:28] current cache size: 31943, finished: 0
[2026-04-14 00:45:28] current cache size: 31952, finished: 0
[2026-04-14 00:45:28] current cache size: 31960, finished: 0
[2026-04-14 00:45:28] current cache size: 31971, finished: 0
[2026-04-14 00:45:28] current cache size: 31984, finished: 0
[2026-04-14 00:45:29] current cache size: 32000, finished: 0
[2026-04-14 00:45:29] current cache size: 32007, finished: 0
[2026-04-14 00:45:29] current cache size: 32020, finished: 0
[2026-04-14 00:45:29] current cache size: 32033, finished: 0
[2026-04-14 00:45:29] current cache size: 32048, finished: 0
[2026-04-14 00:45:30] current cache size: 32056, finished: 0
[2026-04-14 00:45:30] current cache size: 32075, finished: 0
[2026-04-14 00:45:30] current cache size: 32087, finished: 0
[2026-04-14 00:45:30] current cache size: 32096, finished: 0
[2026-04-14 00:45:30] current cache size: 32108, finished: 0
[2026-04-14 00:45:30] current cache size: 32116, finished: 0
[2026-04-14 00:45:31] current cache size: 32123, finished: 0
[2026-04-14 00:45:31] current cache size: 32132, finished: 0
[2026-04-14 00:45:31] current cache size: 32146, finished: 0
[2026-04-14 00:45:31] current cache size: 32156, finished: 0
[2026-04-14 00:45:31] current cache size: 32165, finished: 0
[2026-04-14 00:45:32] current cache size: 32176, finished: 0
[2026-04-14 00:45:32] current cache size: 32190, finished: 0
[2026-04-14 00:45:32] current cache size: 32199, finished: 0
[2026-04-14 00:45:32] current cache size: 32214, finished: 0
[2026-04-14 00:45:32] current cache size: 32221, finished: 0
[2026-04-14 00:45:33] current cache size: 32238, finished: 0
[2026-04-14 00:45:33] current cache size: 32247, finished: 0
[2026-04-14 00:45:33] current cache size: 32254, finished: 0
[2026-04-14 00:45:33] current cache size: 32273, finished: 0
[2026-04-14 00:45:33] current cache size: 32287, finished: 0
[2026-04-14 00:45:34] current cache size: 32303, finished: 0
[2026-04-14 00:45:34] current cache size: 32320, finished: 0
[2026-04-14 00:45:34] current cache size: 32328, finished: 0
[2026-04-14 00:45:34] current cache size: 32342, finished: 0
[2026-04-14 00:45:34] current cache size: 32354, finished: 0
[2026-04-14 00:45:34] current cache size: 32366, finished: 0
[2026-04-14 00:45:35] current cache size: 32386, finished: 0
[2026-04-14 00:45:35] current cache size: 32397, finished: 0
[2026-04-14 00:45:35] current cache size: 32415, finished: 0
[2026-04-14 00:45:35] current cache size: 32423, finished: 0
[2026-04-14 00:45:35] current cache size: 32434, finished: 0
[2026-04-14 00:45:36] current cache size: 32441, finished: 0
[2026-04-14 00:45:36] current cache size: 32450, finished: 0
[2026-04-14 00:45:36] current cache size: 32462, finished: 0
[2026-04-14 00:45:36] current cache size: 32477, finished: 0
[2026-04-14 00:45:36] current cache size: 32491, finished: 0
[2026-04-14 00:45:37] current cache size: 32495, finished: 0
[2026-04-14 00:45:37] current cache size: 32502, finished: 0
[2026-04-14 00:45:37] current cache size: 32521, finished: 0
[2026-04-14 00:45:37] current cache size: 32531, finished: 0
[2026-04-14 00:45:37] current cache size: 32538, finished: 0
[2026-04-14 00:45:38] current cache size: 32545, finished: 0
[2026-04-14 00:45:38] current cache size: 32558, finished: 0
[2026-04-14 00:45:38] current cache size: 32574, finished: 0
[2026-04-14 00:45:38] current cache size: 32591, finished: 0
[2026-04-14 00:45:38] current cache size: 32605, finished: 0
[2026-04-14 00:45:38] current cache size: 32612, finished: 0
[2026-04-14 00:45:39] current cache size: 32618, finished: 0
[2026-04-14 00:45:39] current cache size: 32625, finished: 0
[2026-04-14 00:45:39] current cache size: 32631, finished: 0
[2026-04-14 00:45:39] current cache size: 32633, finished: 0
[2026-04-14 00:45:39] current cache size: 32639, finished: 0
[2026-04-14 00:45:40] current cache size: 32652, finished: 0
[2026-04-14 00:45:40] current cache size: 32659, finished: 0
[2026-04-14 00:45:40] current cache size: 32665, finished: 0
[2026-04-14 00:45:40] current cache size: 32671, finished: 0
[2026-04-14 00:45:40] current cache size: 32680, finished: 0
[2026-04-14 00:45:41] current cache size: 32691, finished: 0
[2026-04-14 00:45:41] current cache size: 32699, finished: 0
[2026-04-14 00:45:41] current cache size: 32705, finished: 0
[2026-04-14 00:45:41] current cache size: 32720, finished: 0
[2026-04-14 00:45:41] current cache size: 32728, finished: 0
[2026-04-14 00:45:42] current cache size: 32741, finished: 0
[2026-04-14 00:45:42] current cache size: 32749, finished: 0
[2026-04-14 00:45:42] current cache size: 32756, finished: 0
[2026-04-14 00:45:42] current cache size: 32765, finished: 0
[2026-04-14 00:45:42] current cache size: 32775, finished: 0
[2026-04-14 00:45:43] current cache size: 32779, finished: 0
[2026-04-14 00:45:43] current cache size: 32785, finished: 0
[2026-04-14 00:45:43] current cache size: 32794, finished: 0
[2026-04-14 00:45:43] current cache size: 32799, finished: 0
[2026-04-14 00:45:43] current cache size: 32806, finished: 0
[2026-04-14 00:45:43] current cache size: 32813, finished: 0
[2026-04-14 00:45:44] current cache size: 32822, finished: 0
[2026-04-14 00:45:44] current cache size: 32829, finished: 0
[2026-04-14 00:45:44] current cache size: 32841, finished: 0
[2026-04-14 00:45:44] current cache size: 32848, finished: 0
[2026-04-14 00:45:44] current cache size: 32852, finished: 0
[2026-04-14 00:45:45] current cache size: 32861, finished: 0
[2026-04-14 00:45:45] current cache size: 32865, finished: 0
[2026-04-14 00:45:45] current cache size: 32873, finished: 0
[2026-04-14 00:45:45] current cache size: 32882, finished: 0
[2026-04-14 00:45:45] current cache size: 32888, finished: 0
[2026-04-14 00:45:46] current cache size: 32897, finished: 0
[2026-04-14 00:45:46] current cache size: 32901, finished: 0
[2026-04-14 00:45:46] current cache size: 32906, finished: 0
[2026-04-14 00:45:46] current cache size: 32914, finished: 0
[2026-04-14 00:45:46] current cache size: 32930, finished: 0
[2026-04-14 00:45:47] current cache size: 32947, finished: 0
[2026-04-14 00:45:47] current cache size: 32966, finished: 0
[2026-04-14 00:45:47] current cache size: 32985, finished: 0
[2026-04-14 00:45:47] current cache size: 33003, finished: 0
[2026-04-14 00:45:47] current cache size: 33014, finished: 0
[2026-04-14 00:45:48] current cache size: 33031, finished: 0
[2026-04-14 00:45:48] current cache size: 33042, finished: 0
[2026-04-14 00:45:48] current cache size: 33062, finished: 0
[2026-04-14 00:45:48] current cache size: 33081, finished: 0
[2026-04-14 00:45:48] current cache size: 33100, finished: 0
[2026-04-14 00:45:48] current cache size: 33113, finished: 0
[2026-04-14 00:45:49] current cache size: 33126, finished: 0
[2026-04-14 00:45:49] current cache size: 33146, finished: 0
[2026-04-14 00:45:49] current cache size: 33165, finished: 0
[2026-04-14 00:45:49] current cache size: 33178, finished: 0
[2026-04-14 00:45:49] current cache size: 33195, finished: 0
[2026-04-14 00:45:50] current cache size: 33212, finished: 0
[2026-04-14 00:45:50] current cache size: 33229, finished: 0
[2026-04-14 00:45:50] current cache size: 33246, finished: 0
[2026-04-14 00:45:50] current cache size: 33265, finished: 0
[2026-04-14 00:45:50] current cache size: 33282, finished: 0
[2026-04-14 00:45:51] current cache size: 33297, finished: 0
[2026-04-14 00:45:51] current cache size: 33315, finished: 0
[2026-04-14 00:45:51] current cache size: 33330, finished: 0
[2026-04-14 00:45:51] current cache size: 33349, finished: 0
[2026-04-14 00:45:51] current cache size: 33367, finished: 0
[2026-04-14 00:45:51] current cache size: 33380, finished: 0
[2026-04-14 00:45:52] current cache size: 33401, finished: 0
[2026-04-14 00:45:52] current cache size: 33416, finished: 0
[2026-04-14 00:45:52] current cache size: 33433, finished: 0
[2026-04-14 00:45:52] current cache size: 33446, finished: 0
[2026-04-14 00:45:52] current cache size: 33462, finished: 0
[2026-04-14 00:45:53] current cache size: 33477, finished: 0
[2026-04-14 00:45:53] current cache size: 33491, finished: 0
[2026-04-14 00:45:53] current cache size: 33507, finished: 0
[2026-04-14 00:45:53] current cache size: 33522, finished: 0
[2026-04-14 00:45:53] current cache size: 33531, finished: 0
[INCREMENTAL] cache size: 33543, finished scales: 0/1
[GRASP DEBUG] step=3000 grav=(0,0,-9.81) | cond1(dist<0.1)=926/1024 cond2(>=2 forces>0.2)=13/1024 cond3(quat<thresh)=389/1024 all=12/1024 | ft_dist mean=0.0614 max=0.4374 | force mean=0.1324 max=105.6994
[GRASP DEBUG env0] obj_pos=[-0.07534217834472656, -0.0030040740966796875, 0.6453997492790222]
[GRASP DEBUG env0]   ft0 pos=[-0.035048484802246094, 0.03617668151855469, 0.6418039798736572] dist=0.0563
[GRASP DEBUG env0]   ft1 pos=[-0.07837390899658203, 0.02727222442626953, 0.5997250080108643] dist=0.0549
[GRASP DEBUG env0]   ft2 pos=[-0.07814502716064453, 0.003998756408691406, 0.5994336605072021] dist=0.0466
[GRASP DEBUG env0]   ft3 pos=[-0.08506202697753906, -0.016000747680664062, 0.6023944020271301] dist=0.0460
[GRASP DEBUG env0]   ft4 pos=[-0.09508323669433594, -0.03600120544433594, 0.60427325963974] dist=0.0563
[2026-04-14 00:45:54] current cache size: 33543, finished: 0
[2026-04-14 00:45:54] current cache size: 33549, finished: 0
[2026-04-14 00:45:54] current cache size: 33556, finished: 0
[2026-04-14 00:45:54] current cache size: 33569, finished: 0
[2026-04-14 00:45:54] current cache size: 33575, finished: 0
[2026-04-14 00:45:55] current cache size: 33585, finished: 0
[2026-04-14 00:45:55] current cache size: 33595, finished: 0
[2026-04-14 00:45:55] current cache size: 33600, finished: 0
[2026-04-14 00:45:55] current cache size: 33608, finished: 0
[2026-04-14 00:45:55] current cache size: 33625, finished: 0
[2026-04-14 00:45:55] current cache size: 33640, finished: 0
[2026-04-14 00:45:56] current cache size: 33652, finished: 0
[2026-04-14 00:45:56] current cache size: 33669, finished: 0
[2026-04-14 00:45:56] current cache size: 33679, finished: 0
[2026-04-14 00:45:56] current cache size: 33691, finished: 0
[2026-04-14 00:45:56] current cache size: 33701, finished: 0
[2026-04-14 00:45:57] current cache size: 33712, finished: 0
[2026-04-14 00:45:57] current cache size: 33723, finished: 0
[2026-04-14 00:45:57] current cache size: 33731, finished: 0
[2026-04-14 00:45:57] current cache size: 33740, finished: 0
[2026-04-14 00:45:57] current cache size: 33750, finished: 0
[2026-04-14 00:45:58] current cache size: 33759, finished: 0
[2026-04-14 00:45:58] current cache size: 33774, finished: 0
[2026-04-14 00:45:58] current cache size: 33784, finished: 0
[2026-04-14 00:45:58] current cache size: 33795, finished: 0
[2026-04-14 00:45:58] current cache size: 33807, finished: 0
[2026-04-14 00:45:59] current cache size: 33820, finished: 0
[2026-04-14 00:45:59] current cache size: 33825, finished: 0
[2026-04-14 00:45:59] current cache size: 33839, finished: 0
[2026-04-14 00:45:59] current cache size: 33850, finished: 0
[2026-04-14 00:45:59] current cache size: 33858, finished: 0
[2026-04-14 00:46:00] current cache size: 33864, finished: 0
[2026-04-14 00:46:00] current cache size: 33877, finished: 0
[2026-04-14 00:46:00] current cache size: 33890, finished: 0
[2026-04-14 00:46:00] current cache size: 33902, finished: 0
[2026-04-14 00:46:00] current cache size: 33914, finished: 0
[2026-04-14 00:46:00] current cache size: 33925, finished: 0
[2026-04-14 00:46:01] current cache size: 33936, finished: 0
[2026-04-14 00:46:01] current cache size: 33950, finished: 0
[2026-04-14 00:46:01] current cache size: 33964, finished: 0
[2026-04-14 00:46:01] current cache size: 33974, finished: 0
[2026-04-14 00:46:01] current cache size: 33982, finished: 0
[2026-04-14 00:46:02] current cache size: 33993, finished: 0
[2026-04-14 00:46:02] current cache size: 34004, finished: 0
[2026-04-14 00:46:02] current cache size: 34015, finished: 0
[2026-04-14 00:46:02] current cache size: 34028, finished: 0
[2026-04-14 00:46:02] current cache size: 34035, finished: 0
[2026-04-14 00:46:03] current cache size: 34042, finished: 0
[2026-04-14 00:46:03] current cache size: 34050, finished: 0
[2026-04-14 00:46:03] current cache size: 34058, finished: 0
[2026-04-14 00:46:03] current cache size: 34073, finished: 0
[2026-04-14 00:46:03] current cache size: 34088, finished: 0
[2026-04-14 00:46:03] current cache size: 34105, finished: 0
[2026-04-14 00:46:04] current cache size: 34117, finished: 0
[2026-04-14 00:46:04] current cache size: 34126, finished: 0
[2026-04-14 00:46:04] current cache size: 34137, finished: 0
[2026-04-14 00:46:04] current cache size: 34148, finished: 0
[2026-04-14 00:46:04] current cache size: 34159, finished: 0
[2026-04-14 00:46:05] current cache size: 34169, finished: 0
[2026-04-14 00:46:05] current cache size: 34179, finished: 0
[2026-04-14 00:46:05] current cache size: 34190, finished: 0
[2026-04-14 00:46:05] current cache size: 34202, finished: 0
[2026-04-14 00:46:05] current cache size: 34211, finished: 0
[2026-04-14 00:46:06] current cache size: 34220, finished: 0
[2026-04-14 00:46:06] current cache size: 34226, finished: 0
[2026-04-14 00:46:06] current cache size: 34237, finished: 0
[2026-04-14 00:46:06] current cache size: 34244, finished: 0
[2026-04-14 00:46:06] current cache size: 34256, finished: 0
[2026-04-14 00:46:07] current cache size: 34266, finished: 0
[2026-04-14 00:46:07] current cache size: 34277, finished: 0
[2026-04-14 00:46:07] current cache size: 34287, finished: 0
[2026-04-14 00:46:07] current cache size: 34298, finished: 0
[2026-04-14 00:46:07] current cache size: 34314, finished: 0
[2026-04-14 00:46:08] current cache size: 34327, finished: 0
[2026-04-14 00:46:08] current cache size: 34337, finished: 0
[2026-04-14 00:46:08] current cache size: 34356, finished: 0
[2026-04-14 00:46:08] current cache size: 34363, finished: 0
[2026-04-14 00:46:08] current cache size: 34373, finished: 0
[2026-04-14 00:46:08] current cache size: 34383, finished: 0
[2026-04-14 00:46:09] current cache size: 34400, finished: 0
[2026-04-14 00:46:09] current cache size: 34409, finished: 0
[2026-04-14 00:46:09] current cache size: 34419, finished: 0
[2026-04-14 00:46:09] current cache size: 34434, finished: 0
[2026-04-14 00:46:09] current cache size: 34445, finished: 0
[2026-04-14 00:46:10] current cache size: 34450, finished: 0
[2026-04-14 00:46:10] current cache size: 34457, finished: 0
[2026-04-14 00:46:10] current cache size: 34462, finished: 0
[2026-04-14 00:46:10] current cache size: 34470, finished: 0
[2026-04-14 00:46:10] current cache size: 34482, finished: 0
[2026-04-14 00:46:11] current cache size: 34493, finished: 0
[2026-04-14 00:46:11] current cache size: 34502, finished: 0
[2026-04-14 00:46:11] current cache size: 34517, finished: 0
[2026-04-14 00:46:11] current cache size: 34523, finished: 0
[2026-04-14 00:46:11] current cache size: 34531, finished: 0
[2026-04-14 00:46:12] current cache size: 34534, finished: 0
[2026-04-14 00:46:12] current cache size: 34547, finished: 0
[2026-04-14 00:46:12] current cache size: 34558, finished: 0
[2026-04-14 00:46:12] current cache size: 34567, finished: 0
[2026-04-14 00:46:12] current cache size: 34578, finished: 0
[2026-04-14 00:46:12] current cache size: 34592, finished: 0
[2026-04-14 00:46:13] current cache size: 34606, finished: 0
[2026-04-14 00:46:13] current cache size: 34618, finished: 0
[2026-04-14 00:46:13] current cache size: 34630, finished: 0
[2026-04-14 00:46:13] current cache size: 34636, finished: 0
[2026-04-14 00:46:13] current cache size: 34643, finished: 0
[2026-04-14 00:46:14] current cache size: 34648, finished: 0
[2026-04-14 00:46:14] current cache size: 34658, finished: 0
[2026-04-14 00:46:14] current cache size: 34665, finished: 0
[2026-04-14 00:46:14] current cache size: 34674, finished: 0
[2026-04-14 00:46:14] current cache size: 34686, finished: 0
[2026-04-14 00:46:15] current cache size: 34700, finished: 0
[2026-04-14 00:46:15] current cache size: 34709, finished: 0
[2026-04-14 00:46:15] current cache size: 34719, finished: 0
[2026-04-14 00:46:15] current cache size: 34728, finished: 0
[2026-04-14 00:46:15] current cache size: 34741, finished: 0
[2026-04-14 00:46:16] current cache size: 34753, finished: 0
[2026-04-14 00:46:16] current cache size: 34769, finished: 0
[2026-04-14 00:46:16] current cache size: 34781, finished: 0
[2026-04-14 00:46:16] current cache size: 34788, finished: 0
[2026-04-14 00:46:16] current cache size: 34792, finished: 0
[2026-04-14 00:46:17] current cache size: 34799, finished: 0
[2026-04-14 00:46:17] current cache size: 34815, finished: 0
[2026-04-14 00:46:17] current cache size: 34825, finished: 0
[2026-04-14 00:46:17] current cache size: 34836, finished: 0
[2026-04-14 00:46:17] current cache size: 34849, finished: 0
[2026-04-14 00:46:18] current cache size: 34863, finished: 0
[2026-04-14 00:46:18] current cache size: 34876, finished: 0
[2026-04-14 00:46:18] current cache size: 34894, finished: 0
[2026-04-14 00:46:18] current cache size: 34909, finished: 0
[2026-04-14 00:46:18] current cache size: 34919, finished: 0
[2026-04-14 00:46:18] current cache size: 34928, finished: 0
[2026-04-14 00:46:19] current cache size: 34933, finished: 0
[2026-04-14 00:46:19] current cache size: 34951, finished: 0
[2026-04-14 00:46:19] current cache size: 34960, finished: 0
[2026-04-14 00:46:19] current cache size: 34984, finished: 0
[2026-04-14 00:46:19] current cache size: 34994, finished: 0
[2026-04-14 00:46:20] current cache size: 35005, finished: 0
[2026-04-14 00:46:20] current cache size: 35013, finished: 0
[2026-04-14 00:46:20] current cache size: 35030, finished: 0
[2026-04-14 00:46:20] current cache size: 35043, finished: 0
[2026-04-14 00:46:20] current cache size: 35052, finished: 0
[2026-04-14 00:46:21] current cache size: 35061, finished: 0
[2026-04-14 00:46:21] current cache size: 35069, finished: 0
[2026-04-14 00:46:21] current cache size: 35088, finished: 0
[2026-04-14 00:46:21] current cache size: 35098, finished: 0
[2026-04-14 00:46:21] current cache size: 35107, finished: 0
[2026-04-14 00:46:22] current cache size: 35114, finished: 0
[2026-04-14 00:46:22] current cache size: 35125, finished: 0
[2026-04-14 00:46:22] current cache size: 35135, finished: 0
[2026-04-14 00:46:22] current cache size: 35149, finished: 0
[2026-04-14 00:46:22] current cache size: 35161, finished: 0
[2026-04-14 00:46:23] current cache size: 35176, finished: 0
[2026-04-14 00:46:23] current cache size: 35190, finished: 0
[2026-04-14 00:46:23] current cache size: 35199, finished: 0
[2026-04-14 00:46:23] current cache size: 35204, finished: 0
[2026-04-14 00:46:23] current cache size: 35217, finished: 0
[2026-04-14 00:46:24] current cache size: 35226, finished: 0
[2026-04-14 00:46:24] current cache size: 35239, finished: 0
[2026-04-14 00:46:24] current cache size: 35247, finished: 0
[2026-04-14 00:46:24] current cache size: 35262, finished: 0
[2026-04-14 00:46:24] current cache size: 35276, finished: 0
[2026-04-14 00:46:24] current cache size: 35290, finished: 0
[2026-04-14 00:46:25] current cache size: 35301, finished: 0
[2026-04-14 00:46:25] current cache size: 35307, finished: 0
[2026-04-14 00:46:25] current cache size: 35319, finished: 0
[2026-04-14 00:46:25] current cache size: 35330, finished: 0
[2026-04-14 00:46:25] current cache size: 35333, finished: 0
[2026-04-14 00:46:26] current cache size: 35338, finished: 0
[2026-04-14 00:46:26] current cache size: 35343, finished: 0
[2026-04-14 00:46:26] current cache size: 35351, finished: 0
[2026-04-14 00:46:26] current cache size: 35356, finished: 0
[2026-04-14 00:46:26] current cache size: 35365, finished: 0
[2026-04-14 00:46:27] current cache size: 35368, finished: 0
[2026-04-14 00:46:27] current cache size: 35375, finished: 0
[2026-04-14 00:46:27] current cache size: 35388, finished: 0
[2026-04-14 00:46:27] current cache size: 35391, finished: 0
[2026-04-14 00:46:27] current cache size: 35397, finished: 0
[2026-04-14 00:46:28] current cache size: 35403, finished: 0
[2026-04-14 00:46:28] current cache size: 35407, finished: 0
[2026-04-14 00:46:28] current cache size: 35416, finished: 0
[2026-04-14 00:46:28] current cache size: 35422, finished: 0
[2026-04-14 00:46:28] current cache size: 35428, finished: 0
[2026-04-14 00:46:29] current cache size: 35435, finished: 0
[2026-04-14 00:46:29] current cache size: 35445, finished: 0
[2026-04-14 00:46:29] current cache size: 35457, finished: 0
[2026-04-14 00:46:29] current cache size: 35467, finished: 0
[2026-04-14 00:46:29] current cache size: 35472, finished: 0
[2026-04-14 00:46:29] current cache size: 35479, finished: 0
[2026-04-14 00:46:30] current cache size: 35486, finished: 0
[2026-04-14 00:46:30] current cache size: 35493, finished: 0
[2026-04-14 00:46:30] current cache size: 35503, finished: 0
[2026-04-14 00:46:30] current cache size: 35507, finished: 0
[2026-04-14 00:46:30] current cache size: 35512, finished: 0
[2026-04-14 00:46:31] current cache size: 35517, finished: 0
[2026-04-14 00:46:31] current cache size: 35525, finished: 0
[2026-04-14 00:46:31] current cache size: 35528, finished: 0
[2026-04-14 00:46:31] current cache size: 35542, finished: 0
[2026-04-14 00:46:31] current cache size: 35550, finished: 0
[2026-04-14 00:46:32] current cache size: 35560, finished: 0
[2026-04-14 00:46:32] current cache size: 35566, finished: 0
[INCREMENTAL] cache size: 35570, finished scales: 0/1
[GRASP DEBUG] step=3200 grav=(0,0,9.81) | cond1(dist<0.1)=906/1024 cond2(>=2 forces>0.2)=4/1024 cond3(quat<thresh)=353/1024 all=4/1024 | ft_dist mean=0.0636 max=0.2648 | force mean=0.0598 max=14.2993
[GRASP DEBUG env0] obj_pos=[-0.08854007720947266, -0.0012683868408203125, 0.6555876135826111]
[GRASP DEBUG env0]   ft0 pos=[-0.028998374938964844, 0.031524658203125, 0.6414762735366821] dist=0.0694
[GRASP DEBUG env0]   ft1 pos=[-0.1058197021484375, 0.02528858184814453, 0.6045055985450745] dist=0.0601
[GRASP DEBUG env0]   ft2 pos=[-0.08071041107177734, 0.003998756408691406, 0.6000815629959106] dist=0.0563
[GRASP DEBUG env0]   ft3 pos=[-0.07702255249023438, -0.016000747680664062, 0.5997788906097412] dist=0.0589
[GRASP DEBUG env0]   ft4 pos=[-0.08826828002929688, -0.03600120544433594, 0.6034736037254333] dist=0.0626
[2026-04-14 00:46:32] current cache size: 35570, finished: 0
[2026-04-14 00:46:32] current cache size: 35590, finished: 0
[2026-04-14 00:46:32] current cache size: 35608, finished: 0
[2026-04-14 00:46:33] current cache size: 35625, finished: 0
[2026-04-14 00:46:33] current cache size: 35652, finished: 0
[2026-04-14 00:46:33] current cache size: 35666, finished: 0
[2026-04-14 00:46:33] current cache size: 35681, finished: 0
[2026-04-14 00:46:33] current cache size: 35694, finished: 0
[2026-04-14 00:46:34] current cache size: 35715, finished: 0
[2026-04-14 00:46:34] current cache size: 35734, finished: 0
[2026-04-14 00:46:34] current cache size: 35752, finished: 0
[2026-04-14 00:46:34] current cache size: 35770, finished: 0
[2026-04-14 00:46:34] current cache size: 35785, finished: 0
[2026-04-14 00:46:34] current cache size: 35798, finished: 0
[2026-04-14 00:46:35] current cache size: 35822, finished: 0
[2026-04-14 00:46:35] current cache size: 35832, finished: 0
[2026-04-14 00:46:35] current cache size: 35843, finished: 0
[2026-04-14 00:46:35] current cache size: 35857, finished: 0
[2026-04-14 00:46:35] current cache size: 35872, finished: 0
[2026-04-14 00:46:36] current cache size: 35887, finished: 0
[2026-04-14 00:46:36] current cache size: 35901, finished: 0
[2026-04-14 00:46:36] current cache size: 35919, finished: 0
[2026-04-14 00:46:36] current cache size: 35937, finished: 0
[2026-04-14 00:46:36] current cache size: 35947, finished: 0
[2026-04-14 00:46:37] current cache size: 35965, finished: 0
[2026-04-14 00:46:37] current cache size: 35983, finished: 0
[2026-04-14 00:46:37] current cache size: 36001, finished: 0
[2026-04-14 00:46:37] current cache size: 36016, finished: 0
[2026-04-14 00:46:37] current cache size: 36034, finished: 0
[2026-04-14 00:46:38] current cache size: 36045, finished: 0
[2026-04-14 00:46:38] current cache size: 36060, finished: 0
[2026-04-14 00:46:38] current cache size: 36074, finished: 0
[2026-04-14 00:46:38] current cache size: 36090, finished: 0
[2026-04-14 00:46:38] current cache size: 36117, finished: 0
[2026-04-14 00:46:38] current cache size: 36138, finished: 0
[2026-04-14 00:46:39] current cache size: 36151, finished: 0
[2026-04-14 00:46:39] current cache size: 36175, finished: 0
[2026-04-14 00:46:39] current cache size: 36192, finished: 0
[2026-04-14 00:46:39] current cache size: 36208, finished: 0
[2026-04-14 00:46:39] current cache size: 36219, finished: 0
[2026-04-14 00:46:40] current cache size: 36245, finished: 0
[2026-04-14 00:46:40] current cache size: 36254, finished: 0
[2026-04-14 00:46:40] current cache size: 36264, finished: 0
[2026-04-14 00:46:40] current cache size: 36276, finished: 0
[2026-04-14 00:46:40] current cache size: 36288, finished: 0
[2026-04-14 00:46:41] current cache size: 36301, finished: 0
[2026-04-14 00:46:41] current cache size: 36312, finished: 0
[2026-04-14 00:46:41] current cache size: 36325, finished: 0
[2026-04-14 00:46:41] current cache size: 36341, finished: 0
[2026-04-14 00:46:41] current cache size: 36347, finished: 0
[2026-04-14 00:46:42] current cache size: 36355, finished: 0
[2026-04-14 00:46:42] current cache size: 36365, finished: 0
[2026-04-14 00:46:42] current cache size: 36373, finished: 0
[2026-04-14 00:46:42] current cache size: 36384, finished: 0
[2026-04-14 00:46:42] current cache size: 36395, finished: 0
[2026-04-14 00:46:42] current cache size: 36403, finished: 0
[2026-04-14 00:46:43] current cache size: 36412, finished: 0
[2026-04-14 00:46:43] current cache size: 36423, finished: 0
[2026-04-14 00:46:43] current cache size: 36434, finished: 0
[2026-04-14 00:46:43] current cache size: 36445, finished: 0
[2026-04-14 00:46:43] current cache size: 36453, finished: 0
[2026-04-14 00:46:44] current cache size: 36458, finished: 0
[2026-04-14 00:46:44] current cache size: 36466, finished: 0
[2026-04-14 00:46:44] current cache size: 36476, finished: 0
[2026-04-14 00:46:44] current cache size: 36486, finished: 0
[2026-04-14 00:46:44] current cache size: 36494, finished: 0
[2026-04-14 00:46:45] current cache size: 36507, finished: 0
[2026-04-14 00:46:45] current cache size: 36513, finished: 0
[2026-04-14 00:46:45] current cache size: 36526, finished: 0
[2026-04-14 00:46:45] current cache size: 36538, finished: 0
[2026-04-14 00:46:45] current cache size: 36552, finished: 0
[2026-04-14 00:46:46] current cache size: 36558, finished: 0
[2026-04-14 00:46:46] current cache size: 36577, finished: 0
[2026-04-14 00:46:46] current cache size: 36583, finished: 0
[2026-04-14 00:46:46] current cache size: 36594, finished: 0
[2026-04-14 00:46:46] current cache size: 36612, finished: 0
[2026-04-14 00:46:46] current cache size: 36619, finished: 0
[2026-04-14 00:46:47] current cache size: 36632, finished: 0
[2026-04-14 00:46:47] current cache size: 36643, finished: 0
[2026-04-14 00:46:47] current cache size: 36654, finished: 0
[2026-04-14 00:46:47] current cache size: 36668, finished: 0
[2026-04-14 00:46:47] current cache size: 36678, finished: 0
[2026-04-14 00:46:48] current cache size: 36695, finished: 0
[2026-04-14 00:46:48] current cache size: 36709, finished: 0
[2026-04-14 00:46:48] current cache size: 36717, finished: 0
[2026-04-14 00:46:48] current cache size: 36728, finished: 0
[2026-04-14 00:46:48] current cache size: 36736, finished: 0
[2026-04-14 00:46:49] current cache size: 36754, finished: 0
[2026-04-14 00:46:49] current cache size: 36762, finished: 0
[2026-04-14 00:46:49] current cache size: 36773, finished: 0
[2026-04-14 00:46:49] current cache size: 36783, finished: 0
[2026-04-14 00:46:49] current cache size: 36796, finished: 0
[2026-04-14 00:46:50] current cache size: 36810, finished: 0
[2026-04-14 00:46:50] current cache size: 36822, finished: 0
[2026-04-14 00:46:50] current cache size: 36838, finished: 0
[2026-04-14 00:46:50] current cache size: 36849, finished: 0
[2026-04-14 00:46:50] current cache size: 36861, finished: 0
[2026-04-14 00:46:51] current cache size: 36866, finished: 0
[2026-04-14 00:46:51] current cache size: 36875, finished: 0
[2026-04-14 00:46:51] current cache size: 36882, finished: 0
[2026-04-14 00:46:51] current cache size: 36893, finished: 0
[2026-04-14 00:46:51] current cache size: 36910, finished: 0
[2026-04-14 00:46:51] current cache size: 36915, finished: 0
[2026-04-14 00:46:52] current cache size: 36921, finished: 0
[2026-04-14 00:46:52] current cache size: 36927, finished: 0
[2026-04-14 00:46:52] current cache size: 36938, finished: 0
[2026-04-14 00:46:52] current cache size: 36956, finished: 0
[2026-04-14 00:46:52] current cache size: 36964, finished: 0
[2026-04-14 00:46:53] current cache size: 36976, finished: 0
[2026-04-14 00:46:53] current cache size: 36988, finished: 0
[2026-04-14 00:46:53] current cache size: 37004, finished: 0
[2026-04-14 00:46:53] current cache size: 37015, finished: 0
[2026-04-14 00:46:53] current cache size: 37026, finished: 0
[2026-04-14 00:46:54] current cache size: 37040, finished: 0
[2026-04-14 00:46:54] current cache size: 37053, finished: 0
[2026-04-14 00:46:54] current cache size: 37060, finished: 0
[2026-04-14 00:46:54] current cache size: 37070, finished: 0
[2026-04-14 00:46:54] current cache size: 37085, finished: 0
[2026-04-14 00:46:55] current cache size: 37100, finished: 0
[2026-04-14 00:46:55] current cache size: 37111, finished: 0
[2026-04-14 00:46:55] current cache size: 37125, finished: 0
[2026-04-14 00:46:55] current cache size: 37137, finished: 0
[2026-04-14 00:46:55] current cache size: 37147, finished: 0
[2026-04-14 00:46:56] current cache size: 37157, finished: 0
[2026-04-14 00:46:56] current cache size: 37171, finished: 0
[2026-04-14 00:46:56] current cache size: 37180, finished: 0
[2026-04-14 00:46:56] current cache size: 37188, finished: 0
[2026-04-14 00:46:56] current cache size: 37198, finished: 0
[2026-04-14 00:46:56] current cache size: 37212, finished: 0
[2026-04-14 00:46:57] current cache size: 37221, finished: 0
[2026-04-14 00:46:57] current cache size: 37231, finished: 0
[2026-04-14 00:46:57] current cache size: 37236, finished: 0
[2026-04-14 00:46:57] current cache size: 37244, finished: 0
[2026-04-14 00:46:57] current cache size: 37252, finished: 0
[2026-04-14 00:46:58] current cache size: 37263, finished: 0
[2026-04-14 00:46:58] current cache size: 37267, finished: 0
[2026-04-14 00:46:58] current cache size: 37273, finished: 0
[2026-04-14 00:46:58] current cache size: 37281, finished: 0
[2026-04-14 00:46:58] current cache size: 37292, finished: 0
[2026-04-14 00:46:59] current cache size: 37303, finished: 0
[2026-04-14 00:46:59] current cache size: 37315, finished: 0
[2026-04-14 00:46:59] current cache size: 37323, finished: 0
[2026-04-14 00:46:59] current cache size: 37334, finished: 0
[2026-04-14 00:46:59] current cache size: 37347, finished: 0
[2026-04-14 00:47:00] current cache size: 37357, finished: 0
[2026-04-14 00:47:00] current cache size: 37370, finished: 0
[2026-04-14 00:47:00] current cache size: 37386, finished: 0
[2026-04-14 00:47:00] current cache size: 37396, finished: 0
[2026-04-14 00:47:00] current cache size: 37408, finished: 0
[2026-04-14 00:47:01] current cache size: 37421, finished: 0
[2026-04-14 00:47:01] current cache size: 37435, finished: 0
[2026-04-14 00:47:01] current cache size: 37444, finished: 0
[2026-04-14 00:47:01] current cache size: 37453, finished: 0
[2026-04-14 00:47:01] current cache size: 37461, finished: 0
[2026-04-14 00:47:01] current cache size: 37471, finished: 0
[2026-04-14 00:47:02] current cache size: 37475, finished: 0
[2026-04-14 00:47:02] current cache size: 37486, finished: 0
[2026-04-14 00:47:02] current cache size: 37494, finished: 0
[2026-04-14 00:47:02] current cache size: 37502, finished: 0
[2026-04-14 00:47:02] current cache size: 37512, finished: 0
[2026-04-14 00:47:03] current cache size: 37522, finished: 0
[2026-04-14 00:47:03] current cache size: 37528, finished: 0
[2026-04-14 00:47:03] current cache size: 37544, finished: 0
[2026-04-14 00:47:03] current cache size: 37558, finished: 0
[2026-04-14 00:47:03] current cache size: 37578, finished: 0
[2026-04-14 00:47:04] current cache size: 37587, finished: 0
[2026-04-14 00:47:04] current cache size: 37598, finished: 0
[2026-04-14 00:47:04] current cache size: 37613, finished: 0
[2026-04-14 00:47:04] current cache size: 37628, finished: 0
[2026-04-14 00:47:04] current cache size: 37643, finished: 0
[2026-04-14 00:47:05] current cache size: 37653, finished: 0
[2026-04-14 00:47:05] current cache size: 37666, finished: 0
[2026-04-14 00:47:05] current cache size: 37681, finished: 0
[2026-04-14 00:47:05] current cache size: 37692, finished: 0
[2026-04-14 00:47:05] current cache size: 37701, finished: 0
[2026-04-14 00:47:05] current cache size: 37712, finished: 0
[2026-04-14 00:47:06] current cache size: 37718, finished: 0
[2026-04-14 00:47:06] current cache size: 37730, finished: 0
[2026-04-14 00:47:06] current cache size: 37740, finished: 0
[2026-04-14 00:47:06] current cache size: 37753, finished: 0
[2026-04-14 00:47:06] current cache size: 37762, finished: 0
[2026-04-14 00:47:07] current cache size: 37784, finished: 0
[2026-04-14 00:47:07] current cache size: 37797, finished: 0
[2026-04-14 00:47:07] current cache size: 37812, finished: 0
[2026-04-14 00:47:07] current cache size: 37830, finished: 0
[2026-04-14 00:47:07] current cache size: 37839, finished: 0
[2026-04-14 00:47:08] current cache size: 37849, finished: 0
[2026-04-14 00:47:08] current cache size: 37861, finished: 0
[2026-04-14 00:47:08] current cache size: 37873, finished: 0
[2026-04-14 00:47:08] current cache size: 37881, finished: 0
[2026-04-14 00:47:08] current cache size: 37893, finished: 0
[2026-04-14 00:47:09] current cache size: 37900, finished: 0
[2026-04-14 00:47:09] current cache size: 37916, finished: 0
[2026-04-14 00:47:09] current cache size: 37925, finished: 0
[2026-04-14 00:47:09] current cache size: 37935, finished: 0
[2026-04-14 00:47:09] current cache size: 37944, finished: 0
[2026-04-14 00:47:09] current cache size: 37958, finished: 0
[2026-04-14 00:47:10] current cache size: 37973, finished: 0
[2026-04-14 00:47:10] current cache size: 37984, finished: 0
[2026-04-14 00:47:10] current cache size: 37996, finished: 0
[INCREMENTAL] cache size: 38013, finished scales: 0/1
[GRASP DEBUG] step=3400 grav=(-9.81,0,0) | cond1(dist<0.1)=901/1024 cond2(>=2 forces>0.2)=17/1024 cond3(quat<thresh)=385/1024 all=17/1024 | ft_dist mean=0.0637 max=0.4680 | force mean=0.0921 max=23.7301
[GRASP DEBUG env0] obj_pos=[-0.06701469421386719, -0.01776123046875, 0.644263744354248]
[GRASP DEBUG env0]   ft0 pos=[-0.025989532470703125, 0.026674270629882812, 0.642647922039032] dist=0.0605
[GRASP DEBUG env0]   ft1 pos=[-0.09435558319091797, 0.026699066162109375, 0.6034592986106873] dist=0.0663
[GRASP DEBUG env0]   ft2 pos=[-0.09167861938476562, 0.003998756408691406, 0.6031405925750732] dist=0.0527
[GRASP DEBUG env0]   ft3 pos=[-0.1045846939086914, -0.016000747680664062, 0.6045464277267456] dist=0.0547
[GRASP DEBUG env0]   ft4 pos=[-0.07640838623046875, -0.03600120544433594, 0.600872814655304] dist=0.0480
[2026-04-14 00:47:10] current cache size: 38013, finished: 0
[2026-04-14 00:47:10] current cache size: 38024, finished: 0
[2026-04-14 00:47:11] current cache size: 38037, finished: 0
[2026-04-14 00:47:11] current cache size: 38043, finished: 0
[2026-04-14 00:47:11] current cache size: 38052, finished: 0
[2026-04-14 00:47:11] current cache size: 38058, finished: 0
[2026-04-14 00:47:11] current cache size: 38066, finished: 0
[2026-04-14 00:47:12] current cache size: 38077, finished: 0
[2026-04-14 00:47:12] current cache size: 38091, finished: 0
[2026-04-14 00:47:12] current cache size: 38093, finished: 0
[2026-04-14 00:47:12] current cache size: 38099, finished: 0
[2026-04-14 00:47:12] current cache size: 38108, finished: 0
[2026-04-14 00:47:13] current cache size: 38116, finished: 0
[2026-04-14 00:47:13] current cache size: 38123, finished: 0
[2026-04-14 00:47:13] current cache size: 38131, finished: 0
[2026-04-14 00:47:13] current cache size: 38139, finished: 0
[2026-04-14 00:47:13] current cache size: 38147, finished: 0
[2026-04-14 00:47:14] current cache size: 38155, finished: 0
[2026-04-14 00:47:14] current cache size: 38167, finished: 0
[2026-04-14 00:47:14] current cache size: 38170, finished: 0
[2026-04-14 00:47:14] current cache size: 38177, finished: 0
[2026-04-14 00:47:14] current cache size: 38182, finished: 0
[2026-04-14 00:47:14] current cache size: 38191, finished: 0
[2026-04-14 00:47:15] current cache size: 38196, finished: 0
[2026-04-14 00:47:15] current cache size: 38206, finished: 0
[2026-04-14 00:47:15] current cache size: 38218, finished: 0
[2026-04-14 00:47:15] current cache size: 38226, finished: 0
[2026-04-14 00:47:15] current cache size: 38237, finished: 0
[2026-04-14 00:47:16] current cache size: 38245, finished: 0
[2026-04-14 00:47:16] current cache size: 38251, finished: 0
[2026-04-14 00:47:16] current cache size: 38263, finished: 0
[2026-04-14 00:47:16] current cache size: 38269, finished: 0
[2026-04-14 00:47:16] current cache size: 38280, finished: 0
[2026-04-14 00:47:17] current cache size: 38286, finished: 0
[2026-04-14 00:47:17] current cache size: 38291, finished: 0
[2026-04-14 00:47:17] current cache size: 38295, finished: 0
[2026-04-14 00:47:17] current cache size: 38298, finished: 0
[2026-04-14 00:47:17] current cache size: 38305, finished: 0
[2026-04-14 00:47:18] current cache size: 38313, finished: 0
[2026-04-14 00:47:18] current cache size: 38321, finished: 0
[2026-04-14 00:47:18] current cache size: 38325, finished: 0
[2026-04-14 00:47:18] current cache size: 38344, finished: 0
[2026-04-14 00:47:18] current cache size: 38367, finished: 0
[2026-04-14 00:47:18] current cache size: 38387, finished: 0
[2026-04-14 00:47:19] current cache size: 38400, finished: 0
[2026-04-14 00:47:19] current cache size: 38419, finished: 0
[2026-04-14 00:47:19] current cache size: 38433, finished: 0
[2026-04-14 00:47:19] current cache size: 38451, finished: 0
[2026-04-14 00:47:19] current cache size: 38462, finished: 0
[2026-04-14 00:47:20] current cache size: 38479, finished: 0
[2026-04-14 00:47:20] current cache size: 38499, finished: 0
[2026-04-14 00:47:20] current cache size: 38519, finished: 0
[2026-04-14 00:47:20] current cache size: 38541, finished: 0
[2026-04-14 00:47:20] current cache size: 38561, finished: 0
[2026-04-14 00:47:21] current cache size: 38575, finished: 0
[2026-04-14 00:47:21] current cache size: 38586, finished: 0
[2026-04-14 00:47:21] current cache size: 38599, finished: 0
[2026-04-14 00:47:21] current cache size: 38613, finished: 0
[2026-04-14 00:47:21] current cache size: 38637, finished: 0
[2026-04-14 00:47:22] current cache size: 38653, finished: 0
[2026-04-14 00:47:22] current cache size: 38669, finished: 0
[2026-04-14 00:47:22] current cache size: 38689, finished: 0
[2026-04-14 00:47:22] current cache size: 38703, finished: 0
[2026-04-14 00:47:22] current cache size: 38716, finished: 0
[2026-04-14 00:47:22] current cache size: 38730, finished: 0
[2026-04-14 00:47:23] current cache size: 38751, finished: 0
[2026-04-14 00:47:23] current cache size: 38769, finished: 0
[2026-04-14 00:47:23] current cache size: 38788, finished: 0
[2026-04-14 00:47:23] current cache size: 38798, finished: 0
[2026-04-14 00:47:23] current cache size: 38815, finished: 0
[2026-04-14 00:47:24] current cache size: 38827, finished: 0
[2026-04-14 00:47:24] current cache size: 38842, finished: 0
[2026-04-14 00:47:24] current cache size: 38862, finished: 0
[2026-04-14 00:47:24] current cache size: 38878, finished: 0
[2026-04-14 00:47:24] current cache size: 38890, finished: 0
[2026-04-14 00:47:25] current cache size: 38910, finished: 0
[2026-04-14 00:47:25] current cache size: 38930, finished: 0
[2026-04-14 00:47:25] current cache size: 38948, finished: 0
[2026-04-14 00:47:25] current cache size: 38962, finished: 0
[2026-04-14 00:47:25] current cache size: 38978, finished: 0
[2026-04-14 00:47:26] current cache size: 38990, finished: 0
[2026-04-14 00:47:26] current cache size: 39000, finished: 0
[2026-04-14 00:47:26] current cache size: 39013, finished: 0
[2026-04-14 00:47:26] current cache size: 39032, finished: 0
[2026-04-14 00:47:26] current cache size: 39044, finished: 0
[2026-04-14 00:47:26] current cache size: 39049, finished: 0
[2026-04-14 00:47:27] current cache size: 39059, finished: 0
[2026-04-14 00:47:27] current cache size: 39068, finished: 0
[2026-04-14 00:47:27] current cache size: 39077, finished: 0
[2026-04-14 00:47:27] current cache size: 39089, finished: 0
[2026-04-14 00:47:27] current cache size: 39098, finished: 0
[2026-04-14 00:47:28] current cache size: 39112, finished: 0
[2026-04-14 00:47:28] current cache size: 39127, finished: 0
[2026-04-14 00:47:28] current cache size: 39139, finished: 0
[2026-04-14 00:47:28] current cache size: 39150, finished: 0
[2026-04-14 00:47:28] current cache size: 39156, finished: 0
[2026-04-14 00:47:29] current cache size: 39164, finished: 0
[2026-04-14 00:47:29] current cache size: 39175, finished: 0
[2026-04-14 00:47:29] current cache size: 39187, finished: 0
[2026-04-14 00:47:29] current cache size: 39197, finished: 0
[2026-04-14 00:47:29] current cache size: 39211, finished: 0
[2026-04-14 00:47:30] current cache size: 39220, finished: 0
[2026-04-14 00:47:30] current cache size: 39230, finished: 0
[2026-04-14 00:47:30] current cache size: 39240, finished: 0
[2026-04-14 00:47:30] current cache size: 39253, finished: 0
[2026-04-14 00:47:30] current cache size: 39261, finished: 0
[2026-04-14 00:47:31] current cache size: 39271, finished: 0
[2026-04-14 00:47:31] current cache size: 39280, finished: 0
[2026-04-14 00:47:31] current cache size: 39287, finished: 0
[2026-04-14 00:47:31] current cache size: 39293, finished: 0
[2026-04-14 00:47:31] current cache size: 39300, finished: 0
[2026-04-14 00:47:32] current cache size: 39306, finished: 0
[2026-04-14 00:47:32] current cache size: 39319, finished: 0
[2026-04-14 00:47:32] current cache size: 39327, finished: 0
[2026-04-14 00:47:32] current cache size: 39337, finished: 0
[2026-04-14 00:47:32] current cache size: 39346, finished: 0
[2026-04-14 00:47:32] current cache size: 39355, finished: 0
[2026-04-14 00:47:33] current cache size: 39372, finished: 0
[2026-04-14 00:47:33] current cache size: 39383, finished: 0
[2026-04-14 00:47:33] current cache size: 39394, finished: 0
[2026-04-14 00:47:33] current cache size: 39409, finished: 0
[2026-04-14 00:47:33] current cache size: 39418, finished: 0
[2026-04-14 00:47:34] current cache size: 39426, finished: 0
[2026-04-14 00:47:34] current cache size: 39436, finished: 0
[2026-04-14 00:47:34] current cache size: 39446, finished: 0
[2026-04-14 00:47:34] current cache size: 39463, finished: 0
[2026-04-14 00:47:34] current cache size: 39472, finished: 0
[2026-04-14 00:47:35] current cache size: 39482, finished: 0
[2026-04-14 00:47:35] current cache size: 39494, finished: 0
[2026-04-14 00:47:35] current cache size: 39504, finished: 0
[2026-04-14 00:47:35] current cache size: 39513, finished: 0
[2026-04-14 00:47:35] current cache size: 39524, finished: 0
[2026-04-14 00:47:35] current cache size: 39537, finished: 0
[2026-04-14 00:47:36] current cache size: 39550, finished: 0
[2026-04-14 00:47:36] current cache size: 39564, finished: 0
[2026-04-14 00:47:36] current cache size: 39585, finished: 0
[2026-04-14 00:47:36] current cache size: 39597, finished: 0
[2026-04-14 00:47:36] current cache size: 39606, finished: 0
[2026-04-14 00:47:37] current cache size: 39612, finished: 0
[2026-04-14 00:47:37] current cache size: 39634, finished: 0
[2026-04-14 00:47:37] current cache size: 39645, finished: 0
[2026-04-14 00:47:37] current cache size: 39653, finished: 0
[2026-04-14 00:47:37] current cache size: 39664, finished: 0
[2026-04-14 00:47:38] current cache size: 39673, finished: 0
[2026-04-14 00:47:38] current cache size: 39690, finished: 0
[2026-04-14 00:47:38] current cache size: 39698, finished: 0
[2026-04-14 00:47:38] current cache size: 39705, finished: 0
[2026-04-14 00:47:38] current cache size: 39716, finished: 0
[2026-04-14 00:47:39] current cache size: 39730, finished: 0
[2026-04-14 00:47:39] current cache size: 39737, finished: 0
[2026-04-14 00:47:39] current cache size: 39746, finished: 0
[2026-04-14 00:47:39] current cache size: 39757, finished: 0
[2026-04-14 00:47:39] current cache size: 39768, finished: 0
[2026-04-14 00:47:40] current cache size: 39779, finished: 0
[2026-04-14 00:47:40] current cache size: 39785, finished: 0
[2026-04-14 00:47:40] current cache size: 39798, finished: 0
[2026-04-14 00:47:40] current cache size: 39813, finished: 0
[2026-04-14 00:47:40] current cache size: 39821, finished: 0
[2026-04-14 00:47:41] current cache size: 39829, finished: 0
[2026-04-14 00:47:41] current cache size: 39840, finished: 0
[2026-04-14 00:47:41] current cache size: 39848, finished: 0
[2026-04-14 00:47:41] current cache size: 39855, finished: 0
[2026-04-14 00:47:41] current cache size: 39872, finished: 0
[2026-04-14 00:47:41] current cache size: 39882, finished: 0
[2026-04-14 00:47:42] current cache size: 39891, finished: 0
[2026-04-14 00:47:42] current cache size: 39901, finished: 0
[2026-04-14 00:47:42] current cache size: 39909, finished: 0
[2026-04-14 00:47:42] current cache size: 39917, finished: 0
[2026-04-14 00:47:42] current cache size: 39931, finished: 0
[2026-04-14 00:47:43] current cache size: 39943, finished: 0
[2026-04-14 00:47:43] current cache size: 39951, finished: 0
[2026-04-14 00:47:43] current cache size: 39964, finished: 0
[2026-04-14 00:47:43] current cache size: 39971, finished: 0
[2026-04-14 00:47:43] current cache size: 39975, finished: 0
[2026-04-14 00:47:44] current cache size: 39987, finished: 0
[2026-04-14 00:47:44] current cache size: 39991, finished: 0
[2026-04-14 00:47:44] current cache size: 40005, finished: 0
[2026-04-14 00:47:44] current cache size: 40011, finished: 0
[2026-04-14 00:47:44] current cache size: 40023, finished: 0
[2026-04-14 00:47:45] current cache size: 40032, finished: 0
[2026-04-14 00:47:45] current cache size: 40046, finished: 0
[2026-04-14 00:47:45] current cache size: 40058, finished: 0
[2026-04-14 00:47:45] current cache size: 40067, finished: 0
[2026-04-14 00:47:45] current cache size: 40073, finished: 0
[2026-04-14 00:47:45] current cache size: 40085, finished: 0
[2026-04-14 00:47:46] current cache size: 40096, finished: 0
[2026-04-14 00:47:46] current cache size: 40106, finished: 0
[2026-04-14 00:47:46] current cache size: 40117, finished: 0
[2026-04-14 00:47:46] current cache size: 40130, finished: 0
[2026-04-14 00:47:46] current cache size: 40142, finished: 0
[2026-04-14 00:47:47] current cache size: 40150, finished: 0
[2026-04-14 00:47:47] current cache size: 40158, finished: 0
[2026-04-14 00:47:47] current cache size: 40171, finished: 0
[2026-04-14 00:47:47] current cache size: 40184, finished: 0
[2026-04-14 00:47:47] current cache size: 40190, finished: 0
[2026-04-14 00:47:48] current cache size: 40201, finished: 0
[2026-04-14 00:47:48] current cache size: 40206, finished: 0
[2026-04-14 00:47:48] current cache size: 40213, finished: 0
[2026-04-14 00:47:48] current cache size: 40228, finished: 0
[2026-04-14 00:47:48] current cache size: 40236, finished: 0
[INCREMENTAL] cache size: 40255, finished scales: 0/1
[GRASP DEBUG] step=3600 grav=(9.81,0,0) | cond1(dist<0.1)=928/1024 cond2(>=2 forces>0.2)=20/1024 cond3(quat<thresh)=365/1024 all=19/1024 | ft_dist mean=0.0621 max=0.3696 | force mean=0.0780 max=11.6745
[GRASP DEBUG env0] obj_pos=[-0.0638265609741211, -0.011752128601074219, 0.6323907971382141]
[GRASP DEBUG env0]   ft0 pos=[-0.01564788818359375, 0.018381118774414062, 0.6426385045051575] dist=0.0577
[GRASP DEBUG env0]   ft1 pos=[-0.1017618179321289, 0.026244163513183594, 0.6043252348899841] dist=0.0606
[GRASP DEBUG env0]   ft2 pos=[-0.08400630950927734, 0.003998756408691406, 0.6014500260353088] dist=0.0402
[GRASP DEBUG env0]   ft3 pos=[-0.07677936553955078, -0.016000747680664062, 0.6000052690505981] dist=0.0351
[GRASP DEBUG env0]   ft4 pos=[-0.09667396545410156, -0.03600120544433594, 0.604392409324646] dist=0.0495
[2026-04-14 00:47:49] current cache size: 40255, finished: 0
[2026-04-14 00:47:49] current cache size: 40268, finished: 0
[2026-04-14 00:47:49] current cache size: 40280, finished: 0
[2026-04-14 00:47:49] current cache size: 40293, finished: 0
[2026-04-14 00:47:49] current cache size: 40310, finished: 0
[2026-04-14 00:47:49] current cache size: 40321, finished: 0
[2026-04-14 00:47:50] current cache size: 40339, finished: 0
[2026-04-14 00:47:50] current cache size: 40350, finished: 0
[2026-04-14 00:47:50] current cache size: 40362, finished: 0
[2026-04-14 00:47:50] current cache size: 40373, finished: 0
[2026-04-14 00:47:50] current cache size: 40381, finished: 0
[2026-04-14 00:47:51] current cache size: 40394, finished: 0
[2026-04-14 00:47:51] current cache size: 40406, finished: 0
[2026-04-14 00:47:51] current cache size: 40422, finished: 0
[2026-04-14 00:47:51] current cache size: 40431, finished: 0
[2026-04-14 00:47:51] current cache size: 40444, finished: 0
[2026-04-14 00:47:52] current cache size: 40460, finished: 0
[2026-04-14 00:47:52] current cache size: 40470, finished: 0
[2026-04-14 00:47:52] current cache size: 40482, finished: 0
[2026-04-14 00:47:52] current cache size: 40499, finished: 0
[2026-04-14 00:47:52] current cache size: 40511, finished: 0
[2026-04-14 00:47:53] current cache size: 40519, finished: 0
[2026-04-14 00:47:53] current cache size: 40530, finished: 0
[2026-04-14 00:47:53] current cache size: 40543, finished: 0
[2026-04-14 00:47:53] current cache size: 40554, finished: 0
[2026-04-14 00:47:53] current cache size: 40564, finished: 0
[2026-04-14 00:47:53] current cache size: 40576, finished: 0
[2026-04-14 00:47:54] current cache size: 40585, finished: 0
[2026-04-14 00:47:54] current cache size: 40599, finished: 0
[2026-04-14 00:47:54] current cache size: 40610, finished: 0
[2026-04-14 00:47:54] current cache size: 40621, finished: 0
[2026-04-14 00:47:54] current cache size: 40638, finished: 0
[2026-04-14 00:47:55] current cache size: 40646, finished: 0
[2026-04-14 00:47:55] current cache size: 40655, finished: 0
[2026-04-14 00:47:55] current cache size: 40667, finished: 0
[2026-04-14 00:47:55] current cache size: 40680, finished: 0
[2026-04-14 00:47:55] current cache size: 40691, finished: 0
[2026-04-14 00:47:56] current cache size: 40700, finished: 0
[2026-04-14 00:47:56] current cache size: 40714, finished: 0
[2026-04-14 00:47:56] current cache size: 40724, finished: 0
[2026-04-14 00:47:56] current cache size: 40733, finished: 0
[2026-04-14 00:47:56] current cache size: 40739, finished: 0
[2026-04-14 00:47:57] current cache size: 40744, finished: 0
[2026-04-14 00:47:57] current cache size: 40750, finished: 0
[2026-04-14 00:47:57] current cache size: 40759, finished: 0
[2026-04-14 00:47:57] current cache size: 40764, finished: 0
[2026-04-14 00:47:57] current cache size: 40771, finished: 0
[2026-04-14 00:47:57] current cache size: 40779, finished: 0
[2026-04-14 00:47:58] current cache size: 40783, finished: 0
[2026-04-14 00:47:58] current cache size: 40788, finished: 0
[2026-04-14 00:47:58] current cache size: 40796, finished: 0
[2026-04-14 00:47:58] current cache size: 40801, finished: 0
[2026-04-14 00:47:58] current cache size: 40808, finished: 0
[2026-04-14 00:47:59] current cache size: 40817, finished: 0
[2026-04-14 00:47:59] current cache size: 40825, finished: 0
[2026-04-14 00:47:59] current cache size: 40832, finished: 0
[2026-04-14 00:47:59] current cache size: 40842, finished: 0
[2026-04-14 00:47:59] current cache size: 40849, finished: 0
[2026-04-14 00:48:00] current cache size: 40854, finished: 0
[2026-04-14 00:48:00] current cache size: 40864, finished: 0
[2026-04-14 00:48:00] current cache size: 40869, finished: 0
[2026-04-14 00:48:00] current cache size: 40883, finished: 0
[2026-04-14 00:48:00] current cache size: 40891, finished: 0
[2026-04-14 00:48:01] current cache size: 40895, finished: 0
[2026-04-14 00:48:01] current cache size: 40903, finished: 0
[2026-04-14 00:48:01] current cache size: 40914, finished: 0
[2026-04-14 00:48:01] current cache size: 40925, finished: 0
[2026-04-14 00:48:01] current cache size: 40931, finished: 0
[2026-04-14 00:48:01] current cache size: 40941, finished: 0
[2026-04-14 00:48:02] current cache size: 40952, finished: 0
[2026-04-14 00:48:02] current cache size: 40957, finished: 0
[2026-04-14 00:48:02] current cache size: 40964, finished: 0
[2026-04-14 00:48:02] current cache size: 40971, finished: 0
[2026-04-14 00:48:02] current cache size: 40977, finished: 0
[2026-04-14 00:48:03] current cache size: 40983, finished: 0
[2026-04-14 00:48:03] current cache size: 40994, finished: 0
[2026-04-14 00:48:03] current cache size: 41002, finished: 0
[2026-04-14 00:48:03] current cache size: 41008, finished: 0
[2026-04-14 00:48:03] current cache size: 41016, finished: 0
[2026-04-14 00:48:04] current cache size: 41019, finished: 0
[2026-04-14 00:48:04] current cache size: 41025, finished: 0
[2026-04-14 00:48:04] current cache size: 41040, finished: 0
[2026-04-14 00:48:04] current cache size: 41060, finished: 0
[2026-04-14 00:48:04] current cache size: 41072, finished: 0
[2026-04-14 00:48:05] current cache size: 41089, finished: 0
[2026-04-14 00:48:05] current cache size: 41107, finished: 0
[2026-04-14 00:48:05] current cache size: 41123, finished: 0
[2026-04-14 00:48:05] current cache size: 41140, finished: 0
[2026-04-14 00:48:05] current cache size: 41152, finished: 0
[2026-04-14 00:48:06] current cache size: 41171, finished: 0
[2026-04-14 00:48:06] current cache size: 41188, finished: 0
[2026-04-14 00:48:06] current cache size: 41212, finished: 0
[2026-04-14 00:48:06] current cache size: 41231, finished: 0
[2026-04-14 00:48:06] current cache size: 41253, finished: 0
[2026-04-14 00:48:06] current cache size: 41266, finished: 0
[2026-04-14 00:48:07] current cache size: 41283, finished: 0
[2026-04-14 00:48:07] current cache size: 41296, finished: 0
[2026-04-14 00:48:07] current cache size: 41312, finished: 0
[2026-04-14 00:48:07] current cache size: 41325, finished: 0
[2026-04-14 00:48:07] current cache size: 41335, finished: 0
[2026-04-14 00:48:08] current cache size: 41352, finished: 0
[2026-04-14 00:48:08] current cache size: 41371, finished: 0
[2026-04-14 00:48:08] current cache size: 41385, finished: 0
[2026-04-14 00:48:08] current cache size: 41398, finished: 0
[2026-04-14 00:48:08] current cache size: 41416, finished: 0
[2026-04-14 00:48:09] current cache size: 41431, finished: 0
[2026-04-14 00:48:09] current cache size: 41444, finished: 0
[2026-04-14 00:48:09] current cache size: 41458, finished: 0
[2026-04-14 00:48:09] current cache size: 41469, finished: 0
[2026-04-14 00:48:09] current cache size: 41484, finished: 0
[2026-04-14 00:48:09] current cache size: 41498, finished: 0
[2026-04-14 00:48:10] current cache size: 41513, finished: 0
[2026-04-14 00:48:10] current cache size: 41530, finished: 0
[2026-04-14 00:48:10] current cache size: 41549, finished: 0
[2026-04-14 00:48:10] current cache size: 41561, finished: 0
[2026-04-14 00:48:10] current cache size: 41581, finished: 0
[2026-04-14 00:48:11] current cache size: 41597, finished: 0
[2026-04-14 00:48:11] current cache size: 41612, finished: 0
[2026-04-14 00:48:11] current cache size: 41624, finished: 0
[2026-04-14 00:48:11] current cache size: 41640, finished: 0
[2026-04-14 00:48:11] current cache size: 41665, finished: 0
[2026-04-14 00:48:12] current cache size: 41679, finished: 0
[2026-04-14 00:48:12] current cache size: 41689, finished: 0
[2026-04-14 00:48:12] current cache size: 41698, finished: 0
[2026-04-14 00:48:12] current cache size: 41707, finished: 0
[2026-04-14 00:48:12] current cache size: 41722, finished: 0
[2026-04-14 00:48:13] current cache size: 41733, finished: 0
[2026-04-14 00:48:13] current cache size: 41743, finished: 0
[2026-04-14 00:48:13] current cache size: 41752, finished: 0
[2026-04-14 00:48:13] current cache size: 41762, finished: 0
[2026-04-14 00:48:13] current cache size: 41771, finished: 0
[2026-04-14 00:48:14] current cache size: 41783, finished: 0
[2026-04-14 00:48:14] current cache size: 41797, finished: 0
[2026-04-14 00:48:14] current cache size: 41802, finished: 0
[2026-04-14 00:48:14] current cache size: 41811, finished: 0
[2026-04-14 00:48:14] current cache size: 41825, finished: 0
[2026-04-14 00:48:14] current cache size: 41840, finished: 0
[2026-04-14 00:48:15] current cache size: 41848, finished: 0
[2026-04-14 00:48:15] current cache size: 41857, finished: 0
[2026-04-14 00:48:15] current cache size: 41862, finished: 0
[2026-04-14 00:48:15] current cache size: 41874, finished: 0
[2026-04-14 00:48:15] current cache size: 41881, finished: 0
[2026-04-14 00:48:16] current cache size: 41893, finished: 0
[2026-04-14 00:48:16] current cache size: 41906, finished: 0
[2026-04-14 00:48:16] current cache size: 41918, finished: 0
[2026-04-14 00:48:16] current cache size: 41933, finished: 0
[2026-04-14 00:48:16] current cache size: 41945, finished: 0
[2026-04-14 00:48:17] current cache size: 41958, finished: 0
[2026-04-14 00:48:17] current cache size: 41971, finished: 0
[2026-04-14 00:48:17] current cache size: 41979, finished: 0
[2026-04-14 00:48:17] current cache size: 41987, finished: 0
[2026-04-14 00:48:17] current cache size: 41998, finished: 0
[2026-04-14 00:48:18] current cache size: 42007, finished: 0
[2026-04-14 00:48:18] current cache size: 42014, finished: 0
[2026-04-14 00:48:18] current cache size: 42026, finished: 0
[2026-04-14 00:48:18] current cache size: 42038, finished: 0
[2026-04-14 00:48:18] current cache size: 42051, finished: 0
[2026-04-14 00:48:18] current cache size: 42067, finished: 0
[2026-04-14 00:48:19] current cache size: 42073, finished: 0
[2026-04-14 00:48:19] current cache size: 42088, finished: 0
[2026-04-14 00:48:19] current cache size: 42102, finished: 0
[2026-04-14 00:48:19] current cache size: 42113, finished: 0
[2026-04-14 00:48:19] current cache size: 42125, finished: 0
[2026-04-14 00:48:20] current cache size: 42133, finished: 0
[2026-04-14 00:48:20] current cache size: 42141, finished: 0
[2026-04-14 00:48:20] current cache size: 42159, finished: 0
[2026-04-14 00:48:20] current cache size: 42171, finished: 0
[2026-04-14 00:48:20] current cache size: 42178, finished: 0
[2026-04-14 00:48:21] current cache size: 42185, finished: 0
[2026-04-14 00:48:21] current cache size: 42201, finished: 0
[2026-04-14 00:48:21] current cache size: 42207, finished: 0
[2026-04-14 00:48:21] current cache size: 42218, finished: 0
[2026-04-14 00:48:21] current cache size: 42224, finished: 0
[2026-04-14 00:48:22] current cache size: 42239, finished: 0
[2026-04-14 00:48:22] current cache size: 42250, finished: 0
[2026-04-14 00:48:22] current cache size: 42263, finished: 0
[2026-04-14 00:48:22] current cache size: 42276, finished: 0
[2026-04-14 00:48:22] current cache size: 42292, finished: 0
[2026-04-14 00:48:23] current cache size: 42306, finished: 0
[2026-04-14 00:48:23] current cache size: 42318, finished: 0
[2026-04-14 00:48:23] current cache size: 42327, finished: 0
[2026-04-14 00:48:23] current cache size: 42338, finished: 0
[2026-04-14 00:48:23] current cache size: 42349, finished: 0
[2026-04-14 00:48:24] current cache size: 42359, finished: 0
[2026-04-14 00:48:24] current cache size: 42369, finished: 0
[2026-04-14 00:48:24] current cache size: 42378, finished: 0
[2026-04-14 00:48:24] current cache size: 42387, finished: 0
[2026-04-14 00:48:24] current cache size: 42399, finished: 0
[2026-04-14 00:48:24] current cache size: 42410, finished: 0
[2026-04-14 00:48:25] current cache size: 42418, finished: 0
[2026-04-14 00:48:25] current cache size: 42436, finished: 0
[2026-04-14 00:48:25] current cache size: 42449, finished: 0
[2026-04-14 00:48:25] current cache size: 42460, finished: 0
[2026-04-14 00:48:25] current cache size: 42471, finished: 0
[2026-04-14 00:48:26] current cache size: 42487, finished: 0
[2026-04-14 00:48:26] current cache size: 42496, finished: 0
[2026-04-14 00:48:26] current cache size: 42515, finished: 0
[2026-04-14 00:48:26] current cache size: 42523, finished: 0
[2026-04-14 00:48:26] current cache size: 42529, finished: 0
[2026-04-14 00:48:27] current cache size: 42541, finished: 0
[INCREMENTAL] cache size: 42558, finished scales: 0/1
[GRASP DEBUG] step=3800 grav=(0,-9.81,0) | cond1(dist<0.1)=908/1024 cond2(>=2 forces>0.2)=17/1024 cond3(quat<thresh)=377/1024 all=17/1024 | ft_dist mean=0.0626 max=0.2819 | force mean=0.0978 max=65.1954
[GRASP DEBUG env0] obj_pos=[-0.03821849822998047, -0.029283523559570312, 0.6721094250679016]
[GRASP DEBUG env0]   ft0 pos=[-0.03424072265625, 0.029001235961914062, 0.643142580986023] dist=0.0652
[GRASP DEBUG env0]   ft1 pos=[-0.09924030303955078, 0.028139114379882812, 0.604151725769043] dist=0.1079
[GRASP DEBUG env0]   ft2 pos=[-0.07121467590332031, 0.003998756408691406, 0.5964259505271912] dist=0.0890
[GRASP DEBUG env0]   ft3 pos=[-0.09063339233398438, -0.016000747680664062, 0.6034165620803833] dist=0.0874
[GRASP DEBUG env0]   ft4 pos=[-0.08866405487060547, -0.03600120544433594, 0.6035969853401184] dist=0.0853
[2026-04-14 00:48:27] current cache size: 42558, finished: 0
[2026-04-14 00:48:27] current cache size: 42575, finished: 0
[2026-04-14 00:48:27] current cache size: 42582, finished: 0
[2026-04-14 00:48:27] current cache size: 42592, finished: 0
[2026-04-14 00:48:28] current cache size: 42605, finished: 0
[2026-04-14 00:48:28] current cache size: 42613, finished: 0
[2026-04-14 00:48:28] current cache size: 42624, finished: 0
[2026-04-14 00:48:28] current cache size: 42626, finished: 0
[2026-04-14 00:48:28] current cache size: 42642, finished: 0
[2026-04-14 00:48:29] current cache size: 42652, finished: 0
[2026-04-14 00:48:29] current cache size: 42659, finished: 0
[2026-04-14 00:48:29] current cache size: 42671, finished: 0
[2026-04-14 00:48:29] current cache size: 42681, finished: 0
[2026-04-14 00:48:29] current cache size: 42691, finished: 0
[2026-04-14 00:48:29] current cache size: 42706, finished: 0
[2026-04-14 00:48:30] current cache size: 42715, finished: 0
[2026-04-14 00:48:30] current cache size: 42726, finished: 0
[2026-04-14 00:48:30] current cache size: 42734, finished: 0
[2026-04-14 00:48:30] current cache size: 42752, finished: 0
[2026-04-14 00:48:30] current cache size: 42759, finished: 0
[2026-04-14 00:48:31] current cache size: 42764, finished: 0
[2026-04-14 00:48:31] current cache size: 42777, finished: 0
[2026-04-14 00:48:31] current cache size: 42788, finished: 0
[2026-04-14 00:48:31] current cache size: 42800, finished: 0
[2026-04-14 00:48:31] current cache size: 42808, finished: 0
[2026-04-14 00:48:32] current cache size: 42815, finished: 0
[2026-04-14 00:48:32] current cache size: 42822, finished: 0
[2026-04-14 00:48:32] current cache size: 42833, finished: 0
[2026-04-14 00:48:32] current cache size: 42842, finished: 0
[2026-04-14 00:48:32] current cache size: 42855, finished: 0
[2026-04-14 00:48:33] current cache size: 42864, finished: 0
[2026-04-14 00:48:33] current cache size: 42870, finished: 0
[2026-04-14 00:48:33] current cache size: 42886, finished: 0
[2026-04-14 00:48:33] current cache size: 42897, finished: 0
[2026-04-14 00:48:33] current cache size: 42912, finished: 0
[2026-04-14 00:48:34] current cache size: 42921, finished: 0
[2026-04-14 00:48:34] current cache size: 42931, finished: 0
[2026-04-14 00:48:34] current cache size: 42938, finished: 0
[2026-04-14 00:48:34] current cache size: 42949, finished: 0
[2026-04-14 00:48:34] current cache size: 42961, finished: 0
[2026-04-14 00:48:35] current cache size: 42973, finished: 0
[2026-04-14 00:48:35] current cache size: 42981, finished: 0
[2026-04-14 00:48:35] current cache size: 42992, finished: 0
[2026-04-14 00:48:35] current cache size: 43004, finished: 0
[2026-04-14 00:48:35] current cache size: 43010, finished: 0
[2026-04-14 00:48:35] current cache size: 43023, finished: 0
[2026-04-14 00:48:36] current cache size: 43036, finished: 0
[2026-04-14 00:48:36] current cache size: 43046, finished: 0
[2026-04-14 00:48:36] current cache size: 43058, finished: 0
[2026-04-14 00:48:36] current cache size: 43078, finished: 0
[2026-04-14 00:48:36] current cache size: 43088, finished: 0
[2026-04-14 00:48:37] current cache size: 43102, finished: 0
[2026-04-14 00:48:37] current cache size: 43122, finished: 0
[2026-04-14 00:48:37] current cache size: 43137, finished: 0
[2026-04-14 00:48:37] current cache size: 43147, finished: 0
[2026-04-14 00:48:37] current cache size: 43152, finished: 0
[2026-04-14 00:48:38] current cache size: 43163, finished: 0
[2026-04-14 00:48:38] current cache size: 43172, finished: 0
[2026-04-14 00:48:38] current cache size: 43179, finished: 0
[2026-04-14 00:48:38] current cache size: 43186, finished: 0
[2026-04-14 00:48:38] current cache size: 43196, finished: 0
[2026-04-14 00:48:39] current cache size: 43210, finished: 0
[2026-04-14 00:48:39] current cache size: 43218, finished: 0
[2026-04-14 00:48:39] current cache size: 43234, finished: 0
[2026-04-14 00:48:39] current cache size: 43248, finished: 0
[2026-04-14 00:48:39] current cache size: 43257, finished: 0
[2026-04-14 00:48:39] current cache size: 43270, finished: 0
[2026-04-14 00:48:40] current cache size: 43285, finished: 0
[2026-04-14 00:48:40] current cache size: 43298, finished: 0
[2026-04-14 00:48:40] current cache size: 43311, finished: 0
[2026-04-14 00:48:40] current cache size: 43325, finished: 0
[2026-04-14 00:48:40] current cache size: 43341, finished: 0
[2026-04-14 00:48:41] current cache size: 43351, finished: 0
[2026-04-14 00:48:41] current cache size: 43367, finished: 0
[2026-04-14 00:48:41] current cache size: 43374, finished: 0
[2026-04-14 00:48:41] current cache size: 43386, finished: 0
[2026-04-14 00:48:41] current cache size: 43402, finished: 0
[2026-04-14 00:48:42] current cache size: 43415, finished: 0
[2026-04-14 00:48:42] current cache size: 43425, finished: 0
[2026-04-14 00:48:42] current cache size: 43438, finished: 0
[2026-04-14 00:48:42] current cache size: 43451, finished: 0
[2026-04-14 00:48:42] current cache size: 43460, finished: 0
[2026-04-14 00:48:43] current cache size: 43468, finished: 0
[2026-04-14 00:48:43] current cache size: 43476, finished: 0
[2026-04-14 00:48:43] current cache size: 43482, finished: 0
[2026-04-14 00:48:43] current cache size: 43491, finished: 0
[2026-04-14 00:48:43] current cache size: 43498, finished: 0
[2026-04-14 00:48:43] current cache size: 43504, finished: 0
[2026-04-14 00:48:44] current cache size: 43512, finished: 0
[2026-04-14 00:48:44] current cache size: 43522, finished: 0
[2026-04-14 00:48:44] current cache size: 43528, finished: 0
[2026-04-14 00:48:44] current cache size: 43544, finished: 0
[2026-04-14 00:48:44] current cache size: 43553, finished: 0
[2026-04-14 00:48:45] current cache size: 43561, finished: 0
[2026-04-14 00:48:45] current cache size: 43573, finished: 0
[2026-04-14 00:48:45] current cache size: 43579, finished: 0
[2026-04-14 00:48:45] current cache size: 43588, finished: 0
[2026-04-14 00:48:45] current cache size: 43602, finished: 0
[2026-04-14 00:48:46] current cache size: 43611, finished: 0
[2026-04-14 00:48:46] current cache size: 43617, finished: 0
[2026-04-14 00:48:46] current cache size: 43623, finished: 0
[2026-04-14 00:48:46] current cache size: 43632, finished: 0
[2026-04-14 00:48:46] current cache size: 43642, finished: 0
[2026-04-14 00:48:47] current cache size: 43652, finished: 0
[2026-04-14 00:48:47] current cache size: 43656, finished: 0
[2026-04-14 00:48:47] current cache size: 43659, finished: 0
[2026-04-14 00:48:47] current cache size: 43670, finished: 0
[2026-04-14 00:48:47] current cache size: 43675, finished: 0
[2026-04-14 00:48:48] current cache size: 43683, finished: 0
[2026-04-14 00:48:48] current cache size: 43689, finished: 0
[2026-04-14 00:48:48] current cache size: 43698, finished: 0
[2026-04-14 00:48:48] current cache size: 43709, finished: 0
[2026-04-14 00:48:48] current cache size: 43716, finished: 0
[2026-04-14 00:48:48] current cache size: 43726, finished: 0
[2026-04-14 00:48:49] current cache size: 43736, finished: 0
[2026-04-14 00:48:49] current cache size: 43745, finished: 0
[2026-04-14 00:48:49] current cache size: 43754, finished: 0
[2026-04-14 00:48:49] current cache size: 43766, finished: 0
[2026-04-14 00:48:49] current cache size: 43775, finished: 0
[2026-04-14 00:48:50] current cache size: 43787, finished: 0
[2026-04-14 00:48:50] current cache size: 43793, finished: 0
[2026-04-14 00:48:50] current cache size: 43810, finished: 0
[2026-04-14 00:48:50] current cache size: 43821, finished: 0
[2026-04-14 00:48:50] current cache size: 43841, finished: 0
[2026-04-14 00:48:51] current cache size: 43852, finished: 0
[2026-04-14 00:48:51] current cache size: 43876, finished: 0
[2026-04-14 00:48:51] current cache size: 43889, finished: 0
[2026-04-14 00:48:51] current cache size: 43907, finished: 0
[2026-04-14 00:48:51] current cache size: 43920, finished: 0
[2026-04-14 00:48:52] current cache size: 43940, finished: 0
[2026-04-14 00:48:52] current cache size: 43953, finished: 0
[2026-04-14 00:48:52] current cache size: 43971, finished: 0
[2026-04-14 00:48:52] current cache size: 43980, finished: 0
[2026-04-14 00:48:52] current cache size: 43995, finished: 0
[2026-04-14 00:48:53] current cache size: 44015, finished: 0
[2026-04-14 00:48:53] current cache size: 44022, finished: 0
[2026-04-14 00:48:53] current cache size: 44038, finished: 0
[2026-04-14 00:48:53] current cache size: 44061, finished: 0
[2026-04-14 00:48:53] current cache size: 44079, finished: 0
[2026-04-14 00:48:53] current cache size: 44092, finished: 0
[2026-04-14 00:48:54] current cache size: 44106, finished: 0
[2026-04-14 00:48:54] current cache size: 44120, finished: 0
[2026-04-14 00:48:54] current cache size: 44139, finished: 0
[2026-04-14 00:48:54] current cache size: 44158, finished: 0
[2026-04-14 00:48:54] current cache size: 44175, finished: 0
[2026-04-14 00:48:55] current cache size: 44195, finished: 0
[2026-04-14 00:48:55] current cache size: 44208, finished: 0
[2026-04-14 00:48:55] current cache size: 44224, finished: 0
[2026-04-14 00:48:55] current cache size: 44237, finished: 0
[2026-04-14 00:48:55] current cache size: 44253, finished: 0
[2026-04-14 00:48:56] current cache size: 44266, finished: 0
[2026-04-14 00:48:56] current cache size: 44281, finished: 0
[2026-04-14 00:48:56] current cache size: 44296, finished: 0
[2026-04-14 00:48:56] current cache size: 44310, finished: 0
[2026-04-14 00:48:56] current cache size: 44324, finished: 0
[2026-04-14 00:48:57] current cache size: 44340, finished: 0
[2026-04-14 00:48:57] current cache size: 44354, finished: 0
[2026-04-14 00:48:57] current cache size: 44372, finished: 0
[2026-04-14 00:48:57] current cache size: 44383, finished: 0
[2026-04-14 00:48:57] current cache size: 44396, finished: 0
[2026-04-14 00:48:58] current cache size: 44410, finished: 0
[2026-04-14 00:48:58] current cache size: 44416, finished: 0
[2026-04-14 00:48:58] current cache size: 44427, finished: 0
[2026-04-14 00:48:58] current cache size: 44439, finished: 0
[2026-04-14 00:48:58] current cache size: 44448, finished: 0
[2026-04-14 00:48:58] current cache size: 44457, finished: 0
[2026-04-14 00:48:59] current cache size: 44466, finished: 0
[2026-04-14 00:48:59] current cache size: 44474, finished: 0
[2026-04-14 00:48:59] current cache size: 44480, finished: 0
[2026-04-14 00:48:59] current cache size: 44490, finished: 0
[2026-04-14 00:48:59] current cache size: 44502, finished: 0
[2026-04-14 00:49:00] current cache size: 44508, finished: 0
[2026-04-14 00:49:00] current cache size: 44518, finished: 0
[2026-04-14 00:49:00] current cache size: 44526, finished: 0
[2026-04-14 00:49:00] current cache size: 44537, finished: 0
[2026-04-14 00:49:00] current cache size: 44554, finished: 0
[2026-04-14 00:49:01] current cache size: 44567, finished: 0
[2026-04-14 00:49:01] current cache size: 44577, finished: 0
[2026-04-14 00:49:01] current cache size: 44592, finished: 0
[2026-04-14 00:49:01] current cache size: 44605, finished: 0
[2026-04-14 00:49:01] current cache size: 44618, finished: 0
[2026-04-14 00:49:02] current cache size: 44630, finished: 0
[2026-04-14 00:49:02] current cache size: 44642, finished: 0
[2026-04-14 00:49:02] current cache size: 44651, finished: 0
[2026-04-14 00:49:02] current cache size: 44667, finished: 0
[2026-04-14 00:49:02] current cache size: 44674, finished: 0
[2026-04-14 00:49:02] current cache size: 44685, finished: 0
[2026-04-14 00:49:03] current cache size: 44694, finished: 0
[2026-04-14 00:49:03] current cache size: 44701, finished: 0
[2026-04-14 00:49:03] current cache size: 44714, finished: 0
[2026-04-14 00:49:03] current cache size: 44721, finished: 0
[2026-04-14 00:49:03] current cache size: 44728, finished: 0
[2026-04-14 00:49:04] current cache size: 44743, finished: 0
[2026-04-14 00:49:04] current cache size: 44752, finished: 0
[2026-04-14 00:49:04] current cache size: 44763, finished: 0
[2026-04-14 00:49:04] current cache size: 44777, finished: 0
[2026-04-14 00:49:04] current cache size: 44784, finished: 0
[2026-04-14 00:49:05] current cache size: 44794, finished: 0
[2026-04-14 00:49:05] current cache size: 44806, finished: 0
[2026-04-14 00:49:05] current cache size: 44816, finished: 0
[INCREMENTAL] cache size: 44826, finished scales: 0/1
[GRASP DEBUG] step=4000 grav=(0,9.81,0) | cond1(dist<0.1)=907/1024 cond2(>=2 forces>0.2)=11/1024 cond3(quat<thresh)=369/1024 all=10/1024 | ft_dist mean=0.0628 max=0.3165 | force mean=0.0829 max=23.4315
[GRASP DEBUG env0] obj_pos=[-0.07801151275634766, -0.0030498504638671875, 0.6378434896469116]
[GRASP DEBUG env0]   ft0 pos=[-0.037827491760253906, 0.032776832580566406, 0.6421301364898682] dist=0.0540
[GRASP DEBUG env0]   ft1 pos=[-0.0970449447631836, 0.026021957397460938, 0.6038784980773926] dist=0.0486
[GRASP DEBUG env0]   ft2 pos=[-0.07001972198486328, 0.003998756408691406, 0.5960683226585388] dist=0.0431
[GRASP DEBUG env0]   ft3 pos=[-0.10620784759521484, -0.016000747680664062, 0.604543149471283] dist=0.0455
[GRASP DEBUG env0]   ft4 pos=[-0.09769153594970703, -0.03600120544433594, 0.604444682598114] dist=0.0509
[2026-04-14 00:49:05] current cache size: 44826, finished: 0
[2026-04-14 00:49:05] current cache size: 44835, finished: 0
[2026-04-14 00:49:06] current cache size: 44849, finished: 0
[2026-04-14 00:49:06] current cache size: 44861, finished: 0
[2026-04-14 00:49:06] current cache size: 44874, finished: 0
[2026-04-14 00:49:06] current cache size: 44886, finished: 0
[2026-04-14 00:49:06] current cache size: 44897, finished: 0
[2026-04-14 00:49:06] current cache size: 44905, finished: 0
[2026-04-14 00:49:07] current cache size: 44917, finished: 0
[2026-04-14 00:49:07] current cache size: 44932, finished: 0
[2026-04-14 00:49:07] current cache size: 44946, finished: 0
[2026-04-14 00:49:07] current cache size: 44957, finished: 0
[2026-04-14 00:49:07] current cache size: 44965, finished: 0
[2026-04-14 00:49:08] current cache size: 44983, finished: 0
[2026-04-14 00:49:08] current cache size: 44995, finished: 0
[2026-04-14 00:49:08] current cache size: 45009, finished: 0
[2026-04-14 00:49:08] current cache size: 45016, finished: 0
[2026-04-14 00:49:08] current cache size: 45023, finished: 0
[2026-04-14 00:49:09] current cache size: 45032, finished: 0
[2026-04-14 00:49:09] current cache size: 45047, finished: 0
[2026-04-14 00:49:09] current cache size: 45052, finished: 0
[2026-04-14 00:49:09] current cache size: 45060, finished: 0
[2026-04-14 00:49:09] current cache size: 45073, finished: 0
[2026-04-14 00:49:10] current cache size: 45080, finished: 0
[2026-04-14 00:49:10] current cache size: 45091, finished: 0
[2026-04-14 00:49:10] current cache size: 45101, finished: 0
[2026-04-14 00:49:10] current cache size: 45106, finished: 0
[2026-04-14 00:49:10] current cache size: 45115, finished: 0
[2026-04-14 00:49:11] current cache size: 45127, finished: 0
[2026-04-14 00:49:11] current cache size: 45135, finished: 0
[2026-04-14 00:49:11] current cache size: 45148, finished: 0
[2026-04-14 00:49:11] current cache size: 45161, finished: 0
[2026-04-14 00:49:11] current cache size: 45175, finished: 0
[2026-04-14 00:49:11] current cache size: 45188, finished: 0
[2026-04-14 00:49:12] current cache size: 45197, finished: 0
[2026-04-14 00:49:12] current cache size: 45210, finished: 0
[2026-04-14 00:49:12] current cache size: 45223, finished: 0
[2026-04-14 00:49:12] current cache size: 45231, finished: 0
[2026-04-14 00:49:12] current cache size: 45247, finished: 0
[2026-04-14 00:49:13] current cache size: 45260, finished: 0
[2026-04-14 00:49:13] current cache size: 45271, finished: 0
[2026-04-14 00:49:13] current cache size: 45284, finished: 0
[2026-04-14 00:49:13] current cache size: 45293, finished: 0
[2026-04-14 00:49:13] current cache size: 45314, finished: 0
[2026-04-14 00:49:14] current cache size: 45319, finished: 0
[2026-04-14 00:49:14] current cache size: 45327, finished: 0
[2026-04-14 00:49:14] current cache size: 45334, finished: 0
[2026-04-14 00:49:14] current cache size: 45342, finished: 0
[2026-04-14 00:49:14] current cache size: 45345, finished: 0
[2026-04-14 00:49:15] current cache size: 45359, finished: 0
[2026-04-14 00:49:15] current cache size: 45369, finished: 0
[2026-04-14 00:49:15] current cache size: 45379, finished: 0
[2026-04-14 00:49:15] current cache size: 45389, finished: 0
[2026-04-14 00:49:15] current cache size: 45397, finished: 0
[2026-04-14 00:49:15] current cache size: 45410, finished: 0
[2026-04-14 00:49:16] current cache size: 45424, finished: 0
[2026-04-14 00:49:16] current cache size: 45436, finished: 0
[2026-04-14 00:49:16] current cache size: 45447, finished: 0
[2026-04-14 00:49:16] current cache size: 45453, finished: 0
[2026-04-14 00:49:16] current cache size: 45464, finished: 0
[2026-04-14 00:49:17] current cache size: 45476, finished: 0
[2026-04-14 00:49:17] current cache size: 45485, finished: 0
[2026-04-14 00:49:17] current cache size: 45493, finished: 0
[2026-04-14 00:49:17] current cache size: 45503, finished: 0
[2026-04-14 00:49:17] current cache size: 45513, finished: 0
[2026-04-14 00:49:18] current cache size: 45526, finished: 0
[2026-04-14 00:49:18] current cache size: 45535, finished: 0
[2026-04-14 00:49:18] current cache size: 45549, finished: 0
[2026-04-14 00:49:18] current cache size: 45560, finished: 0
[2026-04-14 00:49:18] current cache size: 45568, finished: 0
[2026-04-14 00:49:19] current cache size: 45579, finished: 0
[2026-04-14 00:49:19] current cache size: 45593, finished: 0
[2026-04-14 00:49:19] current cache size: 45601, finished: 0
[2026-04-14 00:49:19] current cache size: 45615, finished: 0
[2026-04-14 00:49:19] current cache size: 45622, finished: 0
[2026-04-14 00:49:19] current cache size: 45628, finished: 0
[2026-04-14 00:49:20] current cache size: 45636, finished: 0
[2026-04-14 00:49:20] current cache size: 45652, finished: 0
[2026-04-14 00:49:20] current cache size: 45668, finished: 0
[2026-04-14 00:49:20] current cache size: 45678, finished: 0
[2026-04-14 00:49:20] current cache size: 45686, finished: 0
[2026-04-14 00:49:21] current cache size: 45699, finished: 0
[2026-04-14 00:49:21] current cache size: 45708, finished: 0
[2026-04-14 00:49:21] current cache size: 45719, finished: 0
[2026-04-14 00:49:21] current cache size: 45731, finished: 0
[2026-04-14 00:49:21] current cache size: 45739, finished: 0
[2026-04-14 00:49:22] current cache size: 45743, finished: 0
[2026-04-14 00:49:22] current cache size: 45748, finished: 0
[2026-04-14 00:49:22] current cache size: 45763, finished: 0
[2026-04-14 00:49:22] current cache size: 45779, finished: 0
[2026-04-14 00:49:22] current cache size: 45785, finished: 0
[2026-04-14 00:49:23] current cache size: 45795, finished: 0
[2026-04-14 00:49:23] current cache size: 45817, finished: 0
[2026-04-14 00:49:23] current cache size: 45831, finished: 0
[2026-04-14 00:49:23] current cache size: 45843, finished: 0
[2026-04-14 00:49:23] current cache size: 45849, finished: 0
[2026-04-14 00:49:24] current cache size: 45860, finished: 0
[2026-04-14 00:49:24] current cache size: 45870, finished: 0
[2026-04-14 00:49:24] current cache size: 45883, finished: 0
[2026-04-14 00:49:24] current cache size: 45894, finished: 0
[2026-04-14 00:49:24] current cache size: 45907, finished: 0
[2026-04-14 00:49:24] current cache size: 45916, finished: 0
[2026-04-14 00:49:25] current cache size: 45922, finished: 0
[2026-04-14 00:49:25] current cache size: 45939, finished: 0
[2026-04-14 00:49:25] current cache size: 45953, finished: 0
[2026-04-14 00:49:25] current cache size: 45966, finished: 0
[2026-04-14 00:49:25] current cache size: 45977, finished: 0
[2026-04-14 00:49:26] current cache size: 45987, finished: 0
[2026-04-14 00:49:26] current cache size: 46004, finished: 0
[2026-04-14 00:49:26] current cache size: 46016, finished: 0
[2026-04-14 00:49:26] current cache size: 46032, finished: 0
[2026-04-14 00:49:26] current cache size: 46042, finished: 0
[2026-04-14 00:49:27] current cache size: 46053, finished: 0
[2026-04-14 00:49:27] current cache size: 46064, finished: 0
[2026-04-14 00:49:27] current cache size: 46080, finished: 0
[2026-04-14 00:49:27] current cache size: 46090, finished: 0
[2026-04-14 00:49:27] current cache size: 46106, finished: 0
[2026-04-14 00:49:28] current cache size: 46121, finished: 0
[2026-04-14 00:49:28] current cache size: 46128, finished: 0
[2026-04-14 00:49:28] current cache size: 46138, finished: 0
[2026-04-14 00:49:28] current cache size: 46152, finished: 0
[2026-04-14 00:49:28] current cache size: 46160, finished: 0
[2026-04-14 00:49:29] current cache size: 46166, finished: 0
[2026-04-14 00:49:29] current cache size: 46172, finished: 0
[2026-04-14 00:49:29] current cache size: 46187, finished: 0
[2026-04-14 00:49:29] current cache size: 46197, finished: 0
[2026-04-14 00:49:29] current cache size: 46205, finished: 0
[2026-04-14 00:49:29] current cache size: 46220, finished: 0
[2026-04-14 00:49:30] current cache size: 46232, finished: 0
[2026-04-14 00:49:30] current cache size: 46239, finished: 0
[2026-04-14 00:49:30] current cache size: 46245, finished: 0
[2026-04-14 00:49:30] current cache size: 46253, finished: 0
[2026-04-14 00:49:30] current cache size: 46260, finished: 0
[2026-04-14 00:49:31] current cache size: 46270, finished: 0
[2026-04-14 00:49:31] current cache size: 46277, finished: 0
[2026-04-14 00:49:31] current cache size: 46285, finished: 0
[2026-04-14 00:49:31] current cache size: 46292, finished: 0
[2026-04-14 00:49:31] current cache size: 46296, finished: 0
[2026-04-14 00:49:32] current cache size: 46309, finished: 0
[2026-04-14 00:49:32] current cache size: 46313, finished: 0
[2026-04-14 00:49:32] current cache size: 46322, finished: 0
[2026-04-14 00:49:32] current cache size: 46329, finished: 0
[2026-04-14 00:49:32] current cache size: 46334, finished: 0
[2026-04-14 00:49:33] current cache size: 46343, finished: 0
[2026-04-14 00:49:33] current cache size: 46348, finished: 0
[2026-04-14 00:49:33] current cache size: 46352, finished: 0
[2026-04-14 00:49:33] current cache size: 46363, finished: 0
[2026-04-14 00:49:33] current cache size: 46371, finished: 0
[2026-04-14 00:49:34] current cache size: 46384, finished: 0
[2026-04-14 00:49:34] current cache size: 46397, finished: 0
[2026-04-14 00:49:34] current cache size: 46403, finished: 0
[2026-04-14 00:49:34] current cache size: 46407, finished: 0
[2026-04-14 00:49:34] current cache size: 46419, finished: 0
[2026-04-14 00:49:35] current cache size: 46430, finished: 0
[2026-04-14 00:49:35] current cache size: 46436, finished: 0
[2026-04-14 00:49:35] current cache size: 46440, finished: 0
[2026-04-14 00:49:35] current cache size: 46446, finished: 0
[2026-04-14 00:49:35] current cache size: 46453, finished: 0
[2026-04-14 00:49:35] current cache size: 46461, finished: 0
[2026-04-14 00:49:36] current cache size: 46468, finished: 0
[2026-04-14 00:49:36] current cache size: 46475, finished: 0
[2026-04-14 00:49:36] current cache size: 46496, finished: 0
[2026-04-14 00:49:36] current cache size: 46513, finished: 0
[2026-04-14 00:49:36] current cache size: 46536, finished: 0
[2026-04-14 00:49:37] current cache size: 46553, finished: 0
[2026-04-14 00:49:37] current cache size: 46564, finished: 0
[2026-04-14 00:49:37] current cache size: 46575, finished: 0
[2026-04-14 00:49:37] current cache size: 46586, finished: 0
[2026-04-14 00:49:37] current cache size: 46610, finished: 0
[2026-04-14 00:49:38] current cache size: 46631, finished: 0
[2026-04-14 00:49:38] current cache size: 46649, finished: 0
[2026-04-14 00:49:38] current cache size: 46660, finished: 0
[2026-04-14 00:49:38] current cache size: 46676, finished: 0
[2026-04-14 00:49:38] current cache size: 46692, finished: 0
[2026-04-14 00:49:39] current cache size: 46710, finished: 0
[2026-04-14 00:49:39] current cache size: 46719, finished: 0
[2026-04-14 00:49:39] current cache size: 46737, finished: 0
[2026-04-14 00:49:39] current cache size: 46755, finished: 0
[2026-04-14 00:49:39] current cache size: 46775, finished: 0
[2026-04-14 00:49:40] current cache size: 46786, finished: 0
[2026-04-14 00:49:40] current cache size: 46797, finished: 0
[2026-04-14 00:49:40] current cache size: 46812, finished: 0
[2026-04-14 00:49:40] current cache size: 46830, finished: 0
[2026-04-14 00:49:40] current cache size: 46846, finished: 0
[2026-04-14 00:49:40] current cache size: 46865, finished: 0
[2026-04-14 00:49:41] current cache size: 46882, finished: 0
[2026-04-14 00:49:41] current cache size: 46896, finished: 0
[2026-04-14 00:49:41] current cache size: 46911, finished: 0
[2026-04-14 00:49:41] current cache size: 46917, finished: 0
[2026-04-14 00:49:41] current cache size: 46928, finished: 0
[2026-04-14 00:49:42] current cache size: 46947, finished: 0
[2026-04-14 00:49:42] current cache size: 46957, finished: 0
[2026-04-14 00:49:42] current cache size: 46967, finished: 0
[2026-04-14 00:49:42] current cache size: 46979, finished: 0
[2026-04-14 00:49:42] current cache size: 46991, finished: 0
[2026-04-14 00:49:43] current cache size: 47011, finished: 0
[2026-04-14 00:49:43] current cache size: 47027, finished: 0
[2026-04-14 00:49:43] current cache size: 47049, finished: 0
[2026-04-14 00:49:43] current cache size: 47060, finished: 0
[2026-04-14 00:49:43] current cache size: 47076, finished: 0
[INCREMENTAL] cache size: 47089, finished scales: 0/1
[GRASP DEBUG] step=4200 grav=(0,0,-9.81) | cond1(dist<0.1)=944/1024 cond2(>=2 forces>0.2)=15/1024 cond3(quat<thresh)=399/1024 all=13/1024 | ft_dist mean=0.0603 max=0.7993 | force mean=0.1174 max=25.7953
[GRASP DEBUG env0] obj_pos=[-0.07375907897949219, 0.007320404052734375, 0.6395550966262817]
[GRASP DEBUG env0]   ft0 pos=[-0.025887489318847656, 0.01160430908203125, 0.6416214108467102] dist=0.0481
[GRASP DEBUG env0]   ft1 pos=[-0.11051464080810547, 0.028017044067382812, 0.6045063138008118] dist=0.0548
[GRASP DEBUG env0]   ft2 pos=[-0.0793924331665039, 0.003998756408691406, 0.5998179316520691] dist=0.0403
[GRASP DEBUG env0]   ft3 pos=[-0.06265830993652344, -0.016000747680664062, 0.5938535928726196] dist=0.0525
[GRASP DEBUG env0]   ft4 pos=[-0.07908058166503906, -0.03600120544433594, 0.6016820073127747] dist=0.0578
[2026-04-14 00:49:43] current cache size: 47089, finished: 0
[2026-04-14 00:49:44] current cache size: 47101, finished: 0
[2026-04-14 00:49:44] current cache size: 47108, finished: 0
[2026-04-14 00:49:44] current cache size: 47116, finished: 0
[2026-04-14 00:49:44] current cache size: 47122, finished: 0
[2026-04-14 00:49:44] current cache size: 47131, finished: 0
[2026-04-14 00:49:45] current cache size: 47142, finished: 0
[2026-04-14 00:49:45] current cache size: 47153, finished: 0
[2026-04-14 00:49:45] current cache size: 47160, finished: 0
[2026-04-14 00:49:45] current cache size: 47176, finished: 0
[2026-04-14 00:49:45] current cache size: 47182, finished: 0
[2026-04-14 00:49:46] current cache size: 47191, finished: 0
[2026-04-14 00:49:46] current cache size: 47202, finished: 0
[2026-04-14 00:49:46] current cache size: 47211, finished: 0
[2026-04-14 00:49:46] current cache size: 47222, finished: 0
[2026-04-14 00:49:46] current cache size: 47232, finished: 0
[2026-04-14 00:49:47] current cache size: 47240, finished: 0
[2026-04-14 00:49:47] current cache size: 47248, finished: 0
[2026-04-14 00:49:47] current cache size: 47262, finished: 0
[2026-04-14 00:49:47] current cache size: 47274, finished: 0
[2026-04-14 00:49:47] current cache size: 47283, finished: 0
[2026-04-14 00:49:47] current cache size: 47292, finished: 0
[2026-04-14 00:49:48] current cache size: 47299, finished: 0
[2026-04-14 00:49:48] current cache size: 47312, finished: 0
[2026-04-14 00:49:48] current cache size: 47326, finished: 0
[2026-04-14 00:49:48] current cache size: 47340, finished: 0
[2026-04-14 00:49:48] current cache size: 47349, finished: 0
[2026-04-14 00:49:49] current cache size: 47359, finished: 0
[2026-04-14 00:49:49] current cache size: 47369, finished: 0
[2026-04-14 00:49:49] current cache size: 47379, finished: 0
[2026-04-14 00:49:49] current cache size: 47390, finished: 0
[2026-04-14 00:49:49] current cache size: 47400, finished: 0
[2026-04-14 00:49:50] current cache size: 47413, finished: 0
[2026-04-14 00:49:50] current cache size: 47427, finished: 0
[2026-04-14 00:49:50] current cache size: 47437, finished: 0
[2026-04-14 00:49:50] current cache size: 47449, finished: 0
[2026-04-14 00:49:50] current cache size: 47457, finished: 0
[2026-04-14 00:49:51] current cache size: 47468, finished: 0
[2026-04-14 00:49:51] current cache size: 47475, finished: 0
[2026-04-14 00:49:51] current cache size: 47488, finished: 0
[2026-04-14 00:49:51] current cache size: 47499, finished: 0
[2026-04-14 00:49:51] current cache size: 47508, finished: 0
[2026-04-14 00:49:51] current cache size: 47524, finished: 0
[2026-04-14 00:49:52] current cache size: 47534, finished: 0
[2026-04-14 00:49:52] current cache size: 47550, finished: 0
[2026-04-14 00:49:52] current cache size: 47557, finished: 0
[2026-04-14 00:49:52] current cache size: 47569, finished: 0
[2026-04-14 00:49:52] current cache size: 47587, finished: 0
[2026-04-14 00:49:53] current cache size: 47593, finished: 0
[2026-04-14 00:49:53] current cache size: 47608, finished: 0
[2026-04-14 00:49:53] current cache size: 47617, finished: 0
[2026-04-14 00:49:53] current cache size: 47629, finished: 0
[2026-04-14 00:49:53] current cache size: 47636, finished: 0
[2026-04-14 00:49:54] current cache size: 47649, finished: 0
[2026-04-14 00:49:54] current cache size: 47661, finished: 0
[2026-04-14 00:49:54] current cache size: 47671, finished: 0
[2026-04-14 00:49:54] current cache size: 47681, finished: 0
[2026-04-14 00:49:54] current cache size: 47690, finished: 0
[2026-04-14 00:49:55] current cache size: 47705, finished: 0
[2026-04-14 00:49:55] current cache size: 47717, finished: 0
[2026-04-14 00:49:55] current cache size: 47732, finished: 0
[2026-04-14 00:49:55] current cache size: 47741, finished: 0
[2026-04-14 00:49:55] current cache size: 47757, finished: 0
[2026-04-14 00:49:56] current cache size: 47773, finished: 0
[2026-04-14 00:49:56] current cache size: 47781, finished: 0
[2026-04-14 00:49:56] current cache size: 47796, finished: 0
[2026-04-14 00:49:56] current cache size: 47810, finished: 0
[2026-04-14 00:49:56] current cache size: 47814, finished: 0
[2026-04-14 00:49:56] current cache size: 47826, finished: 0
[2026-04-14 00:49:57] current cache size: 47833, finished: 0
[2026-04-14 00:49:57] current cache size: 47844, finished: 0
[2026-04-14 00:49:57] current cache size: 47853, finished: 0
[2026-04-14 00:49:57] current cache size: 47860, finished: 0
[2026-04-14 00:49:57] current cache size: 47869, finished: 0
[2026-04-14 00:49:58] current cache size: 47874, finished: 0
[2026-04-14 00:49:58] current cache size: 47881, finished: 0
[2026-04-14 00:49:58] current cache size: 47889, finished: 0
[2026-04-14 00:49:58] current cache size: 47900, finished: 0
[2026-04-14 00:49:58] current cache size: 47907, finished: 0
[2026-04-14 00:49:59] current cache size: 47914, finished: 0
[2026-04-14 00:49:59] current cache size: 47925, finished: 0
[2026-04-14 00:49:59] current cache size: 47936, finished: 0
[2026-04-14 00:49:59] current cache size: 47942, finished: 0
[2026-04-14 00:49:59] current cache size: 47950, finished: 0
[2026-04-14 00:50:00] current cache size: 47964, finished: 0
[2026-04-14 00:50:00] current cache size: 47972, finished: 0
[2026-04-14 00:50:00] current cache size: 47983, finished: 0
[2026-04-14 00:50:00] current cache size: 47990, finished: 0
[2026-04-14 00:50:00] current cache size: 48004, finished: 0
[2026-04-14 00:50:01] current cache size: 48011, finished: 0
[2026-04-14 00:50:01] current cache size: 48023, finished: 0
[2026-04-14 00:50:01] current cache size: 48029, finished: 0
[2026-04-14 00:50:01] current cache size: 48036, finished: 0
[2026-04-14 00:50:01] current cache size: 48050, finished: 0
[2026-04-14 00:50:02] current cache size: 48064, finished: 0
[2026-04-14 00:50:02] current cache size: 48079, finished: 0
[2026-04-14 00:50:02] current cache size: 48090, finished: 0
[2026-04-14 00:50:02] current cache size: 48097, finished: 0
[2026-04-14 00:50:02] current cache size: 48110, finished: 0
[2026-04-14 00:50:02] current cache size: 48123, finished: 0
[2026-04-14 00:50:03] current cache size: 48129, finished: 0
[2026-04-14 00:50:03] current cache size: 48143, finished: 0
[2026-04-14 00:50:03] current cache size: 48158, finished: 0
[2026-04-14 00:50:03] current cache size: 48167, finished: 0
[2026-04-14 00:50:03] current cache size: 48177, finished: 0
[2026-04-14 00:50:04] current cache size: 48182, finished: 0
[2026-04-14 00:50:04] current cache size: 48190, finished: 0
[2026-04-14 00:50:04] current cache size: 48205, finished: 0
[2026-04-14 00:50:04] current cache size: 48214, finished: 0
[2026-04-14 00:50:04] current cache size: 48219, finished: 0
[2026-04-14 00:50:05] current cache size: 48230, finished: 0
[2026-04-14 00:50:05] current cache size: 48243, finished: 0
[2026-04-14 00:50:05] current cache size: 48256, finished: 0
[2026-04-14 00:50:05] current cache size: 48264, finished: 0
[2026-04-14 00:50:05] current cache size: 48277, finished: 0
[2026-04-14 00:50:06] current cache size: 48292, finished: 0
[2026-04-14 00:50:06] current cache size: 48299, finished: 0
[2026-04-14 00:50:06] current cache size: 48303, finished: 0
[2026-04-14 00:50:06] current cache size: 48314, finished: 0
[2026-04-14 00:50:06] current cache size: 48325, finished: 0
[2026-04-14 00:50:07] current cache size: 48332, finished: 0
[2026-04-14 00:50:07] current cache size: 48343, finished: 0
[2026-04-14 00:50:07] current cache size: 48355, finished: 0
[2026-04-14 00:50:07] current cache size: 48366, finished: 0
[2026-04-14 00:50:07] current cache size: 48378, finished: 0
[2026-04-14 00:50:07] current cache size: 48389, finished: 0
[2026-04-14 00:50:08] current cache size: 48395, finished: 0
[2026-04-14 00:50:08] current cache size: 48408, finished: 0
[2026-04-14 00:50:08] current cache size: 48411, finished: 0
[2026-04-14 00:50:08] current cache size: 48421, finished: 0
[2026-04-14 00:50:08] current cache size: 48429, finished: 0
[2026-04-14 00:50:09] current cache size: 48442, finished: 0
[2026-04-14 00:50:09] current cache size: 48458, finished: 0
[2026-04-14 00:50:09] current cache size: 48470, finished: 0
[2026-04-14 00:50:09] current cache size: 48479, finished: 0
[2026-04-14 00:50:09] current cache size: 48496, finished: 0
[2026-04-14 00:50:10] current cache size: 48515, finished: 0
[2026-04-14 00:50:10] current cache size: 48531, finished: 0
[2026-04-14 00:50:10] current cache size: 48545, finished: 0
[2026-04-14 00:50:10] current cache size: 48563, finished: 0
[2026-04-14 00:50:10] current cache size: 48571, finished: 0
[2026-04-14 00:50:11] current cache size: 48584, finished: 0
[2026-04-14 00:50:11] current cache size: 48600, finished: 0
[2026-04-14 00:50:11] current cache size: 48612, finished: 0
[2026-04-14 00:50:11] current cache size: 48624, finished: 0
[2026-04-14 00:50:11] current cache size: 48636, finished: 0
[2026-04-14 00:50:11] current cache size: 48648, finished: 0
[2026-04-14 00:50:12] current cache size: 48659, finished: 0
[2026-04-14 00:50:12] current cache size: 48676, finished: 0
[2026-04-14 00:50:12] current cache size: 48690, finished: 0
[2026-04-14 00:50:12] current cache size: 48702, finished: 0
[2026-04-14 00:50:12] current cache size: 48717, finished: 0
[2026-04-14 00:50:13] current cache size: 48724, finished: 0
[2026-04-14 00:50:13] current cache size: 48742, finished: 0
[2026-04-14 00:50:13] current cache size: 48754, finished: 0
[2026-04-14 00:50:13] current cache size: 48763, finished: 0
[2026-04-14 00:50:13] current cache size: 48777, finished: 0
[2026-04-14 00:50:14] current cache size: 48792, finished: 0
[2026-04-14 00:50:14] current cache size: 48812, finished: 0
[2026-04-14 00:50:14] current cache size: 48824, finished: 0
[2026-04-14 00:50:14] current cache size: 48838, finished: 0
[2026-04-14 00:50:14] current cache size: 48846, finished: 0
[2026-04-14 00:50:15] current cache size: 48855, finished: 0
[2026-04-14 00:50:15] current cache size: 48859, finished: 0
[2026-04-14 00:50:15] current cache size: 48872, finished: 0
[2026-04-14 00:50:15] current cache size: 48878, finished: 0
[2026-04-14 00:50:15] current cache size: 48884, finished: 0
[2026-04-14 00:50:15] current cache size: 48891, finished: 0
[2026-04-14 00:50:16] current cache size: 48894, finished: 0
[2026-04-14 00:50:16] current cache size: 48898, finished: 0
[2026-04-14 00:50:16] current cache size: 48913, finished: 0
[2026-04-14 00:50:16] current cache size: 48921, finished: 0
[2026-04-14 00:50:16] current cache size: 48926, finished: 0
[2026-04-14 00:50:17] current cache size: 48930, finished: 0
[2026-04-14 00:50:17] current cache size: 48935, finished: 0
[2026-04-14 00:50:17] current cache size: 48947, finished: 0
[2026-04-14 00:50:17] current cache size: 48952, finished: 0
[2026-04-14 00:50:17] current cache size: 48960, finished: 0
[2026-04-14 00:50:18] current cache size: 48968, finished: 0
[2026-04-14 00:50:18] current cache size: 48978, finished: 0
[2026-04-14 00:50:18] current cache size: 48989, finished: 0
[2026-04-14 00:50:18] current cache size: 48998, finished: 0
[2026-04-14 00:50:18] current cache size: 49007, finished: 0
[2026-04-14 00:50:19] current cache size: 49012, finished: 0
[2026-04-14 00:50:19] current cache size: 49017, finished: 0
[2026-04-14 00:50:19] current cache size: 49023, finished: 0
[2026-04-14 00:50:19] current cache size: 49032, finished: 0
[2026-04-14 00:50:19] current cache size: 49041, finished: 0
[2026-04-14 00:50:20] current cache size: 49049, finished: 0
[2026-04-14 00:50:20] current cache size: 49058, finished: 0
[2026-04-14 00:50:20] current cache size: 49062, finished: 0
[2026-04-14 00:50:20] current cache size: 49069, finished: 0
[2026-04-14 00:50:20] current cache size: 49076, finished: 0
[2026-04-14 00:50:20] current cache size: 49086, finished: 0
[2026-04-14 00:50:21] current cache size: 49094, finished: 0
[2026-04-14 00:50:21] current cache size: 49100, finished: 0
[2026-04-14 00:50:21] current cache size: 49107, finished: 0
[2026-04-14 00:50:21] current cache size: 49113, finished: 0
[2026-04-14 00:50:21] current cache size: 49120, finished: 0
[2026-04-14 00:50:22] current cache size: 49133, finished: 0
[INCREMENTAL] cache size: 49139, finished scales: 0/1
[GRASP DEBUG] step=4400 grav=(0,0,9.81) | cond1(dist<0.1)=900/1024 cond2(>=2 forces>0.2)=6/1024 cond3(quat<thresh)=340/1024 all=6/1024 | ft_dist mean=0.0645 max=0.3225 | force mean=0.0581 max=51.3113
[GRASP DEBUG env0] obj_pos=[-0.08044815063476562, 0.010408401489257812, 0.6444254517555237]
[GRASP DEBUG env0]   ft0 pos=[-0.034961700439453125, 0.04512500762939453, 0.6399831771850586] dist=0.0574
[GRASP DEBUG env0]   ft1 pos=[-0.1004934310913086, 0.025945663452148438, 0.6042040586471558] dist=0.0475
[GRASP DEBUG env0]   ft2 pos=[-0.09000301361083984, 0.003998756408691406, 0.6028440594673157] dist=0.0431
[GRASP DEBUG env0]   ft3 pos=[-0.07477092742919922, -0.016000747680664062, 0.598906934261322] dist=0.0529
[GRASP DEBUG env0]   ft4 pos=[-0.07600116729736328, -0.03600120544433594, 0.6008571982383728] dist=0.0638
[2026-04-14 00:50:22] current cache size: 49139, finished: 0
[2026-04-14 00:50:22] current cache size: 49148, finished: 0
[2026-04-14 00:50:22] current cache size: 49161, finished: 0
[2026-04-14 00:50:22] current cache size: 49175, finished: 0
[2026-04-14 00:50:23] current cache size: 49188, finished: 0
[2026-04-14 00:50:23] current cache size: 49207, finished: 0
[2026-04-14 00:50:23] current cache size: 49221, finished: 0
[2026-04-14 00:50:23] current cache size: 49245, finished: 0
[2026-04-14 00:50:23] current cache size: 49256, finished: 0
[2026-04-14 00:50:24] current cache size: 49265, finished: 0
[2026-04-14 00:50:24] current cache size: 49283, finished: 0
[2026-04-14 00:50:24] current cache size: 49299, finished: 0
[2026-04-14 00:50:24] current cache size: 49315, finished: 0
[2026-04-14 00:50:24] current cache size: 49330, finished: 0
[2026-04-14 00:50:24] current cache size: 49346, finished: 0
[2026-04-14 00:50:25] current cache size: 49368, finished: 0
[2026-04-14 00:50:25] current cache size: 49385, finished: 0
[2026-04-14 00:50:25] current cache size: 49406, finished: 0
[2026-04-14 00:50:25] current cache size: 49429, finished: 0
[2026-04-14 00:50:25] current cache size: 49443, finished: 0
[2026-04-14 00:50:26] current cache size: 49468, finished: 0
[2026-04-14 00:50:26] current cache size: 49485, finished: 0
[2026-04-14 00:50:26] current cache size: 49505, finished: 0
[2026-04-14 00:50:26] current cache size: 49519, finished: 0
[2026-04-14 00:50:26] current cache size: 49533, finished: 0
[2026-04-14 00:50:27] current cache size: 49553, finished: 0
[2026-04-14 00:50:27] current cache size: 49565, finished: 0
[2026-04-14 00:50:27] current cache size: 49580, finished: 0
[2026-04-14 00:50:27] current cache size: 49600, finished: 0
[2026-04-14 00:50:27] current cache size: 49617, finished: 0
[2026-04-14 00:50:28] current cache size: 49634, finished: 0
[2026-04-14 00:50:28] current cache size: 49650, finished: 0
[2026-04-14 00:50:28] current cache size: 49672, finished: 0
[2026-04-14 00:50:28] current cache size: 49690, finished: 0
[2026-04-14 00:50:28] current cache size: 49713, finished: 0
[2026-04-14 00:50:29] current cache size: 49735, finished: 0
[2026-04-14 00:50:29] current cache size: 49755, finished: 0
[2026-04-14 00:50:29] current cache size: 49776, finished: 0
[2026-04-14 00:50:29] current cache size: 49795, finished: 0
[2026-04-14 00:50:29] current cache size: 49809, finished: 0
[2026-04-14 00:50:29] current cache size: 49829, finished: 0
[2026-04-14 00:50:30] current cache size: 49840, finished: 0
[2026-04-14 00:50:30] current cache size: 49851, finished: 0
[2026-04-14 00:50:30] current cache size: 49859, finished: 0
[2026-04-14 00:50:30] current cache size: 49873, finished: 0
[2026-04-14 00:50:30] current cache size: 49886, finished: 0
[2026-04-14 00:50:31] current cache size: 49898, finished: 0
[2026-04-14 00:50:31] current cache size: 49909, finished: 0
[2026-04-14 00:50:31] current cache size: 49914, finished: 0
[2026-04-14 00:50:31] current cache size: 49927, finished: 0
[2026-04-14 00:50:31] current cache size: 49933, finished: 0
[2026-04-14 00:50:32] current cache size: 49942, finished: 0
[2026-04-14 00:50:32] current cache size: 49954, finished: 0
[2026-04-14 00:50:32] current cache size: 49962, finished: 0
[2026-04-14 00:50:32] current cache size: 49968, finished: 0
[2026-04-14 00:50:32] current cache size: 49973, finished: 0
[2026-04-14 00:50:33] current cache size: 49985, finished: 0
[2026-04-14 00:50:33] current cache size: 49998, finished: 0
[2026-04-14 00:50:33] current cache size: 50000, finished: 1
done!
Loading user config located at: '/home/lingfeng/playground/sharpa-rl-lab/.pixi/envs/default/lib/python3.11/site-packages/isaacsim/kit/data/Kit/Isaac-Sim/5.1/user.config.json'
[Info] [carb] Logging to file: /home/lingfeng/playground/sharpa-rl-lab/.pixi/envs/default/lib/python3.11/site-packages/isaacsim/kit/logs/Kit/Isaac-Sim/5.1/kit_20260414_003607.log
2026-04-14T04:36:07Z [58ms] [Warning] [omni.usd_config.extension] Enable omni.materialx.libs extension to use MaterialX
2026-04-14T04:36:07Z [218ms] [Warning] [omni.platforminfo.plugin] failed to open the default display.  Can't verify X Server version.
2026-04-14T04:36:07Z [310ms] [Warning] [carb] Acquiring non optional plugin interface which is not listed as dependency: [omni::physx::IPhysxBenchmarks v1.0] (plugin: <default plugin>), by client: omni.physics.physx.plugin. Add it to CARB_PLUGIN_IMPL_DEPS() macro of a client.
2026-04-14T04:36:07Z [314ms] [Warning] [omni.isaac.dynamic_control] omni.isaac.dynamic_control is deprecated as of Isaac Sim 4.5. No action is needed from end-users.

|---------------------------------------------------------------------------------------------|
| Driver Version: 580.126.09    | Graphics API: Vulkan
|=============================================================================================|
| GPU | Name                             | Active | LDA | GPU Memory | Vendor-ID | LUID       |
|     |                                  |        |     |            | Device-ID | UUID       |
|     |                                  |        |     |            | Bus-ID    |            |
|---------------------------------------------------------------------------------------------|
| 0   | NVIDIA GeForce RTX 5090          | Yes: 0 |     | 32607   MB | 10de      | 0          |
|     |                                  |        |     |            | 2b85      | 73366f21.. |
|     |                                  |        |     |            | 1         |            |
|=============================================================================================|
| OS: 24.04.3 LTS (Noble Numbat) ubuntu, Version: 24.04.3, Kernel: 6.17.0-19-generic
| Processor: AMD Ryzen 9 9900X 12-Core Processor
| Cores: 12 | Logical Cores: 24
|---------------------------------------------------------------------------------------------|
| Total Memory (MB): 61829 | Free Memory: 55161
| Total Page/Swap (MB): 8191 | Free Page/Swap: 8191
|---------------------------------------------------------------------------------------------|
2026-04-14T04:36:09Z [2,232ms] [Warning] [gpu.foundation.plugin] CPU performance profile is set to powersave. This profile sets the CPU to the lowest frequency reducing performance.
2026-04-14T04:36:09Z [2,243ms] [Warning] [gpu.foundation.plugin] IOMMU is enabled.
2026-04-14T04:36:18Z [11,415ms] [Warning] [rl_isaaclab.tasks.inhand_rotate.sharpa_wave_env] cfg.num_hand_materials=30 but physx reports 390; using actual.
2026-04-14T04:36:18Z [11,614ms] [Warning] [omni.physx.fabric.plugin] FabricManager::initializePointInstancer mismatched prototypes on point instancer: /Visuals/CylinderAxes.
2026-04-14T04:50:33Z [866,381ms] [Warning] [omni.physx.plugin] USD stage detach not called, holding a loose ptr to a stage!
2026-04-14T04:50:34Z [867,068ms] [Warning] [carb] Recursive unloadAllPlugins() detected!
