[INFO][AppLauncher]: Using device: cuda:0
[INFO][AppLauncher]: Loading experience file: /home/lingfeng/playground/sharpa-rl-lab/.pixi/envs/default/lib/python3.11/site-packages/isaaclab/apps/isaaclab.python.headless.kit
[INFO]: Parsing configuration from: rl_isaaclab.tasks.inhand_rotate.xhand_grasp_env_cfg:XhandGraspEnvCfg
[INFO]: Parsing configuration from: /home/lingfeng/playground/sharpa-rl-lab/rl_isaaclab/tasks/inhand_rotate/agents/ppo_cfg.yaml

[36m======================================================================================[0m
[36m[1m[INFO][IsaacLab]: Logging to file: /tmp/isaaclab/logs/isaaclab_2026-04-14_01-09-57.log[0m
[36m======================================================================================[0m

[33m01:09:57 [simulation_context.py] WARNING: The `enable_external_forces_every_iteration` parameter in the PhysxCfg is set to False. If you are experiencing noisy velocities, consider enabling this flag. You may need to slightly increase the number of velocity iterations (setting it to 1 or 2 rather than 0), together with this flag, to improve the accuracy of velocity updates.[0m
[INFO]: Base environment:
	Environment device    : cuda:0
	Environment seed      : 42
	Physics step-size     : 0.004166666666666667
	Rendering step-size   : 0.008333333333333333
	Environment step-size : 0.05
[33m01:09:57 [direct_rl_env.py] WARNING: The render interval (2) is smaller than the decimation (12). Multiple render calls will happen for each environment step.If this is not intended, set the render interval to be equal to the decimation.[0m
[33m01:09:57 [prims.py] WARNING: Could not perform 'modify_collision_properties' on any prims under: '/World/envs/env_0/Robot'. This might be because of the following reasons:
	(1) The desired attribute does not exist on any of the prims.
	(2) The desired attribute exists on an instanced prim.
		Discovered list of instanced prim paths: ['/World/envs/env_0/Robot/right_hand_link/visuals', '/World/envs/env_0/Robot/right_hand_link/collisions', '/World/envs/env_0/Robot/right_hand_back_link/visuals', '/World/envs/env_0/Robot/right_hand_back_link/collisions', '/World/envs/env_0/Robot/right_hand_ee_link/visuals', '/World/envs/env_0/Robot/right_hand_ee_link/collisions', '/World/envs/env_0/Robot/right_hand_index_bend_link/visuals', '/World/envs/env_0/Robot/right_hand_index_bend_link/collisions', '/World/envs/env_0/Robot/right_hand_index_rota_link1/visuals', '/World/envs/env_0/Robot/right_hand_index_rota_link1/collisions', '/World/envs/env_0/Robot/right_hand_index_rota_link2/visuals', '/World/envs/env_0/Robot/right_hand_index_rota_link2/collisions', '/World/envs/env_0/Robot/right_hand_index_rota_tip/visuals', '/World/envs/env_0/Robot/right_hand_index_rota_tip/collisions', '/World/envs/env_0/Robot/right_hand_index_rotaback_link2/visuals', '/World/envs/env_0/Robot/right_hand_index_rotaback_link2/collisions', '/World/envs/env_0/Robot/right_hand_index_rotaback_link1/visuals', '/World/envs/env_0/Robot/right_hand_index_rotaback_link1/collisions', '/World/envs/env_0/Robot/right_hand_mid_link1/visuals', '/World/envs/env_0/Robot/right_hand_mid_link1/collisions', '/World/envs/env_0/Robot/right_hand_mid_link2/visuals', '/World/envs/env_0/Robot/right_hand_mid_link2/collisions', '/World/envs/env_0/Robot/right_hand_mid_tip/visuals', '/World/envs/env_0/Robot/right_hand_mid_tip/collisions', '/World/envs/env_0/Robot/right_hand_midback_link2/visuals', '/World/envs/env_0/Robot/right_hand_midback_link2/collisions', '/World/envs/env_0/Robot/right_hand_midback_link1/visuals', '/World/envs/env_0/Robot/right_hand_midback_link1/collisions', '/World/envs/env_0/Robot/right_hand_pinky_link1/visuals', '/World/envs/env_0/Robot/right_hand_pinky_link1/collisions', '/World/envs/env_0/Robot/right_hand_pinky_link2/visuals', '/World/envs/env_0/Robot/right_hand_pinky_link2/collisions', '/World/envs/env_0/Robot/right_hand_pinky_tip/visuals', '/World/envs/env_0/Robot/right_hand_pinky_tip/collisions', '/World/envs/env_0/Robot/right_hand_pinkyback_link2/visuals', '/World/envs/env_0/Robot/right_hand_pinkyback_link2/collisions', '/World/envs/env_0/Robot/right_hand_pinkyback_link1/visuals', '/World/envs/env_0/Robot/right_hand_pinkyback_link1/collisions', '/World/envs/env_0/Robot/right_hand_ring_link1/visuals', '/World/envs/env_0/Robot/right_hand_ring_link1/collisions', '/World/envs/env_0/Robot/right_hand_ring_link2/visuals', '/World/envs/env_0/Robot/right_hand_ring_link2/collisions', '/World/envs/env_0/Robot/right_hand_ring_tip/visuals', '/World/envs/env_0/Robot/right_hand_ring_tip/collisions', '/World/envs/env_0/Robot/right_hand_ringback_link2/visuals', '/World/envs/env_0/Robot/right_hand_ringback_link2/collisions', '/World/envs/env_0/Robot/right_hand_ringback_link1/visuals', '/World/envs/env_0/Robot/right_hand_ringback_link1/collisions', '/World/envs/env_0/Robot/right_hand_thumb_bend_link/visuals', '/World/envs/env_0/Robot/right_hand_thumb_bend_link/collisions', '/World/envs/env_0/Robot/right_hand_thumb_rota_link1/visuals', '/World/envs/env_0/Robot/right_hand_thumb_rota_link1/collisions', '/World/envs/env_0/Robot/right_hand_thumb_rota_link2/visuals', '/World/envs/env_0/Robot/right_hand_thumb_rota_link2/collisions', '/World/envs/env_0/Robot/right_hand_thumb_rota_tip/visuals', '/World/envs/env_0/Robot/right_hand_thumb_rota_tip/collisions', '/World/envs/env_0/Robot/right_hand_thumb_rotaback_link2/visuals', '/World/envs/env_0/Robot/right_hand_thumb_rotaback_link2/collisions', '/World/envs/env_0/Robot/right_hand_thumb_rotaback_link1/visuals', '/World/envs/env_0/Robot/right_hand_thumb_rotaback_link1/collisions'][0m
[33m01:10:00 [interactive_scene.py] WARNING: Collision filtering can only be automatically enabled when replicate_physics=True and using GPU simulation. Please call scene.filter_collisions(global_prim_paths) to filter collisions across environments.[0m
[INFO]: Time taken for scene creation : 3.509979 seconds
[INFO]: Scene manager:  <class InteractiveScene>
	Number of environments: 1024
	Environment spacing   : 0.75
	Source prim name      : /World/envs/env_0
	Global prim paths     : []
	Replicate physics     : False
[INFO]: Starting the simulation. This may take a few seconds. Please wait...
[INFO]: Time taken for simulation start : 4.707343 seconds
[INFO] Event Manager:  <EventManager> contains 1 active terms.
+----------------------------------------+
| Active Event Terms in Mode: 'prestartup' |
+-----------+----------------------------+
|   Index   | Name                       |
+-----------+----------------------------+
|     0     | randomize_scale            |
+-----------+----------------------------+

[INFO]: Completed setting up the environment...
[2026-04-14 01:10:05] current cache size: 0, finished: 0
[2026-04-14 01:10:05] current cache size: 0, finished: 0
[2026-04-14 01:10:06] current cache size: 22, finished: 0
[2026-04-14 01:10:06] current cache size: 27, finished: 0
[2026-04-14 01:10:06] current cache size: 35, finished: 0
[2026-04-14 01:10:07] current cache size: 44, finished: 0
[2026-04-14 01:10:07] current cache size: 49, finished: 0
[2026-04-14 01:10:07] current cache size: 60, finished: 0
[2026-04-14 01:10:07] current cache size: 67, finished: 0
[2026-04-14 01:10:08] current cache size: 74, finished: 0
[2026-04-14 01:10:08] current cache size: 82, finished: 0
[2026-04-14 01:10:08] current cache size: 92, finished: 0
[2026-04-14 01:10:08] current cache size: 101, finished: 0
[2026-04-14 01:10:08] current cache size: 114, finished: 0
[2026-04-14 01:10:09] current cache size: 116, finished: 0
[2026-04-14 01:10:09] current cache size: 119, finished: 0
[2026-04-14 01:10:09] current cache size: 135, finished: 0
[2026-04-14 01:10:09] current cache size: 144, finished: 0
[2026-04-14 01:10:09] current cache size: 152, finished: 0
[2026-04-14 01:10:10] current cache size: 155, finished: 0
[2026-04-14 01:10:10] current cache size: 162, finished: 0
[2026-04-14 01:10:10] current cache size: 171, finished: 0
[2026-04-14 01:10:10] current cache size: 175, finished: 0
[2026-04-14 01:10:10] current cache size: 186, finished: 0
[2026-04-14 01:10:11] current cache size: 199, finished: 0
[2026-04-14 01:10:11] current cache size: 211, finished: 0
[2026-04-14 01:10:11] current cache size: 224, finished: 0
[2026-04-14 01:10:11] current cache size: 234, finished: 0
[2026-04-14 01:10:11] current cache size: 243, finished: 0
[2026-04-14 01:10:11] current cache size: 247, finished: 0
[2026-04-14 01:10:12] current cache size: 257, finished: 0
[2026-04-14 01:10:12] current cache size: 265, finished: 0
[2026-04-14 01:10:12] current cache size: 274, finished: 0
[2026-04-14 01:10:12] current cache size: 282, finished: 0
[2026-04-14 01:10:12] current cache size: 291, finished: 0
[2026-04-14 01:10:13] current cache size: 304, finished: 0
[2026-04-14 01:10:13] current cache size: 318, finished: 0
[2026-04-14 01:10:13] current cache size: 330, finished: 0
[2026-04-14 01:10:13] current cache size: 338, finished: 0
[2026-04-14 01:10:13] current cache size: 348, finished: 0
[2026-04-14 01:10:14] current cache size: 357, finished: 0
[2026-04-14 01:10:14] current cache size: 367, finished: 0
[2026-04-14 01:10:14] current cache size: 370, finished: 0
[2026-04-14 01:10:14] current cache size: 373, finished: 0
[2026-04-14 01:10:14] current cache size: 378, finished: 0
[2026-04-14 01:10:15] current cache size: 385, finished: 0
[2026-04-14 01:10:15] current cache size: 391, finished: 0
[2026-04-14 01:10:15] current cache size: 399, finished: 0
[2026-04-14 01:10:15] current cache size: 406, finished: 0
[2026-04-14 01:10:15] current cache size: 408, finished: 0
[2026-04-14 01:10:15] current cache size: 412, finished: 0
[2026-04-14 01:10:16] current cache size: 420, finished: 0
[2026-04-14 01:10:16] current cache size: 424, finished: 0
[2026-04-14 01:10:16] current cache size: 429, finished: 0
[2026-04-14 01:10:16] current cache size: 432, finished: 0
[2026-04-14 01:10:16] current cache size: 434, finished: 0
[2026-04-14 01:10:17] current cache size: 435, finished: 0
[2026-04-14 01:10:17] current cache size: 437, finished: 0
[2026-04-14 01:10:17] current cache size: 446, finished: 0
[2026-04-14 01:10:17] current cache size: 455, finished: 0
[2026-04-14 01:10:17] current cache size: 457, finished: 0
[2026-04-14 01:10:18] current cache size: 460, finished: 0
[2026-04-14 01:10:18] current cache size: 465, finished: 0
[2026-04-14 01:10:18] current cache size: 467, finished: 0
[2026-04-14 01:10:18] current cache size: 471, finished: 0
[2026-04-14 01:10:18] current cache size: 477, finished: 0
[2026-04-14 01:10:19] current cache size: 478, finished: 0
[2026-04-14 01:10:19] current cache size: 483, finished: 0
[2026-04-14 01:10:19] current cache size: 495, finished: 0
[2026-04-14 01:10:19] current cache size: 501, finished: 0
[2026-04-14 01:10:19] current cache size: 507, finished: 0
[2026-04-14 01:10:20] current cache size: 509, finished: 0
[2026-04-14 01:10:20] current cache size: 511, finished: 0
[2026-04-14 01:10:20] current cache size: 512, finished: 0
[2026-04-14 01:10:20] current cache size: 517, finished: 0
[2026-04-14 01:10:20] current cache size: 521, finished: 0
[2026-04-14 01:10:21] current cache size: 527, finished: 0
[2026-04-14 01:10:21] current cache size: 528, finished: 0
[2026-04-14 01:10:21] current cache size: 530, finished: 0
[2026-04-14 01:10:21] current cache size: 535, finished: 0
[2026-04-14 01:10:21] current cache size: 539, finished: 0
[2026-04-14 01:10:22] current cache size: 545, finished: 0
[2026-04-14 01:10:22] current cache size: 558, finished: 0
[2026-04-14 01:10:22] current cache size: 571, finished: 0
[2026-04-14 01:10:22] current cache size: 588, finished: 0
[2026-04-14 01:10:22] current cache size: 603, finished: 0
[2026-04-14 01:10:22] current cache size: 612, finished: 0
[2026-04-14 01:10:23] current cache size: 619, finished: 0
[2026-04-14 01:10:23] current cache size: 630, finished: 0
[2026-04-14 01:10:23] current cache size: 642, finished: 0
[2026-04-14 01:10:23] current cache size: 653, finished: 0
[2026-04-14 01:10:23] current cache size: 665, finished: 0
[2026-04-14 01:10:24] current cache size: 678, finished: 0
[2026-04-14 01:10:24] current cache size: 690, finished: 0
[2026-04-14 01:10:24] current cache size: 704, finished: 0
[2026-04-14 01:10:24] current cache size: 716, finished: 0
[2026-04-14 01:10:24] current cache size: 729, finished: 0
[2026-04-14 01:10:25] current cache size: 742, finished: 0
[2026-04-14 01:10:25] current cache size: 750, finished: 0
[2026-04-14 01:10:25] current cache size: 758, finished: 0
[2026-04-14 01:10:25] current cache size: 774, finished: 0
[2026-04-14 01:10:25] current cache size: 786, finished: 0
[2026-04-14 01:10:26] current cache size: 809, finished: 0
[2026-04-14 01:10:26] current cache size: 816, finished: 0
[2026-04-14 01:10:26] current cache size: 827, finished: 0
[2026-04-14 01:10:26] current cache size: 835, finished: 0
[2026-04-14 01:10:26] current cache size: 841, finished: 0
[2026-04-14 01:10:27] current cache size: 851, finished: 0
[2026-04-14 01:10:27] current cache size: 862, finished: 0
[2026-04-14 01:10:27] current cache size: 873, finished: 0
[2026-04-14 01:10:27] current cache size: 888, finished: 0
[2026-04-14 01:10:27] current cache size: 898, finished: 0
[2026-04-14 01:10:27] current cache size: 908, finished: 0
[2026-04-14 01:10:28] current cache size: 915, finished: 0
[2026-04-14 01:10:28] current cache size: 925, finished: 0
[2026-04-14 01:10:28] current cache size: 936, finished: 0
[2026-04-14 01:10:28] current cache size: 949, finished: 0
[2026-04-14 01:10:28] current cache size: 967, finished: 0
[2026-04-14 01:10:29] current cache size: 977, finished: 0
[2026-04-14 01:10:29] current cache size: 988, finished: 0
[2026-04-14 01:10:29] current cache size: 1009, finished: 0
[2026-04-14 01:10:29] current cache size: 1018, finished: 0
[2026-04-14 01:10:29] current cache size: 1030, finished: 0
[2026-04-14 01:10:30] current cache size: 1043, finished: 0
[2026-04-14 01:10:30] current cache size: 1049, finished: 0
[2026-04-14 01:10:30] current cache size: 1061, finished: 0
[2026-04-14 01:10:30] current cache size: 1074, finished: 0
[2026-04-14 01:10:30] current cache size: 1084, finished: 0
[2026-04-14 01:10:31] current cache size: 1090, finished: 0
[2026-04-14 01:10:31] current cache size: 1098, finished: 0
[2026-04-14 01:10:31] current cache size: 1112, finished: 0
[2026-04-14 01:10:31] current cache size: 1123, finished: 0
[2026-04-14 01:10:31] current cache size: 1140, finished: 0
[2026-04-14 01:10:31] current cache size: 1155, finished: 0
[2026-04-14 01:10:32] current cache size: 1171, finished: 0
[2026-04-14 01:10:32] current cache size: 1190, finished: 0
[2026-04-14 01:10:32] current cache size: 1199, finished: 0
[2026-04-14 01:10:32] current cache size: 1213, finished: 0
[2026-04-14 01:10:32] current cache size: 1219, finished: 0
[2026-04-14 01:10:33] current cache size: 1229, finished: 0
[2026-04-14 01:10:33] current cache size: 1244, finished: 0
[2026-04-14 01:10:33] current cache size: 1250, finished: 0
[2026-04-14 01:10:33] current cache size: 1259, finished: 0
[2026-04-14 01:10:33] current cache size: 1274, finished: 0
[2026-04-14 01:10:34] current cache size: 1287, finished: 0
[2026-04-14 01:10:34] current cache size: 1293, finished: 0
[2026-04-14 01:10:34] current cache size: 1303, finished: 0
[2026-04-14 01:10:34] current cache size: 1313, finished: 0
[2026-04-14 01:10:34] current cache size: 1325, finished: 0
[2026-04-14 01:10:35] current cache size: 1336, finished: 0
[2026-04-14 01:10:35] current cache size: 1347, finished: 0
[2026-04-14 01:10:35] current cache size: 1360, finished: 0
[2026-04-14 01:10:35] current cache size: 1373, finished: 0
[2026-04-14 01:10:35] current cache size: 1388, finished: 0
[2026-04-14 01:10:36] current cache size: 1396, finished: 0
[2026-04-14 01:10:36] current cache size: 1401, finished: 0
[2026-04-14 01:10:36] current cache size: 1414, finished: 0
[2026-04-14 01:10:36] current cache size: 1429, finished: 0
[2026-04-14 01:10:36] current cache size: 1434, finished: 0
[2026-04-14 01:10:36] current cache size: 1447, finished: 0
[2026-04-14 01:10:37] current cache size: 1458, finished: 0
[2026-04-14 01:10:37] current cache size: 1465, finished: 0
[2026-04-14 01:10:37] current cache size: 1475, finished: 0
[2026-04-14 01:10:37] current cache size: 1486, finished: 0
[2026-04-14 01:10:37] current cache size: 1502, finished: 0
[2026-04-14 01:10:38] current cache size: 1518, finished: 0
[2026-04-14 01:10:38] current cache size: 1532, finished: 0
[2026-04-14 01:10:38] current cache size: 1551, finished: 0
[2026-04-14 01:10:38] current cache size: 1561, finished: 0
[2026-04-14 01:10:38] current cache size: 1576, finished: 0
[2026-04-14 01:10:39] current cache size: 1582, finished: 0
[2026-04-14 01:10:39] current cache size: 1595, finished: 0
[2026-04-14 01:10:39] current cache size: 1604, finished: 0
[2026-04-14 01:10:39] current cache size: 1623, finished: 0
[2026-04-14 01:10:39] current cache size: 1631, finished: 0
[2026-04-14 01:10:39] current cache size: 1643, finished: 0
[2026-04-14 01:10:40] current cache size: 1657, finished: 0
[2026-04-14 01:10:40] current cache size: 1674, finished: 0
[2026-04-14 01:10:40] current cache size: 1693, finished: 0
[2026-04-14 01:10:40] current cache size: 1707, finished: 0
[2026-04-14 01:10:40] current cache size: 1717, finished: 0
[2026-04-14 01:10:41] current cache size: 1736, finished: 0
[2026-04-14 01:10:41] current cache size: 1751, finished: 0
[2026-04-14 01:10:41] current cache size: 1768, finished: 0
[2026-04-14 01:10:41] current cache size: 1783, finished: 0
[2026-04-14 01:10:41] current cache size: 1797, finished: 0
[2026-04-14 01:10:42] current cache size: 1809, finished: 0
[2026-04-14 01:10:42] current cache size: 1821, finished: 0
[2026-04-14 01:10:42] current cache size: 1832, finished: 0
[2026-04-14 01:10:42] current cache size: 1843, finished: 0
[2026-04-14 01:10:42] current cache size: 1853, finished: 0
[2026-04-14 01:10:43] current cache size: 1860, finished: 0
[2026-04-14 01:10:43] current cache size: 1871, finished: 0
[2026-04-14 01:10:43] current cache size: 1881, finished: 0
[2026-04-14 01:10:43] current cache size: 1888, finished: 0
[2026-04-14 01:10:43] current cache size: 1904, finished: 0
[2026-04-14 01:10:44] current cache size: 1920, finished: 0
[2026-04-14 01:10:44] current cache size: 1941, finished: 0
[2026-04-14 01:10:44] current cache size: 1949, finished: 0
[2026-04-14 01:10:44] current cache size: 1960, finished: 0
[2026-04-14 01:10:44] current cache size: 1977, finished: 0
[INCREMENTAL] cache size: 1983, finished scales: 0/1
[GRASP DEBUG] step=200 grav=(0,-9.81,0) | cond1(dist<0.1)=997/1024 cond2(>=2 forces>0.2)=6/1024 cond3(quat<thresh)=650/1024 all=6/1024 | ft_dist mean=0.0625 max=0.1903 | force mean=0.0454 max=10.7412
[GRASP DEBUG env0] obj_pos=[-0.04659080505371094, -0.0093536376953125, 0.6359958648681641]
[GRASP DEBUG env0]   ft0 pos=[-0.007718086242675781, 0.04928874969482422, 0.6378976106643677] dist=0.0704
[GRASP DEBUG env0]   ft1 pos=[-0.08996009826660156, 0.026491165161132812, 0.6028862595558167] dist=0.0653
[GRASP DEBUG env0]   ft2 pos=[-0.10970401763916016, 0.003998756408691406, 0.6045364737510681] dist=0.0718
[GRASP DEBUG env0]   ft3 pos=[-0.09446430206298828, -0.016000747680664062, 0.6039154529571533] dist=0.0580
[GRASP DEBUG env0]   ft4 pos=[-0.08464813232421875, -0.03600120544433594, 0.6029185652732849] dist=0.0570
[2026-04-14 01:10:45] current cache size: 1983, finished: 0
[2026-04-14 01:10:45] current cache size: 1991, finished: 0
[2026-04-14 01:10:45] current cache size: 1997, finished: 0
[2026-04-14 01:10:45] current cache size: 2002, finished: 0
[2026-04-14 01:10:45] current cache size: 2012, finished: 0
[2026-04-14 01:10:46] current cache size: 2014, finished: 0
[2026-04-14 01:10:46] current cache size: 2022, finished: 0
[2026-04-14 01:10:46] current cache size: 2030, finished: 0
[2026-04-14 01:10:46] current cache size: 2040, finished: 0
[2026-04-14 01:10:46] current cache size: 2051, finished: 0
[2026-04-14 01:10:46] current cache size: 2061, finished: 0
[2026-04-14 01:10:47] current cache size: 2067, finished: 0
[2026-04-14 01:10:47] current cache size: 2070, finished: 0
[2026-04-14 01:10:47] current cache size: 2077, finished: 0
[2026-04-14 01:10:47] current cache size: 2084, finished: 0
[2026-04-14 01:10:47] current cache size: 2093, finished: 0
[2026-04-14 01:10:48] current cache size: 2106, finished: 0
[2026-04-14 01:10:48] current cache size: 2120, finished: 0
[2026-04-14 01:10:48] current cache size: 2125, finished: 0
[2026-04-14 01:10:48] current cache size: 2130, finished: 0
[2026-04-14 01:10:49] current cache size: 2140, finished: 0
[2026-04-14 01:10:49] current cache size: 2146, finished: 0
[2026-04-14 01:10:49] current cache size: 2160, finished: 0
[2026-04-14 01:10:49] current cache size: 2172, finished: 0
[2026-04-14 01:10:49] current cache size: 2182, finished: 0
[2026-04-14 01:10:49] current cache size: 2188, finished: 0
[2026-04-14 01:10:50] current cache size: 2194, finished: 0
[2026-04-14 01:10:50] current cache size: 2206, finished: 0
[2026-04-14 01:10:50] current cache size: 2216, finished: 0
[2026-04-14 01:10:50] current cache size: 2226, finished: 0
[2026-04-14 01:10:50] current cache size: 2235, finished: 0
[2026-04-14 01:10:51] current cache size: 2242, finished: 0
[2026-04-14 01:10:51] current cache size: 2252, finished: 0
[2026-04-14 01:10:51] current cache size: 2256, finished: 0
[2026-04-14 01:10:51] current cache size: 2267, finished: 0
[2026-04-14 01:10:51] current cache size: 2273, finished: 0
[2026-04-14 01:10:52] current cache size: 2283, finished: 0
[2026-04-14 01:10:52] current cache size: 2291, finished: 0
[2026-04-14 01:10:52] current cache size: 2304, finished: 0
[2026-04-14 01:10:52] current cache size: 2312, finished: 0
[2026-04-14 01:10:52] current cache size: 2326, finished: 0
[2026-04-14 01:10:53] current cache size: 2332, finished: 0
[2026-04-14 01:10:53] current cache size: 2345, finished: 0
[2026-04-14 01:10:53] current cache size: 2358, finished: 0
[2026-04-14 01:10:53] current cache size: 2371, finished: 0
[2026-04-14 01:10:53] current cache size: 2386, finished: 0
[2026-04-14 01:10:53] current cache size: 2395, finished: 0
[2026-04-14 01:10:54] current cache size: 2403, finished: 0
[2026-04-14 01:10:54] current cache size: 2416, finished: 0
[2026-04-14 01:10:54] current cache size: 2428, finished: 0
[2026-04-14 01:10:54] current cache size: 2439, finished: 0
[2026-04-14 01:10:54] current cache size: 2456, finished: 0
[2026-04-14 01:10:55] current cache size: 2471, finished: 0
[2026-04-14 01:10:55] current cache size: 2486, finished: 0
[2026-04-14 01:10:55] current cache size: 2495, finished: 0
[2026-04-14 01:10:55] current cache size: 2504, finished: 0
[2026-04-14 01:10:55] current cache size: 2524, finished: 0
[2026-04-14 01:10:56] current cache size: 2535, finished: 0
[2026-04-14 01:10:56] current cache size: 2542, finished: 0
[2026-04-14 01:10:56] current cache size: 2553, finished: 0
[2026-04-14 01:10:56] current cache size: 2563, finished: 0
[2026-04-14 01:10:56] current cache size: 2573, finished: 0
[2026-04-14 01:10:57] current cache size: 2585, finished: 0
[2026-04-14 01:10:57] current cache size: 2600, finished: 0
[2026-04-14 01:10:57] current cache size: 2611, finished: 0
[2026-04-14 01:10:57] current cache size: 2628, finished: 0
[2026-04-14 01:10:57] current cache size: 2642, finished: 0
[2026-04-14 01:10:57] current cache size: 2660, finished: 0
[2026-04-14 01:10:58] current cache size: 2672, finished: 0
[2026-04-14 01:10:58] current cache size: 2684, finished: 0
[2026-04-14 01:10:58] current cache size: 2693, finished: 0
[2026-04-14 01:10:58] current cache size: 2708, finished: 0
[2026-04-14 01:10:58] current cache size: 2719, finished: 0
[2026-04-14 01:10:59] current cache size: 2734, finished: 0
[2026-04-14 01:10:59] current cache size: 2744, finished: 0
[2026-04-14 01:10:59] current cache size: 2753, finished: 0
[2026-04-14 01:10:59] current cache size: 2763, finished: 0
[2026-04-14 01:10:59] current cache size: 2773, finished: 0
[2026-04-14 01:11:00] current cache size: 2785, finished: 0
[2026-04-14 01:11:00] current cache size: 2806, finished: 0
[2026-04-14 01:11:00] current cache size: 2816, finished: 0
[2026-04-14 01:11:00] current cache size: 2819, finished: 0
[2026-04-14 01:11:00] current cache size: 2826, finished: 0
[2026-04-14 01:11:01] current cache size: 2828, finished: 0
[2026-04-14 01:11:01] current cache size: 2833, finished: 0
[2026-04-14 01:11:01] current cache size: 2837, finished: 0
[2026-04-14 01:11:01] current cache size: 2841, finished: 0
[2026-04-14 01:11:01] current cache size: 2844, finished: 0
[2026-04-14 01:11:02] current cache size: 2846, finished: 0
[2026-04-14 01:11:02] current cache size: 2852, finished: 0
[2026-04-14 01:11:02] current cache size: 2861, finished: 0
[2026-04-14 01:11:02] current cache size: 2866, finished: 0
[2026-04-14 01:11:02] current cache size: 2869, finished: 0
[2026-04-14 01:11:03] current cache size: 2870, finished: 0
[2026-04-14 01:11:03] current cache size: 2873, finished: 0
[2026-04-14 01:11:03] current cache size: 2876, finished: 0
[2026-04-14 01:11:03] current cache size: 2881, finished: 0
[2026-04-14 01:11:03] current cache size: 2886, finished: 0
[2026-04-14 01:11:03] current cache size: 2890, finished: 0
[2026-04-14 01:11:04] current cache size: 2898, finished: 0
[2026-04-14 01:11:04] current cache size: 2898, finished: 0
[2026-04-14 01:11:04] current cache size: 2902, finished: 0
[2026-04-14 01:11:04] current cache size: 2904, finished: 0
[2026-04-14 01:11:04] current cache size: 2910, finished: 0
[2026-04-14 01:11:05] current cache size: 2914, finished: 0
[2026-04-14 01:11:05] current cache size: 2919, finished: 0
[2026-04-14 01:11:05] current cache size: 2920, finished: 0
[2026-04-14 01:11:05] current cache size: 2920, finished: 0
[2026-04-14 01:11:05] current cache size: 2923, finished: 0
[2026-04-14 01:11:06] current cache size: 2923, finished: 0
[2026-04-14 01:11:06] current cache size: 2924, finished: 0
[2026-04-14 01:11:06] current cache size: 2925, finished: 0
[2026-04-14 01:11:06] current cache size: 2929, finished: 0
[2026-04-14 01:11:06] current cache size: 2932, finished: 0
[2026-04-14 01:11:07] current cache size: 2933, finished: 0
[2026-04-14 01:11:07] current cache size: 2937, finished: 0
[2026-04-14 01:11:07] current cache size: 2939, finished: 0
[2026-04-14 01:11:07] current cache size: 2942, finished: 0
[2026-04-14 01:11:07] current cache size: 2946, finished: 0
[2026-04-14 01:11:08] current cache size: 2951, finished: 0
[2026-04-14 01:11:08] current cache size: 2956, finished: 0
[2026-04-14 01:11:08] current cache size: 2965, finished: 0
[2026-04-14 01:11:08] current cache size: 2979, finished: 0
[2026-04-14 01:11:08] current cache size: 2988, finished: 0
[2026-04-14 01:11:09] current cache size: 2992, finished: 0
[2026-04-14 01:11:09] current cache size: 3004, finished: 0
[2026-04-14 01:11:09] current cache size: 3016, finished: 0
[2026-04-14 01:11:09] current cache size: 3024, finished: 0
[2026-04-14 01:11:09] current cache size: 3034, finished: 0
[2026-04-14 01:11:09] current cache size: 3044, finished: 0
[2026-04-14 01:11:10] current cache size: 3061, finished: 0
[2026-04-14 01:11:10] current cache size: 3072, finished: 0
[2026-04-14 01:11:10] current cache size: 3083, finished: 0
[2026-04-14 01:11:10] current cache size: 3090, finished: 0
[2026-04-14 01:11:10] current cache size: 3096, finished: 0
[2026-04-14 01:11:11] current cache size: 3108, finished: 0
[2026-04-14 01:11:11] current cache size: 3116, finished: 0
[2026-04-14 01:11:11] current cache size: 3126, finished: 0
[2026-04-14 01:11:11] current cache size: 3139, finished: 0
[2026-04-14 01:11:11] current cache size: 3151, finished: 0
[2026-04-14 01:11:12] current cache size: 3158, finished: 0
[2026-04-14 01:11:12] current cache size: 3163, finished: 0
[2026-04-14 01:11:12] current cache size: 3172, finished: 0
[2026-04-14 01:11:12] current cache size: 3185, finished: 0
[2026-04-14 01:11:12] current cache size: 3199, finished: 0
[2026-04-14 01:11:13] current cache size: 3210, finished: 0
[2026-04-14 01:11:13] current cache size: 3225, finished: 0
[2026-04-14 01:11:13] current cache size: 3239, finished: 0
[2026-04-14 01:11:13] current cache size: 3249, finished: 0
[2026-04-14 01:11:13] current cache size: 3256, finished: 0
[2026-04-14 01:11:14] current cache size: 3263, finished: 0
[2026-04-14 01:11:14] current cache size: 3269, finished: 0
[2026-04-14 01:11:14] current cache size: 3275, finished: 0
[2026-04-14 01:11:14] current cache size: 3284, finished: 0
[2026-04-14 01:11:14] current cache size: 3293, finished: 0
[2026-04-14 01:11:14] current cache size: 3305, finished: 0
[2026-04-14 01:11:15] current cache size: 3319, finished: 0
[2026-04-14 01:11:15] current cache size: 3327, finished: 0
[2026-04-14 01:11:15] current cache size: 3336, finished: 0
[2026-04-14 01:11:15] current cache size: 3346, finished: 0
[2026-04-14 01:11:15] current cache size: 3358, finished: 0
[2026-04-14 01:11:16] current cache size: 3367, finished: 0
[2026-04-14 01:11:16] current cache size: 3378, finished: 0
[2026-04-14 01:11:16] current cache size: 3390, finished: 0
[2026-04-14 01:11:16] current cache size: 3399, finished: 0
[2026-04-14 01:11:16] current cache size: 3411, finished: 0
[2026-04-14 01:11:17] current cache size: 3418, finished: 0
[2026-04-14 01:11:17] current cache size: 3430, finished: 0
[2026-04-14 01:11:17] current cache size: 3437, finished: 0
[2026-04-14 01:11:17] current cache size: 3444, finished: 0
[2026-04-14 01:11:17] current cache size: 3447, finished: 0
[2026-04-14 01:11:18] current cache size: 3457, finished: 0
[2026-04-14 01:11:18] current cache size: 3476, finished: 0
[2026-04-14 01:11:18] current cache size: 3489, finished: 0
[2026-04-14 01:11:18] current cache size: 3496, finished: 0
[2026-04-14 01:11:18] current cache size: 3505, finished: 0
[2026-04-14 01:11:18] current cache size: 3517, finished: 0
[2026-04-14 01:11:19] current cache size: 3532, finished: 0
[2026-04-14 01:11:19] current cache size: 3546, finished: 0
[2026-04-14 01:11:19] current cache size: 3560, finished: 0
[2026-04-14 01:11:19] current cache size: 3567, finished: 0
[2026-04-14 01:11:19] current cache size: 3573, finished: 0
[2026-04-14 01:11:20] current cache size: 3577, finished: 0
[2026-04-14 01:11:20] current cache size: 3584, finished: 0
[2026-04-14 01:11:20] current cache size: 3593, finished: 0
[2026-04-14 01:11:20] current cache size: 3606, finished: 0
[2026-04-14 01:11:20] current cache size: 3614, finished: 0
[2026-04-14 01:11:21] current cache size: 3625, finished: 0
[2026-04-14 01:11:21] current cache size: 3638, finished: 0
[2026-04-14 01:11:21] current cache size: 3649, finished: 0
[2026-04-14 01:11:21] current cache size: 3660, finished: 0
[2026-04-14 01:11:21] current cache size: 3669, finished: 0
[2026-04-14 01:11:22] current cache size: 3683, finished: 0
[2026-04-14 01:11:22] current cache size: 3695, finished: 0
[2026-04-14 01:11:22] current cache size: 3703, finished: 0
[2026-04-14 01:11:22] current cache size: 3716, finished: 0
[2026-04-14 01:11:22] current cache size: 3725, finished: 0
[2026-04-14 01:11:22] current cache size: 3739, finished: 0
[2026-04-14 01:11:23] current cache size: 3748, finished: 0
[2026-04-14 01:11:23] current cache size: 3756, finished: 0
[INCREMENTAL] cache size: 3763, finished scales: 0/1
[GRASP DEBUG] step=400 grav=(0,9.81,0) | cond1(dist<0.1)=992/1024 cond2(>=2 forces>0.2)=7/1024 cond3(quat<thresh)=661/1024 all=7/1024 | ft_dist mean=0.0630 max=0.2311 | force mean=0.0647 max=13.2850
[GRASP DEBUG env0] obj_pos=[-0.05347251892089844, 0.0027456283569335938, 0.6341514587402344]
[GRASP DEBUG env0]   ft0 pos=[-0.0035543441772460938, 0.04662609100341797, 0.6380149722099304] dist=0.0666
[GRASP DEBUG env0]   ft1 pos=[-0.09542655944824219, 0.025854110717773438, 0.6037383079528809] dist=0.0567
[GRASP DEBUG env0]   ft2 pos=[-0.10689926147460938, 0.003998756408691406, 0.6045358777046204] dist=0.0611
[GRASP DEBUG env0]   ft3 pos=[-0.09982872009277344, -0.016000747680664062, 0.6043578386306763] dist=0.0582
[GRASP DEBUG env0]   ft4 pos=[-0.07627296447753906, -0.03600120544433594, 0.6008638143539429] dist=0.0559
[2026-04-14 01:11:23] current cache size: 3763, finished: 0
[2026-04-14 01:11:23] current cache size: 3777, finished: 0
[2026-04-14 01:11:23] current cache size: 3792, finished: 0
[2026-04-14 01:11:24] current cache size: 3806, finished: 0
[2026-04-14 01:11:24] current cache size: 3820, finished: 0
[2026-04-14 01:11:24] current cache size: 3833, finished: 0
[2026-04-14 01:11:24] current cache size: 3844, finished: 0
[2026-04-14 01:11:24] current cache size: 3860, finished: 0
[2026-04-14 01:11:25] current cache size: 3872, finished: 0
[2026-04-14 01:11:25] current cache size: 3883, finished: 0
[2026-04-14 01:11:25] current cache size: 3894, finished: 0
[2026-04-14 01:11:25] current cache size: 3910, finished: 0
[2026-04-14 01:11:25] current cache size: 3927, finished: 0
[2026-04-14 01:11:25] current cache size: 3939, finished: 0
[2026-04-14 01:11:26] current cache size: 3953, finished: 0
[2026-04-14 01:11:26] current cache size: 3965, finished: 0
[2026-04-14 01:11:26] current cache size: 3981, finished: 0
[2026-04-14 01:11:26] current cache size: 3990, finished: 0
[2026-04-14 01:11:26] current cache size: 4004, finished: 0
[2026-04-14 01:11:27] current cache size: 4019, finished: 0
[2026-04-14 01:11:27] current cache size: 4035, finished: 0
[2026-04-14 01:11:27] current cache size: 4046, finished: 0
[2026-04-14 01:11:27] current cache size: 4062, finished: 0
[2026-04-14 01:11:27] current cache size: 4073, finished: 0
[2026-04-14 01:11:28] current cache size: 4090, finished: 0
[2026-04-14 01:11:28] current cache size: 4103, finished: 0
[2026-04-14 01:11:28] current cache size: 4119, finished: 0
[2026-04-14 01:11:28] current cache size: 4127, finished: 0
[2026-04-14 01:11:28] current cache size: 4143, finished: 0
[2026-04-14 01:11:29] current cache size: 4153, finished: 0
[2026-04-14 01:11:29] current cache size: 4163, finished: 0
[2026-04-14 01:11:29] current cache size: 4171, finished: 0
[2026-04-14 01:11:29] current cache size: 4187, finished: 0
[2026-04-14 01:11:29] current cache size: 4199, finished: 0
[2026-04-14 01:11:29] current cache size: 4211, finished: 0
[2026-04-14 01:11:30] current cache size: 4226, finished: 0
[2026-04-14 01:11:30] current cache size: 4237, finished: 0
[2026-04-14 01:11:30] current cache size: 4253, finished: 0
[2026-04-14 01:11:30] current cache size: 4269, finished: 0
[2026-04-14 01:11:30] current cache size: 4285, finished: 0
[2026-04-14 01:11:31] current cache size: 4295, finished: 0
[2026-04-14 01:11:31] current cache size: 4302, finished: 0
[2026-04-14 01:11:31] current cache size: 4312, finished: 0
[2026-04-14 01:11:31] current cache size: 4324, finished: 0
[2026-04-14 01:11:31] current cache size: 4332, finished: 0
[2026-04-14 01:11:32] current cache size: 4342, finished: 0
[2026-04-14 01:11:32] current cache size: 4347, finished: 0
[2026-04-14 01:11:32] current cache size: 4355, finished: 0
[2026-04-14 01:11:32] current cache size: 4362, finished: 0
[2026-04-14 01:11:32] current cache size: 4370, finished: 0
[2026-04-14 01:11:33] current cache size: 4374, finished: 0
[2026-04-14 01:11:33] current cache size: 4377, finished: 0
[2026-04-14 01:11:33] current cache size: 4384, finished: 0
[2026-04-14 01:11:33] current cache size: 4389, finished: 0
[2026-04-14 01:11:33] current cache size: 4400, finished: 0
[2026-04-14 01:11:33] current cache size: 4413, finished: 0
[2026-04-14 01:11:34] current cache size: 4422, finished: 0
[2026-04-14 01:11:34] current cache size: 4428, finished: 0
[2026-04-14 01:11:34] current cache size: 4439, finished: 0
[2026-04-14 01:11:34] current cache size: 4450, finished: 0
[2026-04-14 01:11:34] current cache size: 4459, finished: 0
[2026-04-14 01:11:35] current cache size: 4467, finished: 0
[2026-04-14 01:11:35] current cache size: 4476, finished: 0
[2026-04-14 01:11:35] current cache size: 4483, finished: 0
[2026-04-14 01:11:35] current cache size: 4492, finished: 0
[2026-04-14 01:11:35] current cache size: 4497, finished: 0
[2026-04-14 01:11:36] current cache size: 4506, finished: 0
[2026-04-14 01:11:36] current cache size: 4514, finished: 0
[2026-04-14 01:11:36] current cache size: 4522, finished: 0
[2026-04-14 01:11:36] current cache size: 4530, finished: 0
[2026-04-14 01:11:36] current cache size: 4534, finished: 0
[2026-04-14 01:11:37] current cache size: 4545, finished: 0
[2026-04-14 01:11:37] current cache size: 4548, finished: 0
[2026-04-14 01:11:37] current cache size: 4560, finished: 0
[2026-04-14 01:11:37] current cache size: 4567, finished: 0
[2026-04-14 01:11:37] current cache size: 4572, finished: 0
[2026-04-14 01:11:38] current cache size: 4575, finished: 0
[2026-04-14 01:11:38] current cache size: 4582, finished: 0
[2026-04-14 01:11:38] current cache size: 4593, finished: 0
[2026-04-14 01:11:38] current cache size: 4602, finished: 0
[2026-04-14 01:11:38] current cache size: 4611, finished: 0
[2026-04-14 01:11:39] current cache size: 4624, finished: 0
[2026-04-14 01:11:39] current cache size: 4632, finished: 0
[2026-04-14 01:11:39] current cache size: 4644, finished: 0
[2026-04-14 01:11:39] current cache size: 4647, finished: 0
[2026-04-14 01:11:39] current cache size: 4660, finished: 0
[2026-04-14 01:11:40] current cache size: 4669, finished: 0
[2026-04-14 01:11:40] current cache size: 4685, finished: 0
[2026-04-14 01:11:40] current cache size: 4699, finished: 0
[2026-04-14 01:11:40] current cache size: 4716, finished: 0
[2026-04-14 01:11:40] current cache size: 4724, finished: 0
[2026-04-14 01:11:40] current cache size: 4736, finished: 0
[2026-04-14 01:11:41] current cache size: 4750, finished: 0
[2026-04-14 01:11:41] current cache size: 4760, finished: 0
[2026-04-14 01:11:41] current cache size: 4776, finished: 0
[2026-04-14 01:11:41] current cache size: 4790, finished: 0
[2026-04-14 01:11:41] current cache size: 4803, finished: 0
[2026-04-14 01:11:42] current cache size: 4816, finished: 0
[2026-04-14 01:11:42] current cache size: 4826, finished: 0
[2026-04-14 01:11:42] current cache size: 4835, finished: 0
[2026-04-14 01:11:42] current cache size: 4845, finished: 0
[2026-04-14 01:11:42] current cache size: 4850, finished: 0
[2026-04-14 01:11:43] current cache size: 4862, finished: 0
[2026-04-14 01:11:43] current cache size: 4878, finished: 0
[2026-04-14 01:11:43] current cache size: 4885, finished: 0
[2026-04-14 01:11:43] current cache size: 4893, finished: 0
[2026-04-14 01:11:43] current cache size: 4909, finished: 0
[2026-04-14 01:11:44] current cache size: 4926, finished: 0
[2026-04-14 01:11:44] current cache size: 4938, finished: 0
[2026-04-14 01:11:44] current cache size: 4953, finished: 0
[2026-04-14 01:11:44] current cache size: 4964, finished: 0
[2026-04-14 01:11:44] current cache size: 4981, finished: 0
[2026-04-14 01:11:45] current cache size: 4991, finished: 0
[2026-04-14 01:11:45] current cache size: 5001, finished: 0
[2026-04-14 01:11:45] current cache size: 5013, finished: 0
[2026-04-14 01:11:45] current cache size: 5022, finished: 0
[2026-04-14 01:11:45] current cache size: 5029, finished: 0
[2026-04-14 01:11:45] current cache size: 5035, finished: 0
[2026-04-14 01:11:46] current cache size: 5050, finished: 0
[2026-04-14 01:11:46] current cache size: 5065, finished: 0
[2026-04-14 01:11:46] current cache size: 5074, finished: 0
[2026-04-14 01:11:46] current cache size: 5078, finished: 0
[2026-04-14 01:11:46] current cache size: 5082, finished: 0
[2026-04-14 01:11:47] current cache size: 5087, finished: 0
[2026-04-14 01:11:47] current cache size: 5091, finished: 0
[2026-04-14 01:11:47] current cache size: 5096, finished: 0
[2026-04-14 01:11:47] current cache size: 5103, finished: 0
[2026-04-14 01:11:47] current cache size: 5104, finished: 0
[2026-04-14 01:11:48] current cache size: 5108, finished: 0
[2026-04-14 01:11:48] current cache size: 5109, finished: 0
[2026-04-14 01:11:48] current cache size: 5116, finished: 0
[2026-04-14 01:11:48] current cache size: 5121, finished: 0
[2026-04-14 01:11:48] current cache size: 5122, finished: 0
[2026-04-14 01:11:48] current cache size: 5125, finished: 0
[2026-04-14 01:11:49] current cache size: 5131, finished: 0
[2026-04-14 01:11:49] current cache size: 5134, finished: 0
[2026-04-14 01:11:49] current cache size: 5140, finished: 0
[2026-04-14 01:11:49] current cache size: 5143, finished: 0
[2026-04-14 01:11:49] current cache size: 5144, finished: 0
[2026-04-14 01:11:50] current cache size: 5146, finished: 0
[2026-04-14 01:11:50] current cache size: 5150, finished: 0
[2026-04-14 01:11:50] current cache size: 5157, finished: 0
[2026-04-14 01:11:50] current cache size: 5163, finished: 0
[2026-04-14 01:11:50] current cache size: 5168, finished: 0
[2026-04-14 01:11:51] current cache size: 5176, finished: 0
[2026-04-14 01:11:51] current cache size: 5179, finished: 0
[2026-04-14 01:11:51] current cache size: 5184, finished: 0
[2026-04-14 01:11:51] current cache size: 5192, finished: 0
[2026-04-14 01:11:51] current cache size: 5199, finished: 0
[2026-04-14 01:11:52] current cache size: 5209, finished: 0
[2026-04-14 01:11:52] current cache size: 5215, finished: 0
[2026-04-14 01:11:52] current cache size: 5220, finished: 0
[2026-04-14 01:11:52] current cache size: 5222, finished: 0
[2026-04-14 01:11:52] current cache size: 5225, finished: 0
[2026-04-14 01:11:53] current cache size: 5234, finished: 0
[2026-04-14 01:11:53] current cache size: 5238, finished: 0
[2026-04-14 01:11:53] current cache size: 5240, finished: 0
[2026-04-14 01:11:53] current cache size: 5246, finished: 0
[2026-04-14 01:11:53] current cache size: 5247, finished: 0
[2026-04-14 01:11:53] current cache size: 5252, finished: 0
[2026-04-14 01:11:54] current cache size: 5257, finished: 0
[2026-04-14 01:11:54] current cache size: 5266, finished: 0
[2026-04-14 01:11:54] current cache size: 5278, finished: 0
[2026-04-14 01:11:54] current cache size: 5290, finished: 0
[2026-04-14 01:11:54] current cache size: 5308, finished: 0
[2026-04-14 01:11:55] current cache size: 5319, finished: 0
[2026-04-14 01:11:55] current cache size: 5329, finished: 0
[2026-04-14 01:11:55] current cache size: 5336, finished: 0
[2026-04-14 01:11:55] current cache size: 5349, finished: 0
[2026-04-14 01:11:55] current cache size: 5359, finished: 0
[2026-04-14 01:11:56] current cache size: 5368, finished: 0
[2026-04-14 01:11:56] current cache size: 5376, finished: 0
[2026-04-14 01:11:56] current cache size: 5388, finished: 0
[2026-04-14 01:11:56] current cache size: 5394, finished: 0
[2026-04-14 01:11:56] current cache size: 5403, finished: 0
[2026-04-14 01:11:57] current cache size: 5415, finished: 0
[2026-04-14 01:11:57] current cache size: 5423, finished: 0
[2026-04-14 01:11:57] current cache size: 5438, finished: 0
[2026-04-14 01:11:57] current cache size: 5452, finished: 0
[2026-04-14 01:11:57] current cache size: 5459, finished: 0
[2026-04-14 01:11:57] current cache size: 5469, finished: 0
[2026-04-14 01:11:58] current cache size: 5479, finished: 0
[2026-04-14 01:11:58] current cache size: 5487, finished: 0
[2026-04-14 01:11:58] current cache size: 5499, finished: 0
[2026-04-14 01:11:58] current cache size: 5506, finished: 0
[2026-04-14 01:11:58] current cache size: 5515, finished: 0
[2026-04-14 01:11:59] current cache size: 5522, finished: 0
[2026-04-14 01:11:59] current cache size: 5533, finished: 0
[2026-04-14 01:11:59] current cache size: 5542, finished: 0
[2026-04-14 01:11:59] current cache size: 5553, finished: 0
[2026-04-14 01:11:59] current cache size: 5564, finished: 0
[2026-04-14 01:12:00] current cache size: 5572, finished: 0
[2026-04-14 01:12:00] current cache size: 5582, finished: 0
[2026-04-14 01:12:00] current cache size: 5598, finished: 0
[2026-04-14 01:12:00] current cache size: 5611, finished: 0
[2026-04-14 01:12:00] current cache size: 5624, finished: 0
[2026-04-14 01:12:01] current cache size: 5640, finished: 0
[2026-04-14 01:12:01] current cache size: 5647, finished: 0
[2026-04-14 01:12:01] current cache size: 5654, finished: 0
[2026-04-14 01:12:01] current cache size: 5670, finished: 0
[INCREMENTAL] cache size: 5684, finished scales: 0/1
[GRASP DEBUG] step=600 grav=(0,0,-9.81) | cond1(dist<0.1)=985/1024 cond2(>=2 forces>0.2)=14/1024 cond3(quat<thresh)=637/1024 all=14/1024 | ft_dist mean=0.0628 max=0.2598 | force mean=0.0466 max=15.9714
[GRASP DEBUG env0] obj_pos=[-0.0737142562866211, 0.02272796630859375, 0.6464271545410156]
[GRASP DEBUG env0]   ft0 pos=[-0.018009185791015625, 0.013293266296386719, 0.6415311098098755] dist=0.0567
[GRASP DEBUG env0]   ft1 pos=[-0.11058235168457031, 0.029947280883789062, 0.6044539213180542] dist=0.0563
[GRASP DEBUG env0]   ft2 pos=[-0.12187480926513672, 0.003998756408691406, 0.6035897135734558] dist=0.0671
[GRASP DEBUG env0]   ft3 pos=[-0.10792922973632812, -0.016000747680664062, 0.6044671535491943] dist=0.0666
[GRASP DEBUG env0]   ft4 pos=[-0.09874248504638672, -0.03600120544433594, 0.6044873595237732] dist=0.0764
[2026-04-14 01:12:01] current cache size: 5684, finished: 0
[2026-04-14 01:12:01] current cache size: 5695, finished: 0
[2026-04-14 01:12:02] current cache size: 5710, finished: 0
[2026-04-14 01:12:02] current cache size: 5724, finished: 0
[2026-04-14 01:12:02] current cache size: 5735, finished: 0
[2026-04-14 01:12:02] current cache size: 5746, finished: 0
[2026-04-14 01:12:02] current cache size: 5761, finished: 0
[2026-04-14 01:12:03] current cache size: 5770, finished: 0
[2026-04-14 01:12:03] current cache size: 5780, finished: 0
[2026-04-14 01:12:03] current cache size: 5789, finished: 0
[2026-04-14 01:12:03] current cache size: 5797, finished: 0
[2026-04-14 01:12:03] current cache size: 5802, finished: 0
[2026-04-14 01:12:04] current cache size: 5816, finished: 0
[2026-04-14 01:12:04] current cache size: 5827, finished: 0
[2026-04-14 01:12:04] current cache size: 5840, finished: 0
[2026-04-14 01:12:04] current cache size: 5855, finished: 0
[2026-04-14 01:12:04] current cache size: 5868, finished: 0
[2026-04-14 01:12:05] current cache size: 5880, finished: 0
[2026-04-14 01:12:05] current cache size: 5886, finished: 0
[2026-04-14 01:12:05] current cache size: 5897, finished: 0
[2026-04-14 01:12:05] current cache size: 5912, finished: 0
[2026-04-14 01:12:05] current cache size: 5926, finished: 0
[2026-04-14 01:12:05] current cache size: 5937, finished: 0
[2026-04-14 01:12:06] current cache size: 5949, finished: 0
[2026-04-14 01:12:06] current cache size: 5956, finished: 0
[2026-04-14 01:12:06] current cache size: 5967, finished: 0
[2026-04-14 01:12:06] current cache size: 5977, finished: 0
[2026-04-14 01:12:06] current cache size: 5989, finished: 0
[2026-04-14 01:12:07] current cache size: 6000, finished: 0
[2026-04-14 01:12:07] current cache size: 6010, finished: 0
[2026-04-14 01:12:07] current cache size: 6025, finished: 0
[2026-04-14 01:12:07] current cache size: 6040, finished: 0
[2026-04-14 01:12:07] current cache size: 6054, finished: 0
[2026-04-14 01:12:08] current cache size: 6061, finished: 0
[2026-04-14 01:12:08] current cache size: 6071, finished: 0
[2026-04-14 01:12:08] current cache size: 6082, finished: 0
[2026-04-14 01:12:08] current cache size: 6090, finished: 0
[2026-04-14 01:12:08] current cache size: 6101, finished: 0
[2026-04-14 01:12:09] current cache size: 6110, finished: 0
[2026-04-14 01:12:09] current cache size: 6120, finished: 0
[2026-04-14 01:12:09] current cache size: 6125, finished: 0
[2026-04-14 01:12:09] current cache size: 6133, finished: 0
[2026-04-14 01:12:09] current cache size: 6141, finished: 0
[2026-04-14 01:12:09] current cache size: 6156, finished: 0
[2026-04-14 01:12:10] current cache size: 6170, finished: 0
[2026-04-14 01:12:10] current cache size: 6181, finished: 0
[2026-04-14 01:12:10] current cache size: 6194, finished: 0
[2026-04-14 01:12:10] current cache size: 6213, finished: 0
[2026-04-14 01:12:10] current cache size: 6224, finished: 0
[2026-04-14 01:12:11] current cache size: 6232, finished: 0
[2026-04-14 01:12:11] current cache size: 6249, finished: 0
[2026-04-14 01:12:11] current cache size: 6262, finished: 0
[2026-04-14 01:12:11] current cache size: 6274, finished: 0
[2026-04-14 01:12:11] current cache size: 6280, finished: 0
[2026-04-14 01:12:12] current cache size: 6294, finished: 0
[2026-04-14 01:12:12] current cache size: 6302, finished: 0
[2026-04-14 01:12:12] current cache size: 6314, finished: 0
[2026-04-14 01:12:12] current cache size: 6333, finished: 0
[2026-04-14 01:12:12] current cache size: 6343, finished: 0
[2026-04-14 01:12:13] current cache size: 6359, finished: 0
[2026-04-14 01:12:13] current cache size: 6371, finished: 0
[2026-04-14 01:12:13] current cache size: 6388, finished: 0
[2026-04-14 01:12:13] current cache size: 6402, finished: 0
[2026-04-14 01:12:13] current cache size: 6411, finished: 0
[2026-04-14 01:12:13] current cache size: 6425, finished: 0
[2026-04-14 01:12:14] current cache size: 6436, finished: 0
[2026-04-14 01:12:14] current cache size: 6450, finished: 0
[2026-04-14 01:12:14] current cache size: 6460, finished: 0
[2026-04-14 01:12:14] current cache size: 6466, finished: 0
[2026-04-14 01:12:14] current cache size: 6483, finished: 0
[2026-04-14 01:12:15] current cache size: 6491, finished: 0
[2026-04-14 01:12:15] current cache size: 6502, finished: 0
[2026-04-14 01:12:15] current cache size: 6517, finished: 0
[2026-04-14 01:12:15] current cache size: 6525, finished: 0
[2026-04-14 01:12:15] current cache size: 6533, finished: 0
[2026-04-14 01:12:16] current cache size: 6547, finished: 0
[2026-04-14 01:12:16] current cache size: 6562, finished: 0
[2026-04-14 01:12:16] current cache size: 6576, finished: 0
[2026-04-14 01:12:16] current cache size: 6584, finished: 0
[2026-04-14 01:12:16] current cache size: 6595, finished: 0
[2026-04-14 01:12:17] current cache size: 6604, finished: 0
[2026-04-14 01:12:17] current cache size: 6607, finished: 0
[2026-04-14 01:12:17] current cache size: 6617, finished: 0
[2026-04-14 01:12:17] current cache size: 6628, finished: 0
[2026-04-14 01:12:17] current cache size: 6635, finished: 0
[2026-04-14 01:12:17] current cache size: 6646, finished: 0
[2026-04-14 01:12:18] current cache size: 6651, finished: 0
[2026-04-14 01:12:18] current cache size: 6660, finished: 0
[2026-04-14 01:12:18] current cache size: 6666, finished: 0
[2026-04-14 01:12:18] current cache size: 6674, finished: 0
[2026-04-14 01:12:18] current cache size: 6682, finished: 0
[2026-04-14 01:12:19] current cache size: 6685, finished: 0
[2026-04-14 01:12:19] current cache size: 6696, finished: 0
[2026-04-14 01:12:19] current cache size: 6706, finished: 0
[2026-04-14 01:12:19] current cache size: 6711, finished: 0
[2026-04-14 01:12:19] current cache size: 6717, finished: 0
[2026-04-14 01:12:20] current cache size: 6724, finished: 0
[2026-04-14 01:12:20] current cache size: 6732, finished: 0
[2026-04-14 01:12:20] current cache size: 6740, finished: 0
[2026-04-14 01:12:20] current cache size: 6751, finished: 0
[2026-04-14 01:12:20] current cache size: 6758, finished: 0
[2026-04-14 01:12:21] current cache size: 6764, finished: 0
[2026-04-14 01:12:21] current cache size: 6775, finished: 0
[2026-04-14 01:12:21] current cache size: 6782, finished: 0
[2026-04-14 01:12:21] current cache size: 6788, finished: 0
[2026-04-14 01:12:21] current cache size: 6793, finished: 0
[2026-04-14 01:12:22] current cache size: 6807, finished: 0
[2026-04-14 01:12:22] current cache size: 6809, finished: 0
[2026-04-14 01:12:22] current cache size: 6819, finished: 0
[2026-04-14 01:12:22] current cache size: 6826, finished: 0
[2026-04-14 01:12:22] current cache size: 6832, finished: 0
[2026-04-14 01:12:22] current cache size: 6839, finished: 0
[2026-04-14 01:12:23] current cache size: 6846, finished: 0
[2026-04-14 01:12:23] current cache size: 6859, finished: 0
[2026-04-14 01:12:23] current cache size: 6864, finished: 0
[2026-04-14 01:12:23] current cache size: 6871, finished: 0
[2026-04-14 01:12:23] current cache size: 6877, finished: 0
[2026-04-14 01:12:24] current cache size: 6887, finished: 0
[2026-04-14 01:12:24] current cache size: 6892, finished: 0
[2026-04-14 01:12:24] current cache size: 6898, finished: 0
[2026-04-14 01:12:24] current cache size: 6903, finished: 0
[2026-04-14 01:12:24] current cache size: 6918, finished: 0
[2026-04-14 01:12:25] current cache size: 6930, finished: 0
[2026-04-14 01:12:25] current cache size: 6938, finished: 0
[2026-04-14 01:12:25] current cache size: 6947, finished: 0
[2026-04-14 01:12:25] current cache size: 6962, finished: 0
[2026-04-14 01:12:25] current cache size: 6968, finished: 0
[2026-04-14 01:12:26] current cache size: 6981, finished: 0
[2026-04-14 01:12:26] current cache size: 6990, finished: 0
[2026-04-14 01:12:26] current cache size: 7009, finished: 0
[2026-04-14 01:12:26] current cache size: 7021, finished: 0
[2026-04-14 01:12:26] current cache size: 7033, finished: 0
[2026-04-14 01:12:27] current cache size: 7042, finished: 0
[2026-04-14 01:12:27] current cache size: 7054, finished: 0
[2026-04-14 01:12:27] current cache size: 7068, finished: 0
[2026-04-14 01:12:27] current cache size: 7079, finished: 0
[2026-04-14 01:12:27] current cache size: 7090, finished: 0
[2026-04-14 01:12:27] current cache size: 7105, finished: 0
[2026-04-14 01:12:28] current cache size: 7118, finished: 0
[2026-04-14 01:12:28] current cache size: 7127, finished: 0
[2026-04-14 01:12:28] current cache size: 7141, finished: 0
[2026-04-14 01:12:28] current cache size: 7148, finished: 0
[2026-04-14 01:12:28] current cache size: 7160, finished: 0
[2026-04-14 01:12:29] current cache size: 7166, finished: 0
[2026-04-14 01:12:29] current cache size: 7178, finished: 0
[2026-04-14 01:12:29] current cache size: 7188, finished: 0
[2026-04-14 01:12:29] current cache size: 7195, finished: 0
[2026-04-14 01:12:29] current cache size: 7207, finished: 0
[2026-04-14 01:12:30] current cache size: 7219, finished: 0
[2026-04-14 01:12:30] current cache size: 7227, finished: 0
[2026-04-14 01:12:30] current cache size: 7233, finished: 0
[2026-04-14 01:12:30] current cache size: 7244, finished: 0
[2026-04-14 01:12:30] current cache size: 7258, finished: 0
[2026-04-14 01:12:31] current cache size: 7266, finished: 0
[2026-04-14 01:12:31] current cache size: 7281, finished: 0
[2026-04-14 01:12:31] current cache size: 7292, finished: 0
[2026-04-14 01:12:31] current cache size: 7301, finished: 0
[2026-04-14 01:12:31] current cache size: 7311, finished: 0
[2026-04-14 01:12:31] current cache size: 7317, finished: 0
[2026-04-14 01:12:32] current cache size: 7325, finished: 0
[2026-04-14 01:12:32] current cache size: 7336, finished: 0
[2026-04-14 01:12:32] current cache size: 7341, finished: 0
[2026-04-14 01:12:32] current cache size: 7342, finished: 0
[2026-04-14 01:12:32] current cache size: 7349, finished: 0
[2026-04-14 01:12:33] current cache size: 7353, finished: 0
[2026-04-14 01:12:33] current cache size: 7357, finished: 0
[2026-04-14 01:12:33] current cache size: 7361, finished: 0
[2026-04-14 01:12:33] current cache size: 7364, finished: 0
[2026-04-14 01:12:33] current cache size: 7367, finished: 0
[2026-04-14 01:12:34] current cache size: 7375, finished: 0
[2026-04-14 01:12:34] current cache size: 7378, finished: 0
[2026-04-14 01:12:34] current cache size: 7384, finished: 0
[2026-04-14 01:12:34] current cache size: 7386, finished: 0
[2026-04-14 01:12:34] current cache size: 7387, finished: 0
[2026-04-14 01:12:35] current cache size: 7388, finished: 0
[2026-04-14 01:12:35] current cache size: 7392, finished: 0
[2026-04-14 01:12:35] current cache size: 7397, finished: 0
[2026-04-14 01:12:35] current cache size: 7401, finished: 0
[2026-04-14 01:12:35] current cache size: 7404, finished: 0
[2026-04-14 01:12:36] current cache size: 7405, finished: 0
[2026-04-14 01:12:36] current cache size: 7412, finished: 0
[2026-04-14 01:12:36] current cache size: 7419, finished: 0
[2026-04-14 01:12:36] current cache size: 7422, finished: 0
[2026-04-14 01:12:36] current cache size: 7423, finished: 0
[2026-04-14 01:12:36] current cache size: 7425, finished: 0
[2026-04-14 01:12:37] current cache size: 7430, finished: 0
[2026-04-14 01:12:37] current cache size: 7433, finished: 0
[2026-04-14 01:12:37] current cache size: 7437, finished: 0
[2026-04-14 01:12:37] current cache size: 7440, finished: 0
[2026-04-14 01:12:37] current cache size: 7444, finished: 0
[2026-04-14 01:12:38] current cache size: 7450, finished: 0
[2026-04-14 01:12:38] current cache size: 7454, finished: 0
[2026-04-14 01:12:38] current cache size: 7460, finished: 0
[2026-04-14 01:12:38] current cache size: 7465, finished: 0
[2026-04-14 01:12:38] current cache size: 7471, finished: 0
[2026-04-14 01:12:39] current cache size: 7478, finished: 0
[2026-04-14 01:12:39] current cache size: 7483, finished: 0
[2026-04-14 01:12:39] current cache size: 7490, finished: 0
[2026-04-14 01:12:39] current cache size: 7497, finished: 0
[2026-04-14 01:12:39] current cache size: 7499, finished: 0
[INCREMENTAL] cache size: 7500, finished scales: 0/1
[GRASP DEBUG] step=800 grav=(0,0,9.81) | cond1(dist<0.1)=983/1024 cond2(>=2 forces>0.2)=1/1024 cond3(quat<thresh)=489/1024 all=1/1024 | ft_dist mean=0.0653 max=0.1610 | force mean=0.0126 max=10.0710
[GRASP DEBUG env0] obj_pos=[-0.04776763916015625, -0.017577171325683594, 0.631288468837738]
[GRASP DEBUG env0]   ft0 pos=[-0.017258644104003906, 0.04872608184814453, 0.6399666666984558] dist=0.0735
[GRASP DEBUG env0]   ft1 pos=[-0.10562610626220703, 0.02525806427001953, 0.6045274138450623] dist=0.0768
[GRASP DEBUG env0]   ft2 pos=[-0.1033639907836914, 0.003998756408691406, 0.6043854355812073] dist=0.0654
[GRASP DEBUG env0]   ft3 pos=[-0.10991859436035156, -0.016000747680664062, 0.6044347286224365] dist=0.0677
[GRASP DEBUG env0]   ft4 pos=[-0.09693431854248047, -0.03600120544433594, 0.6044068336486816] dist=0.0590
[2026-04-14 01:12:40] current cache size: 7500, finished: 0
[2026-04-14 01:12:40] current cache size: 7510, finished: 0
[2026-04-14 01:12:40] current cache size: 7518, finished: 0
[2026-04-14 01:12:40] current cache size: 7532, finished: 0
[2026-04-14 01:12:40] current cache size: 7543, finished: 0
[2026-04-14 01:12:41] current cache size: 7558, finished: 0
[2026-04-14 01:12:41] current cache size: 7568, finished: 0
[2026-04-14 01:12:41] current cache size: 7576, finished: 0
[2026-04-14 01:12:41] current cache size: 7590, finished: 0
[2026-04-14 01:12:41] current cache size: 7602, finished: 0
[2026-04-14 01:12:41] current cache size: 7620, finished: 0
[2026-04-14 01:12:42] current cache size: 7637, finished: 0
[2026-04-14 01:12:42] current cache size: 7649, finished: 0
[2026-04-14 01:12:42] current cache size: 7658, finished: 0
[2026-04-14 01:12:42] current cache size: 7665, finished: 0
[2026-04-14 01:12:42] current cache size: 7672, finished: 0
[2026-04-14 01:12:43] current cache size: 7685, finished: 0
[2026-04-14 01:12:43] current cache size: 7696, finished: 0
[2026-04-14 01:12:43] current cache size: 7715, finished: 0
[2026-04-14 01:12:43] current cache size: 7721, finished: 0
[2026-04-14 01:12:43] current cache size: 7730, finished: 0
[2026-04-14 01:12:44] current cache size: 7739, finished: 0
[2026-04-14 01:12:44] current cache size: 7745, finished: 0
[2026-04-14 01:12:44] current cache size: 7758, finished: 0
[2026-04-14 01:12:44] current cache size: 7769, finished: 0
[2026-04-14 01:12:44] current cache size: 7775, finished: 0
[2026-04-14 01:12:45] current cache size: 7786, finished: 0
[2026-04-14 01:12:45] current cache size: 7796, finished: 0
[2026-04-14 01:12:45] current cache size: 7807, finished: 0
[2026-04-14 01:12:45] current cache size: 7815, finished: 0
[2026-04-14 01:12:45] current cache size: 7823, finished: 0
[2026-04-14 01:12:45] current cache size: 7832, finished: 0
[2026-04-14 01:12:46] current cache size: 7843, finished: 0
[2026-04-14 01:12:46] current cache size: 7853, finished: 0
[2026-04-14 01:12:46] current cache size: 7863, finished: 0
[2026-04-14 01:12:46] current cache size: 7872, finished: 0
[2026-04-14 01:12:46] current cache size: 7880, finished: 0
[2026-04-14 01:12:47] current cache size: 7891, finished: 0
[2026-04-14 01:12:47] current cache size: 7903, finished: 0
[2026-04-14 01:12:47] current cache size: 7916, finished: 0
[2026-04-14 01:12:47] current cache size: 7923, finished: 0
[2026-04-14 01:12:47] current cache size: 7928, finished: 0
[2026-04-14 01:12:48] current cache size: 7937, finished: 0
[2026-04-14 01:12:48] current cache size: 7953, finished: 0
[2026-04-14 01:12:48] current cache size: 7960, finished: 0
[2026-04-14 01:12:48] current cache size: 7975, finished: 0
[2026-04-14 01:12:48] current cache size: 7987, finished: 0
[2026-04-14 01:12:48] current cache size: 7998, finished: 0
[2026-04-14 01:12:49] current cache size: 8010, finished: 0
[2026-04-14 01:12:49] current cache size: 8024, finished: 0
[2026-04-14 01:12:49] current cache size: 8043, finished: 0
[2026-04-14 01:12:49] current cache size: 8053, finished: 0
[2026-04-14 01:12:49] current cache size: 8062, finished: 0
[2026-04-14 01:12:50] current cache size: 8067, finished: 0
[2026-04-14 01:12:50] current cache size: 8077, finished: 0
[2026-04-14 01:12:50] current cache size: 8087, finished: 0
[2026-04-14 01:12:50] current cache size: 8103, finished: 0
[2026-04-14 01:12:50] current cache size: 8111, finished: 0
[2026-04-14 01:12:51] current cache size: 8122, finished: 0
[2026-04-14 01:12:51] current cache size: 8128, finished: 0
[2026-04-14 01:12:51] current cache size: 8139, finished: 0
[2026-04-14 01:12:51] current cache size: 8152, finished: 0
[2026-04-14 01:12:51] current cache size: 8158, finished: 0
[2026-04-14 01:12:52] current cache size: 8169, finished: 0
[2026-04-14 01:12:52] current cache size: 8177, finished: 0
[2026-04-14 01:12:52] current cache size: 8182, finished: 0
[2026-04-14 01:12:52] current cache size: 8193, finished: 0
[2026-04-14 01:12:52] current cache size: 8210, finished: 0
[2026-04-14 01:12:53] current cache size: 8222, finished: 0
[2026-04-14 01:12:53] current cache size: 8234, finished: 0
[2026-04-14 01:12:53] current cache size: 8251, finished: 0
[2026-04-14 01:12:53] current cache size: 8257, finished: 0
[2026-04-14 01:12:53] current cache size: 8269, finished: 0
[2026-04-14 01:12:53] current cache size: 8276, finished: 0
[2026-04-14 01:12:54] current cache size: 8288, finished: 0
[2026-04-14 01:12:54] current cache size: 8301, finished: 0
[2026-04-14 01:12:54] current cache size: 8319, finished: 0
[2026-04-14 01:12:54] current cache size: 8336, finished: 0
[2026-04-14 01:12:54] current cache size: 8344, finished: 0
[2026-04-14 01:12:55] current cache size: 8356, finished: 0
[2026-04-14 01:12:55] current cache size: 8370, finished: 0
[2026-04-14 01:12:55] current cache size: 8383, finished: 0
[2026-04-14 01:12:55] current cache size: 8401, finished: 0
[2026-04-14 01:12:55] current cache size: 8423, finished: 0
[2026-04-14 01:12:56] current cache size: 8437, finished: 0
[2026-04-14 01:12:56] current cache size: 8443, finished: 0
[2026-04-14 01:12:56] current cache size: 8457, finished: 0
[2026-04-14 01:12:56] current cache size: 8473, finished: 0
[2026-04-14 01:12:56] current cache size: 8491, finished: 0
[2026-04-14 01:12:57] current cache size: 8504, finished: 0
[2026-04-14 01:12:57] current cache size: 8522, finished: 0
[2026-04-14 01:12:57] current cache size: 8531, finished: 0
[2026-04-14 01:12:57] current cache size: 8545, finished: 0
[2026-04-14 01:12:57] current cache size: 8556, finished: 0
[2026-04-14 01:12:57] current cache size: 8564, finished: 0
[2026-04-14 01:12:58] current cache size: 8578, finished: 0
[2026-04-14 01:12:58] current cache size: 8589, finished: 0
[2026-04-14 01:12:58] current cache size: 8604, finished: 0
[2026-04-14 01:12:58] current cache size: 8614, finished: 0
[2026-04-14 01:12:58] current cache size: 8632, finished: 0
[2026-04-14 01:12:59] current cache size: 8646, finished: 0
[2026-04-14 01:12:59] current cache size: 8653, finished: 0
[2026-04-14 01:12:59] current cache size: 8659, finished: 0
[2026-04-14 01:12:59] current cache size: 8672, finished: 0
[2026-04-14 01:12:59] current cache size: 8685, finished: 0
[2026-04-14 01:13:00] current cache size: 8699, finished: 0
[2026-04-14 01:13:00] current cache size: 8712, finished: 0
[2026-04-14 01:13:00] current cache size: 8723, finished: 0
[2026-04-14 01:13:00] current cache size: 8739, finished: 0
[2026-04-14 01:13:00] current cache size: 8762, finished: 0
[2026-04-14 01:13:01] current cache size: 8781, finished: 0
[2026-04-14 01:13:01] current cache size: 8801, finished: 0
[2026-04-14 01:13:01] current cache size: 8816, finished: 0
[2026-04-14 01:13:01] current cache size: 8836, finished: 0
[2026-04-14 01:13:01] current cache size: 8850, finished: 0
[2026-04-14 01:13:01] current cache size: 8859, finished: 0
[2026-04-14 01:13:02] current cache size: 8871, finished: 0
[2026-04-14 01:13:02] current cache size: 8882, finished: 0
[2026-04-14 01:13:02] current cache size: 8893, finished: 0
[2026-04-14 01:13:02] current cache size: 8908, finished: 0
[2026-04-14 01:13:02] current cache size: 8913, finished: 0
[2026-04-14 01:13:03] current cache size: 8926, finished: 0
[2026-04-14 01:13:03] current cache size: 8933, finished: 0
[2026-04-14 01:13:03] current cache size: 8947, finished: 0
[2026-04-14 01:13:03] current cache size: 8951, finished: 0
[2026-04-14 01:13:03] current cache size: 8960, finished: 0
[2026-04-14 01:13:04] current cache size: 8966, finished: 0
[2026-04-14 01:13:04] current cache size: 8971, finished: 0
[2026-04-14 01:13:04] current cache size: 8977, finished: 0
[2026-04-14 01:13:04] current cache size: 8987, finished: 0
[2026-04-14 01:13:04] current cache size: 8999, finished: 0
[2026-04-14 01:13:05] current cache size: 9003, finished: 0
[2026-04-14 01:13:05] current cache size: 9010, finished: 0
[2026-04-14 01:13:05] current cache size: 9014, finished: 0
[2026-04-14 01:13:05] current cache size: 9019, finished: 0
[2026-04-14 01:13:05] current cache size: 9026, finished: 0
[2026-04-14 01:13:06] current cache size: 9037, finished: 0
[2026-04-14 01:13:06] current cache size: 9045, finished: 0
[2026-04-14 01:13:06] current cache size: 9051, finished: 0
[2026-04-14 01:13:06] current cache size: 9059, finished: 0
[2026-04-14 01:13:06] current cache size: 9071, finished: 0
[2026-04-14 01:13:07] current cache size: 9076, finished: 0
[2026-04-14 01:13:07] current cache size: 9084, finished: 0
[2026-04-14 01:13:07] current cache size: 9092, finished: 0
[2026-04-14 01:13:07] current cache size: 9105, finished: 0
[2026-04-14 01:13:07] current cache size: 9113, finished: 0
[2026-04-14 01:13:07] current cache size: 9121, finished: 0
[2026-04-14 01:13:08] current cache size: 9126, finished: 0
[2026-04-14 01:13:08] current cache size: 9132, finished: 0
[2026-04-14 01:13:08] current cache size: 9139, finished: 0
[2026-04-14 01:13:08] current cache size: 9145, finished: 0
[2026-04-14 01:13:08] current cache size: 9148, finished: 0
[2026-04-14 01:13:09] current cache size: 9153, finished: 0
[2026-04-14 01:13:09] current cache size: 9160, finished: 0
[2026-04-14 01:13:09] current cache size: 9170, finished: 0
[2026-04-14 01:13:09] current cache size: 9178, finished: 0
[2026-04-14 01:13:09] current cache size: 9181, finished: 0
[2026-04-14 01:13:10] current cache size: 9185, finished: 0
[2026-04-14 01:13:10] current cache size: 9190, finished: 0
[2026-04-14 01:13:10] current cache size: 9200, finished: 0
[2026-04-14 01:13:10] current cache size: 9210, finished: 0
[2026-04-14 01:13:10] current cache size: 9223, finished: 0
[2026-04-14 01:13:11] current cache size: 9235, finished: 0
[2026-04-14 01:13:11] current cache size: 9239, finished: 0
[2026-04-14 01:13:11] current cache size: 9250, finished: 0
[2026-04-14 01:13:11] current cache size: 9263, finished: 0
[2026-04-14 01:13:11] current cache size: 9277, finished: 0
[2026-04-14 01:13:11] current cache size: 9285, finished: 0
[2026-04-14 01:13:12] current cache size: 9294, finished: 0
[2026-04-14 01:13:12] current cache size: 9303, finished: 0
[2026-04-14 01:13:12] current cache size: 9317, finished: 0
[2026-04-14 01:13:12] current cache size: 9332, finished: 0
[2026-04-14 01:13:12] current cache size: 9346, finished: 0
[2026-04-14 01:13:13] current cache size: 9355, finished: 0
[2026-04-14 01:13:13] current cache size: 9364, finished: 0
[2026-04-14 01:13:13] current cache size: 9376, finished: 0
[2026-04-14 01:13:13] current cache size: 9387, finished: 0
[2026-04-14 01:13:13] current cache size: 9401, finished: 0
[2026-04-14 01:13:14] current cache size: 9413, finished: 0
[2026-04-14 01:13:14] current cache size: 9432, finished: 0
[2026-04-14 01:13:14] current cache size: 9447, finished: 0
[2026-04-14 01:13:14] current cache size: 9457, finished: 0
[2026-04-14 01:13:14] current cache size: 9468, finished: 0
[2026-04-14 01:13:15] current cache size: 9475, finished: 0
[2026-04-14 01:13:15] current cache size: 9494, finished: 0
[2026-04-14 01:13:15] current cache size: 9505, finished: 0
[2026-04-14 01:13:15] current cache size: 9518, finished: 0
[2026-04-14 01:13:15] current cache size: 9526, finished: 0
[2026-04-14 01:13:15] current cache size: 9536, finished: 0
[2026-04-14 01:13:16] current cache size: 9543, finished: 0
[2026-04-14 01:13:16] current cache size: 9551, finished: 0
[2026-04-14 01:13:16] current cache size: 9563, finished: 0
[2026-04-14 01:13:16] current cache size: 9573, finished: 0
[2026-04-14 01:13:16] current cache size: 9587, finished: 0
[2026-04-14 01:13:17] current cache size: 9600, finished: 0
[2026-04-14 01:13:17] current cache size: 9611, finished: 0
[2026-04-14 01:13:17] current cache size: 9633, finished: 0
[2026-04-14 01:13:17] current cache size: 9651, finished: 0
[2026-04-14 01:13:17] current cache size: 9667, finished: 0
[2026-04-14 01:13:18] current cache size: 9677, finished: 0
[INCREMENTAL] cache size: 9685, finished scales: 0/1
[GRASP DEBUG] step=1000 grav=(-9.81,0,0) | cond1(dist<0.1)=1005/1024 cond2(>=2 forces>0.2)=8/1024 cond3(quat<thresh)=715/1024 all=8/1024 | ft_dist mean=0.0622 max=0.2952 | force mean=0.0417 max=13.9381
[GRASP DEBUG env0] obj_pos=[-0.06895637512207031, 0.01900196075439453, 0.645190954208374]
[GRASP DEBUG env0]   ft0 pos=[-0.0030183792114257812, 0.01753711700439453, 0.6397941708564758] dist=0.0662
[GRASP DEBUG env0]   ft1 pos=[-0.10173797607421875, 0.028089523315429688, 0.6042002439498901] dist=0.0533
[GRASP DEBUG env0]   ft2 pos=[-0.11188220977783203, 0.003998756408691406, 0.6044356822967529] dist=0.0611
[GRASP DEBUG env0]   ft3 pos=[-0.10729789733886719, -0.016000747680664062, 0.6044827103614807] dist=0.0660
[GRASP DEBUG env0]   ft4 pos=[-0.08249950408935547, -0.03600120544433594, 0.6024664640426636] dist=0.0710
[2026-04-14 01:13:18] current cache size: 9685, finished: 0
[2026-04-14 01:13:18] current cache size: 9690, finished: 0
[2026-04-14 01:13:18] current cache size: 9694, finished: 0
[2026-04-14 01:13:18] current cache size: 9703, finished: 0
[2026-04-14 01:13:19] current cache size: 9705, finished: 0
[2026-04-14 01:13:19] current cache size: 9714, finished: 0
[2026-04-14 01:13:19] current cache size: 9723, finished: 0
[2026-04-14 01:13:19] current cache size: 9733, finished: 0
[2026-04-14 01:13:19] current cache size: 9740, finished: 0
[2026-04-14 01:13:19] current cache size: 9748, finished: 0
[2026-04-14 01:13:20] current cache size: 9754, finished: 0
[2026-04-14 01:13:20] current cache size: 9757, finished: 0
[2026-04-14 01:13:20] current cache size: 9761, finished: 0
[2026-04-14 01:13:20] current cache size: 9769, finished: 0
[2026-04-14 01:13:20] current cache size: 9771, finished: 0
[2026-04-14 01:13:21] current cache size: 9779, finished: 0
[2026-04-14 01:13:21] current cache size: 9784, finished: 0
[2026-04-14 01:13:21] current cache size: 9791, finished: 0
[2026-04-14 01:13:21] current cache size: 9801, finished: 0
[2026-04-14 01:13:21] current cache size: 9805, finished: 0
[2026-04-14 01:13:22] current cache size: 9810, finished: 0
[2026-04-14 01:13:22] current cache size: 9815, finished: 0
[2026-04-14 01:13:22] current cache size: 9815, finished: 0
[2026-04-14 01:13:22] current cache size: 9819, finished: 0
[2026-04-14 01:13:22] current cache size: 9823, finished: 0
[2026-04-14 01:13:23] current cache size: 9825, finished: 0
[2026-04-14 01:13:23] current cache size: 9827, finished: 0
[2026-04-14 01:13:23] current cache size: 9828, finished: 0
[2026-04-14 01:13:23] current cache size: 9830, finished: 0
[2026-04-14 01:13:23] current cache size: 9834, finished: 0
[2026-04-14 01:13:24] current cache size: 9835, finished: 0
[2026-04-14 01:13:24] current cache size: 9838, finished: 0
[2026-04-14 01:13:24] current cache size: 9841, finished: 0
[2026-04-14 01:13:24] current cache size: 9846, finished: 0
[2026-04-14 01:13:24] current cache size: 9853, finished: 0
[2026-04-14 01:13:25] current cache size: 9856, finished: 0
[2026-04-14 01:13:25] current cache size: 9858, finished: 0
[2026-04-14 01:13:25] current cache size: 9862, finished: 0
[2026-04-14 01:13:25] current cache size: 9866, finished: 0
[2026-04-14 01:13:25] current cache size: 9872, finished: 0
[2026-04-14 01:13:26] current cache size: 9875, finished: 0
[2026-04-14 01:13:26] current cache size: 9881, finished: 0
[2026-04-14 01:13:26] current cache size: 9891, finished: 0
[2026-04-14 01:13:26] current cache size: 9904, finished: 0
[2026-04-14 01:13:26] current cache size: 9916, finished: 0
[2026-04-14 01:13:26] current cache size: 9928, finished: 0
[2026-04-14 01:13:27] current cache size: 9939, finished: 0
[2026-04-14 01:13:27] current cache size: 9951, finished: 0
[2026-04-14 01:13:27] current cache size: 9962, finished: 0
[2026-04-14 01:13:27] current cache size: 9976, finished: 0
[2026-04-14 01:13:27] current cache size: 9994, finished: 0
[2026-04-14 01:13:28] current cache size: 10006, finished: 0
[2026-04-14 01:13:28] current cache size: 10014, finished: 0
[2026-04-14 01:13:28] current cache size: 10025, finished: 0
[2026-04-14 01:13:28] current cache size: 10044, finished: 0
[2026-04-14 01:13:28] current cache size: 10051, finished: 0
[2026-04-14 01:13:29] current cache size: 10060, finished: 0
[2026-04-14 01:13:29] current cache size: 10073, finished: 0
[2026-04-14 01:13:29] current cache size: 10081, finished: 0
[2026-04-14 01:13:29] current cache size: 10091, finished: 0
[2026-04-14 01:13:29] current cache size: 10108, finished: 0
[2026-04-14 01:13:30] current cache size: 10118, finished: 0
[2026-04-14 01:13:30] current cache size: 10126, finished: 0
[2026-04-14 01:13:30] current cache size: 10140, finished: 0
[2026-04-14 01:13:30] current cache size: 10145, finished: 0
[2026-04-14 01:13:30] current cache size: 10158, finished: 0
[2026-04-14 01:13:31] current cache size: 10168, finished: 0
[2026-04-14 01:13:31] current cache size: 10185, finished: 0
[2026-04-14 01:13:31] current cache size: 10191, finished: 0
[2026-04-14 01:13:31] current cache size: 10198, finished: 0
[2026-04-14 01:13:31] current cache size: 10208, finished: 0
[2026-04-14 01:13:31] current cache size: 10219, finished: 0
[2026-04-14 01:13:32] current cache size: 10231, finished: 0
[2026-04-14 01:13:32] current cache size: 10242, finished: 0
[2026-04-14 01:13:32] current cache size: 10249, finished: 0
[2026-04-14 01:13:32] current cache size: 10258, finished: 0
[2026-04-14 01:13:32] current cache size: 10265, finished: 0
[2026-04-14 01:13:33] current cache size: 10276, finished: 0
[2026-04-14 01:13:33] current cache size: 10285, finished: 0
[2026-04-14 01:13:33] current cache size: 10299, finished: 0
[2026-04-14 01:13:33] current cache size: 10311, finished: 0
[2026-04-14 01:13:33] current cache size: 10325, finished: 0
[2026-04-14 01:13:34] current cache size: 10341, finished: 0
[2026-04-14 01:13:34] current cache size: 10354, finished: 0
[2026-04-14 01:13:34] current cache size: 10366, finished: 0
[2026-04-14 01:13:34] current cache size: 10374, finished: 0
[2026-04-14 01:13:34] current cache size: 10388, finished: 0
[2026-04-14 01:13:35] current cache size: 10395, finished: 0
[2026-04-14 01:13:35] current cache size: 10403, finished: 0
[2026-04-14 01:13:35] current cache size: 10412, finished: 0
[2026-04-14 01:13:35] current cache size: 10422, finished: 0
[2026-04-14 01:13:35] current cache size: 10439, finished: 0
[2026-04-14 01:13:36] current cache size: 10448, finished: 0
[2026-04-14 01:13:36] current cache size: 10458, finished: 0
[2026-04-14 01:13:36] current cache size: 10468, finished: 0
[2026-04-14 01:13:36] current cache size: 10482, finished: 0
[2026-04-14 01:13:36] current cache size: 10496, finished: 0
[2026-04-14 01:13:37] current cache size: 10506, finished: 0
[2026-04-14 01:13:37] current cache size: 10514, finished: 0
[2026-04-14 01:13:37] current cache size: 10522, finished: 0
[2026-04-14 01:13:37] current cache size: 10529, finished: 0
[2026-04-14 01:13:37] current cache size: 10538, finished: 0
[2026-04-14 01:13:37] current cache size: 10550, finished: 0
[2026-04-14 01:13:38] current cache size: 10560, finished: 0
[2026-04-14 01:13:38] current cache size: 10570, finished: 0
[2026-04-14 01:13:38] current cache size: 10578, finished: 0
[2026-04-14 01:13:38] current cache size: 10589, finished: 0
[2026-04-14 01:13:38] current cache size: 10601, finished: 0
[2026-04-14 01:13:39] current cache size: 10608, finished: 0
[2026-04-14 01:13:39] current cache size: 10623, finished: 0
[2026-04-14 01:13:39] current cache size: 10637, finished: 0
[2026-04-14 01:13:39] current cache size: 10644, finished: 0
[2026-04-14 01:13:39] current cache size: 10653, finished: 0
[2026-04-14 01:13:40] current cache size: 10662, finished: 0
[2026-04-14 01:13:40] current cache size: 10675, finished: 0
[2026-04-14 01:13:40] current cache size: 10688, finished: 0
[2026-04-14 01:13:40] current cache size: 10695, finished: 0
[2026-04-14 01:13:40] current cache size: 10707, finished: 0
[2026-04-14 01:13:41] current cache size: 10722, finished: 0
[2026-04-14 01:13:41] current cache size: 10734, finished: 0
[2026-04-14 01:13:41] current cache size: 10746, finished: 0
[2026-04-14 01:13:41] current cache size: 10761, finished: 0
[2026-04-14 01:13:41] current cache size: 10772, finished: 0
[2026-04-14 01:13:42] current cache size: 10788, finished: 0
[2026-04-14 01:13:42] current cache size: 10800, finished: 0
[2026-04-14 01:13:42] current cache size: 10814, finished: 0
[2026-04-14 01:13:42] current cache size: 10820, finished: 0
[2026-04-14 01:13:42] current cache size: 10835, finished: 0
[2026-04-14 01:13:42] current cache size: 10849, finished: 0
[2026-04-14 01:13:43] current cache size: 10861, finished: 0
[2026-04-14 01:13:43] current cache size: 10869, finished: 0
[2026-04-14 01:13:43] current cache size: 10880, finished: 0
[2026-04-14 01:13:43] current cache size: 10888, finished: 0
[2026-04-14 01:13:43] current cache size: 10900, finished: 0
[2026-04-14 01:13:44] current cache size: 10911, finished: 0
[2026-04-14 01:13:44] current cache size: 10922, finished: 0
[2026-04-14 01:13:44] current cache size: 10936, finished: 0
[2026-04-14 01:13:44] current cache size: 10949, finished: 0
[2026-04-14 01:13:44] current cache size: 10962, finished: 0
[2026-04-14 01:13:45] current cache size: 10978, finished: 0
[2026-04-14 01:13:45] current cache size: 10993, finished: 0
[2026-04-14 01:13:45] current cache size: 11005, finished: 0
[2026-04-14 01:13:45] current cache size: 11021, finished: 0
[2026-04-14 01:13:45] current cache size: 11033, finished: 0
[2026-04-14 01:13:46] current cache size: 11040, finished: 0
[2026-04-14 01:13:46] current cache size: 11051, finished: 0
[2026-04-14 01:13:46] current cache size: 11061, finished: 0
[2026-04-14 01:13:46] current cache size: 11073, finished: 0
[2026-04-14 01:13:46] current cache size: 11083, finished: 0
[2026-04-14 01:13:46] current cache size: 11103, finished: 0
[2026-04-14 01:13:47] current cache size: 11118, finished: 0
[2026-04-14 01:13:47] current cache size: 11133, finished: 0
[2026-04-14 01:13:47] current cache size: 11147, finished: 0
[2026-04-14 01:13:47] current cache size: 11158, finished: 0
[2026-04-14 01:13:47] current cache size: 11169, finished: 0
[2026-04-14 01:13:48] current cache size: 11178, finished: 0
[2026-04-14 01:13:48] current cache size: 11191, finished: 0
[2026-04-14 01:13:48] current cache size: 11200, finished: 0
[2026-04-14 01:13:48] current cache size: 11218, finished: 0
[2026-04-14 01:13:48] current cache size: 11233, finished: 0
[2026-04-14 01:13:49] current cache size: 11252, finished: 0
[2026-04-14 01:13:49] current cache size: 11264, finished: 0
[2026-04-14 01:13:49] current cache size: 11275, finished: 0
[2026-04-14 01:13:49] current cache size: 11285, finished: 0
[2026-04-14 01:13:49] current cache size: 11289, finished: 0
[2026-04-14 01:13:50] current cache size: 11294, finished: 0
[2026-04-14 01:13:50] current cache size: 11300, finished: 0
[2026-04-14 01:13:50] current cache size: 11307, finished: 0
[2026-04-14 01:13:50] current cache size: 11318, finished: 0
[2026-04-14 01:13:50] current cache size: 11324, finished: 0
[2026-04-14 01:13:50] current cache size: 11334, finished: 0
[2026-04-14 01:13:51] current cache size: 11342, finished: 0
[2026-04-14 01:13:51] current cache size: 11346, finished: 0
[2026-04-14 01:13:51] current cache size: 11355, finished: 0
[2026-04-14 01:13:51] current cache size: 11362, finished: 0
[2026-04-14 01:13:51] current cache size: 11372, finished: 0
[2026-04-14 01:13:52] current cache size: 11379, finished: 0
[2026-04-14 01:13:52] current cache size: 11387, finished: 0
[2026-04-14 01:13:52] current cache size: 11390, finished: 0
[2026-04-14 01:13:52] current cache size: 11397, finished: 0
[2026-04-14 01:13:52] current cache size: 11403, finished: 0
[2026-04-14 01:13:53] current cache size: 11407, finished: 0
[2026-04-14 01:13:53] current cache size: 11413, finished: 0
[2026-04-14 01:13:53] current cache size: 11421, finished: 0
[2026-04-14 01:13:53] current cache size: 11426, finished: 0
[2026-04-14 01:13:53] current cache size: 11439, finished: 0
[2026-04-14 01:13:54] current cache size: 11446, finished: 0
[2026-04-14 01:13:54] current cache size: 11454, finished: 0
[2026-04-14 01:13:54] current cache size: 11459, finished: 0
[2026-04-14 01:13:54] current cache size: 11463, finished: 0
[2026-04-14 01:13:54] current cache size: 11467, finished: 0
[2026-04-14 01:13:55] current cache size: 11480, finished: 0
[2026-04-14 01:13:55] current cache size: 11487, finished: 0
[2026-04-14 01:13:55] current cache size: 11500, finished: 0
[2026-04-14 01:13:55] current cache size: 11509, finished: 0
[2026-04-14 01:13:55] current cache size: 11520, finished: 0
[2026-04-14 01:13:55] current cache size: 11523, finished: 0
[2026-04-14 01:13:56] current cache size: 11536, finished: 0
[2026-04-14 01:13:56] current cache size: 11542, finished: 0
[2026-04-14 01:13:56] current cache size: 11550, finished: 0
[INCREMENTAL] cache size: 11555, finished scales: 0/1
[GRASP DEBUG] step=1200 grav=(9.81,0,0) | cond1(dist<0.1)=1007/1024 cond2(>=2 forces>0.2)=5/1024 cond3(quat<thresh)=657/1024 all=5/1024 | ft_dist mean=0.0628 max=0.2303 | force mean=0.0258 max=10.8800
[GRASP DEBUG env0] obj_pos=[-0.048160552978515625, -0.015474319458007812, 0.6291066408157349]
[GRASP DEBUG env0]   ft0 pos=[-0.02205181121826172, 0.04440879821777344, 0.6398205757141113] dist=0.0662
[GRASP DEBUG env0]   ft1 pos=[-0.10471820831298828, 0.02880382537841797, 0.6045031547546387] dist=0.0759
[GRASP DEBUG env0]   ft2 pos=[-0.10410690307617188, 0.003998756408691406, 0.6044193506240845] dist=0.0642
[GRASP DEBUG env0]   ft3 pos=[-0.10869121551513672, -0.016000747680664062, 0.6044429540634155] dist=0.0654
[GRASP DEBUG env0]   ft4 pos=[-0.0918130874633789, -0.03600120544433594, 0.6039662957191467] dist=0.0544
[2026-04-14 01:13:56] current cache size: 11555, finished: 0
[2026-04-14 01:13:56] current cache size: 11564, finished: 0
[2026-04-14 01:13:57] current cache size: 11575, finished: 0
[2026-04-14 01:13:57] current cache size: 11589, finished: 0
[2026-04-14 01:13:57] current cache size: 11597, finished: 0
[2026-04-14 01:13:57] current cache size: 11608, finished: 0
[2026-04-14 01:13:57] current cache size: 11623, finished: 0
[2026-04-14 01:13:58] current cache size: 11636, finished: 0
[2026-04-14 01:13:58] current cache size: 11650, finished: 0
[2026-04-14 01:13:58] current cache size: 11663, finished: 0
[2026-04-14 01:13:58] current cache size: 11676, finished: 0
[2026-04-14 01:13:58] current cache size: 11685, finished: 0
[2026-04-14 01:13:59] current cache size: 11695, finished: 0
[2026-04-14 01:13:59] current cache size: 11706, finished: 0
[2026-04-14 01:13:59] current cache size: 11716, finished: 0
[2026-04-14 01:13:59] current cache size: 11731, finished: 0
[2026-04-14 01:13:59] current cache size: 11744, finished: 0
[2026-04-14 01:14:00] current cache size: 11756, finished: 0
[2026-04-14 01:14:00] current cache size: 11773, finished: 0
[2026-04-14 01:14:00] current cache size: 11783, finished: 0
[2026-04-14 01:14:00] current cache size: 11802, finished: 0
[2026-04-14 01:14:00] current cache size: 11818, finished: 0
[2026-04-14 01:14:01] current cache size: 11828, finished: 0
[2026-04-14 01:14:01] current cache size: 11839, finished: 0
[2026-04-14 01:14:01] current cache size: 11850, finished: 0
[2026-04-14 01:14:01] current cache size: 11863, finished: 0
[2026-04-14 01:14:01] current cache size: 11875, finished: 0
[2026-04-14 01:14:01] current cache size: 11886, finished: 0
[2026-04-14 01:14:02] current cache size: 11897, finished: 0
[2026-04-14 01:14:02] current cache size: 11907, finished: 0
[2026-04-14 01:14:02] current cache size: 11921, finished: 0
[2026-04-14 01:14:02] current cache size: 11935, finished: 0
[2026-04-14 01:14:02] current cache size: 11949, finished: 0
[2026-04-14 01:14:03] current cache size: 11965, finished: 0
[2026-04-14 01:14:03] current cache size: 11976, finished: 0
[2026-04-14 01:14:03] current cache size: 11989, finished: 0
[2026-04-14 01:14:03] current cache size: 12002, finished: 0
[2026-04-14 01:14:03] current cache size: 12017, finished: 0
[2026-04-14 01:14:04] current cache size: 12025, finished: 0
[2026-04-14 01:14:04] current cache size: 12036, finished: 0
[2026-04-14 01:14:04] current cache size: 12045, finished: 0
[2026-04-14 01:14:04] current cache size: 12049, finished: 0
[2026-04-14 01:14:04] current cache size: 12055, finished: 0
[2026-04-14 01:14:05] current cache size: 12062, finished: 0
[2026-04-14 01:14:05] current cache size: 12064, finished: 0
[2026-04-14 01:14:05] current cache size: 12065, finished: 0
[2026-04-14 01:14:05] current cache size: 12071, finished: 0
[2026-04-14 01:14:05] current cache size: 12073, finished: 0
[2026-04-14 01:14:06] current cache size: 12076, finished: 0
[2026-04-14 01:14:06] current cache size: 12085, finished: 0
[2026-04-14 01:14:06] current cache size: 12091, finished: 0
[2026-04-14 01:14:06] current cache size: 12096, finished: 0
[2026-04-14 01:14:06] current cache size: 12096, finished: 0
[2026-04-14 01:14:07] current cache size: 12100, finished: 0
[2026-04-14 01:14:07] current cache size: 12103, finished: 0
[2026-04-14 01:14:07] current cache size: 12108, finished: 0
[2026-04-14 01:14:07] current cache size: 12112, finished: 0
[2026-04-14 01:14:07] current cache size: 12116, finished: 0
[2026-04-14 01:14:07] current cache size: 12117, finished: 0
[2026-04-14 01:14:08] current cache size: 12118, finished: 0
[2026-04-14 01:14:08] current cache size: 12125, finished: 0
[2026-04-14 01:14:08] current cache size: 12127, finished: 0
[2026-04-14 01:14:08] current cache size: 12130, finished: 0
[2026-04-14 01:14:08] current cache size: 12135, finished: 0
[2026-04-14 01:14:09] current cache size: 12138, finished: 0
[2026-04-14 01:14:09] current cache size: 12141, finished: 0
[2026-04-14 01:14:09] current cache size: 12146, finished: 0
[2026-04-14 01:14:09] current cache size: 12148, finished: 0
[2026-04-14 01:14:09] current cache size: 12153, finished: 0
[2026-04-14 01:14:10] current cache size: 12157, finished: 0
[2026-04-14 01:14:10] current cache size: 12159, finished: 0
[2026-04-14 01:14:10] current cache size: 12164, finished: 0
[2026-04-14 01:14:10] current cache size: 12165, finished: 0
[2026-04-14 01:14:10] current cache size: 12173, finished: 0
[2026-04-14 01:14:11] current cache size: 12180, finished: 0
[2026-04-14 01:14:11] current cache size: 12183, finished: 0
[2026-04-14 01:14:11] current cache size: 12186, finished: 0
[2026-04-14 01:14:11] current cache size: 12189, finished: 0
[2026-04-14 01:14:11] current cache size: 12196, finished: 0
[2026-04-14 01:14:12] current cache size: 12198, finished: 0
[2026-04-14 01:14:12] current cache size: 12201, finished: 0
[2026-04-14 01:14:12] current cache size: 12207, finished: 0
[2026-04-14 01:14:12] current cache size: 12219, finished: 0
[2026-04-14 01:14:12] current cache size: 12234, finished: 0
[2026-04-14 01:14:13] current cache size: 12250, finished: 0
[2026-04-14 01:14:13] current cache size: 12259, finished: 0
[2026-04-14 01:14:13] current cache size: 12273, finished: 0
[2026-04-14 01:14:13] current cache size: 12282, finished: 0
[2026-04-14 01:14:13] current cache size: 12293, finished: 0
[2026-04-14 01:14:14] current cache size: 12311, finished: 0
[2026-04-14 01:14:14] current cache size: 12319, finished: 0
[2026-04-14 01:14:14] current cache size: 12328, finished: 0
[2026-04-14 01:14:14] current cache size: 12340, finished: 0
[2026-04-14 01:14:14] current cache size: 12350, finished: 0
[2026-04-14 01:14:14] current cache size: 12362, finished: 0
[2026-04-14 01:14:15] current cache size: 12369, finished: 0
[2026-04-14 01:14:15] current cache size: 12380, finished: 0
[2026-04-14 01:14:15] current cache size: 12395, finished: 0
[2026-04-14 01:14:15] current cache size: 12401, finished: 0
[2026-04-14 01:14:15] current cache size: 12416, finished: 0
[2026-04-14 01:14:16] current cache size: 12430, finished: 0
[2026-04-14 01:14:16] current cache size: 12443, finished: 0
[2026-04-14 01:14:16] current cache size: 12450, finished: 0
[2026-04-14 01:14:16] current cache size: 12467, finished: 0
[2026-04-14 01:14:16] current cache size: 12484, finished: 0
[2026-04-14 01:14:17] current cache size: 12500, finished: 0
[2026-04-14 01:14:17] current cache size: 12515, finished: 0
[2026-04-14 01:14:17] current cache size: 12526, finished: 0
[2026-04-14 01:14:17] current cache size: 12541, finished: 0
[2026-04-14 01:14:17] current cache size: 12553, finished: 0
[2026-04-14 01:14:18] current cache size: 12563, finished: 0
[2026-04-14 01:14:18] current cache size: 12579, finished: 0
[2026-04-14 01:14:18] current cache size: 12589, finished: 0
[2026-04-14 01:14:18] current cache size: 12598, finished: 0
[2026-04-14 01:14:18] current cache size: 12610, finished: 0
[2026-04-14 01:14:18] current cache size: 12626, finished: 0
[2026-04-14 01:14:19] current cache size: 12630, finished: 0
[2026-04-14 01:14:19] current cache size: 12643, finished: 0
[2026-04-14 01:14:19] current cache size: 12655, finished: 0
[2026-04-14 01:14:19] current cache size: 12667, finished: 0
[2026-04-14 01:14:19] current cache size: 12679, finished: 0
[2026-04-14 01:14:20] current cache size: 12691, finished: 0
[2026-04-14 01:14:20] current cache size: 12698, finished: 0
[2026-04-14 01:14:20] current cache size: 12714, finished: 0
[2026-04-14 01:14:20] current cache size: 12731, finished: 0
[2026-04-14 01:14:20] current cache size: 12742, finished: 0
[2026-04-14 01:14:21] current cache size: 12750, finished: 0
[2026-04-14 01:14:21] current cache size: 12761, finished: 0
[2026-04-14 01:14:21] current cache size: 12771, finished: 0
[2026-04-14 01:14:21] current cache size: 12780, finished: 0
[2026-04-14 01:14:21] current cache size: 12793, finished: 0
[2026-04-14 01:14:22] current cache size: 12804, finished: 0
[2026-04-14 01:14:22] current cache size: 12823, finished: 0
[2026-04-14 01:14:22] current cache size: 12833, finished: 0
[2026-04-14 01:14:22] current cache size: 12846, finished: 0
[2026-04-14 01:14:22] current cache size: 12859, finished: 0
[2026-04-14 01:14:22] current cache size: 12874, finished: 0
[2026-04-14 01:14:23] current cache size: 12882, finished: 0
[2026-04-14 01:14:23] current cache size: 12892, finished: 0
[2026-04-14 01:14:23] current cache size: 12900, finished: 0
[2026-04-14 01:14:23] current cache size: 12909, finished: 0
[2026-04-14 01:14:23] current cache size: 12919, finished: 0
[2026-04-14 01:14:24] current cache size: 12928, finished: 0
[2026-04-14 01:14:24] current cache size: 12937, finished: 0
[2026-04-14 01:14:24] current cache size: 12951, finished: 0
[2026-04-14 01:14:24] current cache size: 12960, finished: 0
[2026-04-14 01:14:24] current cache size: 12973, finished: 0
[2026-04-14 01:14:25] current cache size: 12984, finished: 0
[2026-04-14 01:14:25] current cache size: 12997, finished: 0
[2026-04-14 01:14:25] current cache size: 13007, finished: 0
[2026-04-14 01:14:25] current cache size: 13014, finished: 0
[2026-04-14 01:14:25] current cache size: 13030, finished: 0
[2026-04-14 01:14:26] current cache size: 13042, finished: 0
[2026-04-14 01:14:26] current cache size: 13054, finished: 0
[2026-04-14 01:14:26] current cache size: 13067, finished: 0
[2026-04-14 01:14:26] current cache size: 13076, finished: 0
[2026-04-14 01:14:26] current cache size: 13087, finished: 0
[2026-04-14 01:14:26] current cache size: 13093, finished: 0
[2026-04-14 01:14:27] current cache size: 13101, finished: 0
[2026-04-14 01:14:27] current cache size: 13110, finished: 0
[2026-04-14 01:14:27] current cache size: 13123, finished: 0
[2026-04-14 01:14:27] current cache size: 13134, finished: 0
[2026-04-14 01:14:27] current cache size: 13142, finished: 0
[2026-04-14 01:14:28] current cache size: 13158, finished: 0
[2026-04-14 01:14:28] current cache size: 13172, finished: 0
[2026-04-14 01:14:28] current cache size: 13183, finished: 0
[2026-04-14 01:14:28] current cache size: 13204, finished: 0
[2026-04-14 01:14:28] current cache size: 13212, finished: 0
[2026-04-14 01:14:29] current cache size: 13220, finished: 0
[2026-04-14 01:14:29] current cache size: 13225, finished: 0
[2026-04-14 01:14:29] current cache size: 13242, finished: 0
[2026-04-14 01:14:29] current cache size: 13259, finished: 0
[2026-04-14 01:14:29] current cache size: 13271, finished: 0
[2026-04-14 01:14:30] current cache size: 13284, finished: 0
[2026-04-14 01:14:30] current cache size: 13294, finished: 0
[2026-04-14 01:14:30] current cache size: 13304, finished: 0
[2026-04-14 01:14:30] current cache size: 13315, finished: 0
[2026-04-14 01:14:30] current cache size: 13324, finished: 0
[2026-04-14 01:14:30] current cache size: 13338, finished: 0
[2026-04-14 01:14:31] current cache size: 13356, finished: 0
[2026-04-14 01:14:31] current cache size: 13372, finished: 0
[2026-04-14 01:14:31] current cache size: 13380, finished: 0
[2026-04-14 01:14:31] current cache size: 13398, finished: 0
[2026-04-14 01:14:31] current cache size: 13406, finished: 0
[2026-04-14 01:14:32] current cache size: 13422, finished: 0
[2026-04-14 01:14:32] current cache size: 13438, finished: 0
[2026-04-14 01:14:32] current cache size: 13462, finished: 0
[2026-04-14 01:14:32] current cache size: 13484, finished: 0
[2026-04-14 01:14:32] current cache size: 13501, finished: 0
[2026-04-14 01:14:33] current cache size: 13515, finished: 0
[2026-04-14 01:14:33] current cache size: 13535, finished: 0
[2026-04-14 01:14:33] current cache size: 13547, finished: 0
[2026-04-14 01:14:33] current cache size: 13565, finished: 0
[2026-04-14 01:14:33] current cache size: 13579, finished: 0
[2026-04-14 01:14:34] current cache size: 13590, finished: 0
[2026-04-14 01:14:34] current cache size: 13601, finished: 0
[2026-04-14 01:14:34] current cache size: 13616, finished: 0
[2026-04-14 01:14:34] current cache size: 13626, finished: 0
[2026-04-14 01:14:34] current cache size: 13642, finished: 0
[2026-04-14 01:14:34] current cache size: 13652, finished: 0
[INCREMENTAL] cache size: 13664, finished scales: 0/1
[GRASP DEBUG] step=1400 grav=(0,-9.81,0) | cond1(dist<0.1)=999/1024 cond2(>=2 forces>0.2)=12/1024 cond3(quat<thresh)=679/1024 all=12/1024 | ft_dist mean=0.0628 max=0.3055 | force mean=0.0397 max=12.4727
[GRASP DEBUG env0] obj_pos=[-0.08135318756103516, -0.005284309387207031, 0.6599997878074646]
[GRASP DEBUG env0]   ft0 pos=[-0.025862693786621094, 0.021139144897460938, 0.642707347869873] dist=0.0638
[GRASP DEBUG env0]   ft1 pos=[-0.10645484924316406, 0.026848793029785156, 0.6045404672622681] dist=0.0688
[GRASP DEBUG env0]   ft2 pos=[-0.11397361755371094, 0.003998756408691406, 0.6043779253959656] dist=0.0651
[GRASP DEBUG env0]   ft3 pos=[-0.10677433013916016, -0.016000747680664062, 0.604535698890686] dist=0.0619
[GRASP DEBUG env0]   ft4 pos=[-0.09138107299804688, -0.03600120544433594, 0.6039061546325684] dist=0.0647
[2026-04-14 01:14:35] current cache size: 13664, finished: 0
[2026-04-14 01:14:35] current cache size: 13674, finished: 0
[2026-04-14 01:14:35] current cache size: 13683, finished: 0
[2026-04-14 01:14:35] current cache size: 13690, finished: 0
[2026-04-14 01:14:35] current cache size: 13694, finished: 0
[2026-04-14 01:14:36] current cache size: 13698, finished: 0
[2026-04-14 01:14:36] current cache size: 13710, finished: 0
[2026-04-14 01:14:36] current cache size: 13718, finished: 0
[2026-04-14 01:14:36] current cache size: 13728, finished: 0
[2026-04-14 01:14:36] current cache size: 13742, finished: 0
[2026-04-14 01:14:37] current cache size: 13747, finished: 0
[2026-04-14 01:14:37] current cache size: 13752, finished: 0
[2026-04-14 01:14:37] current cache size: 13754, finished: 0
[2026-04-14 01:14:37] current cache size: 13762, finished: 0
[2026-04-14 01:14:37] current cache size: 13766, finished: 0
[2026-04-14 01:14:38] current cache size: 13774, finished: 0
[2026-04-14 01:14:38] current cache size: 13781, finished: 0
[2026-04-14 01:14:38] current cache size: 13789, finished: 0
[2026-04-14 01:14:38] current cache size: 13796, finished: 0
[2026-04-14 01:14:38] current cache size: 13803, finished: 0
[2026-04-14 01:14:38] current cache size: 13812, finished: 0
[2026-04-14 01:14:39] current cache size: 13818, finished: 0
[2026-04-14 01:14:39] current cache size: 13825, finished: 0
[2026-04-14 01:14:39] current cache size: 13834, finished: 0
[2026-04-14 01:14:39] current cache size: 13839, finished: 0
[2026-04-14 01:14:39] current cache size: 13847, finished: 0
[2026-04-14 01:14:40] current cache size: 13852, finished: 0
[2026-04-14 01:14:40] current cache size: 13862, finished: 0
[2026-04-14 01:14:40] current cache size: 13868, finished: 0
[2026-04-14 01:14:40] current cache size: 13880, finished: 0
[2026-04-14 01:14:40] current cache size: 13885, finished: 0
[2026-04-14 01:14:41] current cache size: 13887, finished: 0
[2026-04-14 01:14:41] current cache size: 13894, finished: 0
[2026-04-14 01:14:41] current cache size: 13902, finished: 0
[2026-04-14 01:14:41] current cache size: 13908, finished: 0
[2026-04-14 01:14:41] current cache size: 13914, finished: 0
[2026-04-14 01:14:42] current cache size: 13921, finished: 0
[2026-04-14 01:14:42] current cache size: 13931, finished: 0
[2026-04-14 01:14:42] current cache size: 13941, finished: 0
[2026-04-14 01:14:42] current cache size: 13948, finished: 0
[2026-04-14 01:14:42] current cache size: 13956, finished: 0
[2026-04-14 01:14:43] current cache size: 13965, finished: 0
[2026-04-14 01:14:43] current cache size: 13976, finished: 0
[2026-04-14 01:14:43] current cache size: 13991, finished: 0
[2026-04-14 01:14:43] current cache size: 14000, finished: 0
[2026-04-14 01:14:43] current cache size: 14016, finished: 0
[2026-04-14 01:14:43] current cache size: 14025, finished: 0
[2026-04-14 01:14:44] current cache size: 14046, finished: 0
[2026-04-14 01:14:44] current cache size: 14059, finished: 0
[2026-04-14 01:14:44] current cache size: 14075, finished: 0
[2026-04-14 01:14:44] current cache size: 14092, finished: 0
[2026-04-14 01:14:44] current cache size: 14105, finished: 0
[2026-04-14 01:14:45] current cache size: 14118, finished: 0
[2026-04-14 01:14:45] current cache size: 14135, finished: 0
[2026-04-14 01:14:45] current cache size: 14144, finished: 0
[2026-04-14 01:14:45] current cache size: 14157, finished: 0
[2026-04-14 01:14:45] current cache size: 14167, finished: 0
[2026-04-14 01:14:46] current cache size: 14179, finished: 0
[2026-04-14 01:14:46] current cache size: 14193, finished: 0
[2026-04-14 01:14:46] current cache size: 14202, finished: 0
[2026-04-14 01:14:46] current cache size: 14210, finished: 0
[2026-04-14 01:14:46] current cache size: 14224, finished: 0
[2026-04-14 01:14:47] current cache size: 14237, finished: 0
[2026-04-14 01:14:47] current cache size: 14247, finished: 0
[2026-04-14 01:14:47] current cache size: 14262, finished: 0
[2026-04-14 01:14:47] current cache size: 14277, finished: 0
[2026-04-14 01:14:47] current cache size: 14289, finished: 0
[2026-04-14 01:14:47] current cache size: 14301, finished: 0
[2026-04-14 01:14:48] current cache size: 14309, finished: 0
[2026-04-14 01:14:48] current cache size: 14325, finished: 0
[2026-04-14 01:14:48] current cache size: 14337, finished: 0
[2026-04-14 01:14:48] current cache size: 14348, finished: 0
[2026-04-14 01:14:48] current cache size: 14368, finished: 0
[2026-04-14 01:14:49] current cache size: 14381, finished: 0
[2026-04-14 01:14:49] current cache size: 14393, finished: 0
[2026-04-14 01:14:49] current cache size: 14405, finished: 0
[2026-04-14 01:14:49] current cache size: 14411, finished: 0
[2026-04-14 01:14:49] current cache size: 14425, finished: 0
[2026-04-14 01:14:50] current cache size: 14439, finished: 0
[2026-04-14 01:14:50] current cache size: 14452, finished: 0
[2026-04-14 01:14:50] current cache size: 14467, finished: 0
[2026-04-14 01:14:50] current cache size: 14470, finished: 0
[2026-04-14 01:14:50] current cache size: 14475, finished: 0
[2026-04-14 01:14:51] current cache size: 14481, finished: 0
[2026-04-14 01:14:51] current cache size: 14483, finished: 0
[2026-04-14 01:14:51] current cache size: 14483, finished: 0
[2026-04-14 01:14:51] current cache size: 14487, finished: 0
[2026-04-14 01:14:51] current cache size: 14494, finished: 0
[2026-04-14 01:14:51] current cache size: 14500, finished: 0
[2026-04-14 01:14:52] current cache size: 14508, finished: 0
[2026-04-14 01:14:52] current cache size: 14516, finished: 0
[2026-04-14 01:14:52] current cache size: 14522, finished: 0
[2026-04-14 01:14:52] current cache size: 14524, finished: 0
[2026-04-14 01:14:52] current cache size: 14529, finished: 0
[2026-04-14 01:14:53] current cache size: 14532, finished: 0
[2026-04-14 01:14:53] current cache size: 14541, finished: 0
[2026-04-14 01:14:53] current cache size: 14542, finished: 0
[2026-04-14 01:14:53] current cache size: 14547, finished: 0
[2026-04-14 01:14:53] current cache size: 14557, finished: 0
[2026-04-14 01:14:54] current cache size: 14564, finished: 0
[2026-04-14 01:14:54] current cache size: 14565, finished: 0
[2026-04-14 01:14:54] current cache size: 14567, finished: 0
[2026-04-14 01:14:54] current cache size: 14569, finished: 0
[2026-04-14 01:14:54] current cache size: 14575, finished: 0
[2026-04-14 01:14:55] current cache size: 14578, finished: 0
[2026-04-14 01:14:55] current cache size: 14584, finished: 0
[2026-04-14 01:14:55] current cache size: 14586, finished: 0
[2026-04-14 01:14:55] current cache size: 14587, finished: 0
[2026-04-14 01:14:55] current cache size: 14592, finished: 0
[2026-04-14 01:14:56] current cache size: 14594, finished: 0
[2026-04-14 01:14:56] current cache size: 14596, finished: 0
[2026-04-14 01:14:56] current cache size: 14603, finished: 0
[2026-04-14 01:14:56] current cache size: 14606, finished: 0
[2026-04-14 01:14:56] current cache size: 14608, finished: 0
[2026-04-14 01:14:56] current cache size: 14612, finished: 0
[2026-04-14 01:14:57] current cache size: 14617, finished: 0
[2026-04-14 01:14:57] current cache size: 14620, finished: 0
[2026-04-14 01:14:57] current cache size: 14624, finished: 0
[2026-04-14 01:14:57] current cache size: 14629, finished: 0
[2026-04-14 01:14:57] current cache size: 14632, finished: 0
[2026-04-14 01:14:58] current cache size: 14636, finished: 0
[2026-04-14 01:14:58] current cache size: 14647, finished: 0
[2026-04-14 01:14:58] current cache size: 14653, finished: 0
[2026-04-14 01:14:58] current cache size: 14663, finished: 0
[2026-04-14 01:14:58] current cache size: 14675, finished: 0
[2026-04-14 01:14:59] current cache size: 14684, finished: 0
[2026-04-14 01:14:59] current cache size: 14698, finished: 0
[2026-04-14 01:14:59] current cache size: 14711, finished: 0
[2026-04-14 01:14:59] current cache size: 14722, finished: 0
[2026-04-14 01:14:59] current cache size: 14737, finished: 0
[2026-04-14 01:15:00] current cache size: 14747, finished: 0
[2026-04-14 01:15:00] current cache size: 14762, finished: 0
[2026-04-14 01:15:00] current cache size: 14769, finished: 0
[2026-04-14 01:15:00] current cache size: 14784, finished: 0
[2026-04-14 01:15:00] current cache size: 14795, finished: 0
[2026-04-14 01:15:00] current cache size: 14804, finished: 0
[2026-04-14 01:15:01] current cache size: 14813, finished: 0
[2026-04-14 01:15:01] current cache size: 14825, finished: 0
[2026-04-14 01:15:01] current cache size: 14834, finished: 0
[2026-04-14 01:15:01] current cache size: 14845, finished: 0
[2026-04-14 01:15:01] current cache size: 14867, finished: 0
[2026-04-14 01:15:02] current cache size: 14878, finished: 0
[2026-04-14 01:15:02] current cache size: 14884, finished: 0
[2026-04-14 01:15:02] current cache size: 14900, finished: 0
[2026-04-14 01:15:02] current cache size: 14911, finished: 0
[2026-04-14 01:15:02] current cache size: 14920, finished: 0
[2026-04-14 01:15:03] current cache size: 14932, finished: 0
[2026-04-14 01:15:03] current cache size: 14944, finished: 0
[2026-04-14 01:15:03] current cache size: 14961, finished: 0
[2026-04-14 01:15:03] current cache size: 14973, finished: 0
[2026-04-14 01:15:03] current cache size: 14993, finished: 0
[2026-04-14 01:15:04] current cache size: 15004, finished: 0
[2026-04-14 01:15:04] current cache size: 15015, finished: 0
[2026-04-14 01:15:04] current cache size: 15029, finished: 0
[2026-04-14 01:15:04] current cache size: 15038, finished: 0
[2026-04-14 01:15:04] current cache size: 15048, finished: 0
[2026-04-14 01:15:04] current cache size: 15055, finished: 0
[2026-04-14 01:15:05] current cache size: 15075, finished: 0
[2026-04-14 01:15:05] current cache size: 15082, finished: 0
[2026-04-14 01:15:05] current cache size: 15091, finished: 0
[2026-04-14 01:15:05] current cache size: 15101, finished: 0
[2026-04-14 01:15:05] current cache size: 15114, finished: 0
[2026-04-14 01:15:06] current cache size: 15121, finished: 0
[2026-04-14 01:15:06] current cache size: 15131, finished: 0
[2026-04-14 01:15:06] current cache size: 15144, finished: 0
[2026-04-14 01:15:06] current cache size: 15155, finished: 0
[2026-04-14 01:15:06] current cache size: 15160, finished: 0
[2026-04-14 01:15:07] current cache size: 15170, finished: 0
[2026-04-14 01:15:07] current cache size: 15179, finished: 0
[2026-04-14 01:15:07] current cache size: 15189, finished: 0
[2026-04-14 01:15:07] current cache size: 15195, finished: 0
[2026-04-14 01:15:07] current cache size: 15211, finished: 0
[2026-04-14 01:15:08] current cache size: 15219, finished: 0
[2026-04-14 01:15:08] current cache size: 15229, finished: 0
[2026-04-14 01:15:08] current cache size: 15240, finished: 0
[2026-04-14 01:15:08] current cache size: 15251, finished: 0
[2026-04-14 01:15:08] current cache size: 15257, finished: 0
[2026-04-14 01:15:08] current cache size: 15268, finished: 0
[2026-04-14 01:15:09] current cache size: 15277, finished: 0
[2026-04-14 01:15:09] current cache size: 15286, finished: 0
[2026-04-14 01:15:09] current cache size: 15295, finished: 0
[2026-04-14 01:15:09] current cache size: 15310, finished: 0
[2026-04-14 01:15:09] current cache size: 15322, finished: 0
[2026-04-14 01:15:10] current cache size: 15331, finished: 0
[2026-04-14 01:15:10] current cache size: 15346, finished: 0
[2026-04-14 01:15:10] current cache size: 15354, finished: 0
[2026-04-14 01:15:10] current cache size: 15359, finished: 0
[2026-04-14 01:15:10] current cache size: 15370, finished: 0
[2026-04-14 01:15:11] current cache size: 15378, finished: 0
[2026-04-14 01:15:11] current cache size: 15388, finished: 0
[2026-04-14 01:15:11] current cache size: 15397, finished: 0
[2026-04-14 01:15:11] current cache size: 15406, finished: 0
[2026-04-14 01:15:11] current cache size: 15418, finished: 0
[2026-04-14 01:15:12] current cache size: 15426, finished: 0
[2026-04-14 01:15:12] current cache size: 15434, finished: 0
[2026-04-14 01:15:12] current cache size: 15438, finished: 0
[2026-04-14 01:15:12] current cache size: 15449, finished: 0
[2026-04-14 01:15:12] current cache size: 15464, finished: 0
[2026-04-14 01:15:12] current cache size: 15475, finished: 0
[2026-04-14 01:15:13] current cache size: 15479, finished: 0
[INCREMENTAL] cache size: 15494, finished scales: 0/1
[GRASP DEBUG] step=1600 grav=(0,9.81,0) | cond1(dist<0.1)=1003/1024 cond2(>=2 forces>0.2)=15/1024 cond3(quat<thresh)=672/1024 all=15/1024 | ft_dist mean=0.0625 max=0.2030 | force mean=0.0600 max=13.9627
[GRASP DEBUG env0] obj_pos=[-0.07457923889160156, 0.016921043395996094, 0.6667049527168274]
[GRASP DEBUG env0]   ft0 pos=[-0.03229522705078125, 0.03742790222167969, 0.6410623788833618] dist=0.0535
[GRASP DEBUG env0]   ft1 pos=[-0.10565471649169922, 0.026094436645507812, 0.6044839024543762] dist=0.0702
[GRASP DEBUG env0]   ft2 pos=[-0.10863304138183594, 0.003998756408691406, 0.6045039892196655] dist=0.0721
[GRASP DEBUG env0]   ft3 pos=[-0.10056018829345703, -0.016000747680664062, 0.6043905019760132] dist=0.0751
[GRASP DEBUG env0]   ft4 pos=[-0.0980672836303711, -0.03600120544433594, 0.6044611930847168] dist=0.0850
[2026-04-14 01:15:13] current cache size: 15494, finished: 0
[2026-04-14 01:15:13] current cache size: 15511, finished: 0
[2026-04-14 01:15:13] current cache size: 15522, finished: 0
[2026-04-14 01:15:13] current cache size: 15533, finished: 0
[2026-04-14 01:15:14] current cache size: 15546, finished: 0
[2026-04-14 01:15:14] current cache size: 15559, finished: 0
[2026-04-14 01:15:14] current cache size: 15568, finished: 0
[2026-04-14 01:15:14] current cache size: 15582, finished: 0
[2026-04-14 01:15:14] current cache size: 15597, finished: 0
[2026-04-14 01:15:15] current cache size: 15613, finished: 0
[2026-04-14 01:15:15] current cache size: 15623, finished: 0
[2026-04-14 01:15:15] current cache size: 15633, finished: 0
[2026-04-14 01:15:15] current cache size: 15645, finished: 0
[2026-04-14 01:15:15] current cache size: 15660, finished: 0
[2026-04-14 01:15:16] current cache size: 15678, finished: 0
[2026-04-14 01:15:16] current cache size: 15689, finished: 0
[2026-04-14 01:15:16] current cache size: 15706, finished: 0
[2026-04-14 01:15:16] current cache size: 15717, finished: 0
[2026-04-14 01:15:16] current cache size: 15727, finished: 0
[2026-04-14 01:15:16] current cache size: 15747, finished: 0
[2026-04-14 01:15:17] current cache size: 15757, finished: 0
[2026-04-14 01:15:17] current cache size: 15768, finished: 0
[2026-04-14 01:15:17] current cache size: 15784, finished: 0
[2026-04-14 01:15:17] current cache size: 15800, finished: 0
[2026-04-14 01:15:17] current cache size: 15813, finished: 0
[2026-04-14 01:15:18] current cache size: 15827, finished: 0
[2026-04-14 01:15:18] current cache size: 15836, finished: 0
[2026-04-14 01:15:18] current cache size: 15843, finished: 0
[2026-04-14 01:15:18] current cache size: 15857, finished: 0
[2026-04-14 01:15:18] current cache size: 15870, finished: 0
[2026-04-14 01:15:19] current cache size: 15887, finished: 0
[2026-04-14 01:15:19] current cache size: 15902, finished: 0
[2026-04-14 01:15:19] current cache size: 15918, finished: 0
[2026-04-14 01:15:19] current cache size: 15936, finished: 0
[2026-04-14 01:15:19] current cache size: 15948, finished: 0
[2026-04-14 01:15:20] current cache size: 15964, finished: 0
[2026-04-14 01:15:20] current cache size: 15979, finished: 0
[2026-04-14 01:15:20] current cache size: 15991, finished: 0
[2026-04-14 01:15:20] current cache size: 16006, finished: 0
[2026-04-14 01:15:20] current cache size: 16018, finished: 0
[2026-04-14 01:15:20] current cache size: 16029, finished: 0
[2026-04-14 01:15:21] current cache size: 16036, finished: 0
[2026-04-14 01:15:21] current cache size: 16048, finished: 0
[2026-04-14 01:15:21] current cache size: 16056, finished: 0
[2026-04-14 01:15:21] current cache size: 16060, finished: 0
[2026-04-14 01:15:21] current cache size: 16073, finished: 0
[2026-04-14 01:15:22] current cache size: 16081, finished: 0
[2026-04-14 01:15:22] current cache size: 16087, finished: 0
[2026-04-14 01:15:22] current cache size: 16093, finished: 0
[2026-04-14 01:15:22] current cache size: 16098, finished: 0
[2026-04-14 01:15:22] current cache size: 16106, finished: 0
[2026-04-14 01:15:23] current cache size: 16113, finished: 0
[2026-04-14 01:15:23] current cache size: 16120, finished: 0
[2026-04-14 01:15:23] current cache size: 16131, finished: 0
[2026-04-14 01:15:23] current cache size: 16138, finished: 0
[2026-04-14 01:15:23] current cache size: 16145, finished: 0
[2026-04-14 01:15:24] current cache size: 16151, finished: 0
[2026-04-14 01:15:24] current cache size: 16160, finished: 0
[2026-04-14 01:15:24] current cache size: 16165, finished: 0
[2026-04-14 01:15:24] current cache size: 16169, finished: 0
[2026-04-14 01:15:24] current cache size: 16178, finished: 0
[2026-04-14 01:15:24] current cache size: 16185, finished: 0
[2026-04-14 01:15:25] current cache size: 16191, finished: 0
[2026-04-14 01:15:25] current cache size: 16202, finished: 0
[2026-04-14 01:15:25] current cache size: 16214, finished: 0
[2026-04-14 01:15:25] current cache size: 16221, finished: 0
[2026-04-14 01:15:25] current cache size: 16223, finished: 0
[2026-04-14 01:15:26] current cache size: 16230, finished: 0
[2026-04-14 01:15:26] current cache size: 16242, finished: 0
[2026-04-14 01:15:26] current cache size: 16248, finished: 0
[2026-04-14 01:15:26] current cache size: 16253, finished: 0
[2026-04-14 01:15:26] current cache size: 16262, finished: 0
[2026-04-14 01:15:27] current cache size: 16267, finished: 0
[2026-04-14 01:15:27] current cache size: 16275, finished: 0
[2026-04-14 01:15:27] current cache size: 16283, finished: 0
[2026-04-14 01:15:27] current cache size: 16290, finished: 0
[2026-04-14 01:15:27] current cache size: 16299, finished: 0
[2026-04-14 01:15:28] current cache size: 16305, finished: 0
[2026-04-14 01:15:28] current cache size: 16312, finished: 0
[2026-04-14 01:15:28] current cache size: 16317, finished: 0
[2026-04-14 01:15:28] current cache size: 16322, finished: 0
[2026-04-14 01:15:28] current cache size: 16331, finished: 0
[2026-04-14 01:15:29] current cache size: 16345, finished: 0
[2026-04-14 01:15:29] current cache size: 16359, finished: 0
[2026-04-14 01:15:29] current cache size: 16371, finished: 0
[2026-04-14 01:15:29] current cache size: 16383, finished: 0
[2026-04-14 01:15:29] current cache size: 16394, finished: 0
[2026-04-14 01:15:30] current cache size: 16408, finished: 0
[2026-04-14 01:15:30] current cache size: 16422, finished: 0
[2026-04-14 01:15:30] current cache size: 16432, finished: 0
[2026-04-14 01:15:30] current cache size: 16441, finished: 0
[2026-04-14 01:15:30] current cache size: 16452, finished: 0
[2026-04-14 01:15:30] current cache size: 16466, finished: 0
[2026-04-14 01:15:31] current cache size: 16475, finished: 0
[2026-04-14 01:15:31] current cache size: 16490, finished: 0
[2026-04-14 01:15:31] current cache size: 16500, finished: 0
[2026-04-14 01:15:31] current cache size: 16518, finished: 0
[2026-04-14 01:15:31] current cache size: 16534, finished: 0
[2026-04-14 01:15:32] current cache size: 16547, finished: 0
[2026-04-14 01:15:32] current cache size: 16564, finished: 0
[2026-04-14 01:15:32] current cache size: 16572, finished: 0
[2026-04-14 01:15:32] current cache size: 16586, finished: 0
[2026-04-14 01:15:32] current cache size: 16595, finished: 0
[2026-04-14 01:15:33] current cache size: 16606, finished: 0
[2026-04-14 01:15:33] current cache size: 16615, finished: 0
[2026-04-14 01:15:33] current cache size: 16628, finished: 0
[2026-04-14 01:15:33] current cache size: 16637, finished: 0
[2026-04-14 01:15:33] current cache size: 16646, finished: 0
[2026-04-14 01:15:34] current cache size: 16663, finished: 0
[2026-04-14 01:15:34] current cache size: 16671, finished: 0
[2026-04-14 01:15:34] current cache size: 16686, finished: 0
[2026-04-14 01:15:34] current cache size: 16699, finished: 0
[2026-04-14 01:15:34] current cache size: 16711, finished: 0
[2026-04-14 01:15:35] current cache size: 16726, finished: 0
[2026-04-14 01:15:35] current cache size: 16732, finished: 0
[2026-04-14 01:15:35] current cache size: 16742, finished: 0
[2026-04-14 01:15:35] current cache size: 16755, finished: 0
[2026-04-14 01:15:35] current cache size: 16765, finished: 0
[2026-04-14 01:15:35] current cache size: 16769, finished: 0
[2026-04-14 01:15:36] current cache size: 16783, finished: 0
[2026-04-14 01:15:36] current cache size: 16799, finished: 0
[2026-04-14 01:15:36] current cache size: 16808, finished: 0
[2026-04-14 01:15:36] current cache size: 16814, finished: 0
[2026-04-14 01:15:36] current cache size: 16819, finished: 0
[2026-04-14 01:15:37] current cache size: 16821, finished: 0
[2026-04-14 01:15:37] current cache size: 16823, finished: 0
[2026-04-14 01:15:37] current cache size: 16825, finished: 0
[2026-04-14 01:15:37] current cache size: 16829, finished: 0
[2026-04-14 01:15:37] current cache size: 16830, finished: 0
[2026-04-14 01:15:38] current cache size: 16833, finished: 0
[2026-04-14 01:15:38] current cache size: 16836, finished: 0
[2026-04-14 01:15:38] current cache size: 16838, finished: 0
[2026-04-14 01:15:38] current cache size: 16843, finished: 0
[2026-04-14 01:15:38] current cache size: 16850, finished: 0
[2026-04-14 01:15:39] current cache size: 16855, finished: 0
[2026-04-14 01:15:39] current cache size: 16857, finished: 0
[2026-04-14 01:15:39] current cache size: 16858, finished: 0
[2026-04-14 01:15:39] current cache size: 16859, finished: 0
[2026-04-14 01:15:39] current cache size: 16861, finished: 0
[2026-04-14 01:15:40] current cache size: 16862, finished: 0
[2026-04-14 01:15:40] current cache size: 16866, finished: 0
[2026-04-14 01:15:40] current cache size: 16871, finished: 0
[2026-04-14 01:15:40] current cache size: 16873, finished: 0
[2026-04-14 01:15:40] current cache size: 16881, finished: 0
[2026-04-14 01:15:41] current cache size: 16887, finished: 0
[2026-04-14 01:15:41] current cache size: 16893, finished: 0
[2026-04-14 01:15:41] current cache size: 16898, finished: 0
[2026-04-14 01:15:41] current cache size: 16904, finished: 0
[2026-04-14 01:15:41] current cache size: 16908, finished: 0
[2026-04-14 01:15:42] current cache size: 16911, finished: 0
[2026-04-14 01:15:42] current cache size: 16917, finished: 0
[2026-04-14 01:15:42] current cache size: 16922, finished: 0
[2026-04-14 01:15:42] current cache size: 16924, finished: 0
[2026-04-14 01:15:42] current cache size: 16928, finished: 0
[2026-04-14 01:15:42] current cache size: 16930, finished: 0
[2026-04-14 01:15:43] current cache size: 16931, finished: 0
[2026-04-14 01:15:43] current cache size: 16935, finished: 0
[2026-04-14 01:15:43] current cache size: 16940, finished: 0
[2026-04-14 01:15:43] current cache size: 16943, finished: 0
[2026-04-14 01:15:43] current cache size: 16946, finished: 0
[2026-04-14 01:15:44] current cache size: 16950, finished: 0
[2026-04-14 01:15:44] current cache size: 16963, finished: 0
[2026-04-14 01:15:44] current cache size: 16975, finished: 0
[2026-04-14 01:15:44] current cache size: 16987, finished: 0
[2026-04-14 01:15:44] current cache size: 17001, finished: 0
[2026-04-14 01:15:45] current cache size: 17011, finished: 0
[2026-04-14 01:15:45] current cache size: 17029, finished: 0
[2026-04-14 01:15:45] current cache size: 17044, finished: 0
[2026-04-14 01:15:45] current cache size: 17055, finished: 0
[2026-04-14 01:15:45] current cache size: 17066, finished: 0
[2026-04-14 01:15:46] current cache size: 17075, finished: 0
[2026-04-14 01:15:46] current cache size: 17085, finished: 0
[2026-04-14 01:15:46] current cache size: 17098, finished: 0
[2026-04-14 01:15:46] current cache size: 17106, finished: 0
[2026-04-14 01:15:46] current cache size: 17116, finished: 0
[2026-04-14 01:15:46] current cache size: 17124, finished: 0
[2026-04-14 01:15:47] current cache size: 17136, finished: 0
[2026-04-14 01:15:47] current cache size: 17146, finished: 0
[2026-04-14 01:15:47] current cache size: 17152, finished: 0
[2026-04-14 01:15:47] current cache size: 17163, finished: 0
[2026-04-14 01:15:47] current cache size: 17173, finished: 0
[2026-04-14 01:15:48] current cache size: 17182, finished: 0
[2026-04-14 01:15:48] current cache size: 17197, finished: 0
[2026-04-14 01:15:48] current cache size: 17212, finished: 0
[2026-04-14 01:15:48] current cache size: 17220, finished: 0
[2026-04-14 01:15:48] current cache size: 17233, finished: 0
[2026-04-14 01:15:49] current cache size: 17242, finished: 0
[2026-04-14 01:15:49] current cache size: 17250, finished: 0
[2026-04-14 01:15:49] current cache size: 17261, finished: 0
[2026-04-14 01:15:49] current cache size: 17276, finished: 0
[2026-04-14 01:15:49] current cache size: 17291, finished: 0
[2026-04-14 01:15:49] current cache size: 17304, finished: 0
[2026-04-14 01:15:50] current cache size: 17318, finished: 0
[2026-04-14 01:15:50] current cache size: 17333, finished: 0
[2026-04-14 01:15:50] current cache size: 17346, finished: 0
[2026-04-14 01:15:50] current cache size: 17353, finished: 0
[2026-04-14 01:15:50] current cache size: 17365, finished: 0
[2026-04-14 01:15:51] current cache size: 17377, finished: 0
[2026-04-14 01:15:51] current cache size: 17387, finished: 0
[2026-04-14 01:15:51] current cache size: 17397, finished: 0
[INCREMENTAL] cache size: 17402, finished scales: 0/1
[GRASP DEBUG] step=1800 grav=(0,0,-9.81) | cond1(dist<0.1)=990/1024 cond2(>=2 forces>0.2)=5/1024 cond3(quat<thresh)=641/1024 all=5/1024 | ft_dist mean=0.0628 max=0.2169 | force mean=0.0328 max=16.0206
[GRASP DEBUG env0] obj_pos=[-0.06429576873779297, -0.011027336120605469, 0.6547567248344421]
[GRASP DEBUG env0]   ft0 pos=[-0.03852367401123047, 0.04008293151855469, 0.6386757493019104] dist=0.0595
[GRASP DEBUG env0]   ft1 pos=[-0.09910202026367188, 0.02544689178466797, 0.604175865650177] dist=0.0714
[GRASP DEBUG env0]   ft2 pos=[-0.10416698455810547, 0.003998756408691406, 0.6044650077819824] dist=0.0659
[GRASP DEBUG env0]   ft3 pos=[-0.09692668914794922, -0.016000747680664062, 0.6040809154510498] dist=0.0605
[GRASP DEBUG env0]   ft4 pos=[-0.08893299102783203, -0.03600120544433594, 0.6036030054092407] dist=0.0620
[2026-04-14 01:15:51] current cache size: 17402, finished: 0
[2026-04-14 01:15:51] current cache size: 17412, finished: 0
[2026-04-14 01:15:52] current cache size: 17421, finished: 0
[2026-04-14 01:15:52] current cache size: 17441, finished: 0
[2026-04-14 01:15:52] current cache size: 17448, finished: 0
[2026-04-14 01:15:52] current cache size: 17456, finished: 0
[2026-04-14 01:15:52] current cache size: 17470, finished: 0
[2026-04-14 01:15:53] current cache size: 17480, finished: 0
[2026-04-14 01:15:53] current cache size: 17488, finished: 0
[2026-04-14 01:15:53] current cache size: 17494, finished: 0
[2026-04-14 01:15:53] current cache size: 17498, finished: 0
[2026-04-14 01:15:53] current cache size: 17509, finished: 0
[2026-04-14 01:15:54] current cache size: 17520, finished: 0
[2026-04-14 01:15:54] current cache size: 17534, finished: 0
[2026-04-14 01:15:54] current cache size: 17544, finished: 0
[2026-04-14 01:15:54] current cache size: 17553, finished: 0
[2026-04-14 01:15:54] current cache size: 17564, finished: 0
[2026-04-14 01:15:54] current cache size: 17581, finished: 0
[2026-04-14 01:15:55] current cache size: 17589, finished: 0
[2026-04-14 01:15:55] current cache size: 17607, finished: 0
[2026-04-14 01:15:55] current cache size: 17614, finished: 0
[2026-04-14 01:15:55] current cache size: 17627, finished: 0
[2026-04-14 01:15:55] current cache size: 17638, finished: 0
[2026-04-14 01:15:56] current cache size: 17650, finished: 0
[2026-04-14 01:15:56] current cache size: 17664, finished: 0
[2026-04-14 01:15:56] current cache size: 17670, finished: 0
[2026-04-14 01:15:56] current cache size: 17680, finished: 0
[2026-04-14 01:15:56] current cache size: 17689, finished: 0
[2026-04-14 01:15:57] current cache size: 17698, finished: 0
[2026-04-14 01:15:57] current cache size: 17709, finished: 0
[2026-04-14 01:15:57] current cache size: 17720, finished: 0
[2026-04-14 01:15:57] current cache size: 17727, finished: 0
[2026-04-14 01:15:57] current cache size: 17739, finished: 0
[2026-04-14 01:15:57] current cache size: 17751, finished: 0
[2026-04-14 01:15:58] current cache size: 17765, finished: 0
[2026-04-14 01:15:58] current cache size: 17776, finished: 0
[2026-04-14 01:15:58] current cache size: 17785, finished: 0
[2026-04-14 01:15:58] current cache size: 17797, finished: 0
[2026-04-14 01:15:58] current cache size: 17806, finished: 0
[2026-04-14 01:15:59] current cache size: 17814, finished: 0
[2026-04-14 01:15:59] current cache size: 17821, finished: 0
[2026-04-14 01:15:59] current cache size: 17832, finished: 0
[2026-04-14 01:15:59] current cache size: 17844, finished: 0
[2026-04-14 01:15:59] current cache size: 17860, finished: 0
[2026-04-14 01:16:00] current cache size: 17872, finished: 0
[2026-04-14 01:16:00] current cache size: 17892, finished: 0
[2026-04-14 01:16:00] current cache size: 17907, finished: 0
[2026-04-14 01:16:00] current cache size: 17920, finished: 0
[2026-04-14 01:16:00] current cache size: 17932, finished: 0
[2026-04-14 01:16:01] current cache size: 17945, finished: 0
[2026-04-14 01:16:01] current cache size: 17964, finished: 0
[2026-04-14 01:16:01] current cache size: 17974, finished: 0
[2026-04-14 01:16:01] current cache size: 17987, finished: 0
[2026-04-14 01:16:01] current cache size: 17997, finished: 0
[2026-04-14 01:16:01] current cache size: 18010, finished: 0
[2026-04-14 01:16:02] current cache size: 18021, finished: 0
[2026-04-14 01:16:02] current cache size: 18028, finished: 0
[2026-04-14 01:16:02] current cache size: 18036, finished: 0
[2026-04-14 01:16:02] current cache size: 18050, finished: 0
[2026-04-14 01:16:02] current cache size: 18063, finished: 0
[2026-04-14 01:16:03] current cache size: 18077, finished: 0
[2026-04-14 01:16:03] current cache size: 18088, finished: 0
[2026-04-14 01:16:03] current cache size: 18097, finished: 0
[2026-04-14 01:16:03] current cache size: 18115, finished: 0
[2026-04-14 01:16:03] current cache size: 18129, finished: 0
[2026-04-14 01:16:04] current cache size: 18152, finished: 0
[2026-04-14 01:16:04] current cache size: 18171, finished: 0
[2026-04-14 01:16:04] current cache size: 18183, finished: 0
[2026-04-14 01:16:04] current cache size: 18196, finished: 0
[2026-04-14 01:16:04] current cache size: 18206, finished: 0
[2026-04-14 01:16:05] current cache size: 18216, finished: 0
[2026-04-14 01:16:05] current cache size: 18226, finished: 0
[2026-04-14 01:16:05] current cache size: 18243, finished: 0
[2026-04-14 01:16:05] current cache size: 18257, finished: 0
[2026-04-14 01:16:05] current cache size: 18273, finished: 0
[2026-04-14 01:16:06] current cache size: 18287, finished: 0
[2026-04-14 01:16:06] current cache size: 18308, finished: 0
[2026-04-14 01:16:06] current cache size: 18321, finished: 0
[2026-04-14 01:16:06] current cache size: 18337, finished: 0
[2026-04-14 01:16:06] current cache size: 18347, finished: 0
[2026-04-14 01:16:06] current cache size: 18362, finished: 0
[2026-04-14 01:16:07] current cache size: 18368, finished: 0
[2026-04-14 01:16:07] current cache size: 18373, finished: 0
[2026-04-14 01:16:07] current cache size: 18381, finished: 0
[2026-04-14 01:16:07] current cache size: 18386, finished: 0
[2026-04-14 01:16:07] current cache size: 18390, finished: 0
[2026-04-14 01:16:08] current cache size: 18398, finished: 0
[2026-04-14 01:16:08] current cache size: 18403, finished: 0
[2026-04-14 01:16:08] current cache size: 18413, finished: 0
[2026-04-14 01:16:08] current cache size: 18420, finished: 0
[2026-04-14 01:16:08] current cache size: 18427, finished: 0
[2026-04-14 01:16:09] current cache size: 18435, finished: 0
[2026-04-14 01:16:09] current cache size: 18439, finished: 0
[2026-04-14 01:16:09] current cache size: 18446, finished: 0
[2026-04-14 01:16:09] current cache size: 18452, finished: 0
[2026-04-14 01:16:09] current cache size: 18461, finished: 0
[2026-04-14 01:16:10] current cache size: 18469, finished: 0
[2026-04-14 01:16:10] current cache size: 18478, finished: 0
[2026-04-14 01:16:10] current cache size: 18484, finished: 0
[2026-04-14 01:16:10] current cache size: 18487, finished: 0
[2026-04-14 01:16:10] current cache size: 18489, finished: 0
[2026-04-14 01:16:10] current cache size: 18493, finished: 0
[2026-04-14 01:16:11] current cache size: 18498, finished: 0
[2026-04-14 01:16:11] current cache size: 18500, finished: 0
[2026-04-14 01:16:11] current cache size: 18505, finished: 0
[2026-04-14 01:16:11] current cache size: 18519, finished: 0
[2026-04-14 01:16:11] current cache size: 18523, finished: 0
[2026-04-14 01:16:12] current cache size: 18533, finished: 0
[2026-04-14 01:16:12] current cache size: 18543, finished: 0
[2026-04-14 01:16:12] current cache size: 18548, finished: 0
[2026-04-14 01:16:12] current cache size: 18559, finished: 0
[2026-04-14 01:16:12] current cache size: 18564, finished: 0
[2026-04-14 01:16:13] current cache size: 18568, finished: 0
[2026-04-14 01:16:13] current cache size: 18579, finished: 0
[2026-04-14 01:16:13] current cache size: 18584, finished: 0
[2026-04-14 01:16:13] current cache size: 18591, finished: 0
[2026-04-14 01:16:13] current cache size: 18599, finished: 0
[2026-04-14 01:16:14] current cache size: 18606, finished: 0
[2026-04-14 01:16:14] current cache size: 18613, finished: 0
[2026-04-14 01:16:14] current cache size: 18621, finished: 0
[2026-04-14 01:16:14] current cache size: 18634, finished: 0
[2026-04-14 01:16:14] current cache size: 18644, finished: 0
[2026-04-14 01:16:15] current cache size: 18659, finished: 0
[2026-04-14 01:16:15] current cache size: 18671, finished: 0
[2026-04-14 01:16:15] current cache size: 18683, finished: 0
[2026-04-14 01:16:15] current cache size: 18694, finished: 0
[2026-04-14 01:16:15] current cache size: 18703, finished: 0
[2026-04-14 01:16:16] current cache size: 18724, finished: 0
[2026-04-14 01:16:16] current cache size: 18739, finished: 0
[2026-04-14 01:16:16] current cache size: 18752, finished: 0
[2026-04-14 01:16:16] current cache size: 18767, finished: 0
[2026-04-14 01:16:16] current cache size: 18782, finished: 0
[2026-04-14 01:16:16] current cache size: 18793, finished: 0
[2026-04-14 01:16:17] current cache size: 18809, finished: 0
[2026-04-14 01:16:17] current cache size: 18825, finished: 0
[2026-04-14 01:16:17] current cache size: 18835, finished: 0
[2026-04-14 01:16:17] current cache size: 18843, finished: 0
[2026-04-14 01:16:17] current cache size: 18851, finished: 0
[2026-04-14 01:16:18] current cache size: 18859, finished: 0
[2026-04-14 01:16:18] current cache size: 18869, finished: 0
[2026-04-14 01:16:18] current cache size: 18878, finished: 0
[2026-04-14 01:16:18] current cache size: 18901, finished: 0
[2026-04-14 01:16:18] current cache size: 18907, finished: 0
[2026-04-14 01:16:19] current cache size: 18919, finished: 0
[2026-04-14 01:16:19] current cache size: 18925, finished: 0
[2026-04-14 01:16:19] current cache size: 18938, finished: 0
[2026-04-14 01:16:19] current cache size: 18952, finished: 0
[2026-04-14 01:16:19] current cache size: 18964, finished: 0
[2026-04-14 01:16:20] current cache size: 18975, finished: 0
[2026-04-14 01:16:20] current cache size: 18988, finished: 0
[2026-04-14 01:16:20] current cache size: 19003, finished: 0
[2026-04-14 01:16:20] current cache size: 19017, finished: 0
[2026-04-14 01:16:20] current cache size: 19035, finished: 0
[2026-04-14 01:16:20] current cache size: 19044, finished: 0
[2026-04-14 01:16:21] current cache size: 19058, finished: 0
[2026-04-14 01:16:21] current cache size: 19076, finished: 0
[2026-04-14 01:16:21] current cache size: 19092, finished: 0
[2026-04-14 01:16:21] current cache size: 19104, finished: 0
[2026-04-14 01:16:21] current cache size: 19115, finished: 0
[2026-04-14 01:16:22] current cache size: 19128, finished: 0
[2026-04-14 01:16:22] current cache size: 19141, finished: 0
[2026-04-14 01:16:22] current cache size: 19144, finished: 0
[2026-04-14 01:16:22] current cache size: 19144, finished: 0
[2026-04-14 01:16:22] current cache size: 19145, finished: 0
[2026-04-14 01:16:23] current cache size: 19150, finished: 0
[2026-04-14 01:16:23] current cache size: 19155, finished: 0
[2026-04-14 01:16:23] current cache size: 19157, finished: 0
[2026-04-14 01:16:23] current cache size: 19160, finished: 0
[2026-04-14 01:16:23] current cache size: 19162, finished: 0
[2026-04-14 01:16:24] current cache size: 19168, finished: 0
[2026-04-14 01:16:24] current cache size: 19173, finished: 0
[2026-04-14 01:16:24] current cache size: 19177, finished: 0
[2026-04-14 01:16:24] current cache size: 19182, finished: 0
[2026-04-14 01:16:24] current cache size: 19187, finished: 0
[2026-04-14 01:16:25] current cache size: 19190, finished: 0
[2026-04-14 01:16:25] current cache size: 19192, finished: 0
[2026-04-14 01:16:25] current cache size: 19201, finished: 0
[2026-04-14 01:16:25] current cache size: 19207, finished: 0
[2026-04-14 01:16:25] current cache size: 19211, finished: 0
[2026-04-14 01:16:25] current cache size: 19214, finished: 0
[2026-04-14 01:16:26] current cache size: 19218, finished: 0
[2026-04-14 01:16:26] current cache size: 19220, finished: 0
[2026-04-14 01:16:26] current cache size: 19223, finished: 0
[2026-04-14 01:16:26] current cache size: 19227, finished: 0
[2026-04-14 01:16:26] current cache size: 19230, finished: 0
[2026-04-14 01:16:27] current cache size: 19234, finished: 0
[2026-04-14 01:16:27] current cache size: 19239, finished: 0
[2026-04-14 01:16:27] current cache size: 19242, finished: 0
[2026-04-14 01:16:27] current cache size: 19245, finished: 0
[2026-04-14 01:16:27] current cache size: 19248, finished: 0
[2026-04-14 01:16:28] current cache size: 19250, finished: 0
[2026-04-14 01:16:28] current cache size: 19253, finished: 0
[2026-04-14 01:16:28] current cache size: 19256, finished: 0
[2026-04-14 01:16:28] current cache size: 19256, finished: 0
[2026-04-14 01:16:28] current cache size: 19259, finished: 0
[2026-04-14 01:16:29] current cache size: 19262, finished: 0
[2026-04-14 01:16:29] current cache size: 19266, finished: 0
[2026-04-14 01:16:29] current cache size: 19272, finished: 0
[2026-04-14 01:16:29] current cache size: 19278, finished: 0
[2026-04-14 01:16:29] current cache size: 19281, finished: 0
[INCREMENTAL] cache size: 19285, finished scales: 0/1
[GRASP DEBUG] step=2000 grav=(0,0,9.81) | cond1(dist<0.1)=965/1024 cond2(>=2 forces>0.2)=4/1024 cond3(quat<thresh)=515/1024 all=4/1024 | ft_dist mean=0.0659 max=0.2233 | force mean=0.0159 max=13.6083
[GRASP DEBUG env0] obj_pos=[-0.07109737396240234, 0.0035276412963867188, 0.6504204869270325]
[GRASP DEBUG env0]   ft0 pos=[-0.031119346618652344, 0.04199409484863281, 0.6394802927970886] dist=0.0565
[GRASP DEBUG env0]   ft1 pos=[-0.10979843139648438, 0.028781890869140625, 0.6045229434967041] dist=0.0651
[GRASP DEBUG env0]   ft2 pos=[-0.10576248168945312, 0.003998756408691406, 0.6044746041297913] dist=0.0576
[GRASP DEBUG env0]   ft3 pos=[-0.11160755157470703, -0.016000747680664062, 0.6042954325675964] dist=0.0644
[GRASP DEBUG env0]   ft4 pos=[-0.09462833404541016, -0.03600120544433594, 0.6042391061782837] dist=0.0652
[2026-04-14 01:16:30] current cache size: 19285, finished: 0
[2026-04-14 01:16:30] current cache size: 19293, finished: 0
[2026-04-14 01:16:30] current cache size: 19301, finished: 0
[2026-04-14 01:16:30] current cache size: 19310, finished: 0
[2026-04-14 01:16:30] current cache size: 19322, finished: 0
[2026-04-14 01:16:31] current cache size: 19334, finished: 0
[2026-04-14 01:16:31] current cache size: 19353, finished: 0
[2026-04-14 01:16:31] current cache size: 19358, finished: 0
[2026-04-14 01:16:31] current cache size: 19370, finished: 0
[2026-04-14 01:16:31] current cache size: 19376, finished: 0
[2026-04-14 01:16:31] current cache size: 19388, finished: 0
[2026-04-14 01:16:32] current cache size: 19397, finished: 0
[2026-04-14 01:16:32] current cache size: 19407, finished: 0
[2026-04-14 01:16:32] current cache size: 19415, finished: 0
[2026-04-14 01:16:32] current cache size: 19430, finished: 0
[2026-04-14 01:16:32] current cache size: 19438, finished: 0
[2026-04-14 01:16:33] current cache size: 19453, finished: 0
[2026-04-14 01:16:33] current cache size: 19471, finished: 0
[2026-04-14 01:16:33] current cache size: 19487, finished: 0
[2026-04-14 01:16:33] current cache size: 19495, finished: 0
[2026-04-14 01:16:33] current cache size: 19502, finished: 0
[2026-04-14 01:16:34] current cache size: 19515, finished: 0
[2026-04-14 01:16:34] current cache size: 19526, finished: 0
[2026-04-14 01:16:34] current cache size: 19536, finished: 0
[2026-04-14 01:16:34] current cache size: 19550, finished: 0
[2026-04-14 01:16:34] current cache size: 19559, finished: 0
[2026-04-14 01:16:35] current cache size: 19571, finished: 0
[2026-04-14 01:16:35] current cache size: 19582, finished: 0
[2026-04-14 01:16:35] current cache size: 19600, finished: 0
[2026-04-14 01:16:35] current cache size: 19614, finished: 0
[2026-04-14 01:16:35] current cache size: 19628, finished: 0
[2026-04-14 01:16:35] current cache size: 19637, finished: 0
[2026-04-14 01:16:36] current cache size: 19650, finished: 0
[2026-04-14 01:16:36] current cache size: 19665, finished: 0
[2026-04-14 01:16:36] current cache size: 19679, finished: 0
[2026-04-14 01:16:36] current cache size: 19694, finished: 0
[2026-04-14 01:16:36] current cache size: 19702, finished: 0
[2026-04-14 01:16:37] current cache size: 19709, finished: 0
[2026-04-14 01:16:37] current cache size: 19716, finished: 0
[2026-04-14 01:16:37] current cache size: 19724, finished: 0
[2026-04-14 01:16:37] current cache size: 19734, finished: 0
[2026-04-14 01:16:37] current cache size: 19746, finished: 0
[2026-04-14 01:16:38] current cache size: 19755, finished: 0
[2026-04-14 01:16:38] current cache size: 19768, finished: 0
[2026-04-14 01:16:38] current cache size: 19779, finished: 0
[2026-04-14 01:16:38] current cache size: 19789, finished: 0
[2026-04-14 01:16:38] current cache size: 19796, finished: 0
[2026-04-14 01:16:39] current cache size: 19804, finished: 0
[2026-04-14 01:16:39] current cache size: 19816, finished: 0
[2026-04-14 01:16:39] current cache size: 19830, finished: 0
[2026-04-14 01:16:39] current cache size: 19844, finished: 0
[2026-04-14 01:16:39] current cache size: 19855, finished: 0
[2026-04-14 01:16:40] current cache size: 19865, finished: 0
[2026-04-14 01:16:40] current cache size: 19872, finished: 0
[2026-04-14 01:16:40] current cache size: 19884, finished: 0
[2026-04-14 01:16:40] current cache size: 19896, finished: 0
[2026-04-14 01:16:40] current cache size: 19904, finished: 0
[2026-04-14 01:16:40] current cache size: 19917, finished: 0
[2026-04-14 01:16:41] current cache size: 19925, finished: 0
[2026-04-14 01:16:41] current cache size: 19933, finished: 0
[2026-04-14 01:16:41] current cache size: 19944, finished: 0
[2026-04-14 01:16:41] current cache size: 19957, finished: 0
[2026-04-14 01:16:41] current cache size: 19966, finished: 0
[2026-04-14 01:16:42] current cache size: 19973, finished: 0
[2026-04-14 01:16:42] current cache size: 19979, finished: 0
[2026-04-14 01:16:42] current cache size: 19991, finished: 0
[2026-04-14 01:16:42] current cache size: 20004, finished: 0
[2026-04-14 01:16:42] current cache size: 20014, finished: 0
[2026-04-14 01:16:43] current cache size: 20021, finished: 0
[2026-04-14 01:16:43] current cache size: 20029, finished: 0
[2026-04-14 01:16:43] current cache size: 20039, finished: 0
[2026-04-14 01:16:43] current cache size: 20049, finished: 0
[2026-04-14 01:16:43] current cache size: 20057, finished: 0
[2026-04-14 01:16:44] current cache size: 20070, finished: 0
[2026-04-14 01:16:44] current cache size: 20079, finished: 0
[2026-04-14 01:16:44] current cache size: 20089, finished: 0
[2026-04-14 01:16:44] current cache size: 20098, finished: 0
[2026-04-14 01:16:44] current cache size: 20108, finished: 0
[2026-04-14 01:16:45] current cache size: 20113, finished: 0
[2026-04-14 01:16:45] current cache size: 20122, finished: 0
[2026-04-14 01:16:45] current cache size: 20136, finished: 0
[2026-04-14 01:16:45] current cache size: 20160, finished: 0
[2026-04-14 01:16:45] current cache size: 20171, finished: 0
[2026-04-14 01:16:45] current cache size: 20188, finished: 0
[2026-04-14 01:16:46] current cache size: 20198, finished: 0
[2026-04-14 01:16:46] current cache size: 20211, finished: 0
[2026-04-14 01:16:46] current cache size: 20225, finished: 0
[2026-04-14 01:16:46] current cache size: 20236, finished: 0
[2026-04-14 01:16:46] current cache size: 20245, finished: 0
[2026-04-14 01:16:47] current cache size: 20255, finished: 0
[2026-04-14 01:16:47] current cache size: 20264, finished: 0
[2026-04-14 01:16:47] current cache size: 20283, finished: 0
[2026-04-14 01:16:47] current cache size: 20299, finished: 0
[2026-04-14 01:16:47] current cache size: 20313, finished: 0
[2026-04-14 01:16:48] current cache size: 20324, finished: 0
[2026-04-14 01:16:48] current cache size: 20338, finished: 0
[2026-04-14 01:16:48] current cache size: 20357, finished: 0
[2026-04-14 01:16:48] current cache size: 20364, finished: 0
[2026-04-14 01:16:48] current cache size: 20384, finished: 0
[2026-04-14 01:16:49] current cache size: 20399, finished: 0
[2026-04-14 01:16:49] current cache size: 20411, finished: 0
[2026-04-14 01:16:49] current cache size: 20423, finished: 0
[2026-04-14 01:16:49] current cache size: 20434, finished: 0
[2026-04-14 01:16:49] current cache size: 20444, finished: 0
[2026-04-14 01:16:49] current cache size: 20453, finished: 0
[2026-04-14 01:16:50] current cache size: 20465, finished: 0
[2026-04-14 01:16:50] current cache size: 20471, finished: 0
[2026-04-14 01:16:50] current cache size: 20486, finished: 0
[2026-04-14 01:16:50] current cache size: 20495, finished: 0
[2026-04-14 01:16:50] current cache size: 20507, finished: 0
[2026-04-14 01:16:51] current cache size: 20518, finished: 0
[2026-04-14 01:16:51] current cache size: 20527, finished: 0
[2026-04-14 01:16:51] current cache size: 20540, finished: 0
[2026-04-14 01:16:51] current cache size: 20553, finished: 0
[2026-04-14 01:16:51] current cache size: 20567, finished: 0
[2026-04-14 01:16:52] current cache size: 20579, finished: 0
[2026-04-14 01:16:52] current cache size: 20585, finished: 0
[2026-04-14 01:16:52] current cache size: 20597, finished: 0
[2026-04-14 01:16:52] current cache size: 20610, finished: 0
[2026-04-14 01:16:52] current cache size: 20626, finished: 0
[2026-04-14 01:16:53] current cache size: 20634, finished: 0
[2026-04-14 01:16:53] current cache size: 20642, finished: 0
[2026-04-14 01:16:53] current cache size: 20649, finished: 0
[2026-04-14 01:16:53] current cache size: 20662, finished: 0
[2026-04-14 01:16:53] current cache size: 20676, finished: 0
[2026-04-14 01:16:53] current cache size: 20685, finished: 0
[2026-04-14 01:16:54] current cache size: 20691, finished: 0
[2026-04-14 01:16:54] current cache size: 20703, finished: 0
[2026-04-14 01:16:54] current cache size: 20710, finished: 0
[2026-04-14 01:16:54] current cache size: 20720, finished: 0
[2026-04-14 01:16:54] current cache size: 20724, finished: 0
[2026-04-14 01:16:55] current cache size: 20731, finished: 0
[2026-04-14 01:16:55] current cache size: 20739, finished: 0
[2026-04-14 01:16:55] current cache size: 20750, finished: 0
[2026-04-14 01:16:55] current cache size: 20760, finished: 0
[2026-04-14 01:16:55] current cache size: 20771, finished: 0
[2026-04-14 01:16:56] current cache size: 20780, finished: 0
[2026-04-14 01:16:56] current cache size: 20788, finished: 0
[2026-04-14 01:16:56] current cache size: 20796, finished: 0
[2026-04-14 01:16:56] current cache size: 20798, finished: 0
[2026-04-14 01:16:56] current cache size: 20803, finished: 0
[2026-04-14 01:16:57] current cache size: 20816, finished: 0
[2026-04-14 01:16:57] current cache size: 20827, finished: 0
[2026-04-14 01:16:57] current cache size: 20838, finished: 0
[2026-04-14 01:16:57] current cache size: 20848, finished: 0
[2026-04-14 01:16:57] current cache size: 20854, finished: 0
[2026-04-14 01:16:57] current cache size: 20863, finished: 0
[2026-04-14 01:16:58] current cache size: 20867, finished: 0
[2026-04-14 01:16:58] current cache size: 20876, finished: 0
[2026-04-14 01:16:58] current cache size: 20885, finished: 0
[2026-04-14 01:16:58] current cache size: 20895, finished: 0
[2026-04-14 01:16:58] current cache size: 20901, finished: 0
[2026-04-14 01:16:59] current cache size: 20904, finished: 0
[2026-04-14 01:16:59] current cache size: 20910, finished: 0
[2026-04-14 01:16:59] current cache size: 20918, finished: 0
[2026-04-14 01:16:59] current cache size: 20926, finished: 0
[2026-04-14 01:16:59] current cache size: 20931, finished: 0
[2026-04-14 01:17:00] current cache size: 20936, finished: 0
[2026-04-14 01:17:00] current cache size: 20942, finished: 0
[2026-04-14 01:17:00] current cache size: 20954, finished: 0
[2026-04-14 01:17:00] current cache size: 20965, finished: 0
[2026-04-14 01:17:00] current cache size: 20973, finished: 0
[2026-04-14 01:17:01] current cache size: 20983, finished: 0
[2026-04-14 01:17:01] current cache size: 20994, finished: 0
[2026-04-14 01:17:01] current cache size: 21006, finished: 0
[2026-04-14 01:17:01] current cache size: 21017, finished: 0
[2026-04-14 01:17:01] current cache size: 21028, finished: 0
[2026-04-14 01:17:02] current cache size: 21040, finished: 0
[2026-04-14 01:17:02] current cache size: 21050, finished: 0
[2026-04-14 01:17:02] current cache size: 21060, finished: 0
[2026-04-14 01:17:02] current cache size: 21073, finished: 0
[2026-04-14 01:17:02] current cache size: 21091, finished: 0
[2026-04-14 01:17:02] current cache size: 21104, finished: 0
[2026-04-14 01:17:03] current cache size: 21109, finished: 0
[2026-04-14 01:17:03] current cache size: 21115, finished: 0
[2026-04-14 01:17:03] current cache size: 21128, finished: 0
[2026-04-14 01:17:03] current cache size: 21144, finished: 0
[2026-04-14 01:17:03] current cache size: 21155, finished: 0
[2026-04-14 01:17:04] current cache size: 21170, finished: 0
[2026-04-14 01:17:04] current cache size: 21177, finished: 0
[2026-04-14 01:17:04] current cache size: 21191, finished: 0
[2026-04-14 01:17:04] current cache size: 21202, finished: 0
[2026-04-14 01:17:04] current cache size: 21213, finished: 0
[2026-04-14 01:17:05] current cache size: 21229, finished: 0
[2026-04-14 01:17:05] current cache size: 21244, finished: 0
[2026-04-14 01:17:05] current cache size: 21253, finished: 0
[2026-04-14 01:17:05] current cache size: 21267, finished: 0
[2026-04-14 01:17:05] current cache size: 21282, finished: 0
[2026-04-14 01:17:06] current cache size: 21292, finished: 0
[2026-04-14 01:17:06] current cache size: 21304, finished: 0
[2026-04-14 01:17:06] current cache size: 21308, finished: 0
[2026-04-14 01:17:06] current cache size: 21314, finished: 0
[2026-04-14 01:17:06] current cache size: 21332, finished: 0
[2026-04-14 01:17:06] current cache size: 21345, finished: 0
[2026-04-14 01:17:07] current cache size: 21358, finished: 0
[2026-04-14 01:17:07] current cache size: 21363, finished: 0
[2026-04-14 01:17:07] current cache size: 21377, finished: 0
[2026-04-14 01:17:07] current cache size: 21390, finished: 0
[2026-04-14 01:17:07] current cache size: 21395, finished: 0
[2026-04-14 01:17:08] current cache size: 21408, finished: 0
[INCREMENTAL] cache size: 21423, finished scales: 0/1
[GRASP DEBUG] step=2200 grav=(-9.81,0,0) | cond1(dist<0.1)=1004/1024 cond2(>=2 forces>0.2)=15/1024 cond3(quat<thresh)=688/1024 all=15/1024 | ft_dist mean=0.0623 max=0.2998 | force mean=0.0526 max=12.6811
[GRASP DEBUG env0] obj_pos=[-0.07082557678222656, 0.008137702941894531, 0.639655351638794]
[GRASP DEBUG env0]   ft0 pos=[-0.004750251770019531, 0.0333404541015625, 0.6399871110916138] dist=0.0707
[GRASP DEBUG env0]   ft1 pos=[-0.10803508758544922, 0.025603294372558594, 0.6045476198196411] dist=0.0541
[GRASP DEBUG env0]   ft2 pos=[-0.1113433837890625, 0.003998756408691406, 0.6044544577598572] dist=0.0538
[GRASP DEBUG env0]   ft3 pos=[-0.10743904113769531, -0.016000747680664062, 0.6045227646827698] dist=0.0562
[GRASP DEBUG env0]   ft4 pos=[-0.0882101058959961, -0.03600120544433594, 0.6035014986991882] dist=0.0596
[2026-04-14 01:17:08] current cache size: 21423, finished: 0
[2026-04-14 01:17:08] current cache size: 21429, finished: 0
[2026-04-14 01:17:08] current cache size: 21433, finished: 0
[2026-04-14 01:17:08] current cache size: 21437, finished: 0
[2026-04-14 01:17:09] current cache size: 21439, finished: 0
[2026-04-14 01:17:09] current cache size: 21441, finished: 0
[2026-04-14 01:17:09] current cache size: 21442, finished: 0
[2026-04-14 01:17:09] current cache size: 21445, finished: 0
[2026-04-14 01:17:09] current cache size: 21451, finished: 0
[2026-04-14 01:17:10] current cache size: 21456, finished: 0
[2026-04-14 01:17:10] current cache size: 21460, finished: 0
[2026-04-14 01:17:10] current cache size: 21463, finished: 0
[2026-04-14 01:17:10] current cache size: 21470, finished: 0
[2026-04-14 01:17:10] current cache size: 21474, finished: 0
[2026-04-14 01:17:11] current cache size: 21475, finished: 0
[2026-04-14 01:17:11] current cache size: 21478, finished: 0
[2026-04-14 01:17:11] current cache size: 21482, finished: 0
[2026-04-14 01:17:11] current cache size: 21491, finished: 0
[2026-04-14 01:17:11] current cache size: 21494, finished: 0
[2026-04-14 01:17:12] current cache size: 21503, finished: 0
[2026-04-14 01:17:12] current cache size: 21506, finished: 0
[2026-04-14 01:17:12] current cache size: 21510, finished: 0
[2026-04-14 01:17:12] current cache size: 21513, finished: 0
[2026-04-14 01:17:12] current cache size: 21514, finished: 0
[2026-04-14 01:17:12] current cache size: 21521, finished: 0
[2026-04-14 01:17:13] current cache size: 21528, finished: 0
[2026-04-14 01:17:13] current cache size: 21531, finished: 0
[2026-04-14 01:17:13] current cache size: 21534, finished: 0
[2026-04-14 01:17:13] current cache size: 21537, finished: 0
[2026-04-14 01:17:13] current cache size: 21542, finished: 0
[2026-04-14 01:17:14] current cache size: 21545, finished: 0
[2026-04-14 01:17:14] current cache size: 21547, finished: 0
[2026-04-14 01:17:14] current cache size: 21552, finished: 0
[2026-04-14 01:17:14] current cache size: 21556, finished: 0
[2026-04-14 01:17:14] current cache size: 21556, finished: 0
[2026-04-14 01:17:15] current cache size: 21560, finished: 0
[2026-04-14 01:17:15] current cache size: 21566, finished: 0
[2026-04-14 01:17:15] current cache size: 21568, finished: 0
[2026-04-14 01:17:15] current cache size: 21571, finished: 0
[2026-04-14 01:17:15] current cache size: 21574, finished: 0
[2026-04-14 01:17:16] current cache size: 21577, finished: 0
[2026-04-14 01:17:16] current cache size: 21588, finished: 0
[2026-04-14 01:17:16] current cache size: 21595, finished: 0
[2026-04-14 01:17:16] current cache size: 21609, finished: 0
[2026-04-14 01:17:16] current cache size: 21618, finished: 0
[2026-04-14 01:17:16] current cache size: 21628, finished: 0
[2026-04-14 01:17:17] current cache size: 21639, finished: 0
[2026-04-14 01:17:17] current cache size: 21652, finished: 0
[2026-04-14 01:17:17] current cache size: 21662, finished: 0
[2026-04-14 01:17:17] current cache size: 21679, finished: 0
[2026-04-14 01:17:17] current cache size: 21688, finished: 0
[2026-04-14 01:17:18] current cache size: 21700, finished: 0
[2026-04-14 01:17:18] current cache size: 21709, finished: 0
[2026-04-14 01:17:18] current cache size: 21719, finished: 0
[2026-04-14 01:17:18] current cache size: 21727, finished: 0
[2026-04-14 01:17:18] current cache size: 21735, finished: 0
[2026-04-14 01:17:19] current cache size: 21742, finished: 0
[2026-04-14 01:17:19] current cache size: 21754, finished: 0
[2026-04-14 01:17:19] current cache size: 21767, finished: 0
[2026-04-14 01:17:19] current cache size: 21778, finished: 0
[2026-04-14 01:17:19] current cache size: 21792, finished: 0
[2026-04-14 01:17:20] current cache size: 21801, finished: 0
[2026-04-14 01:17:20] current cache size: 21809, finished: 0
[2026-04-14 01:17:20] current cache size: 21825, finished: 0
[2026-04-14 01:17:20] current cache size: 21832, finished: 0
[2026-04-14 01:17:20] current cache size: 21844, finished: 0
[2026-04-14 01:17:20] current cache size: 21852, finished: 0
[2026-04-14 01:17:21] current cache size: 21863, finished: 0
[2026-04-14 01:17:21] current cache size: 21875, finished: 0
[2026-04-14 01:17:21] current cache size: 21885, finished: 0
[2026-04-14 01:17:21] current cache size: 21898, finished: 0
[2026-04-14 01:17:21] current cache size: 21905, finished: 0
[2026-04-14 01:17:22] current cache size: 21916, finished: 0
[2026-04-14 01:17:22] current cache size: 21931, finished: 0
[2026-04-14 01:17:22] current cache size: 21944, finished: 0
[2026-04-14 01:17:22] current cache size: 21956, finished: 0
[2026-04-14 01:17:22] current cache size: 21964, finished: 0
[2026-04-14 01:17:23] current cache size: 21977, finished: 0
[2026-04-14 01:17:23] current cache size: 21990, finished: 0
[2026-04-14 01:17:23] current cache size: 22007, finished: 0
[2026-04-14 01:17:23] current cache size: 22016, finished: 0
[2026-04-14 01:17:23] current cache size: 22023, finished: 0
[2026-04-14 01:17:24] current cache size: 22031, finished: 0
[2026-04-14 01:17:24] current cache size: 22043, finished: 0
[2026-04-14 01:17:24] current cache size: 22055, finished: 0
[2026-04-14 01:17:24] current cache size: 22069, finished: 0
[2026-04-14 01:17:24] current cache size: 22079, finished: 0
[2026-04-14 01:17:24] current cache size: 22095, finished: 0
[2026-04-14 01:17:25] current cache size: 22109, finished: 0
[2026-04-14 01:17:25] current cache size: 22121, finished: 0
[2026-04-14 01:17:25] current cache size: 22133, finished: 0
[2026-04-14 01:17:25] current cache size: 22141, finished: 0
[2026-04-14 01:17:25] current cache size: 22153, finished: 0
[2026-04-14 01:17:26] current cache size: 22160, finished: 0
[2026-04-14 01:17:26] current cache size: 22167, finished: 0
[2026-04-14 01:17:26] current cache size: 22178, finished: 0
[2026-04-14 01:17:26] current cache size: 22191, finished: 0
[2026-04-14 01:17:26] current cache size: 22205, finished: 0
[2026-04-14 01:17:27] current cache size: 22214, finished: 0
[2026-04-14 01:17:27] current cache size: 22221, finished: 0
[2026-04-14 01:17:27] current cache size: 22231, finished: 0
[2026-04-14 01:17:27] current cache size: 22239, finished: 0
[2026-04-14 01:17:27] current cache size: 22255, finished: 0
[2026-04-14 01:17:28] current cache size: 22270, finished: 0
[2026-04-14 01:17:28] current cache size: 22283, finished: 0
[2026-04-14 01:17:28] current cache size: 22294, finished: 0
[2026-04-14 01:17:28] current cache size: 22304, finished: 0
[2026-04-14 01:17:28] current cache size: 22309, finished: 0
[2026-04-14 01:17:28] current cache size: 22317, finished: 0
[2026-04-14 01:17:29] current cache size: 22324, finished: 0
[2026-04-14 01:17:29] current cache size: 22332, finished: 0
[2026-04-14 01:17:29] current cache size: 22342, finished: 0
[2026-04-14 01:17:29] current cache size: 22351, finished: 0
[2026-04-14 01:17:29] current cache size: 22358, finished: 0
[2026-04-14 01:17:30] current cache size: 22373, finished: 0
[2026-04-14 01:17:30] current cache size: 22380, finished: 0
[2026-04-14 01:17:30] current cache size: 22392, finished: 0
[2026-04-14 01:17:30] current cache size: 22402, finished: 0
[2026-04-14 01:17:30] current cache size: 22414, finished: 0
[2026-04-14 01:17:31] current cache size: 22425, finished: 0
[2026-04-14 01:17:31] current cache size: 22437, finished: 0
[2026-04-14 01:17:31] current cache size: 22450, finished: 0
[2026-04-14 01:17:31] current cache size: 22460, finished: 0
[2026-04-14 01:17:31] current cache size: 22477, finished: 0
[2026-04-14 01:17:32] current cache size: 22488, finished: 0
[2026-04-14 01:17:32] current cache size: 22505, finished: 0
[2026-04-14 01:17:32] current cache size: 22521, finished: 0
[2026-04-14 01:17:32] current cache size: 22537, finished: 0
[2026-04-14 01:17:32] current cache size: 22550, finished: 0
[2026-04-14 01:17:32] current cache size: 22563, finished: 0
[2026-04-14 01:17:33] current cache size: 22576, finished: 0
[2026-04-14 01:17:33] current cache size: 22587, finished: 0
[2026-04-14 01:17:33] current cache size: 22599, finished: 0
[2026-04-14 01:17:33] current cache size: 22613, finished: 0
[2026-04-14 01:17:33] current cache size: 22626, finished: 0
[2026-04-14 01:17:34] current cache size: 22642, finished: 0
[2026-04-14 01:17:34] current cache size: 22654, finished: 0
[2026-04-14 01:17:34] current cache size: 22674, finished: 0
[2026-04-14 01:17:34] current cache size: 22687, finished: 0
[2026-04-14 01:17:34] current cache size: 22709, finished: 0
[2026-04-14 01:17:35] current cache size: 22727, finished: 0
[2026-04-14 01:17:35] current cache size: 22738, finished: 0
[2026-04-14 01:17:35] current cache size: 22752, finished: 0
[2026-04-14 01:17:35] current cache size: 22762, finished: 0
[2026-04-14 01:17:35] current cache size: 22771, finished: 0
[2026-04-14 01:17:36] current cache size: 22781, finished: 0
[2026-04-14 01:17:36] current cache size: 22793, finished: 0
[2026-04-14 01:17:36] current cache size: 22801, finished: 0
[2026-04-14 01:17:36] current cache size: 22818, finished: 0
[2026-04-14 01:17:36] current cache size: 22832, finished: 0
[2026-04-14 01:17:37] current cache size: 22850, finished: 0
[2026-04-14 01:17:37] current cache size: 22862, finished: 0
[2026-04-14 01:17:37] current cache size: 22876, finished: 0
[2026-04-14 01:17:37] current cache size: 22887, finished: 0
[2026-04-14 01:17:37] current cache size: 22895, finished: 0
[2026-04-14 01:17:37] current cache size: 22912, finished: 0
[2026-04-14 01:17:38] current cache size: 22920, finished: 0
[2026-04-14 01:17:38] current cache size: 22936, finished: 0
[2026-04-14 01:17:38] current cache size: 22953, finished: 0
[2026-04-14 01:17:38] current cache size: 22964, finished: 0
[2026-04-14 01:17:38] current cache size: 22974, finished: 0
[2026-04-14 01:17:39] current cache size: 22982, finished: 0
[2026-04-14 01:17:39] current cache size: 22989, finished: 0
[2026-04-14 01:17:39] current cache size: 23003, finished: 0
[2026-04-14 01:17:39] current cache size: 23010, finished: 0
[2026-04-14 01:17:39] current cache size: 23021, finished: 0
[2026-04-14 01:17:40] current cache size: 23031, finished: 0
[2026-04-14 01:17:40] current cache size: 23041, finished: 0
[2026-04-14 01:17:40] current cache size: 23051, finished: 0
[2026-04-14 01:17:40] current cache size: 23056, finished: 0
[2026-04-14 01:17:40] current cache size: 23063, finished: 0
[2026-04-14 01:17:41] current cache size: 23068, finished: 0
[2026-04-14 01:17:41] current cache size: 23076, finished: 0
[2026-04-14 01:17:41] current cache size: 23079, finished: 0
[2026-04-14 01:17:41] current cache size: 23083, finished: 0
[2026-04-14 01:17:41] current cache size: 23088, finished: 0
[2026-04-14 01:17:41] current cache size: 23092, finished: 0
[2026-04-14 01:17:42] current cache size: 23097, finished: 0
[2026-04-14 01:17:42] current cache size: 23099, finished: 0
[2026-04-14 01:17:42] current cache size: 23106, finished: 0
[2026-04-14 01:17:42] current cache size: 23114, finished: 0
[2026-04-14 01:17:42] current cache size: 23119, finished: 0
[2026-04-14 01:17:43] current cache size: 23124, finished: 0
[2026-04-14 01:17:43] current cache size: 23138, finished: 0
[2026-04-14 01:17:43] current cache size: 23150, finished: 0
[2026-04-14 01:17:43] current cache size: 23157, finished: 0
[2026-04-14 01:17:43] current cache size: 23164, finished: 0
[2026-04-14 01:17:44] current cache size: 23175, finished: 0
[2026-04-14 01:17:44] current cache size: 23182, finished: 0
[2026-04-14 01:17:44] current cache size: 23190, finished: 0
[2026-04-14 01:17:44] current cache size: 23204, finished: 0
[2026-04-14 01:17:44] current cache size: 23208, finished: 0
[2026-04-14 01:17:45] current cache size: 23218, finished: 0
[2026-04-14 01:17:45] current cache size: 23222, finished: 0
[2026-04-14 01:17:45] current cache size: 23229, finished: 0
[2026-04-14 01:17:45] current cache size: 23236, finished: 0
[2026-04-14 01:17:45] current cache size: 23245, finished: 0
[2026-04-14 01:17:46] current cache size: 23251, finished: 0
[2026-04-14 01:17:46] current cache size: 23260, finished: 0
[2026-04-14 01:17:46] current cache size: 23271, finished: 0
[INCREMENTAL] cache size: 23284, finished scales: 0/1
[GRASP DEBUG] step=2400 grav=(9.81,0,0) | cond1(dist<0.1)=1005/1024 cond2(>=2 forces>0.2)=13/1024 cond3(quat<thresh)=640/1024 all=13/1024 | ft_dist mean=0.0628 max=0.1879 | force mean=0.0447 max=17.6000
[GRASP DEBUG env0] obj_pos=[-0.06363487243652344, 0.0068988800048828125, 0.6379955410957336]
[GRASP DEBUG env0]   ft0 pos=[-0.0001544952392578125, 0.011575698852539062, 0.6384881734848022] dist=0.0637
[GRASP DEBUG env0]   ft1 pos=[-0.10407257080078125, 0.02621936798095703, 0.604438066482544] dist=0.0560
[GRASP DEBUG env0]   ft2 pos=[-0.1045541763305664, 0.003998756408691406, 0.6044120192527771] dist=0.0530
[GRASP DEBUG env0]   ft3 pos=[-0.11050796508789062, -0.016000747680664062, 0.6044044494628906] dist=0.0620
[GRASP DEBUG env0]   ft4 pos=[-0.09669876098632812, -0.03600120544433594, 0.6043938994407654] dist=0.0637
[2026-04-14 01:17:46] current cache size: 23284, finished: 0
[2026-04-14 01:17:46] current cache size: 23297, finished: 0
[2026-04-14 01:17:46] current cache size: 23303, finished: 0
[2026-04-14 01:17:47] current cache size: 23316, finished: 0
[2026-04-14 01:17:47] current cache size: 23324, finished: 0
[2026-04-14 01:17:47] current cache size: 23336, finished: 0
[2026-04-14 01:17:47] current cache size: 23343, finished: 0
[2026-04-14 01:17:47] current cache size: 23357, finished: 0
[2026-04-14 01:17:48] current cache size: 23371, finished: 0
[2026-04-14 01:17:48] current cache size: 23382, finished: 0
[2026-04-14 01:17:48] current cache size: 23389, finished: 0
[2026-04-14 01:17:48] current cache size: 23396, finished: 0
[2026-04-14 01:17:48] current cache size: 23405, finished: 0
[2026-04-14 01:17:49] current cache size: 23417, finished: 0
[2026-04-14 01:17:49] current cache size: 23428, finished: 0
[2026-04-14 01:17:49] current cache size: 23436, finished: 0
[2026-04-14 01:17:49] current cache size: 23445, finished: 0
[2026-04-14 01:17:49] current cache size: 23457, finished: 0
[2026-04-14 01:17:50] current cache size: 23470, finished: 0
[2026-04-14 01:17:50] current cache size: 23479, finished: 0
[2026-04-14 01:17:50] current cache size: 23489, finished: 0
[2026-04-14 01:17:50] current cache size: 23497, finished: 0
[2026-04-14 01:17:50] current cache size: 23510, finished: 0
[2026-04-14 01:17:50] current cache size: 23522, finished: 0
[2026-04-14 01:17:51] current cache size: 23539, finished: 0
[2026-04-14 01:17:51] current cache size: 23552, finished: 0
[2026-04-14 01:17:51] current cache size: 23566, finished: 0
[2026-04-14 01:17:51] current cache size: 23581, finished: 0
[2026-04-14 01:17:51] current cache size: 23586, finished: 0
[2026-04-14 01:17:52] current cache size: 23597, finished: 0
[2026-04-14 01:17:52] current cache size: 23607, finished: 0
[2026-04-14 01:17:52] current cache size: 23627, finished: 0
[2026-04-14 01:17:52] current cache size: 23639, finished: 0
[2026-04-14 01:17:52] current cache size: 23651, finished: 0
[2026-04-14 01:17:53] current cache size: 23670, finished: 0
[2026-04-14 01:17:53] current cache size: 23682, finished: 0
[2026-04-14 01:17:53] current cache size: 23698, finished: 0
[2026-04-14 01:17:53] current cache size: 23707, finished: 0
[2026-04-14 01:17:53] current cache size: 23717, finished: 0
[2026-04-14 01:17:54] current cache size: 23732, finished: 0
[2026-04-14 01:17:54] current cache size: 23746, finished: 0
[2026-04-14 01:17:54] current cache size: 23754, finished: 0
[2026-04-14 01:17:54] current cache size: 23761, finished: 0
[2026-04-14 01:17:54] current cache size: 23764, finished: 0
[2026-04-14 01:17:54] current cache size: 23767, finished: 0
[2026-04-14 01:17:55] current cache size: 23770, finished: 0
[2026-04-14 01:17:55] current cache size: 23773, finished: 0
[2026-04-14 01:17:55] current cache size: 23777, finished: 0
[2026-04-14 01:17:55] current cache size: 23780, finished: 0
[2026-04-14 01:17:55] current cache size: 23782, finished: 0
[2026-04-14 01:17:56] current cache size: 23794, finished: 0
[2026-04-14 01:17:56] current cache size: 23801, finished: 0
[2026-04-14 01:17:56] current cache size: 23805, finished: 0
[2026-04-14 01:17:56] current cache size: 23809, finished: 0
[2026-04-14 01:17:56] current cache size: 23814, finished: 0
[2026-04-14 01:17:57] current cache size: 23818, finished: 0
[2026-04-14 01:17:57] current cache size: 23823, finished: 0
[2026-04-14 01:17:57] current cache size: 23827, finished: 0
[2026-04-14 01:17:57] current cache size: 23828, finished: 0
[2026-04-14 01:17:57] current cache size: 23830, finished: 0
[2026-04-14 01:17:58] current cache size: 23832, finished: 0
[2026-04-14 01:17:58] current cache size: 23837, finished: 0
[2026-04-14 01:17:58] current cache size: 23840, finished: 0
[2026-04-14 01:17:58] current cache size: 23846, finished: 0
[2026-04-14 01:17:58] current cache size: 23853, finished: 0
[2026-04-14 01:17:59] current cache size: 23860, finished: 0
[2026-04-14 01:17:59] current cache size: 23862, finished: 0
[2026-04-14 01:17:59] current cache size: 23864, finished: 0
[2026-04-14 01:17:59] current cache size: 23867, finished: 0
[2026-04-14 01:17:59] current cache size: 23869, finished: 0
[2026-04-14 01:18:00] current cache size: 23874, finished: 0
[2026-04-14 01:18:00] current cache size: 23881, finished: 0
[2026-04-14 01:18:00] current cache size: 23886, finished: 0
[2026-04-14 01:18:00] current cache size: 23888, finished: 0
[2026-04-14 01:18:00] current cache size: 23894, finished: 0
[2026-04-14 01:18:01] current cache size: 23898, finished: 0
[2026-04-14 01:18:01] current cache size: 23900, finished: 0
[2026-04-14 01:18:01] current cache size: 23905, finished: 0
[2026-04-14 01:18:01] current cache size: 23907, finished: 0
[2026-04-14 01:18:01] current cache size: 23912, finished: 0
[2026-04-14 01:18:01] current cache size: 23917, finished: 0
[2026-04-14 01:18:02] current cache size: 23927, finished: 0
[2026-04-14 01:18:02] current cache size: 23943, finished: 0
[2026-04-14 01:18:02] current cache size: 23957, finished: 0
[2026-04-14 01:18:02] current cache size: 23966, finished: 0
[2026-04-14 01:18:02] current cache size: 23976, finished: 0
[2026-04-14 01:18:03] current cache size: 23992, finished: 0
[2026-04-14 01:18:03] current cache size: 24010, finished: 0
[2026-04-14 01:18:03] current cache size: 24016, finished: 0
[2026-04-14 01:18:03] current cache size: 24032, finished: 0
[2026-04-14 01:18:03] current cache size: 24042, finished: 0
[2026-04-14 01:18:04] current cache size: 24054, finished: 0
[2026-04-14 01:18:04] current cache size: 24065, finished: 0
[2026-04-14 01:18:04] current cache size: 24075, finished: 0
[2026-04-14 01:18:04] current cache size: 24089, finished: 0
[2026-04-14 01:18:04] current cache size: 24100, finished: 0
[2026-04-14 01:18:05] current cache size: 24110, finished: 0
[2026-04-14 01:18:05] current cache size: 24125, finished: 0
[2026-04-14 01:18:05] current cache size: 24134, finished: 0
[2026-04-14 01:18:05] current cache size: 24150, finished: 0
[2026-04-14 01:18:05] current cache size: 24162, finished: 0
[2026-04-14 01:18:05] current cache size: 24178, finished: 0
[2026-04-14 01:18:06] current cache size: 24191, finished: 0
[2026-04-14 01:18:06] current cache size: 24200, finished: 0
[2026-04-14 01:18:06] current cache size: 24218, finished: 0
[2026-04-14 01:18:06] current cache size: 24235, finished: 0
[2026-04-14 01:18:06] current cache size: 24245, finished: 0
[2026-04-14 01:18:07] current cache size: 24254, finished: 0
[2026-04-14 01:18:07] current cache size: 24265, finished: 0
[2026-04-14 01:18:07] current cache size: 24273, finished: 0
[2026-04-14 01:18:07] current cache size: 24282, finished: 0
[2026-04-14 01:18:07] current cache size: 24292, finished: 0
[2026-04-14 01:18:08] current cache size: 24297, finished: 0
[2026-04-14 01:18:08] current cache size: 24308, finished: 0
[2026-04-14 01:18:08] current cache size: 24319, finished: 0
[2026-04-14 01:18:08] current cache size: 24326, finished: 0
[2026-04-14 01:18:08] current cache size: 24333, finished: 0
[2026-04-14 01:18:09] current cache size: 24344, finished: 0
[2026-04-14 01:18:09] current cache size: 24354, finished: 0
[2026-04-14 01:18:09] current cache size: 24368, finished: 0
[2026-04-14 01:18:09] current cache size: 24384, finished: 0
[2026-04-14 01:18:09] current cache size: 24397, finished: 0
[2026-04-14 01:18:09] current cache size: 24409, finished: 0
[2026-04-14 01:18:10] current cache size: 24420, finished: 0
[2026-04-14 01:18:10] current cache size: 24428, finished: 0
[2026-04-14 01:18:10] current cache size: 24434, finished: 0
[2026-04-14 01:18:10] current cache size: 24440, finished: 0
[2026-04-14 01:18:10] current cache size: 24448, finished: 0
[2026-04-14 01:18:11] current cache size: 24455, finished: 0
[2026-04-14 01:18:11] current cache size: 24470, finished: 0
[2026-04-14 01:18:11] current cache size: 24484, finished: 0
[2026-04-14 01:18:11] current cache size: 24492, finished: 0
[2026-04-14 01:18:11] current cache size: 24506, finished: 0
[2026-04-14 01:18:12] current cache size: 24517, finished: 0
[2026-04-14 01:18:12] current cache size: 24526, finished: 0
[2026-04-14 01:18:12] current cache size: 24541, finished: 0
[2026-04-14 01:18:12] current cache size: 24551, finished: 0
[2026-04-14 01:18:12] current cache size: 24567, finished: 0
[2026-04-14 01:18:13] current cache size: 24576, finished: 0
[2026-04-14 01:18:13] current cache size: 24585, finished: 0
[2026-04-14 01:18:13] current cache size: 24592, finished: 0
[2026-04-14 01:18:13] current cache size: 24602, finished: 0
[2026-04-14 01:18:13] current cache size: 24614, finished: 0
[2026-04-14 01:18:14] current cache size: 24627, finished: 0
[2026-04-14 01:18:14] current cache size: 24637, finished: 0
[2026-04-14 01:18:14] current cache size: 24651, finished: 0
[2026-04-14 01:18:14] current cache size: 24659, finished: 0
[2026-04-14 01:18:14] current cache size: 24671, finished: 0
[2026-04-14 01:18:14] current cache size: 24683, finished: 0
[2026-04-14 01:18:15] current cache size: 24693, finished: 0
[2026-04-14 01:18:15] current cache size: 24699, finished: 0
[2026-04-14 01:18:15] current cache size: 24713, finished: 0
[2026-04-14 01:18:15] current cache size: 24727, finished: 0
[2026-04-14 01:18:15] current cache size: 24736, finished: 0
[2026-04-14 01:18:16] current cache size: 24748, finished: 0
[2026-04-14 01:18:16] current cache size: 24758, finished: 0
[2026-04-14 01:18:16] current cache size: 24763, finished: 0
[2026-04-14 01:18:16] current cache size: 24773, finished: 0
[2026-04-14 01:18:16] current cache size: 24794, finished: 0
[2026-04-14 01:18:17] current cache size: 24798, finished: 0
[2026-04-14 01:18:17] current cache size: 24810, finished: 0
[2026-04-14 01:18:17] current cache size: 24821, finished: 0
[2026-04-14 01:18:17] current cache size: 24842, finished: 0
[2026-04-14 01:18:17] current cache size: 24852, finished: 0
[2026-04-14 01:18:17] current cache size: 24866, finished: 0
[2026-04-14 01:18:18] current cache size: 24880, finished: 0
[2026-04-14 01:18:18] current cache size: 24890, finished: 0
[2026-04-14 01:18:18] current cache size: 24902, finished: 0
[2026-04-14 01:18:18] current cache size: 24915, finished: 0
[2026-04-14 01:18:18] current cache size: 24931, finished: 0
[2026-04-14 01:18:19] current cache size: 24945, finished: 0
[2026-04-14 01:18:19] current cache size: 24962, finished: 0
[2026-04-14 01:18:19] current cache size: 24971, finished: 0
[2026-04-14 01:18:19] current cache size: 24983, finished: 0
[2026-04-14 01:18:19] current cache size: 24996, finished: 0
[2026-04-14 01:18:20] current cache size: 25002, finished: 0
[2026-04-14 01:18:20] current cache size: 25014, finished: 0
[2026-04-14 01:18:20] current cache size: 25022, finished: 0
[2026-04-14 01:18:20] current cache size: 25040, finished: 0
[2026-04-14 01:18:20] current cache size: 25054, finished: 0
[2026-04-14 01:18:21] current cache size: 25066, finished: 0
[2026-04-14 01:18:21] current cache size: 25081, finished: 0
[2026-04-14 01:18:21] current cache size: 25096, finished: 0
[2026-04-14 01:18:21] current cache size: 25105, finished: 0
[2026-04-14 01:18:21] current cache size: 25120, finished: 0
[2026-04-14 01:18:21] current cache size: 25132, finished: 0
[2026-04-14 01:18:22] current cache size: 25141, finished: 0
[2026-04-14 01:18:22] current cache size: 25152, finished: 0
[2026-04-14 01:18:22] current cache size: 25166, finished: 0
[2026-04-14 01:18:22] current cache size: 25176, finished: 0
[2026-04-14 01:18:22] current cache size: 25191, finished: 0
[2026-04-14 01:18:23] current cache size: 25206, finished: 0
[2026-04-14 01:18:23] current cache size: 25218, finished: 0
[2026-04-14 01:18:23] current cache size: 25229, finished: 0
[2026-04-14 01:18:23] current cache size: 25237, finished: 0
[2026-04-14 01:18:23] current cache size: 25251, finished: 0
[2026-04-14 01:18:24] current cache size: 25265, finished: 0
[2026-04-14 01:18:24] current cache size: 25274, finished: 0
[2026-04-14 01:18:24] current cache size: 25286, finished: 0
[2026-04-14 01:18:24] current cache size: 25299, finished: 0
[INCREMENTAL] cache size: 25317, finished scales: 0/1
[GRASP DEBUG] step=2600 grav=(0,-9.81,0) | cond1(dist<0.1)=1006/1024 cond2(>=2 forces>0.2)=18/1024 cond3(quat<thresh)=705/1024 all=18/1024 | ft_dist mean=0.0624 max=0.3189 | force mean=0.0655 max=15.0224
[GRASP DEBUG env0] obj_pos=[-0.06339454650878906, 0.015564918518066406, 0.6780662536621094]
[GRASP DEBUG env0]   ft0 pos=[-0.018494606018066406, 0.04736804962158203, 0.6401970386505127] dist=0.0668
[GRASP DEBUG env0]   ft1 pos=[-0.09870338439941406, 0.028047561645507812, 0.6040870547294617] dist=0.0829
[GRASP DEBUG env0]   ft2 pos=[-0.10448169708251953, 0.003998756408691406, 0.6044012308120728] dist=0.0851
[GRASP DEBUG env0]   ft3 pos=[-0.09685134887695312, -0.016000747680664062, 0.6041488647460938] dist=0.0871
[GRASP DEBUG env0]   ft4 pos=[-0.08882427215576172, -0.03600120544433594, 0.6035881042480469] dist=0.0941
[2026-04-14 01:18:24] current cache size: 25317, finished: 0
[2026-04-14 01:18:25] current cache size: 25326, finished: 0
[2026-04-14 01:18:25] current cache size: 25337, finished: 0
[2026-04-14 01:18:25] current cache size: 25347, finished: 0
[2026-04-14 01:18:25] current cache size: 25352, finished: 0
[2026-04-14 01:18:25] current cache size: 25358, finished: 0
[2026-04-14 01:18:26] current cache size: 25367, finished: 0
[2026-04-14 01:18:26] current cache size: 25373, finished: 0
[2026-04-14 01:18:26] current cache size: 25387, finished: 0
[2026-04-14 01:18:26] current cache size: 25398, finished: 0
[2026-04-14 01:18:26] current cache size: 25400, finished: 0
[2026-04-14 01:18:26] current cache size: 25408, finished: 0
[2026-04-14 01:18:27] current cache size: 25413, finished: 0
[2026-04-14 01:18:27] current cache size: 25426, finished: 0
[2026-04-14 01:18:27] current cache size: 25431, finished: 0
[2026-04-14 01:18:27] current cache size: 25440, finished: 0
[2026-04-14 01:18:27] current cache size: 25444, finished: 0
[2026-04-14 01:18:28] current cache size: 25451, finished: 0
[2026-04-14 01:18:28] current cache size: 25461, finished: 0
[2026-04-14 01:18:28] current cache size: 25464, finished: 0
[2026-04-14 01:18:28] current cache size: 25469, finished: 0
[2026-04-14 01:18:28] current cache size: 25477, finished: 0
[2026-04-14 01:18:29] current cache size: 25483, finished: 0
[2026-04-14 01:18:29] current cache size: 25488, finished: 0
[2026-04-14 01:18:29] current cache size: 25496, finished: 0
[2026-04-14 01:18:29] current cache size: 25502, finished: 0
[2026-04-14 01:18:29] current cache size: 25508, finished: 0
[2026-04-14 01:18:30] current cache size: 25523, finished: 0
[2026-04-14 01:18:30] current cache size: 25526, finished: 0
[2026-04-14 01:18:30] current cache size: 25532, finished: 0
[2026-04-14 01:18:30] current cache size: 25546, finished: 0
[2026-04-14 01:18:30] current cache size: 25559, finished: 0
[2026-04-14 01:18:31] current cache size: 25566, finished: 0
[2026-04-14 01:18:31] current cache size: 25567, finished: 0
[2026-04-14 01:18:31] current cache size: 25574, finished: 0
[2026-04-14 01:18:31] current cache size: 25579, finished: 0
[2026-04-14 01:18:31] current cache size: 25587, finished: 0
[2026-04-14 01:18:32] current cache size: 25594, finished: 0
[2026-04-14 01:18:32] current cache size: 25603, finished: 0
[2026-04-14 01:18:32] current cache size: 25606, finished: 0
[2026-04-14 01:18:32] current cache size: 25616, finished: 0
[2026-04-14 01:18:32] current cache size: 25626, finished: 0
[2026-04-14 01:18:32] current cache size: 25640, finished: 0
[2026-04-14 01:18:33] current cache size: 25650, finished: 0
[2026-04-14 01:18:33] current cache size: 25664, finished: 0
[2026-04-14 01:18:33] current cache size: 25680, finished: 0
[2026-04-14 01:18:33] current cache size: 25692, finished: 0
[2026-04-14 01:18:33] current cache size: 25705, finished: 0
[2026-04-14 01:18:34] current cache size: 25715, finished: 0
[2026-04-14 01:18:34] current cache size: 25728, finished: 0
[2026-04-14 01:18:34] current cache size: 25741, finished: 0
[2026-04-14 01:18:34] current cache size: 25759, finished: 0
[2026-04-14 01:18:34] current cache size: 25775, finished: 0
[2026-04-14 01:18:35] current cache size: 25786, finished: 0
[2026-04-14 01:18:35] current cache size: 25803, finished: 0
[2026-04-14 01:18:35] current cache size: 25812, finished: 0
[2026-04-14 01:18:35] current cache size: 25824, finished: 0
[2026-04-14 01:18:35] current cache size: 25831, finished: 0
[2026-04-14 01:18:36] current cache size: 25841, finished: 0
[2026-04-14 01:18:36] current cache size: 25848, finished: 0
[2026-04-14 01:18:36] current cache size: 25863, finished: 0
[2026-04-14 01:18:36] current cache size: 25881, finished: 0
[2026-04-14 01:18:36] current cache size: 25893, finished: 0
[2026-04-14 01:18:37] current cache size: 25900, finished: 0
[2026-04-14 01:18:37] current cache size: 25912, finished: 0
[2026-04-14 01:18:37] current cache size: 25927, finished: 0
[2026-04-14 01:18:37] current cache size: 25938, finished: 0
[2026-04-14 01:18:37] current cache size: 25947, finished: 0
[2026-04-14 01:18:37] current cache size: 25957, finished: 0
[2026-04-14 01:18:38] current cache size: 25965, finished: 0
[2026-04-14 01:18:38] current cache size: 25972, finished: 0
[2026-04-14 01:18:38] current cache size: 25983, finished: 0
[2026-04-14 01:18:38] current cache size: 25993, finished: 0
[2026-04-14 01:18:38] current cache size: 25997, finished: 0
[2026-04-14 01:18:39] current cache size: 26008, finished: 0
[2026-04-14 01:18:39] current cache size: 26021, finished: 0
[2026-04-14 01:18:39] current cache size: 26031, finished: 0
[2026-04-14 01:18:39] current cache size: 26040, finished: 0
[2026-04-14 01:18:39] current cache size: 26052, finished: 0
[2026-04-14 01:18:40] current cache size: 26061, finished: 0
[2026-04-14 01:18:40] current cache size: 26076, finished: 0
[2026-04-14 01:18:40] current cache size: 26081, finished: 0
[2026-04-14 01:18:40] current cache size: 26083, finished: 0
[2026-04-14 01:18:40] current cache size: 26085, finished: 0
[2026-04-14 01:18:41] current cache size: 26088, finished: 0
[2026-04-14 01:18:41] current cache size: 26091, finished: 0
[2026-04-14 01:18:41] current cache size: 26096, finished: 0
[2026-04-14 01:18:41] current cache size: 26102, finished: 0
[2026-04-14 01:18:41] current cache size: 26105, finished: 0
[2026-04-14 01:18:41] current cache size: 26108, finished: 0
[2026-04-14 01:18:42] current cache size: 26109, finished: 0
[2026-04-14 01:18:42] current cache size: 26113, finished: 0
[2026-04-14 01:18:42] current cache size: 26119, finished: 0
[2026-04-14 01:18:42] current cache size: 26121, finished: 0
[2026-04-14 01:18:42] current cache size: 26125, finished: 0
[2026-04-14 01:18:43] current cache size: 26131, finished: 0
[2026-04-14 01:18:43] current cache size: 26134, finished: 0
[2026-04-14 01:18:43] current cache size: 26140, finished: 0
[2026-04-14 01:18:43] current cache size: 26144, finished: 0
[2026-04-14 01:18:43] current cache size: 26151, finished: 0
[2026-04-14 01:18:44] current cache size: 26160, finished: 0
[2026-04-14 01:18:44] current cache size: 26162, finished: 0
[2026-04-14 01:18:44] current cache size: 26163, finished: 0
[2026-04-14 01:18:44] current cache size: 26168, finished: 0
[2026-04-14 01:18:44] current cache size: 26172, finished: 0
[2026-04-14 01:18:45] current cache size: 26172, finished: 0
[2026-04-14 01:18:45] current cache size: 26175, finished: 0
[2026-04-14 01:18:45] current cache size: 26180, finished: 0
[2026-04-14 01:18:45] current cache size: 26186, finished: 0
[2026-04-14 01:18:45] current cache size: 26193, finished: 0
[2026-04-14 01:18:46] current cache size: 26194, finished: 0
[2026-04-14 01:18:46] current cache size: 26202, finished: 0
[2026-04-14 01:18:46] current cache size: 26208, finished: 0
[2026-04-14 01:18:46] current cache size: 26210, finished: 0
[2026-04-14 01:18:46] current cache size: 26212, finished: 0
[2026-04-14 01:18:47] current cache size: 26221, finished: 0
[2026-04-14 01:18:47] current cache size: 26222, finished: 0
[2026-04-14 01:18:47] current cache size: 26228, finished: 0
[2026-04-14 01:18:47] current cache size: 26234, finished: 0
[2026-04-14 01:18:47] current cache size: 26237, finished: 0
[2026-04-14 01:18:47] current cache size: 26239, finished: 0
[2026-04-14 01:18:48] current cache size: 26247, finished: 0
[2026-04-14 01:18:48] current cache size: 26254, finished: 0
[2026-04-14 01:18:48] current cache size: 26265, finished: 0
[2026-04-14 01:18:48] current cache size: 26279, finished: 0
[2026-04-14 01:18:48] current cache size: 26291, finished: 0
[2026-04-14 01:18:49] current cache size: 26304, finished: 0
[2026-04-14 01:18:49] current cache size: 26316, finished: 0
[2026-04-14 01:18:49] current cache size: 26325, finished: 0
[2026-04-14 01:18:49] current cache size: 26335, finished: 0
[2026-04-14 01:18:49] current cache size: 26345, finished: 0
[2026-04-14 01:18:50] current cache size: 26351, finished: 0
[2026-04-14 01:18:50] current cache size: 26362, finished: 0
[2026-04-14 01:18:50] current cache size: 26372, finished: 0
[2026-04-14 01:18:50] current cache size: 26383, finished: 0
[2026-04-14 01:18:50] current cache size: 26393, finished: 0
[2026-04-14 01:18:51] current cache size: 26406, finished: 0
[2026-04-14 01:18:51] current cache size: 26415, finished: 0
[2026-04-14 01:18:51] current cache size: 26426, finished: 0
[2026-04-14 01:18:51] current cache size: 26431, finished: 0
[2026-04-14 01:18:51] current cache size: 26439, finished: 0
[2026-04-14 01:18:51] current cache size: 26445, finished: 0
[2026-04-14 01:18:52] current cache size: 26455, finished: 0
[2026-04-14 01:18:52] current cache size: 26467, finished: 0
[2026-04-14 01:18:52] current cache size: 26479, finished: 0
[2026-04-14 01:18:52] current cache size: 26500, finished: 0
[2026-04-14 01:18:52] current cache size: 26515, finished: 0
[2026-04-14 01:18:53] current cache size: 26525, finished: 0
[2026-04-14 01:18:53] current cache size: 26537, finished: 0
[2026-04-14 01:18:53] current cache size: 26551, finished: 0
[2026-04-14 01:18:53] current cache size: 26556, finished: 0
[2026-04-14 01:18:53] current cache size: 26567, finished: 0
[2026-04-14 01:18:54] current cache size: 26576, finished: 0
[2026-04-14 01:18:54] current cache size: 26587, finished: 0
[2026-04-14 01:18:54] current cache size: 26595, finished: 0
[2026-04-14 01:18:54] current cache size: 26611, finished: 0
[2026-04-14 01:18:54] current cache size: 26622, finished: 0
[2026-04-14 01:18:55] current cache size: 26639, finished: 0
[2026-04-14 01:18:55] current cache size: 26652, finished: 0
[2026-04-14 01:18:55] current cache size: 26667, finished: 0
[2026-04-14 01:18:55] current cache size: 26674, finished: 0
[2026-04-14 01:18:55] current cache size: 26683, finished: 0
[2026-04-14 01:18:56] current cache size: 26693, finished: 0
[2026-04-14 01:18:56] current cache size: 26701, finished: 0
[2026-04-14 01:18:56] current cache size: 26711, finished: 0
[2026-04-14 01:18:56] current cache size: 26728, finished: 0
[2026-04-14 01:18:56] current cache size: 26740, finished: 0
[2026-04-14 01:18:56] current cache size: 26749, finished: 0
[2026-04-14 01:18:57] current cache size: 26762, finished: 0
[2026-04-14 01:18:57] current cache size: 26772, finished: 0
[2026-04-14 01:18:57] current cache size: 26784, finished: 0
[2026-04-14 01:18:57] current cache size: 26796, finished: 0
[2026-04-14 01:18:57] current cache size: 26809, finished: 0
[2026-04-14 01:18:58] current cache size: 26824, finished: 0
[2026-04-14 01:18:58] current cache size: 26834, finished: 0
[2026-04-14 01:18:58] current cache size: 26845, finished: 0
[2026-04-14 01:18:58] current cache size: 26857, finished: 0
[2026-04-14 01:18:58] current cache size: 26866, finished: 0
[2026-04-14 01:18:59] current cache size: 26879, finished: 0
[2026-04-14 01:18:59] current cache size: 26890, finished: 0
[2026-04-14 01:18:59] current cache size: 26898, finished: 0
[2026-04-14 01:18:59] current cache size: 26914, finished: 0
[2026-04-14 01:18:59] current cache size: 26921, finished: 0
[2026-04-14 01:18:59] current cache size: 26931, finished: 0
[2026-04-14 01:19:00] current cache size: 26939, finished: 0
[2026-04-14 01:19:00] current cache size: 26952, finished: 0
[2026-04-14 01:19:00] current cache size: 26959, finished: 0
[2026-04-14 01:19:00] current cache size: 26970, finished: 0
[2026-04-14 01:19:00] current cache size: 26983, finished: 0
[2026-04-14 01:19:01] current cache size: 26997, finished: 0
[2026-04-14 01:19:01] current cache size: 27010, finished: 0
[2026-04-14 01:19:01] current cache size: 27021, finished: 0
[2026-04-14 01:19:01] current cache size: 27029, finished: 0
[2026-04-14 01:19:01] current cache size: 27037, finished: 0
[2026-04-14 01:19:02] current cache size: 27048, finished: 0
[2026-04-14 01:19:02] current cache size: 27060, finished: 0
[2026-04-14 01:19:02] current cache size: 27067, finished: 0
[2026-04-14 01:19:02] current cache size: 27084, finished: 0
[2026-04-14 01:19:02] current cache size: 27095, finished: 0
[2026-04-14 01:19:03] current cache size: 27108, finished: 0
[INCREMENTAL] cache size: 27116, finished scales: 0/1
[GRASP DEBUG] step=2800 grav=(0,9.81,0) | cond1(dist<0.1)=993/1024 cond2(>=2 forces>0.2)=8/1024 cond3(quat<thresh)=679/1024 all=8/1024 | ft_dist mean=0.0625 max=0.1473 | force mean=0.0615 max=15.0285
[GRASP DEBUG env0] obj_pos=[-0.069091796875, 0.008146286010742188, 0.650625467300415]
[GRASP DEBUG env0]   ft0 pos=[-0.027517318725585938, 0.04335784912109375, 0.6405958533287048] dist=0.0554
[GRASP DEBUG env0]   ft1 pos=[-0.10586929321289062, 0.028005599975585938, 0.6044893860816956] dist=0.0623
[GRASP DEBUG env0]   ft2 pos=[-0.1118612289428711, 0.003998756408691406, 0.604436457157135] dist=0.0631
[GRASP DEBUG env0]   ft3 pos=[-0.1090545654296875, -0.016000747680664062, 0.6044725179672241] dist=0.0657
[GRASP DEBUG env0]   ft4 pos=[-0.09262275695800781, -0.03600120544433594, 0.6040359735488892] dist=0.0684
[2026-04-14 01:19:03] current cache size: 27116, finished: 0
[2026-04-14 01:19:03] current cache size: 27125, finished: 0
[2026-04-14 01:19:03] current cache size: 27144, finished: 0
[2026-04-14 01:19:03] current cache size: 27156, finished: 0
[2026-04-14 01:19:03] current cache size: 27167, finished: 0
[2026-04-14 01:19:04] current cache size: 27177, finished: 0
[2026-04-14 01:19:04] current cache size: 27196, finished: 0
[2026-04-14 01:19:04] current cache size: 27211, finished: 0
[2026-04-14 01:19:04] current cache size: 27226, finished: 0
[2026-04-14 01:19:04] current cache size: 27238, finished: 0
[2026-04-14 01:19:05] current cache size: 27252, finished: 0
[2026-04-14 01:19:05] current cache size: 27268, finished: 0
[2026-04-14 01:19:05] current cache size: 27276, finished: 0
[2026-04-14 01:19:05] current cache size: 27286, finished: 0
[2026-04-14 01:19:05] current cache size: 27305, finished: 0
[2026-04-14 01:19:06] current cache size: 27317, finished: 0
[2026-04-14 01:19:06] current cache size: 27339, finished: 0
[2026-04-14 01:19:06] current cache size: 27353, finished: 0
[2026-04-14 01:19:06] current cache size: 27364, finished: 0
[2026-04-14 01:19:06] current cache size: 27382, finished: 0
[2026-04-14 01:19:07] current cache size: 27392, finished: 0
[2026-04-14 01:19:07] current cache size: 27404, finished: 0
[2026-04-14 01:19:07] current cache size: 27416, finished: 0
[2026-04-14 01:19:07] current cache size: 27428, finished: 0
[2026-04-14 01:19:07] current cache size: 27443, finished: 0
[2026-04-14 01:19:08] current cache size: 27458, finished: 0
[2026-04-14 01:19:08] current cache size: 27473, finished: 0
[2026-04-14 01:19:08] current cache size: 27485, finished: 0
[2026-04-14 01:19:08] current cache size: 27499, finished: 0
[2026-04-14 01:19:08] current cache size: 27511, finished: 0
[2026-04-14 01:19:08] current cache size: 27521, finished: 0
[2026-04-14 01:19:09] current cache size: 27536, finished: 0
[2026-04-14 01:19:09] current cache size: 27551, finished: 0
[2026-04-14 01:19:09] current cache size: 27564, finished: 0
[2026-04-14 01:19:09] current cache size: 27575, finished: 0
[2026-04-14 01:19:09] current cache size: 27593, finished: 0
[2026-04-14 01:19:10] current cache size: 27601, finished: 0
[2026-04-14 01:19:10] current cache size: 27617, finished: 0
[2026-04-14 01:19:10] current cache size: 27631, finished: 0
[2026-04-14 01:19:10] current cache size: 27640, finished: 0
[2026-04-14 01:19:10] current cache size: 27655, finished: 0
[2026-04-14 01:19:11] current cache size: 27662, finished: 0
[2026-04-14 01:19:11] current cache size: 27669, finished: 0
[2026-04-14 01:19:11] current cache size: 27680, finished: 0
[2026-04-14 01:19:11] current cache size: 27687, finished: 0
[2026-04-14 01:19:11] current cache size: 27698, finished: 0
[2026-04-14 01:19:12] current cache size: 27704, finished: 0
[2026-04-14 01:19:12] current cache size: 27714, finished: 0
[2026-04-14 01:19:12] current cache size: 27721, finished: 0
[2026-04-14 01:19:12] current cache size: 27726, finished: 0
[2026-04-14 01:19:12] current cache size: 27733, finished: 0
[2026-04-14 01:19:12] current cache size: 27745, finished: 0
[2026-04-14 01:19:13] current cache size: 27758, finished: 0
[2026-04-14 01:19:13] current cache size: 27764, finished: 0
[2026-04-14 01:19:13] current cache size: 27775, finished: 0
[2026-04-14 01:19:13] current cache size: 27786, finished: 0
[2026-04-14 01:19:13] current cache size: 27797, finished: 0
[2026-04-14 01:19:14] current cache size: 27801, finished: 0
[2026-04-14 01:19:14] current cache size: 27807, finished: 0
[2026-04-14 01:19:14] current cache size: 27818, finished: 0
[2026-04-14 01:19:14] current cache size: 27824, finished: 0
[2026-04-14 01:19:14] current cache size: 27832, finished: 0
[2026-04-14 01:19:15] current cache size: 27838, finished: 0
[2026-04-14 01:19:15] current cache size: 27848, finished: 0
[2026-04-14 01:19:15] current cache size: 27862, finished: 0
[2026-04-14 01:19:15] current cache size: 27864, finished: 0
[2026-04-14 01:19:15] current cache size: 27874, finished: 0
[2026-04-14 01:19:16] current cache size: 27881, finished: 0
[2026-04-14 01:19:16] current cache size: 27891, finished: 0
[2026-04-14 01:19:16] current cache size: 27895, finished: 0
[2026-04-14 01:19:16] current cache size: 27905, finished: 0
[2026-04-14 01:19:16] current cache size: 27915, finished: 0
[2026-04-14 01:19:16] current cache size: 27917, finished: 0
[2026-04-14 01:19:17] current cache size: 27923, finished: 0
[2026-04-14 01:19:17] current cache size: 27931, finished: 0
[2026-04-14 01:19:17] current cache size: 27941, finished: 0
[2026-04-14 01:19:17] current cache size: 27949, finished: 0
[2026-04-14 01:19:17] current cache size: 27955, finished: 0
[2026-04-14 01:19:18] current cache size: 27970, finished: 0
[2026-04-14 01:19:18] current cache size: 27982, finished: 0
[2026-04-14 01:19:18] current cache size: 27993, finished: 0
[2026-04-14 01:19:18] current cache size: 28003, finished: 0
[2026-04-14 01:19:18] current cache size: 28016, finished: 0
[2026-04-14 01:19:19] current cache size: 28022, finished: 0
[2026-04-14 01:19:19] current cache size: 28031, finished: 0
[2026-04-14 01:19:19] current cache size: 28048, finished: 0
[2026-04-14 01:19:19] current cache size: 28057, finished: 0
[2026-04-14 01:19:19] current cache size: 28071, finished: 0
[2026-04-14 01:19:20] current cache size: 28080, finished: 0
[2026-04-14 01:19:20] current cache size: 28101, finished: 0
[2026-04-14 01:19:20] current cache size: 28113, finished: 0
[2026-04-14 01:19:20] current cache size: 28126, finished: 0
[2026-04-14 01:19:20] current cache size: 28141, finished: 0
[2026-04-14 01:19:21] current cache size: 28152, finished: 0
[2026-04-14 01:19:21] current cache size: 28163, finished: 0
[2026-04-14 01:19:21] current cache size: 28180, finished: 0
[2026-04-14 01:19:21] current cache size: 28205, finished: 0
[2026-04-14 01:19:21] current cache size: 28223, finished: 0
[2026-04-14 01:19:21] current cache size: 28235, finished: 0
[2026-04-14 01:19:22] current cache size: 28251, finished: 0
[2026-04-14 01:19:22] current cache size: 28261, finished: 0
[2026-04-14 01:19:22] current cache size: 28272, finished: 0
[2026-04-14 01:19:22] current cache size: 28282, finished: 0
[2026-04-14 01:19:22] current cache size: 28292, finished: 0
[2026-04-14 01:19:23] current cache size: 28299, finished: 0
[2026-04-14 01:19:23] current cache size: 28310, finished: 0
[2026-04-14 01:19:23] current cache size: 28321, finished: 0
[2026-04-14 01:19:23] current cache size: 28329, finished: 0
[2026-04-14 01:19:23] current cache size: 28336, finished: 0
[2026-04-14 01:19:24] current cache size: 28349, finished: 0
[2026-04-14 01:19:24] current cache size: 28363, finished: 0
[2026-04-14 01:19:24] current cache size: 28373, finished: 0
[2026-04-14 01:19:24] current cache size: 28384, finished: 0
[2026-04-14 01:19:24] current cache size: 28398, finished: 0
[2026-04-14 01:19:25] current cache size: 28408, finished: 0
[2026-04-14 01:19:25] current cache size: 28420, finished: 0
[2026-04-14 01:19:25] current cache size: 28433, finished: 0
[2026-04-14 01:19:25] current cache size: 28444, finished: 0
[2026-04-14 01:19:25] current cache size: 28463, finished: 0
[2026-04-14 01:19:25] current cache size: 28472, finished: 0
[2026-04-14 01:19:26] current cache size: 28484, finished: 0
[2026-04-14 01:19:26] current cache size: 28491, finished: 0
[2026-04-14 01:19:26] current cache size: 28496, finished: 0
[2026-04-14 01:19:26] current cache size: 28496, finished: 0
[2026-04-14 01:19:26] current cache size: 28500, finished: 0
[2026-04-14 01:19:27] current cache size: 28501, finished: 0
[2026-04-14 01:19:27] current cache size: 28505, finished: 0
[2026-04-14 01:19:27] current cache size: 28513, finished: 0
[2026-04-14 01:19:27] current cache size: 28516, finished: 0
[2026-04-14 01:19:27] current cache size: 28520, finished: 0
[2026-04-14 01:19:28] current cache size: 28525, finished: 0
[2026-04-14 01:19:28] current cache size: 28530, finished: 0
[2026-04-14 01:19:28] current cache size: 28533, finished: 0
[2026-04-14 01:19:28] current cache size: 28537, finished: 0
[2026-04-14 01:19:28] current cache size: 28540, finished: 0
[2026-04-14 01:19:29] current cache size: 28540, finished: 0
[2026-04-14 01:19:29] current cache size: 28543, finished: 0
[2026-04-14 01:19:29] current cache size: 28546, finished: 0
[2026-04-14 01:19:29] current cache size: 28549, finished: 0
[2026-04-14 01:19:29] current cache size: 28551, finished: 0
[2026-04-14 01:19:30] current cache size: 28555, finished: 0
[2026-04-14 01:19:30] current cache size: 28562, finished: 0
[2026-04-14 01:19:30] current cache size: 28564, finished: 0
[2026-04-14 01:19:30] current cache size: 28567, finished: 0
[2026-04-14 01:19:30] current cache size: 28569, finished: 0
[2026-04-14 01:19:30] current cache size: 28574, finished: 0
[2026-04-14 01:19:31] current cache size: 28575, finished: 0
[2026-04-14 01:19:31] current cache size: 28583, finished: 0
[2026-04-14 01:19:31] current cache size: 28586, finished: 0
[2026-04-14 01:19:31] current cache size: 28592, finished: 0
[2026-04-14 01:19:31] current cache size: 28601, finished: 0
[2026-04-14 01:19:32] current cache size: 28604, finished: 0
[2026-04-14 01:19:32] current cache size: 28607, finished: 0
[2026-04-14 01:19:32] current cache size: 28612, finished: 0
[2026-04-14 01:19:32] current cache size: 28615, finished: 0
[2026-04-14 01:19:32] current cache size: 28619, finished: 0
[2026-04-14 01:19:33] current cache size: 28622, finished: 0
[2026-04-14 01:19:33] current cache size: 28624, finished: 0
[2026-04-14 01:19:33] current cache size: 28626, finished: 0
[2026-04-14 01:19:33] current cache size: 28629, finished: 0
[2026-04-14 01:19:33] current cache size: 28632, finished: 0
[2026-04-14 01:19:34] current cache size: 28647, finished: 0
[2026-04-14 01:19:34] current cache size: 28658, finished: 0
[2026-04-14 01:19:34] current cache size: 28663, finished: 0
[2026-04-14 01:19:34] current cache size: 28675, finished: 0
[2026-04-14 01:19:34] current cache size: 28688, finished: 0
[2026-04-14 01:19:35] current cache size: 28699, finished: 0
[2026-04-14 01:19:35] current cache size: 28707, finished: 0
[2026-04-14 01:19:35] current cache size: 28712, finished: 0
[2026-04-14 01:19:35] current cache size: 28726, finished: 0
[2026-04-14 01:19:35] current cache size: 28747, finished: 0
[2026-04-14 01:19:35] current cache size: 28755, finished: 0
[2026-04-14 01:19:36] current cache size: 28761, finished: 0
[2026-04-14 01:19:36] current cache size: 28767, finished: 0
[2026-04-14 01:19:36] current cache size: 28778, finished: 0
[2026-04-14 01:19:36] current cache size: 28792, finished: 0
[2026-04-14 01:19:36] current cache size: 28806, finished: 0
[2026-04-14 01:19:37] current cache size: 28820, finished: 0
[2026-04-14 01:19:37] current cache size: 28834, finished: 0
[2026-04-14 01:19:37] current cache size: 28842, finished: 0
[2026-04-14 01:19:37] current cache size: 28855, finished: 0
[2026-04-14 01:19:37] current cache size: 28863, finished: 0
[2026-04-14 01:19:38] current cache size: 28875, finished: 0
[2026-04-14 01:19:38] current cache size: 28885, finished: 0
[2026-04-14 01:19:38] current cache size: 28892, finished: 0
[2026-04-14 01:19:38] current cache size: 28906, finished: 0
[2026-04-14 01:19:38] current cache size: 28914, finished: 0
[2026-04-14 01:19:39] current cache size: 28923, finished: 0
[2026-04-14 01:19:39] current cache size: 28928, finished: 0
[2026-04-14 01:19:39] current cache size: 28937, finished: 0
[2026-04-14 01:19:39] current cache size: 28950, finished: 0
[2026-04-14 01:19:39] current cache size: 28957, finished: 0
[2026-04-14 01:19:39] current cache size: 28968, finished: 0
[2026-04-14 01:19:40] current cache size: 28978, finished: 0
[2026-04-14 01:19:40] current cache size: 28992, finished: 0
[2026-04-14 01:19:40] current cache size: 28998, finished: 0
[2026-04-14 01:19:40] current cache size: 29008, finished: 0
[2026-04-14 01:19:40] current cache size: 29020, finished: 0
[2026-04-14 01:19:41] current cache size: 29032, finished: 0
[2026-04-14 01:19:41] current cache size: 29039, finished: 0
[INCREMENTAL] cache size: 29045, finished scales: 0/1
[GRASP DEBUG] step=3000 grav=(0,0,-9.81) | cond1(dist<0.1)=996/1024 cond2(>=2 forces>0.2)=6/1024 cond3(quat<thresh)=613/1024 all=6/1024 | ft_dist mean=0.0630 max=0.3021 | force mean=0.0340 max=14.3438
[GRASP DEBUG env0] obj_pos=[-0.057450294494628906, 0.0030622482299804688, 0.6342493295669556]
[GRASP DEBUG env0]   ft0 pos=[-0.01566028594970703, 0.0519256591796875, 0.6385383605957031] dist=0.0644
[GRASP DEBUG env0]   ft1 pos=[-0.10423564910888672, 0.02466583251953125, 0.6044911742210388] dist=0.0595
[GRASP DEBUG env0]   ft2 pos=[-0.1066122055053711, 0.003998756408691406, 0.6045351624488831] dist=0.0575
[GRASP DEBUG env0]   ft3 pos=[-0.09749698638916016, -0.016000747680664062, 0.60423344373703] dist=0.0536
[GRASP DEBUG env0]   ft4 pos=[-0.09482955932617188, -0.03600120544433594, 0.604227602481842] dist=0.0618
[2026-04-14 01:19:41] current cache size: 29045, finished: 0
[2026-04-14 01:19:41] current cache size: 29054, finished: 0
[2026-04-14 01:19:41] current cache size: 29064, finished: 0
[2026-04-14 01:19:42] current cache size: 29073, finished: 0
[2026-04-14 01:19:42] current cache size: 29081, finished: 0
[2026-04-14 01:19:42] current cache size: 29092, finished: 0
[2026-04-14 01:19:42] current cache size: 29106, finished: 0
[2026-04-14 01:19:42] current cache size: 29124, finished: 0
[2026-04-14 01:19:43] current cache size: 29135, finished: 0
[2026-04-14 01:19:43] current cache size: 29146, finished: 0
[2026-04-14 01:19:43] current cache size: 29154, finished: 0
[2026-04-14 01:19:43] current cache size: 29177, finished: 0
[2026-04-14 01:19:43] current cache size: 29192, finished: 0
[2026-04-14 01:19:43] current cache size: 29205, finished: 0
[2026-04-14 01:19:44] current cache size: 29217, finished: 0
[2026-04-14 01:19:44] current cache size: 29231, finished: 0
[2026-04-14 01:19:44] current cache size: 29242, finished: 0
[2026-04-14 01:19:44] current cache size: 29253, finished: 0
[2026-04-14 01:19:44] current cache size: 29264, finished: 0
[2026-04-14 01:19:45] current cache size: 29275, finished: 0
[2026-04-14 01:19:45] current cache size: 29284, finished: 0
[2026-04-14 01:19:45] current cache size: 29293, finished: 0
[2026-04-14 01:19:45] current cache size: 29305, finished: 0
[2026-04-14 01:19:45] current cache size: 29315, finished: 0
[2026-04-14 01:19:46] current cache size: 29322, finished: 0
[2026-04-14 01:19:46] current cache size: 29329, finished: 0
[2026-04-14 01:19:46] current cache size: 29344, finished: 0
[2026-04-14 01:19:46] current cache size: 29355, finished: 0
[2026-04-14 01:19:46] current cache size: 29361, finished: 0
[2026-04-14 01:19:47] current cache size: 29374, finished: 0
[2026-04-14 01:19:47] current cache size: 29388, finished: 0
[2026-04-14 01:19:47] current cache size: 29396, finished: 0
[2026-04-14 01:19:47] current cache size: 29408, finished: 0
[2026-04-14 01:19:47] current cache size: 29412, finished: 0
[2026-04-14 01:19:47] current cache size: 29423, finished: 0
[2026-04-14 01:19:48] current cache size: 29434, finished: 0
[2026-04-14 01:19:48] current cache size: 29447, finished: 0
[2026-04-14 01:19:48] current cache size: 29458, finished: 0
[2026-04-14 01:19:48] current cache size: 29475, finished: 0
[2026-04-14 01:19:48] current cache size: 29488, finished: 0
[2026-04-14 01:19:49] current cache size: 29502, finished: 0
[2026-04-14 01:19:49] current cache size: 29517, finished: 0
[2026-04-14 01:19:49] current cache size: 29529, finished: 0
[2026-04-14 01:19:49] current cache size: 29544, finished: 0
[2026-04-14 01:19:49] current cache size: 29560, finished: 0
[2026-04-14 01:19:50] current cache size: 29577, finished: 0
[2026-04-14 01:19:50] current cache size: 29588, finished: 0
[2026-04-14 01:19:50] current cache size: 29599, finished: 0
[2026-04-14 01:19:50] current cache size: 29608, finished: 0
[2026-04-14 01:19:50] current cache size: 29620, finished: 0
[2026-04-14 01:19:51] current cache size: 29634, finished: 0
[2026-04-14 01:19:51] current cache size: 29642, finished: 0
[2026-04-14 01:19:51] current cache size: 29661, finished: 0
[2026-04-14 01:19:51] current cache size: 29672, finished: 0
[2026-04-14 01:19:51] current cache size: 29681, finished: 0
[2026-04-14 01:19:51] current cache size: 29697, finished: 0
[2026-04-14 01:19:52] current cache size: 29710, finished: 0
[2026-04-14 01:19:52] current cache size: 29724, finished: 0
[2026-04-14 01:19:52] current cache size: 29734, finished: 0
[2026-04-14 01:19:52] current cache size: 29743, finished: 0
[2026-04-14 01:19:52] current cache size: 29756, finished: 0
[2026-04-14 01:19:53] current cache size: 29767, finished: 0
[2026-04-14 01:19:53] current cache size: 29782, finished: 0
[2026-04-14 01:19:53] current cache size: 29797, finished: 0
[2026-04-14 01:19:53] current cache size: 29814, finished: 0
[2026-04-14 01:19:53] current cache size: 29831, finished: 0
[2026-04-14 01:19:54] current cache size: 29851, finished: 0
[2026-04-14 01:19:54] current cache size: 29862, finished: 0
[2026-04-14 01:19:54] current cache size: 29872, finished: 0
[2026-04-14 01:19:54] current cache size: 29885, finished: 0
[2026-04-14 01:19:54] current cache size: 29901, finished: 0
[2026-04-14 01:19:55] current cache size: 29913, finished: 0
[2026-04-14 01:19:55] current cache size: 29922, finished: 0
[2026-04-14 01:19:55] current cache size: 29932, finished: 0
[2026-04-14 01:19:55] current cache size: 29942, finished: 0
[2026-04-14 01:19:55] current cache size: 29951, finished: 0
[2026-04-14 01:19:55] current cache size: 29965, finished: 0
[2026-04-14 01:19:56] current cache size: 29979, finished: 0
[2026-04-14 01:19:56] current cache size: 29993, finished: 0
[2026-04-14 01:19:56] current cache size: 30006, finished: 0
[2026-04-14 01:19:56] current cache size: 30020, finished: 0
[2026-04-14 01:19:56] current cache size: 30030, finished: 0
[2026-04-14 01:19:57] current cache size: 30037, finished: 0
[2026-04-14 01:19:57] current cache size: 30044, finished: 0
[2026-04-14 01:19:57] current cache size: 30055, finished: 0
[2026-04-14 01:19:57] current cache size: 30063, finished: 0
[2026-04-14 01:19:57] current cache size: 30070, finished: 0
[2026-04-14 01:19:58] current cache size: 30082, finished: 0
[2026-04-14 01:19:58] current cache size: 30091, finished: 0
[2026-04-14 01:19:58] current cache size: 30097, finished: 0
[2026-04-14 01:19:58] current cache size: 30102, finished: 0
[2026-04-14 01:19:58] current cache size: 30107, finished: 0
[2026-04-14 01:19:59] current cache size: 30116, finished: 0
[2026-04-14 01:19:59] current cache size: 30122, finished: 0
[2026-04-14 01:19:59] current cache size: 30131, finished: 0
[2026-04-14 01:19:59] current cache size: 30137, finished: 0
[2026-04-14 01:19:59] current cache size: 30144, finished: 0
[2026-04-14 01:19:59] current cache size: 30151, finished: 0
[2026-04-14 01:20:00] current cache size: 30158, finished: 0
[2026-04-14 01:20:00] current cache size: 30163, finished: 0
[2026-04-14 01:20:00] current cache size: 30172, finished: 0
[2026-04-14 01:20:00] current cache size: 30177, finished: 0
[2026-04-14 01:20:00] current cache size: 30183, finished: 0
[2026-04-14 01:20:01] current cache size: 30194, finished: 0
[2026-04-14 01:20:01] current cache size: 30203, finished: 0
[2026-04-14 01:20:01] current cache size: 30216, finished: 0
[2026-04-14 01:20:01] current cache size: 30221, finished: 0
[2026-04-14 01:20:01] current cache size: 30229, finished: 0
[2026-04-14 01:20:02] current cache size: 30233, finished: 0
[2026-04-14 01:20:02] current cache size: 30241, finished: 0
[2026-04-14 01:20:02] current cache size: 30245, finished: 0
[2026-04-14 01:20:02] current cache size: 30253, finished: 0
[2026-04-14 01:20:02] current cache size: 30258, finished: 0
[2026-04-14 01:20:03] current cache size: 30265, finished: 0
[2026-04-14 01:20:03] current cache size: 30270, finished: 0
[2026-04-14 01:20:03] current cache size: 30272, finished: 0
[2026-04-14 01:20:03] current cache size: 30279, finished: 0
[2026-04-14 01:20:03] current cache size: 30283, finished: 0
[2026-04-14 01:20:04] current cache size: 30289, finished: 0
[2026-04-14 01:20:04] current cache size: 30294, finished: 0
[2026-04-14 01:20:04] current cache size: 30305, finished: 0
[2026-04-14 01:20:04] current cache size: 30312, finished: 0
[2026-04-14 01:20:04] current cache size: 30318, finished: 0
[2026-04-14 01:20:04] current cache size: 30335, finished: 0
[2026-04-14 01:20:05] current cache size: 30353, finished: 0
[2026-04-14 01:20:05] current cache size: 30367, finished: 0
[2026-04-14 01:20:05] current cache size: 30374, finished: 0
[2026-04-14 01:20:05] current cache size: 30391, finished: 0
[2026-04-14 01:20:05] current cache size: 30403, finished: 0
[2026-04-14 01:20:06] current cache size: 30415, finished: 0
[2026-04-14 01:20:06] current cache size: 30421, finished: 0
[2026-04-14 01:20:06] current cache size: 30429, finished: 0
[2026-04-14 01:20:06] current cache size: 30445, finished: 0
[2026-04-14 01:20:06] current cache size: 30458, finished: 0
[2026-04-14 01:20:07] current cache size: 30473, finished: 0
[2026-04-14 01:20:07] current cache size: 30484, finished: 0
[2026-04-14 01:20:07] current cache size: 30500, finished: 0
[2026-04-14 01:20:07] current cache size: 30511, finished: 0
[2026-04-14 01:20:07] current cache size: 30523, finished: 0
[2026-04-14 01:20:08] current cache size: 30531, finished: 0
[2026-04-14 01:20:08] current cache size: 30544, finished: 0
[2026-04-14 01:20:08] current cache size: 30557, finished: 0
[2026-04-14 01:20:08] current cache size: 30575, finished: 0
[2026-04-14 01:20:08] current cache size: 30585, finished: 0
[2026-04-14 01:20:09] current cache size: 30597, finished: 0
[2026-04-14 01:20:09] current cache size: 30610, finished: 0
[2026-04-14 01:20:09] current cache size: 30625, finished: 0
[2026-04-14 01:20:09] current cache size: 30634, finished: 0
[2026-04-14 01:20:09] current cache size: 30644, finished: 0
[2026-04-14 01:20:10] current cache size: 30650, finished: 0
[2026-04-14 01:20:10] current cache size: 30660, finished: 0
[2026-04-14 01:20:10] current cache size: 30670, finished: 0
[2026-04-14 01:20:10] current cache size: 30691, finished: 0
[2026-04-14 01:20:10] current cache size: 30708, finished: 0
[2026-04-14 01:20:11] current cache size: 30720, finished: 0
[2026-04-14 01:20:11] current cache size: 30734, finished: 0
[2026-04-14 01:20:11] current cache size: 30750, finished: 0
[2026-04-14 01:20:11] current cache size: 30767, finished: 0
[2026-04-14 01:20:11] current cache size: 30778, finished: 0
[2026-04-14 01:20:11] current cache size: 30795, finished: 0
[2026-04-14 01:20:12] current cache size: 30808, finished: 0
[2026-04-14 01:20:12] current cache size: 30810, finished: 0
[2026-04-14 01:20:12] current cache size: 30815, finished: 0
[2026-04-14 01:20:12] current cache size: 30820, finished: 0
[2026-04-14 01:20:12] current cache size: 30823, finished: 0
[2026-04-14 01:20:13] current cache size: 30826, finished: 0
[2026-04-14 01:20:13] current cache size: 30830, finished: 0
[2026-04-14 01:20:13] current cache size: 30833, finished: 0
[2026-04-14 01:20:13] current cache size: 30839, finished: 0
[2026-04-14 01:20:13] current cache size: 30847, finished: 0
[2026-04-14 01:20:14] current cache size: 30849, finished: 0
[2026-04-14 01:20:14] current cache size: 30851, finished: 0
[2026-04-14 01:20:14] current cache size: 30855, finished: 0
[2026-04-14 01:20:14] current cache size: 30859, finished: 0
[2026-04-14 01:20:14] current cache size: 30863, finished: 0
[2026-04-14 01:20:15] current cache size: 30866, finished: 0
[2026-04-14 01:20:15] current cache size: 30872, finished: 0
[2026-04-14 01:20:15] current cache size: 30875, finished: 0
[2026-04-14 01:20:15] current cache size: 30877, finished: 0
[2026-04-14 01:20:15] current cache size: 30880, finished: 0
[2026-04-14 01:20:16] current cache size: 30886, finished: 0
[2026-04-14 01:20:16] current cache size: 30887, finished: 0
[2026-04-14 01:20:16] current cache size: 30891, finished: 0
[2026-04-14 01:20:16] current cache size: 30897, finished: 0
[2026-04-14 01:20:16] current cache size: 30902, finished: 0
[2026-04-14 01:20:17] current cache size: 30907, finished: 0
[2026-04-14 01:20:17] current cache size: 30914, finished: 0
[2026-04-14 01:20:17] current cache size: 30918, finished: 0
[2026-04-14 01:20:17] current cache size: 30924, finished: 0
[2026-04-14 01:20:17] current cache size: 30930, finished: 0
[2026-04-14 01:20:18] current cache size: 30936, finished: 0
[2026-04-14 01:20:18] current cache size: 30940, finished: 0
[2026-04-14 01:20:18] current cache size: 30946, finished: 0
[2026-04-14 01:20:18] current cache size: 30948, finished: 0
[2026-04-14 01:20:18] current cache size: 30950, finished: 0
[2026-04-14 01:20:18] current cache size: 30954, finished: 0
[2026-04-14 01:20:19] current cache size: 30957, finished: 0
[2026-04-14 01:20:19] current cache size: 30958, finished: 0
[2026-04-14 01:20:19] current cache size: 30964, finished: 0
[2026-04-14 01:20:19] current cache size: 30966, finished: 0
[INCREMENTAL] cache size: 30970, finished scales: 0/1
[GRASP DEBUG] step=3200 grav=(0,0,9.81) | cond1(dist<0.1)=979/1024 cond2(>=2 forces>0.2)=4/1024 cond3(quat<thresh)=547/1024 all=4/1024 | ft_dist mean=0.0654 max=0.2123 | force mean=0.0315 max=17.7343
[GRASP DEBUG env0] obj_pos=[-0.08252334594726562, 0.011890411376953125, 0.6632594466209412]
[GRASP DEBUG env0]   ft0 pos=[-0.028289794921875, 0.03457832336425781, 0.6406838297843933] dist=0.0630
[GRASP DEBUG env0]   ft1 pos=[-0.09857368469238281, 0.025920867919921875, 0.6040809750556946] dist=0.0629
[GRASP DEBUG env0]   ft2 pos=[-0.10300064086914062, 0.003998756408691406, 0.604289174079895] dist=0.0629
[GRASP DEBUG env0]   ft3 pos=[-0.09635639190673828, -0.016000747680664062, 0.6040059328079224] dist=0.0669
[GRASP DEBUG env0]   ft4 pos=[-0.09255218505859375, -0.03600120544433594, 0.60402911901474] dist=0.0768
[2026-04-14 01:20:19] current cache size: 30970, finished: 0
[2026-04-14 01:20:20] current cache size: 30982, finished: 0
[2026-04-14 01:20:20] current cache size: 30989, finished: 0
[2026-04-14 01:20:20] current cache size: 31000, finished: 0
[2026-04-14 01:20:20] current cache size: 31004, finished: 0
[2026-04-14 01:20:20] current cache size: 31017, finished: 0
[2026-04-14 01:20:21] current cache size: 31029, finished: 0
[2026-04-14 01:20:21] current cache size: 31044, finished: 0
[2026-04-14 01:20:21] current cache size: 31054, finished: 0
[2026-04-14 01:20:21] current cache size: 31058, finished: 0
[2026-04-14 01:20:21] current cache size: 31068, finished: 0
[2026-04-14 01:20:22] current cache size: 31078, finished: 0
[2026-04-14 01:20:22] current cache size: 31089, finished: 0
[2026-04-14 01:20:22] current cache size: 31105, finished: 0
[2026-04-14 01:20:22] current cache size: 31111, finished: 0
[2026-04-14 01:20:22] current cache size: 31119, finished: 0
[2026-04-14 01:20:23] current cache size: 31128, finished: 0
[2026-04-14 01:20:23] current cache size: 31133, finished: 0
[2026-04-14 01:20:23] current cache size: 31142, finished: 0
[2026-04-14 01:20:23] current cache size: 31153, finished: 0
[2026-04-14 01:20:23] current cache size: 31168, finished: 0
[2026-04-14 01:20:23] current cache size: 31181, finished: 0
[2026-04-14 01:20:24] current cache size: 31190, finished: 0
[2026-04-14 01:20:24] current cache size: 31199, finished: 0
[2026-04-14 01:20:24] current cache size: 31213, finished: 0
[2026-04-14 01:20:24] current cache size: 31231, finished: 0
[2026-04-14 01:20:24] current cache size: 31243, finished: 0
[2026-04-14 01:20:25] current cache size: 31253, finished: 0
[2026-04-14 01:20:25] current cache size: 31265, finished: 0
[2026-04-14 01:20:25] current cache size: 31276, finished: 0
[2026-04-14 01:20:25] current cache size: 31285, finished: 0
[2026-04-14 01:20:25] current cache size: 31297, finished: 0
[2026-04-14 01:20:26] current cache size: 31310, finished: 0
[2026-04-14 01:20:26] current cache size: 31326, finished: 0
[2026-04-14 01:20:26] current cache size: 31339, finished: 0
[2026-04-14 01:20:26] current cache size: 31347, finished: 0
[2026-04-14 01:20:26] current cache size: 31354, finished: 0
[2026-04-14 01:20:27] current cache size: 31361, finished: 0
[2026-04-14 01:20:27] current cache size: 31372, finished: 0
[2026-04-14 01:20:27] current cache size: 31386, finished: 0
[2026-04-14 01:20:27] current cache size: 31408, finished: 0
[2026-04-14 01:20:27] current cache size: 31419, finished: 0
[2026-04-14 01:20:27] current cache size: 31434, finished: 0
[2026-04-14 01:20:28] current cache size: 31444, finished: 0
[2026-04-14 01:20:28] current cache size: 31456, finished: 0
[2026-04-14 01:20:28] current cache size: 31463, finished: 0
[2026-04-14 01:20:28] current cache size: 31472, finished: 0
[2026-04-14 01:20:28] current cache size: 31487, finished: 0
[2026-04-14 01:20:29] current cache size: 31496, finished: 0
[2026-04-14 01:20:29] current cache size: 31505, finished: 0
[2026-04-14 01:20:29] current cache size: 31515, finished: 0
[2026-04-14 01:20:29] current cache size: 31530, finished: 0
[2026-04-14 01:20:29] current cache size: 31539, finished: 0
[2026-04-14 01:20:30] current cache size: 31550, finished: 0
[2026-04-14 01:20:30] current cache size: 31565, finished: 0
[2026-04-14 01:20:30] current cache size: 31580, finished: 0
[2026-04-14 01:20:30] current cache size: 31589, finished: 0
[2026-04-14 01:20:30] current cache size: 31601, finished: 0
[2026-04-14 01:20:31] current cache size: 31616, finished: 0
[2026-04-14 01:20:31] current cache size: 31623, finished: 0
[2026-04-14 01:20:31] current cache size: 31637, finished: 0
[2026-04-14 01:20:31] current cache size: 31651, finished: 0
[2026-04-14 01:20:31] current cache size: 31668, finished: 0
[2026-04-14 01:20:32] current cache size: 31675, finished: 0
[2026-04-14 01:20:32] current cache size: 31688, finished: 0
[2026-04-14 01:20:32] current cache size: 31697, finished: 0
[2026-04-14 01:20:32] current cache size: 31707, finished: 0
[2026-04-14 01:20:32] current cache size: 31718, finished: 0
[2026-04-14 01:20:32] current cache size: 31727, finished: 0
[2026-04-14 01:20:33] current cache size: 31739, finished: 0
[2026-04-14 01:20:33] current cache size: 31752, finished: 0
[2026-04-14 01:20:33] current cache size: 31764, finished: 0
[2026-04-14 01:20:33] current cache size: 31774, finished: 0
[2026-04-14 01:20:33] current cache size: 31785, finished: 0
[2026-04-14 01:20:34] current cache size: 31802, finished: 0
[2026-04-14 01:20:34] current cache size: 31805, finished: 0
[2026-04-14 01:20:34] current cache size: 31812, finished: 0
[2026-04-14 01:20:34] current cache size: 31825, finished: 0
[2026-04-14 01:20:34] current cache size: 31839, finished: 0
[2026-04-14 01:20:35] current cache size: 31857, finished: 0
[2026-04-14 01:20:35] current cache size: 31863, finished: 0
[2026-04-14 01:20:35] current cache size: 31881, finished: 0
[2026-04-14 01:20:35] current cache size: 31890, finished: 0
[2026-04-14 01:20:35] current cache size: 31901, finished: 0
[2026-04-14 01:20:36] current cache size: 31913, finished: 0
[2026-04-14 01:20:36] current cache size: 31928, finished: 0
[2026-04-14 01:20:36] current cache size: 31939, finished: 0
[2026-04-14 01:20:36] current cache size: 31950, finished: 0
[2026-04-14 01:20:36] current cache size: 31965, finished: 0
[2026-04-14 01:20:36] current cache size: 31979, finished: 0
[2026-04-14 01:20:37] current cache size: 31993, finished: 0
[2026-04-14 01:20:37] current cache size: 32010, finished: 0
[2026-04-14 01:20:37] current cache size: 32023, finished: 0
[2026-04-14 01:20:37] current cache size: 32036, finished: 0
[2026-04-14 01:20:37] current cache size: 32044, finished: 0
[2026-04-14 01:20:38] current cache size: 32049, finished: 0
[2026-04-14 01:20:38] current cache size: 32065, finished: 0
[2026-04-14 01:20:38] current cache size: 32074, finished: 0
[2026-04-14 01:20:38] current cache size: 32081, finished: 0
[2026-04-14 01:20:38] current cache size: 32086, finished: 0
[2026-04-14 01:20:39] current cache size: 32100, finished: 0
[2026-04-14 01:20:39] current cache size: 32117, finished: 0
[2026-04-14 01:20:39] current cache size: 32134, finished: 0
[2026-04-14 01:20:39] current cache size: 32146, finished: 0
[2026-04-14 01:20:39] current cache size: 32163, finished: 0
[2026-04-14 01:20:40] current cache size: 32173, finished: 0
[2026-04-14 01:20:40] current cache size: 32185, finished: 0
[2026-04-14 01:20:40] current cache size: 32194, finished: 0
[2026-04-14 01:20:40] current cache size: 32209, finished: 0
[2026-04-14 01:20:40] current cache size: 32220, finished: 0
[2026-04-14 01:20:41] current cache size: 32225, finished: 0
[2026-04-14 01:20:41] current cache size: 32231, finished: 0
[2026-04-14 01:20:41] current cache size: 32246, finished: 0
[2026-04-14 01:20:41] current cache size: 32256, finished: 0
[2026-04-14 01:20:41] current cache size: 32271, finished: 0
[2026-04-14 01:20:41] current cache size: 32278, finished: 0
[2026-04-14 01:20:42] current cache size: 32294, finished: 0
[2026-04-14 01:20:42] current cache size: 32307, finished: 0
[2026-04-14 01:20:42] current cache size: 32318, finished: 0
[2026-04-14 01:20:42] current cache size: 32326, finished: 0
[2026-04-14 01:20:42] current cache size: 32340, finished: 0
[2026-04-14 01:20:43] current cache size: 32353, finished: 0
[2026-04-14 01:20:43] current cache size: 32360, finished: 0
[2026-04-14 01:20:43] current cache size: 32365, finished: 0
[2026-04-14 01:20:43] current cache size: 32374, finished: 0
[2026-04-14 01:20:43] current cache size: 32384, finished: 0
[2026-04-14 01:20:44] current cache size: 32392, finished: 0
[2026-04-14 01:20:44] current cache size: 32403, finished: 0
[2026-04-14 01:20:44] current cache size: 32409, finished: 0
[2026-04-14 01:20:44] current cache size: 32415, finished: 0
[2026-04-14 01:20:44] current cache size: 32425, finished: 0
[2026-04-14 01:20:45] current cache size: 32430, finished: 0
[2026-04-14 01:20:45] current cache size: 32442, finished: 0
[2026-04-14 01:20:45] current cache size: 32451, finished: 0
[2026-04-14 01:20:45] current cache size: 32459, finished: 0
[2026-04-14 01:20:45] current cache size: 32466, finished: 0
[2026-04-14 01:20:46] current cache size: 32476, finished: 0
[2026-04-14 01:20:46] current cache size: 32484, finished: 0
[2026-04-14 01:20:46] current cache size: 32490, finished: 0
[2026-04-14 01:20:46] current cache size: 32496, finished: 0
[2026-04-14 01:20:46] current cache size: 32499, finished: 0
[2026-04-14 01:20:47] current cache size: 32507, finished: 0
[2026-04-14 01:20:47] current cache size: 32513, finished: 0
[2026-04-14 01:20:47] current cache size: 32522, finished: 0
[2026-04-14 01:20:47] current cache size: 32530, finished: 0
[2026-04-14 01:20:47] current cache size: 32536, finished: 0
[2026-04-14 01:20:48] current cache size: 32538, finished: 0
[2026-04-14 01:20:48] current cache size: 32549, finished: 0
[2026-04-14 01:20:48] current cache size: 32555, finished: 0
[2026-04-14 01:20:48] current cache size: 32563, finished: 0
[2026-04-14 01:20:48] current cache size: 32569, finished: 0
[2026-04-14 01:20:48] current cache size: 32575, finished: 0
[2026-04-14 01:20:49] current cache size: 32581, finished: 0
[2026-04-14 01:20:49] current cache size: 32586, finished: 0
[2026-04-14 01:20:49] current cache size: 32592, finished: 0
[2026-04-14 01:20:49] current cache size: 32602, finished: 0
[2026-04-14 01:20:49] current cache size: 32611, finished: 0
[2026-04-14 01:20:50] current cache size: 32622, finished: 0
[2026-04-14 01:20:50] current cache size: 32629, finished: 0
[2026-04-14 01:20:50] current cache size: 32637, finished: 0
[2026-04-14 01:20:50] current cache size: 32647, finished: 0
[2026-04-14 01:20:50] current cache size: 32662, finished: 0
[2026-04-14 01:20:51] current cache size: 32674, finished: 0
[2026-04-14 01:20:51] current cache size: 32684, finished: 0
[2026-04-14 01:20:51] current cache size: 32699, finished: 0
[2026-04-14 01:20:51] current cache size: 32709, finished: 0
[2026-04-14 01:20:51] current cache size: 32724, finished: 0
[2026-04-14 01:20:52] current cache size: 32739, finished: 0
[2026-04-14 01:20:52] current cache size: 32752, finished: 0
[2026-04-14 01:20:52] current cache size: 32761, finished: 0
[2026-04-14 01:20:52] current cache size: 32774, finished: 0
[2026-04-14 01:20:52] current cache size: 32786, finished: 0
[2026-04-14 01:20:52] current cache size: 32794, finished: 0
[2026-04-14 01:20:53] current cache size: 32806, finished: 0
[2026-04-14 01:20:53] current cache size: 32819, finished: 0
[2026-04-14 01:20:53] current cache size: 32832, finished: 0
[2026-04-14 01:20:53] current cache size: 32839, finished: 0
[2026-04-14 01:20:53] current cache size: 32849, finished: 0
[2026-04-14 01:20:54] current cache size: 32868, finished: 0
[2026-04-14 01:20:54] current cache size: 32884, finished: 0
[2026-04-14 01:20:54] current cache size: 32899, finished: 0
[2026-04-14 01:20:54] current cache size: 32912, finished: 0
[2026-04-14 01:20:54] current cache size: 32924, finished: 0
[2026-04-14 01:20:55] current cache size: 32932, finished: 0
[2026-04-14 01:20:55] current cache size: 32946, finished: 0
[2026-04-14 01:20:55] current cache size: 32958, finished: 0
[2026-04-14 01:20:55] current cache size: 32971, finished: 0
[2026-04-14 01:20:55] current cache size: 32983, finished: 0
[2026-04-14 01:20:56] current cache size: 32996, finished: 0
[2026-04-14 01:20:56] current cache size: 33003, finished: 0
[2026-04-14 01:20:56] current cache size: 33014, finished: 0
[2026-04-14 01:20:56] current cache size: 33019, finished: 0
[2026-04-14 01:20:56] current cache size: 33033, finished: 0
[2026-04-14 01:20:57] current cache size: 33044, finished: 0
[2026-04-14 01:20:57] current cache size: 33058, finished: 0
[2026-04-14 01:20:57] current cache size: 33071, finished: 0
[2026-04-14 01:20:57] current cache size: 33081, finished: 0
[2026-04-14 01:20:57] current cache size: 33094, finished: 0
[2026-04-14 01:20:58] current cache size: 33108, finished: 0
[2026-04-14 01:20:58] current cache size: 33124, finished: 0
[INCREMENTAL] cache size: 33137, finished scales: 0/1
[GRASP DEBUG] step=3400 grav=(-9.81,0,0) | cond1(dist<0.1)=1007/1024 cond2(>=2 forces>0.2)=13/1024 cond3(quat<thresh)=730/1024 all=13/1024 | ft_dist mean=0.0621 max=0.3870 | force mean=0.0416 max=11.4771
[GRASP DEBUG env0] obj_pos=[-0.06543350219726562, 0.0026340484619140625, 0.6368561387062073]
[GRASP DEBUG env0]   ft0 pos=[-0.0096435546875, 0.030078887939453125, 0.6401641368865967] dist=0.0623
[GRASP DEBUG env0]   ft1 pos=[-0.10933589935302734, 0.025787353515625, 0.6045265793800354] dist=0.0592
[GRASP DEBUG env0]   ft2 pos=[-0.10850715637207031, 0.003998756408691406, 0.604504406452179] dist=0.0539
[GRASP DEBUG env0]   ft3 pos=[-0.10993576049804688, -0.016000747680664062, 0.6043906807899475] dist=0.0582
[GRASP DEBUG env0]   ft4 pos=[-0.09206581115722656, -0.03600120544433594, 0.6039797067642212] dist=0.0573
[2026-04-14 01:20:58] current cache size: 33137, finished: 0
[2026-04-14 01:20:58] current cache size: 33142, finished: 0
[2026-04-14 01:20:58] current cache size: 33146, finished: 0
[2026-04-14 01:20:58] current cache size: 33148, finished: 0
[2026-04-14 01:20:59] current cache size: 33154, finished: 0
[2026-04-14 01:20:59] current cache size: 33159, finished: 0
[2026-04-14 01:20:59] current cache size: 33168, finished: 0
[2026-04-14 01:20:59] current cache size: 33173, finished: 0
[2026-04-14 01:20:59] current cache size: 33182, finished: 0
[2026-04-14 01:21:00] current cache size: 33185, finished: 0
[2026-04-14 01:21:00] current cache size: 33187, finished: 0
[2026-04-14 01:21:00] current cache size: 33189, finished: 0
[2026-04-14 01:21:00] current cache size: 33197, finished: 0
[2026-04-14 01:21:00] current cache size: 33200, finished: 0
[2026-04-14 01:21:01] current cache size: 33201, finished: 0
[2026-04-14 01:21:01] current cache size: 33206, finished: 0
[2026-04-14 01:21:01] current cache size: 33210, finished: 0
[2026-04-14 01:21:01] current cache size: 33213, finished: 0
[2026-04-14 01:21:01] current cache size: 33215, finished: 0
[2026-04-14 01:21:02] current cache size: 33223, finished: 0
[2026-04-14 01:21:02] current cache size: 33231, finished: 0
[2026-04-14 01:21:02] current cache size: 33235, finished: 0
[2026-04-14 01:21:02] current cache size: 33238, finished: 0
[2026-04-14 01:21:02] current cache size: 33241, finished: 0
[2026-04-14 01:21:03] current cache size: 33249, finished: 0
[2026-04-14 01:21:03] current cache size: 33251, finished: 0
[2026-04-14 01:21:03] current cache size: 33252, finished: 0
[2026-04-14 01:21:03] current cache size: 33263, finished: 0
[2026-04-14 01:21:03] current cache size: 33266, finished: 0
[2026-04-14 01:21:03] current cache size: 33272, finished: 0
[2026-04-14 01:21:04] current cache size: 33273, finished: 0
[2026-04-14 01:21:04] current cache size: 33277, finished: 0
[2026-04-14 01:21:04] current cache size: 33280, finished: 0
[2026-04-14 01:21:04] current cache size: 33286, finished: 0
[2026-04-14 01:21:04] current cache size: 33292, finished: 0
[2026-04-14 01:21:05] current cache size: 33295, finished: 0
[2026-04-14 01:21:05] current cache size: 33301, finished: 0
[2026-04-14 01:21:05] current cache size: 33305, finished: 0
[2026-04-14 01:21:05] current cache size: 33309, finished: 0
[2026-04-14 01:21:05] current cache size: 33312, finished: 0
[2026-04-14 01:21:06] current cache size: 33315, finished: 0
[2026-04-14 01:21:06] current cache size: 33324, finished: 0
[2026-04-14 01:21:06] current cache size: 33337, finished: 0
[2026-04-14 01:21:06] current cache size: 33349, finished: 0
[2026-04-14 01:21:06] current cache size: 33365, finished: 0
[2026-04-14 01:21:07] current cache size: 33375, finished: 0
[2026-04-14 01:21:07] current cache size: 33392, finished: 0
[2026-04-14 01:21:07] current cache size: 33405, finished: 0
[2026-04-14 01:21:07] current cache size: 33417, finished: 0
[2026-04-14 01:21:07] current cache size: 33431, finished: 0
[2026-04-14 01:21:08] current cache size: 33442, finished: 0
[2026-04-14 01:21:08] current cache size: 33452, finished: 0
[2026-04-14 01:21:08] current cache size: 33463, finished: 0
[2026-04-14 01:21:08] current cache size: 33471, finished: 0
[2026-04-14 01:21:08] current cache size: 33495, finished: 0
[2026-04-14 01:21:08] current cache size: 33504, finished: 0
[2026-04-14 01:21:09] current cache size: 33519, finished: 0
[2026-04-14 01:21:09] current cache size: 33536, finished: 0
[2026-04-14 01:21:09] current cache size: 33551, finished: 0
[2026-04-14 01:21:09] current cache size: 33563, finished: 0
[2026-04-14 01:21:09] current cache size: 33576, finished: 0
[2026-04-14 01:21:10] current cache size: 33586, finished: 0
[2026-04-14 01:21:10] current cache size: 33599, finished: 0
[2026-04-14 01:21:10] current cache size: 33605, finished: 0
[2026-04-14 01:21:10] current cache size: 33614, finished: 0
[2026-04-14 01:21:10] current cache size: 33622, finished: 0
[2026-04-14 01:21:11] current cache size: 33633, finished: 0
[2026-04-14 01:21:11] current cache size: 33641, finished: 0
[2026-04-14 01:21:11] current cache size: 33652, finished: 0
[2026-04-14 01:21:11] current cache size: 33665, finished: 0
[2026-04-14 01:21:11] current cache size: 33675, finished: 0
[2026-04-14 01:21:12] current cache size: 33689, finished: 0
[2026-04-14 01:21:12] current cache size: 33702, finished: 0
[2026-04-14 01:21:12] current cache size: 33716, finished: 0
[2026-04-14 01:21:12] current cache size: 33724, finished: 0
[2026-04-14 01:21:12] current cache size: 33734, finished: 0
[2026-04-14 01:21:12] current cache size: 33748, finished: 0
[2026-04-14 01:21:13] current cache size: 33761, finished: 0
[2026-04-14 01:21:13] current cache size: 33773, finished: 0
[2026-04-14 01:21:13] current cache size: 33786, finished: 0
[2026-04-14 01:21:13] current cache size: 33800, finished: 0
[2026-04-14 01:21:13] current cache size: 33810, finished: 0
[2026-04-14 01:21:14] current cache size: 33827, finished: 0
[2026-04-14 01:21:14] current cache size: 33835, finished: 0
[2026-04-14 01:21:14] current cache size: 33851, finished: 0
[2026-04-14 01:21:14] current cache size: 33867, finished: 0
[2026-04-14 01:21:14] current cache size: 33875, finished: 0
[2026-04-14 01:21:15] current cache size: 33888, finished: 0
[2026-04-14 01:21:15] current cache size: 33896, finished: 0
[2026-04-14 01:21:15] current cache size: 33901, finished: 0
[2026-04-14 01:21:15] current cache size: 33915, finished: 0
[2026-04-14 01:21:15] current cache size: 33925, finished: 0
[2026-04-14 01:21:16] current cache size: 33938, finished: 0
[2026-04-14 01:21:16] current cache size: 33946, finished: 0
[2026-04-14 01:21:16] current cache size: 33956, finished: 0
[2026-04-14 01:21:16] current cache size: 33959, finished: 0
[2026-04-14 01:21:16] current cache size: 33972, finished: 0
[2026-04-14 01:21:17] current cache size: 33980, finished: 0
[2026-04-14 01:21:17] current cache size: 33989, finished: 0
[2026-04-14 01:21:17] current cache size: 33996, finished: 0
[2026-04-14 01:21:17] current cache size: 34011, finished: 0
[2026-04-14 01:21:17] current cache size: 34018, finished: 0
[2026-04-14 01:21:17] current cache size: 34034, finished: 0
[2026-04-14 01:21:18] current cache size: 34044, finished: 0
[2026-04-14 01:21:18] current cache size: 34054, finished: 0
[2026-04-14 01:21:18] current cache size: 34065, finished: 0
[2026-04-14 01:21:18] current cache size: 34076, finished: 0
[2026-04-14 01:21:18] current cache size: 34084, finished: 0
[2026-04-14 01:21:19] current cache size: 34097, finished: 0
[2026-04-14 01:21:19] current cache size: 34109, finished: 0
[2026-04-14 01:21:19] current cache size: 34115, finished: 0
[2026-04-14 01:21:19] current cache size: 34124, finished: 0
[2026-04-14 01:21:19] current cache size: 34138, finished: 0
[2026-04-14 01:21:20] current cache size: 34147, finished: 0
[2026-04-14 01:21:20] current cache size: 34159, finished: 0
[2026-04-14 01:21:20] current cache size: 34171, finished: 0
[2026-04-14 01:21:20] current cache size: 34184, finished: 0
[2026-04-14 01:21:20] current cache size: 34201, finished: 0
[2026-04-14 01:21:21] current cache size: 34213, finished: 0
[2026-04-14 01:21:21] current cache size: 34225, finished: 0
[2026-04-14 01:21:21] current cache size: 34236, finished: 0
[2026-04-14 01:21:21] current cache size: 34253, finished: 0
[2026-04-14 01:21:21] current cache size: 34275, finished: 0
[2026-04-14 01:21:21] current cache size: 34283, finished: 0
[2026-04-14 01:21:22] current cache size: 34290, finished: 0
[2026-04-14 01:21:22] current cache size: 34307, finished: 0
[2026-04-14 01:21:22] current cache size: 34319, finished: 0
[2026-04-14 01:21:22] current cache size: 34340, finished: 0
[2026-04-14 01:21:22] current cache size: 34351, finished: 0
[2026-04-14 01:21:23] current cache size: 34366, finished: 0
[2026-04-14 01:21:23] current cache size: 34380, finished: 0
[2026-04-14 01:21:23] current cache size: 34391, finished: 0
[2026-04-14 01:21:23] current cache size: 34408, finished: 0
[2026-04-14 01:21:23] current cache size: 34419, finished: 0
[2026-04-14 01:21:24] current cache size: 34432, finished: 0
[2026-04-14 01:21:24] current cache size: 34446, finished: 0
[2026-04-14 01:21:24] current cache size: 34454, finished: 0
[2026-04-14 01:21:24] current cache size: 34466, finished: 0
[2026-04-14 01:21:24] current cache size: 34472, finished: 0
[2026-04-14 01:21:25] current cache size: 34485, finished: 0
[2026-04-14 01:21:25] current cache size: 34495, finished: 0
[2026-04-14 01:21:25] current cache size: 34509, finished: 0
[2026-04-14 01:21:25] current cache size: 34520, finished: 0
[2026-04-14 01:21:25] current cache size: 34531, finished: 0
[2026-04-14 01:21:25] current cache size: 34544, finished: 0
[2026-04-14 01:21:26] current cache size: 34556, finished: 0
[2026-04-14 01:21:26] current cache size: 34570, finished: 0
[2026-04-14 01:21:26] current cache size: 34585, finished: 0
[2026-04-14 01:21:26] current cache size: 34595, finished: 0
[2026-04-14 01:21:26] current cache size: 34605, finished: 0
[2026-04-14 01:21:27] current cache size: 34620, finished: 0
[2026-04-14 01:21:27] current cache size: 34630, finished: 0
[2026-04-14 01:21:27] current cache size: 34645, finished: 0
[2026-04-14 01:21:27] current cache size: 34651, finished: 0
[2026-04-14 01:21:27] current cache size: 34667, finished: 0
[2026-04-14 01:21:28] current cache size: 34677, finished: 0
[2026-04-14 01:21:28] current cache size: 34689, finished: 0
[2026-04-14 01:21:28] current cache size: 34699, finished: 0
[2026-04-14 01:21:28] current cache size: 34715, finished: 0
[2026-04-14 01:21:28] current cache size: 34724, finished: 0
[2026-04-14 01:21:29] current cache size: 34735, finished: 0
[2026-04-14 01:21:29] current cache size: 34740, finished: 0
[2026-04-14 01:21:29] current cache size: 34745, finished: 0
[2026-04-14 01:21:29] current cache size: 34752, finished: 0
[2026-04-14 01:21:29] current cache size: 34758, finished: 0
[2026-04-14 01:21:30] current cache size: 34761, finished: 0
[2026-04-14 01:21:30] current cache size: 34770, finished: 0
[2026-04-14 01:21:30] current cache size: 34779, finished: 0
[2026-04-14 01:21:30] current cache size: 34783, finished: 0
[2026-04-14 01:21:30] current cache size: 34792, finished: 0
[2026-04-14 01:21:30] current cache size: 34799, finished: 0
[2026-04-14 01:21:31] current cache size: 34806, finished: 0
[2026-04-14 01:21:31] current cache size: 34809, finished: 0
[2026-04-14 01:21:31] current cache size: 34815, finished: 0
[2026-04-14 01:21:31] current cache size: 34825, finished: 0
[2026-04-14 01:21:31] current cache size: 34831, finished: 0
[2026-04-14 01:21:32] current cache size: 34836, finished: 0
[2026-04-14 01:21:32] current cache size: 34842, finished: 0
[2026-04-14 01:21:32] current cache size: 34850, finished: 0
[2026-04-14 01:21:32] current cache size: 34853, finished: 0
[2026-04-14 01:21:32] current cache size: 34861, finished: 0
[2026-04-14 01:21:33] current cache size: 34868, finished: 0
[2026-04-14 01:21:33] current cache size: 34872, finished: 0
[2026-04-14 01:21:33] current cache size: 34879, finished: 0
[2026-04-14 01:21:33] current cache size: 34885, finished: 0
[2026-04-14 01:21:33] current cache size: 34894, finished: 0
[2026-04-14 01:21:34] current cache size: 34904, finished: 0
[2026-04-14 01:21:34] current cache size: 34913, finished: 0
[2026-04-14 01:21:34] current cache size: 34916, finished: 0
[2026-04-14 01:21:34] current cache size: 34922, finished: 0
[2026-04-14 01:21:34] current cache size: 34931, finished: 0
[2026-04-14 01:21:35] current cache size: 34940, finished: 0
[2026-04-14 01:21:35] current cache size: 34946, finished: 0
[2026-04-14 01:21:35] current cache size: 34956, finished: 0
[2026-04-14 01:21:35] current cache size: 34964, finished: 0
[2026-04-14 01:21:35] current cache size: 34973, finished: 0
[2026-04-14 01:21:35] current cache size: 34979, finished: 0
[2026-04-14 01:21:36] current cache size: 34988, finished: 0
[2026-04-14 01:21:36] current cache size: 34994, finished: 0
[2026-04-14 01:21:36] current cache size: 35002, finished: 0
[INCREMENTAL] cache size: 35009, finished scales: 0/1
[GRASP DEBUG] step=3600 grav=(9.81,0,0) | cond1(dist<0.1)=1002/1024 cond2(>=2 forces>0.2)=7/1024 cond3(quat<thresh)=689/1024 all=7/1024 | ft_dist mean=0.0628 max=0.2293 | force mean=0.0189 max=9.6814
[GRASP DEBUG env0] obj_pos=[-0.06499576568603516, 0.00688934326171875, 0.6473947167396545]
[GRASP DEBUG env0]   ft0 pos=[-0.006264686584472656, 0.013042449951171875, 0.6400099396705627] dist=0.0595
[GRASP DEBUG env0]   ft1 pos=[-0.10784626007080078, 0.025549888610839844, 0.6045050621032715] dist=0.0634
[GRASP DEBUG env0]   ft2 pos=[-0.11232757568359375, 0.003998756408691406, 0.6044179201126099] dist=0.0640
[GRASP DEBUG env0]   ft3 pos=[-0.10558223724365234, -0.016000747680664062, 0.604504406452179] dist=0.0633
[GRASP DEBUG env0]   ft4 pos=[-0.09988975524902344, -0.03600120544433594, 0.6045211553573608] dist=0.0700
[2026-04-14 01:21:36] current cache size: 35009, finished: 0
[2026-04-14 01:21:36] current cache size: 35018, finished: 0
[2026-04-14 01:21:37] current cache size: 35034, finished: 0
[2026-04-14 01:21:37] current cache size: 35044, finished: 0
[2026-04-14 01:21:37] current cache size: 35060, finished: 0
[2026-04-14 01:21:37] current cache size: 35069, finished: 0
[2026-04-14 01:21:37] current cache size: 35080, finished: 0
[2026-04-14 01:21:38] current cache size: 35096, finished: 0
[2026-04-14 01:21:38] current cache size: 35108, finished: 0
[2026-04-14 01:21:38] current cache size: 35118, finished: 0
[2026-04-14 01:21:38] current cache size: 35136, finished: 0
[2026-04-14 01:21:38] current cache size: 35149, finished: 0
[2026-04-14 01:21:39] current cache size: 35157, finished: 0
[2026-04-14 01:21:39] current cache size: 35166, finished: 0
[2026-04-14 01:21:39] current cache size: 35170, finished: 0
[2026-04-14 01:21:39] current cache size: 35183, finished: 0
[2026-04-14 01:21:39] current cache size: 35191, finished: 0
[2026-04-14 01:21:39] current cache size: 35199, finished: 0
[2026-04-14 01:21:40] current cache size: 35207, finished: 0
[2026-04-14 01:21:40] current cache size: 35218, finished: 0
[2026-04-14 01:21:40] current cache size: 35232, finished: 0
[2026-04-14 01:21:40] current cache size: 35246, finished: 0
[2026-04-14 01:21:40] current cache size: 35262, finished: 0
[2026-04-14 01:21:41] current cache size: 35272, finished: 0
[2026-04-14 01:21:41] current cache size: 35284, finished: 0
[2026-04-14 01:21:41] current cache size: 35302, finished: 0
[2026-04-14 01:21:41] current cache size: 35316, finished: 0
[2026-04-14 01:21:41] current cache size: 35323, finished: 0
[2026-04-14 01:21:42] current cache size: 35334, finished: 0
[2026-04-14 01:21:42] current cache size: 35355, finished: 0
[2026-04-14 01:21:42] current cache size: 35361, finished: 0
[2026-04-14 01:21:42] current cache size: 35370, finished: 0
[2026-04-14 01:21:42] current cache size: 35383, finished: 0
[2026-04-14 01:21:43] current cache size: 35398, finished: 0
[2026-04-14 01:21:43] current cache size: 35407, finished: 0
[2026-04-14 01:21:43] current cache size: 35416, finished: 0
[2026-04-14 01:21:43] current cache size: 35426, finished: 0
[2026-04-14 01:21:43] current cache size: 35439, finished: 0
[2026-04-14 01:21:44] current cache size: 35451, finished: 0
[2026-04-14 01:21:44] current cache size: 35461, finished: 0
[2026-04-14 01:21:44] current cache size: 35470, finished: 0
[2026-04-14 01:21:44] current cache size: 35474, finished: 0
[2026-04-14 01:21:44] current cache size: 35475, finished: 0
[2026-04-14 01:21:44] current cache size: 35481, finished: 0
[2026-04-14 01:21:45] current cache size: 35489, finished: 0
[2026-04-14 01:21:45] current cache size: 35497, finished: 0
[2026-04-14 01:21:45] current cache size: 35504, finished: 0
[2026-04-14 01:21:45] current cache size: 35507, finished: 0
[2026-04-14 01:21:45] current cache size: 35507, finished: 0
[2026-04-14 01:21:46] current cache size: 35513, finished: 0
[2026-04-14 01:21:46] current cache size: 35518, finished: 0
[2026-04-14 01:21:46] current cache size: 35522, finished: 0
[2026-04-14 01:21:46] current cache size: 35525, finished: 0
[2026-04-14 01:21:46] current cache size: 35530, finished: 0
[2026-04-14 01:21:47] current cache size: 35534, finished: 0
[2026-04-14 01:21:47] current cache size: 35537, finished: 0
[2026-04-14 01:21:47] current cache size: 35542, finished: 0
[2026-04-14 01:21:47] current cache size: 35545, finished: 0
[2026-04-14 01:21:47] current cache size: 35550, finished: 0
[2026-04-14 01:21:48] current cache size: 35553, finished: 0
[2026-04-14 01:21:48] current cache size: 35560, finished: 0
[2026-04-14 01:21:48] current cache size: 35560, finished: 0
[2026-04-14 01:21:48] current cache size: 35564, finished: 0
[2026-04-14 01:21:48] current cache size: 35566, finished: 0
[2026-04-14 01:21:49] current cache size: 35567, finished: 0
[2026-04-14 01:21:49] current cache size: 35572, finished: 0
[2026-04-14 01:21:49] current cache size: 35577, finished: 0
[2026-04-14 01:21:49] current cache size: 35579, finished: 0
[2026-04-14 01:21:49] current cache size: 35582, finished: 0
[2026-04-14 01:21:49] current cache size: 35582, finished: 0
[2026-04-14 01:21:50] current cache size: 35589, finished: 0
[2026-04-14 01:21:50] current cache size: 35597, finished: 0
[2026-04-14 01:21:50] current cache size: 35603, finished: 0
[2026-04-14 01:21:50] current cache size: 35608, finished: 0
[2026-04-14 01:21:50] current cache size: 35615, finished: 0
[2026-04-14 01:21:51] current cache size: 35616, finished: 0
[2026-04-14 01:21:51] current cache size: 35624, finished: 0
[2026-04-14 01:21:51] current cache size: 35625, finished: 0
[2026-04-14 01:21:51] current cache size: 35626, finished: 0
[2026-04-14 01:21:51] current cache size: 35627, finished: 0
[2026-04-14 01:21:52] current cache size: 35632, finished: 0
[2026-04-14 01:21:52] current cache size: 35638, finished: 0
[2026-04-14 01:21:52] current cache size: 35648, finished: 0
[2026-04-14 01:21:52] current cache size: 35656, finished: 0
[2026-04-14 01:21:52] current cache size: 35664, finished: 0
[2026-04-14 01:21:53] current cache size: 35678, finished: 0
[2026-04-14 01:21:53] current cache size: 35692, finished: 0
[2026-04-14 01:21:53] current cache size: 35703, finished: 0
[2026-04-14 01:21:53] current cache size: 35713, finished: 0
[2026-04-14 01:21:53] current cache size: 35723, finished: 0
[2026-04-14 01:21:54] current cache size: 35735, finished: 0
[2026-04-14 01:21:54] current cache size: 35743, finished: 0
[2026-04-14 01:21:54] current cache size: 35756, finished: 0
[2026-04-14 01:21:54] current cache size: 35769, finished: 0
[2026-04-14 01:21:54] current cache size: 35784, finished: 0
[2026-04-14 01:21:54] current cache size: 35799, finished: 0
[2026-04-14 01:21:55] current cache size: 35812, finished: 0
[2026-04-14 01:21:55] current cache size: 35820, finished: 0
[2026-04-14 01:21:55] current cache size: 35833, finished: 0
[2026-04-14 01:21:55] current cache size: 35837, finished: 0
[2026-04-14 01:21:55] current cache size: 35847, finished: 0
[2026-04-14 01:21:56] current cache size: 35865, finished: 0
[2026-04-14 01:21:56] current cache size: 35882, finished: 0
[2026-04-14 01:21:56] current cache size: 35892, finished: 0
[2026-04-14 01:21:56] current cache size: 35899, finished: 0
[2026-04-14 01:21:56] current cache size: 35907, finished: 0
[2026-04-14 01:21:57] current cache size: 35919, finished: 0
[2026-04-14 01:21:57] current cache size: 35929, finished: 0
[2026-04-14 01:21:57] current cache size: 35941, finished: 0
[2026-04-14 01:21:57] current cache size: 35958, finished: 0
[2026-04-14 01:21:57] current cache size: 35976, finished: 0
[2026-04-14 01:21:58] current cache size: 35990, finished: 0
[2026-04-14 01:21:58] current cache size: 36006, finished: 0
[2026-04-14 01:21:58] current cache size: 36022, finished: 0
[2026-04-14 01:21:58] current cache size: 36035, finished: 0
[2026-04-14 01:21:58] current cache size: 36051, finished: 0
[2026-04-14 01:21:58] current cache size: 36062, finished: 0
[2026-04-14 01:21:59] current cache size: 36073, finished: 0
[2026-04-14 01:21:59] current cache size: 36089, finished: 0
[2026-04-14 01:21:59] current cache size: 36099, finished: 0
[2026-04-14 01:21:59] current cache size: 36110, finished: 0
[2026-04-14 01:21:59] current cache size: 36116, finished: 0
[2026-04-14 01:22:00] current cache size: 36131, finished: 0
[2026-04-14 01:22:00] current cache size: 36141, finished: 0
[2026-04-14 01:22:00] current cache size: 36156, finished: 0
[2026-04-14 01:22:00] current cache size: 36164, finished: 0
[2026-04-14 01:22:00] current cache size: 36173, finished: 0
[2026-04-14 01:22:01] current cache size: 36182, finished: 0
[2026-04-14 01:22:01] current cache size: 36191, finished: 0
[2026-04-14 01:22:01] current cache size: 36197, finished: 0
[2026-04-14 01:22:01] current cache size: 36207, finished: 0
[2026-04-14 01:22:01] current cache size: 36214, finished: 0
[2026-04-14 01:22:01] current cache size: 36218, finished: 0
[2026-04-14 01:22:02] current cache size: 36233, finished: 0
[2026-04-14 01:22:02] current cache size: 36242, finished: 0
[2026-04-14 01:22:02] current cache size: 36253, finished: 0
[2026-04-14 01:22:02] current cache size: 36264, finished: 0
[2026-04-14 01:22:02] current cache size: 36274, finished: 0
[2026-04-14 01:22:03] current cache size: 36281, finished: 0
[2026-04-14 01:22:03] current cache size: 36289, finished: 0
[2026-04-14 01:22:03] current cache size: 36302, finished: 0
[2026-04-14 01:22:03] current cache size: 36313, finished: 0
[2026-04-14 01:22:03] current cache size: 36323, finished: 0
[2026-04-14 01:22:04] current cache size: 36333, finished: 0
[2026-04-14 01:22:04] current cache size: 36341, finished: 0
[2026-04-14 01:22:04] current cache size: 36354, finished: 0
[2026-04-14 01:22:04] current cache size: 36370, finished: 0
[2026-04-14 01:22:04] current cache size: 36378, finished: 0
[2026-04-14 01:22:05] current cache size: 36392, finished: 0
[2026-04-14 01:22:05] current cache size: 36402, finished: 0
[2026-04-14 01:22:05] current cache size: 36418, finished: 0
[2026-04-14 01:22:05] current cache size: 36428, finished: 0
[2026-04-14 01:22:05] current cache size: 36441, finished: 0
[2026-04-14 01:22:05] current cache size: 36452, finished: 0
[2026-04-14 01:22:06] current cache size: 36467, finished: 0
[2026-04-14 01:22:06] current cache size: 36479, finished: 0
[2026-04-14 01:22:06] current cache size: 36489, finished: 0
[2026-04-14 01:22:06] current cache size: 36497, finished: 0
[2026-04-14 01:22:06] current cache size: 36508, finished: 0
[2026-04-14 01:22:07] current cache size: 36519, finished: 0
[2026-04-14 01:22:07] current cache size: 36532, finished: 0
[2026-04-14 01:22:07] current cache size: 36546, finished: 0
[2026-04-14 01:22:07] current cache size: 36559, finished: 0
[2026-04-14 01:22:07] current cache size: 36570, finished: 0
[2026-04-14 01:22:08] current cache size: 36580, finished: 0
[2026-04-14 01:22:08] current cache size: 36594, finished: 0
[2026-04-14 01:22:08] current cache size: 36609, finished: 0
[2026-04-14 01:22:08] current cache size: 36627, finished: 0
[2026-04-14 01:22:08] current cache size: 36643, finished: 0
[2026-04-14 01:22:09] current cache size: 36662, finished: 0
[2026-04-14 01:22:09] current cache size: 36673, finished: 0
[2026-04-14 01:22:09] current cache size: 36686, finished: 0
[2026-04-14 01:22:09] current cache size: 36695, finished: 0
[2026-04-14 01:22:09] current cache size: 36703, finished: 0
[2026-04-14 01:22:09] current cache size: 36720, finished: 0
[2026-04-14 01:22:10] current cache size: 36734, finished: 0
[2026-04-14 01:22:10] current cache size: 36752, finished: 0
[2026-04-14 01:22:10] current cache size: 36765, finished: 0
[2026-04-14 01:22:10] current cache size: 36779, finished: 0
[2026-04-14 01:22:10] current cache size: 36791, finished: 0
[2026-04-14 01:22:11] current cache size: 36802, finished: 0
[2026-04-14 01:22:11] current cache size: 36811, finished: 0
[2026-04-14 01:22:11] current cache size: 36818, finished: 0
[2026-04-14 01:22:11] current cache size: 36826, finished: 0
[2026-04-14 01:22:11] current cache size: 36833, finished: 0
[2026-04-14 01:22:12] current cache size: 36842, finished: 0
[2026-04-14 01:22:12] current cache size: 36855, finished: 0
[2026-04-14 01:22:12] current cache size: 36865, finished: 0
[2026-04-14 01:22:12] current cache size: 36878, finished: 0
[2026-04-14 01:22:12] current cache size: 36892, finished: 0
[2026-04-14 01:22:13] current cache size: 36902, finished: 0
[2026-04-14 01:22:13] current cache size: 36914, finished: 0
[2026-04-14 01:22:13] current cache size: 36929, finished: 0
[2026-04-14 01:22:13] current cache size: 36943, finished: 0
[2026-04-14 01:22:13] current cache size: 36961, finished: 0
[2026-04-14 01:22:13] current cache size: 36969, finished: 0
[2026-04-14 01:22:14] current cache size: 36981, finished: 0
[2026-04-14 01:22:14] current cache size: 36996, finished: 0
[2026-04-14 01:22:14] current cache size: 37006, finished: 0
[2026-04-14 01:22:14] current cache size: 37016, finished: 0
[INCREMENTAL] cache size: 37031, finished scales: 0/1
[GRASP DEBUG] step=3800 grav=(0,-9.81,0) | cond1(dist<0.1)=998/1024 cond2(>=2 forces>0.2)=15/1024 cond3(quat<thresh)=645/1024 all=15/1024 | ft_dist mean=0.0626 max=0.1787 | force mean=0.0521 max=12.6781
[GRASP DEBUG env0] obj_pos=[-0.06371307373046875, 0.013184547424316406, 0.6520661115646362]
[GRASP DEBUG env0]   ft0 pos=[-0.01039886474609375, 0.037047386169433594, 0.6409435868263245] dist=0.0595
[GRASP DEBUG env0]   ft1 pos=[-0.109527587890625, 0.027887344360351562, 0.604530394077301] dist=0.0676
[GRASP DEBUG env0]   ft2 pos=[-0.10706138610839844, 0.003998756408691406, 0.6044982671737671] dist=0.0650
[GRASP DEBUG env0]   ft3 pos=[-0.1047372817993164, -0.016000747680664062, 0.6045041084289551] dist=0.0693
[GRASP DEBUG env0]   ft4 pos=[-0.09465217590332031, -0.03600120544433594, 0.6042574048042297] dist=0.0752
[2026-04-14 01:22:14] current cache size: 37031, finished: 0
[2026-04-14 01:22:15] current cache size: 37038, finished: 0
[2026-04-14 01:22:15] current cache size: 37044, finished: 0
[2026-04-14 01:22:15] current cache size: 37052, finished: 0
[2026-04-14 01:22:15] current cache size: 37058, finished: 0
[2026-04-14 01:22:15] current cache size: 37063, finished: 0
[2026-04-14 01:22:16] current cache size: 37072, finished: 0
[2026-04-14 01:22:16] current cache size: 37078, finished: 0
[2026-04-14 01:22:16] current cache size: 37085, finished: 0
[2026-04-14 01:22:16] current cache size: 37091, finished: 0
[2026-04-14 01:22:16] current cache size: 37100, finished: 0
[2026-04-14 01:22:17] current cache size: 37106, finished: 0
[2026-04-14 01:22:17] current cache size: 37113, finished: 0
[2026-04-14 01:22:17] current cache size: 37121, finished: 0
[2026-04-14 01:22:17] current cache size: 37131, finished: 0
[2026-04-14 01:22:17] current cache size: 37142, finished: 0
[2026-04-14 01:22:18] current cache size: 37148, finished: 0
[2026-04-14 01:22:18] current cache size: 37155, finished: 0
[2026-04-14 01:22:18] current cache size: 37162, finished: 0
[2026-04-14 01:22:18] current cache size: 37171, finished: 0
[2026-04-14 01:22:18] current cache size: 37180, finished: 0
[2026-04-14 01:22:19] current cache size: 37187, finished: 0
[2026-04-14 01:22:19] current cache size: 37194, finished: 0
[2026-04-14 01:22:19] current cache size: 37204, finished: 0
[2026-04-14 01:22:19] current cache size: 37212, finished: 0
[2026-04-14 01:22:19] current cache size: 37219, finished: 0
[2026-04-14 01:22:19] current cache size: 37224, finished: 0
[2026-04-14 01:22:20] current cache size: 37231, finished: 0
[2026-04-14 01:22:20] current cache size: 37239, finished: 0
[2026-04-14 01:22:20] current cache size: 37251, finished: 0
[2026-04-14 01:22:20] current cache size: 37259, finished: 0
[2026-04-14 01:22:20] current cache size: 37264, finished: 0
[2026-04-14 01:22:21] current cache size: 37269, finished: 0
[2026-04-14 01:22:21] current cache size: 37277, finished: 0
[2026-04-14 01:22:21] current cache size: 37284, finished: 0
[2026-04-14 01:22:21] current cache size: 37292, finished: 0
[2026-04-14 01:22:21] current cache size: 37307, finished: 0
[2026-04-14 01:22:22] current cache size: 37316, finished: 0
[2026-04-14 01:22:22] current cache size: 37320, finished: 0
[2026-04-14 01:22:22] current cache size: 37324, finished: 0
[2026-04-14 01:22:22] current cache size: 37338, finished: 0
[2026-04-14 01:22:22] current cache size: 37352, finished: 0
[2026-04-14 01:22:23] current cache size: 37361, finished: 0
[2026-04-14 01:22:23] current cache size: 37369, finished: 0
[2026-04-14 01:22:23] current cache size: 37378, finished: 0
[2026-04-14 01:22:23] current cache size: 37392, finished: 0
[2026-04-14 01:22:23] current cache size: 37402, finished: 0
[2026-04-14 01:22:23] current cache size: 37411, finished: 0
[2026-04-14 01:22:24] current cache size: 37419, finished: 0
[2026-04-14 01:22:24] current cache size: 37433, finished: 0
[2026-04-14 01:22:24] current cache size: 37444, finished: 0
[2026-04-14 01:22:24] current cache size: 37453, finished: 0
[2026-04-14 01:22:24] current cache size: 37473, finished: 0
[2026-04-14 01:22:25] current cache size: 37481, finished: 0
[2026-04-14 01:22:25] current cache size: 37489, finished: 0
[2026-04-14 01:22:25] current cache size: 37496, finished: 0
[2026-04-14 01:22:25] current cache size: 37516, finished: 0
[2026-04-14 01:22:25] current cache size: 37526, finished: 0
[2026-04-14 01:22:26] current cache size: 37540, finished: 0
[2026-04-14 01:22:26] current cache size: 37557, finished: 0
[2026-04-14 01:22:26] current cache size: 37568, finished: 0
[2026-04-14 01:22:26] current cache size: 37581, finished: 0
[2026-04-14 01:22:26] current cache size: 37595, finished: 0
[2026-04-14 01:22:27] current cache size: 37610, finished: 0
[2026-04-14 01:22:27] current cache size: 37621, finished: 0
[2026-04-14 01:22:27] current cache size: 37635, finished: 0
[2026-04-14 01:22:27] current cache size: 37650, finished: 0
[2026-04-14 01:22:27] current cache size: 37664, finished: 0
[2026-04-14 01:22:27] current cache size: 37678, finished: 0
[2026-04-14 01:22:28] current cache size: 37686, finished: 0
[2026-04-14 01:22:28] current cache size: 37693, finished: 0
[2026-04-14 01:22:28] current cache size: 37704, finished: 0
[2026-04-14 01:22:28] current cache size: 37712, finished: 0
[2026-04-14 01:22:28] current cache size: 37722, finished: 0
[2026-04-14 01:22:29] current cache size: 37732, finished: 0
[2026-04-14 01:22:29] current cache size: 37743, finished: 0
[2026-04-14 01:22:29] current cache size: 37756, finished: 0
[2026-04-14 01:22:29] current cache size: 37765, finished: 0
[2026-04-14 01:22:29] current cache size: 37783, finished: 0
[2026-04-14 01:22:30] current cache size: 37788, finished: 0
[2026-04-14 01:22:30] current cache size: 37798, finished: 0
[2026-04-14 01:22:30] current cache size: 37801, finished: 0
[2026-04-14 01:22:30] current cache size: 37804, finished: 0
[2026-04-14 01:22:30] current cache size: 37810, finished: 0
[2026-04-14 01:22:31] current cache size: 37815, finished: 0
[2026-04-14 01:22:31] current cache size: 37819, finished: 0
[2026-04-14 01:22:31] current cache size: 37823, finished: 0
[2026-04-14 01:22:31] current cache size: 37830, finished: 0
[2026-04-14 01:22:31] current cache size: 37837, finished: 0
[2026-04-14 01:22:31] current cache size: 37840, finished: 0
[2026-04-14 01:22:32] current cache size: 37842, finished: 0
[2026-04-14 01:22:32] current cache size: 37849, finished: 0
[2026-04-14 01:22:32] current cache size: 37855, finished: 0
[2026-04-14 01:22:32] current cache size: 37858, finished: 0
[2026-04-14 01:22:32] current cache size: 37864, finished: 0
[2026-04-14 01:22:33] current cache size: 37866, finished: 0
[2026-04-14 01:22:33] current cache size: 37869, finished: 0
[2026-04-14 01:22:33] current cache size: 37874, finished: 0
[2026-04-14 01:22:33] current cache size: 37875, finished: 0
[2026-04-14 01:22:33] current cache size: 37877, finished: 0
[2026-04-14 01:22:34] current cache size: 37884, finished: 0
[2026-04-14 01:22:34] current cache size: 37890, finished: 0
[2026-04-14 01:22:34] current cache size: 37892, finished: 0
[2026-04-14 01:22:34] current cache size: 37897, finished: 0
[2026-04-14 01:22:34] current cache size: 37899, finished: 0
[2026-04-14 01:22:35] current cache size: 37902, finished: 0
[2026-04-14 01:22:35] current cache size: 37908, finished: 0
[2026-04-14 01:22:35] current cache size: 37913, finished: 0
[2026-04-14 01:22:35] current cache size: 37916, finished: 0
[2026-04-14 01:22:35] current cache size: 37924, finished: 0
[2026-04-14 01:22:36] current cache size: 37924, finished: 0
[2026-04-14 01:22:36] current cache size: 37928, finished: 0
[2026-04-14 01:22:36] current cache size: 37929, finished: 0
[2026-04-14 01:22:36] current cache size: 37934, finished: 0
[2026-04-14 01:22:36] current cache size: 37936, finished: 0
[2026-04-14 01:22:36] current cache size: 37940, finished: 0
[2026-04-14 01:22:37] current cache size: 37949, finished: 0
[2026-04-14 01:22:37] current cache size: 37953, finished: 0
[2026-04-14 01:22:37] current cache size: 37961, finished: 0
[2026-04-14 01:22:37] current cache size: 37967, finished: 0
[2026-04-14 01:22:37] current cache size: 37973, finished: 0
[2026-04-14 01:22:38] current cache size: 37984, finished: 0
[2026-04-14 01:22:38] current cache size: 37990, finished: 0
[2026-04-14 01:22:38] current cache size: 38001, finished: 0
[2026-04-14 01:22:38] current cache size: 38015, finished: 0
[2026-04-14 01:22:38] current cache size: 38029, finished: 0
[2026-04-14 01:22:39] current cache size: 38036, finished: 0
[2026-04-14 01:22:39] current cache size: 38049, finished: 0
[2026-04-14 01:22:39] current cache size: 38061, finished: 0
[2026-04-14 01:22:39] current cache size: 38072, finished: 0
[2026-04-14 01:22:39] current cache size: 38089, finished: 0
[2026-04-14 01:22:40] current cache size: 38096, finished: 0
[2026-04-14 01:22:40] current cache size: 38107, finished: 0
[2026-04-14 01:22:40] current cache size: 38123, finished: 0
[2026-04-14 01:22:40] current cache size: 38139, finished: 0
[2026-04-14 01:22:40] current cache size: 38146, finished: 0
[2026-04-14 01:22:41] current cache size: 38161, finished: 0
[2026-04-14 01:22:41] current cache size: 38169, finished: 0
[2026-04-14 01:22:41] current cache size: 38184, finished: 0
[2026-04-14 01:22:41] current cache size: 38190, finished: 0
[2026-04-14 01:22:41] current cache size: 38199, finished: 0
[2026-04-14 01:22:41] current cache size: 38212, finished: 0
[2026-04-14 01:22:42] current cache size: 38225, finished: 0
[2026-04-14 01:22:42] current cache size: 38233, finished: 0
[2026-04-14 01:22:42] current cache size: 38248, finished: 0
[2026-04-14 01:22:42] current cache size: 38260, finished: 0
[2026-04-14 01:22:42] current cache size: 38272, finished: 0
[2026-04-14 01:22:43] current cache size: 38283, finished: 0
[2026-04-14 01:22:43] current cache size: 38293, finished: 0
[2026-04-14 01:22:43] current cache size: 38300, finished: 0
[2026-04-14 01:22:43] current cache size: 38316, finished: 0
[2026-04-14 01:22:43] current cache size: 38323, finished: 0
[2026-04-14 01:22:44] current cache size: 38334, finished: 0
[2026-04-14 01:22:44] current cache size: 38350, finished: 0
[2026-04-14 01:22:44] current cache size: 38358, finished: 0
[2026-04-14 01:22:44] current cache size: 38373, finished: 0
[2026-04-14 01:22:44] current cache size: 38383, finished: 0
[2026-04-14 01:22:44] current cache size: 38396, finished: 0
[2026-04-14 01:22:45] current cache size: 38410, finished: 0
[2026-04-14 01:22:45] current cache size: 38418, finished: 0
[2026-04-14 01:22:45] current cache size: 38429, finished: 0
[2026-04-14 01:22:45] current cache size: 38442, finished: 0
[2026-04-14 01:22:45] current cache size: 38462, finished: 0
[2026-04-14 01:22:46] current cache size: 38474, finished: 0
[2026-04-14 01:22:46] current cache size: 38485, finished: 0
[2026-04-14 01:22:46] current cache size: 38495, finished: 0
[2026-04-14 01:22:46] current cache size: 38502, finished: 0
[2026-04-14 01:22:46] current cache size: 38511, finished: 0
[2026-04-14 01:22:47] current cache size: 38518, finished: 0
[2026-04-14 01:22:47] current cache size: 38529, finished: 0
[2026-04-14 01:22:47] current cache size: 38541, finished: 0
[2026-04-14 01:22:47] current cache size: 38548, finished: 0
[2026-04-14 01:22:47] current cache size: 38566, finished: 0
[2026-04-14 01:22:48] current cache size: 38577, finished: 0
[2026-04-14 01:22:48] current cache size: 38588, finished: 0
[2026-04-14 01:22:48] current cache size: 38599, finished: 0
[2026-04-14 01:22:48] current cache size: 38609, finished: 0
[2026-04-14 01:22:48] current cache size: 38618, finished: 0
[2026-04-14 01:22:48] current cache size: 38623, finished: 0
[2026-04-14 01:22:49] current cache size: 38637, finished: 0
[2026-04-14 01:22:49] current cache size: 38645, finished: 0
[2026-04-14 01:22:49] current cache size: 38653, finished: 0
[2026-04-14 01:22:49] current cache size: 38670, finished: 0
[2026-04-14 01:22:49] current cache size: 38683, finished: 0
[2026-04-14 01:22:50] current cache size: 38697, finished: 0
[2026-04-14 01:22:50] current cache size: 38704, finished: 0
[2026-04-14 01:22:50] current cache size: 38719, finished: 0
[2026-04-14 01:22:50] current cache size: 38735, finished: 0
[2026-04-14 01:22:50] current cache size: 38746, finished: 0
[2026-04-14 01:22:51] current cache size: 38756, finished: 0
[2026-04-14 01:22:51] current cache size: 38761, finished: 0
[2026-04-14 01:22:51] current cache size: 38769, finished: 0
[2026-04-14 01:22:51] current cache size: 38778, finished: 0
[2026-04-14 01:22:51] current cache size: 38790, finished: 0
[2026-04-14 01:22:52] current cache size: 38799, finished: 0
[2026-04-14 01:22:52] current cache size: 38811, finished: 0
[2026-04-14 01:22:52] current cache size: 38825, finished: 0
[2026-04-14 01:22:52] current cache size: 38837, finished: 0
[2026-04-14 01:22:52] current cache size: 38844, finished: 0
[2026-04-14 01:22:52] current cache size: 38858, finished: 0
[INCREMENTAL] cache size: 38869, finished scales: 0/1
[GRASP DEBUG] step=4000 grav=(0,9.81,0) | cond1(dist<0.1)=1000/1024 cond2(>=2 forces>0.2)=11/1024 cond3(quat<thresh)=667/1024 all=11/1024 | ft_dist mean=0.0623 max=0.2791 | force mean=0.0484 max=13.1804
[GRASP DEBUG env0] obj_pos=[-0.06345748901367188, -0.010296821594238281, 0.6468132734298706]
[GRASP DEBUG env0]   ft0 pos=[-0.023252487182617188, 0.03497505187988281, 0.6411731839179993] dist=0.0608
[GRASP DEBUG env0]   ft1 pos=[-0.10524749755859375, 0.02490711212158203, 0.6045196056365967] dist=0.0691
[GRASP DEBUG env0]   ft2 pos=[-0.10255622863769531, 0.003998756408691406, 0.6043422222137451] dist=0.0595
[GRASP DEBUG env0]   ft3 pos=[-0.1070871353149414, -0.016000747680664062, 0.6045301556587219] dist=0.0610
[GRASP DEBUG env0]   ft4 pos=[-0.09077262878417969, -0.03600120544433594, 0.6038366556167603] dist=0.0570
[2026-04-14 01:22:53] current cache size: 38869, finished: 0
[2026-04-14 01:22:53] current cache size: 38876, finished: 0
[2026-04-14 01:22:53] current cache size: 38890, finished: 0
[2026-04-14 01:22:53] current cache size: 38901, finished: 0
[2026-04-14 01:22:53] current cache size: 38915, finished: 0
[2026-04-14 01:22:54] current cache size: 38930, finished: 0
[2026-04-14 01:22:54] current cache size: 38942, finished: 0
[2026-04-14 01:22:54] current cache size: 38953, finished: 0
[2026-04-14 01:22:54] current cache size: 38971, finished: 0
[2026-04-14 01:22:54] current cache size: 38983, finished: 0
[2026-04-14 01:22:55] current cache size: 38993, finished: 0
[2026-04-14 01:22:55] current cache size: 39009, finished: 0
[2026-04-14 01:22:55] current cache size: 39019, finished: 0
[2026-04-14 01:22:55] current cache size: 39026, finished: 0
[2026-04-14 01:22:55] current cache size: 39040, finished: 0
[2026-04-14 01:22:56] current cache size: 39053, finished: 0
[2026-04-14 01:22:56] current cache size: 39068, finished: 0
[2026-04-14 01:22:56] current cache size: 39087, finished: 0
[2026-04-14 01:22:56] current cache size: 39104, finished: 0
[2026-04-14 01:22:56] current cache size: 39120, finished: 0
[2026-04-14 01:22:56] current cache size: 39127, finished: 0
[2026-04-14 01:22:57] current cache size: 39144, finished: 0
[2026-04-14 01:22:57] current cache size: 39153, finished: 0
[2026-04-14 01:22:57] current cache size: 39157, finished: 0
[2026-04-14 01:22:57] current cache size: 39178, finished: 0
[2026-04-14 01:22:57] current cache size: 39194, finished: 0
[2026-04-14 01:22:58] current cache size: 39210, finished: 0
[2026-04-14 01:22:58] current cache size: 39218, finished: 0
[2026-04-14 01:22:58] current cache size: 39231, finished: 0
[2026-04-14 01:22:58] current cache size: 39246, finished: 0
[2026-04-14 01:22:58] current cache size: 39268, finished: 0
[2026-04-14 01:22:59] current cache size: 39281, finished: 0
[2026-04-14 01:22:59] current cache size: 39296, finished: 0
[2026-04-14 01:22:59] current cache size: 39309, finished: 0
[2026-04-14 01:22:59] current cache size: 39322, finished: 0
[2026-04-14 01:22:59] current cache size: 39339, finished: 0
[2026-04-14 01:23:00] current cache size: 39353, finished: 0
[2026-04-14 01:23:00] current cache size: 39366, finished: 0
[2026-04-14 01:23:00] current cache size: 39381, finished: 0
[2026-04-14 01:23:00] current cache size: 39395, finished: 0
[2026-04-14 01:23:00] current cache size: 39407, finished: 0
[2026-04-14 01:23:00] current cache size: 39417, finished: 0
[2026-04-14 01:23:01] current cache size: 39420, finished: 0
[2026-04-14 01:23:01] current cache size: 39425, finished: 0
[2026-04-14 01:23:01] current cache size: 39430, finished: 0
[2026-04-14 01:23:01] current cache size: 39439, finished: 0
[2026-04-14 01:23:01] current cache size: 39445, finished: 0
[2026-04-14 01:23:02] current cache size: 39452, finished: 0
[2026-04-14 01:23:02] current cache size: 39464, finished: 0
[2026-04-14 01:23:02] current cache size: 39470, finished: 0
[2026-04-14 01:23:02] current cache size: 39477, finished: 0
[2026-04-14 01:23:02] current cache size: 39480, finished: 0
[2026-04-14 01:23:03] current cache size: 39493, finished: 0
[2026-04-14 01:23:03] current cache size: 39501, finished: 0
[2026-04-14 01:23:03] current cache size: 39504, finished: 0
[2026-04-14 01:23:03] current cache size: 39512, finished: 0
[2026-04-14 01:23:03] current cache size: 39519, finished: 0
[2026-04-14 01:23:04] current cache size: 39530, finished: 0
[2026-04-14 01:23:04] current cache size: 39534, finished: 0
[2026-04-14 01:23:04] current cache size: 39540, finished: 0
[2026-04-14 01:23:04] current cache size: 39550, finished: 0
[2026-04-14 01:23:04] current cache size: 39555, finished: 0
[2026-04-14 01:23:05] current cache size: 39563, finished: 0
[2026-04-14 01:23:05] current cache size: 39566, finished: 0
[2026-04-14 01:23:05] current cache size: 39576, finished: 0
[2026-04-14 01:23:05] current cache size: 39586, finished: 0
[2026-04-14 01:23:05] current cache size: 39590, finished: 0
[2026-04-14 01:23:06] current cache size: 39598, finished: 0
[2026-04-14 01:23:06] current cache size: 39607, finished: 0
[2026-04-14 01:23:06] current cache size: 39614, finished: 0
[2026-04-14 01:23:06] current cache size: 39622, finished: 0
[2026-04-14 01:23:06] current cache size: 39631, finished: 0
[2026-04-14 01:23:06] current cache size: 39640, finished: 0
[2026-04-14 01:23:07] current cache size: 39650, finished: 0
[2026-04-14 01:23:07] current cache size: 39658, finished: 0
[2026-04-14 01:23:07] current cache size: 39665, finished: 0
[2026-04-14 01:23:07] current cache size: 39672, finished: 0
[2026-04-14 01:23:07] current cache size: 39678, finished: 0
[2026-04-14 01:23:08] current cache size: 39685, finished: 0
[2026-04-14 01:23:08] current cache size: 39694, finished: 0
[2026-04-14 01:23:08] current cache size: 39702, finished: 0
[2026-04-14 01:23:08] current cache size: 39715, finished: 0
[2026-04-14 01:23:08] current cache size: 39720, finished: 0
[2026-04-14 01:23:09] current cache size: 39734, finished: 0
[2026-04-14 01:23:09] current cache size: 39749, finished: 0
[2026-04-14 01:23:09] current cache size: 39765, finished: 0
[2026-04-14 01:23:09] current cache size: 39779, finished: 0
[2026-04-14 01:23:09] current cache size: 39790, finished: 0
[2026-04-14 01:23:10] current cache size: 39808, finished: 0
[2026-04-14 01:23:10] current cache size: 39817, finished: 0
[2026-04-14 01:23:10] current cache size: 39819, finished: 0
[2026-04-14 01:23:10] current cache size: 39837, finished: 0
[2026-04-14 01:23:10] current cache size: 39843, finished: 0
[2026-04-14 01:23:11] current cache size: 39858, finished: 0
[2026-04-14 01:23:11] current cache size: 39865, finished: 0
[2026-04-14 01:23:11] current cache size: 39872, finished: 0
[2026-04-14 01:23:11] current cache size: 39887, finished: 0
[2026-04-14 01:23:11] current cache size: 39896, finished: 0
[2026-04-14 01:23:12] current cache size: 39904, finished: 0
[2026-04-14 01:23:12] current cache size: 39918, finished: 0
[2026-04-14 01:23:12] current cache size: 39933, finished: 0
[2026-04-14 01:23:12] current cache size: 39948, finished: 0
[2026-04-14 01:23:12] current cache size: 39960, finished: 0
[2026-04-14 01:23:12] current cache size: 39969, finished: 0
[2026-04-14 01:23:13] current cache size: 39984, finished: 0
[2026-04-14 01:23:13] current cache size: 39995, finished: 0
[2026-04-14 01:23:13] current cache size: 40008, finished: 0
[2026-04-14 01:23:13] current cache size: 40023, finished: 0
[2026-04-14 01:23:13] current cache size: 40034, finished: 0
[2026-04-14 01:23:14] current cache size: 40042, finished: 0
[2026-04-14 01:23:14] current cache size: 40054, finished: 0
[2026-04-14 01:23:14] current cache size: 40070, finished: 0
[2026-04-14 01:23:14] current cache size: 40081, finished: 0
[2026-04-14 01:23:14] current cache size: 40093, finished: 0
[2026-04-14 01:23:15] current cache size: 40108, finished: 0
[2026-04-14 01:23:15] current cache size: 40120, finished: 0
[2026-04-14 01:23:15] current cache size: 40132, finished: 0
[2026-04-14 01:23:15] current cache size: 40138, finished: 0
[2026-04-14 01:23:15] current cache size: 40152, finished: 0
[2026-04-14 01:23:16] current cache size: 40165, finished: 0
[2026-04-14 01:23:16] current cache size: 40177, finished: 0
[2026-04-14 01:23:16] current cache size: 40180, finished: 0
[2026-04-14 01:23:16] current cache size: 40186, finished: 0
[2026-04-14 01:23:16] current cache size: 40191, finished: 0
[2026-04-14 01:23:17] current cache size: 40193, finished: 0
[2026-04-14 01:23:17] current cache size: 40198, finished: 0
[2026-04-14 01:23:17] current cache size: 40202, finished: 0
[2026-04-14 01:23:17] current cache size: 40204, finished: 0
[2026-04-14 01:23:17] current cache size: 40209, finished: 0
[2026-04-14 01:23:17] current cache size: 40211, finished: 0
[2026-04-14 01:23:18] current cache size: 40216, finished: 0
[2026-04-14 01:23:18] current cache size: 40220, finished: 0
[2026-04-14 01:23:18] current cache size: 40228, finished: 0
[2026-04-14 01:23:18] current cache size: 40238, finished: 0
[2026-04-14 01:23:18] current cache size: 40243, finished: 0
[2026-04-14 01:23:19] current cache size: 40248, finished: 0
[2026-04-14 01:23:19] current cache size: 40251, finished: 0
[2026-04-14 01:23:19] current cache size: 40254, finished: 0
[2026-04-14 01:23:19] current cache size: 40262, finished: 0
[2026-04-14 01:23:19] current cache size: 40266, finished: 0
[2026-04-14 01:23:20] current cache size: 40273, finished: 0
[2026-04-14 01:23:20] current cache size: 40278, finished: 0
[2026-04-14 01:23:20] current cache size: 40284, finished: 0
[2026-04-14 01:23:20] current cache size: 40289, finished: 0
[2026-04-14 01:23:20] current cache size: 40291, finished: 0
[2026-04-14 01:23:21] current cache size: 40293, finished: 0
[2026-04-14 01:23:21] current cache size: 40296, finished: 0
[2026-04-14 01:23:21] current cache size: 40298, finished: 0
[2026-04-14 01:23:21] current cache size: 40301, finished: 0
[2026-04-14 01:23:21] current cache size: 40308, finished: 0
[2026-04-14 01:23:22] current cache size: 40315, finished: 0
[2026-04-14 01:23:22] current cache size: 40317, finished: 0
[2026-04-14 01:23:22] current cache size: 40318, finished: 0
[2026-04-14 01:23:22] current cache size: 40327, finished: 0
[2026-04-14 01:23:22] current cache size: 40332, finished: 0
[2026-04-14 01:23:23] current cache size: 40340, finished: 0
[2026-04-14 01:23:23] current cache size: 40345, finished: 0
[2026-04-14 01:23:23] current cache size: 40347, finished: 0
[2026-04-14 01:23:23] current cache size: 40353, finished: 0
[2026-04-14 01:23:23] current cache size: 40356, finished: 0
[2026-04-14 01:23:24] current cache size: 40356, finished: 0
[2026-04-14 01:23:24] current cache size: 40365, finished: 0
[2026-04-14 01:23:24] current cache size: 40379, finished: 0
[2026-04-14 01:23:24] current cache size: 40391, finished: 0
[2026-04-14 01:23:24] current cache size: 40407, finished: 0
[2026-04-14 01:23:25] current cache size: 40423, finished: 0
[2026-04-14 01:23:25] current cache size: 40427, finished: 0
[2026-04-14 01:23:25] current cache size: 40442, finished: 0
[2026-04-14 01:23:25] current cache size: 40453, finished: 0
[2026-04-14 01:23:25] current cache size: 40468, finished: 0
[2026-04-14 01:23:25] current cache size: 40483, finished: 0
[2026-04-14 01:23:26] current cache size: 40495, finished: 0
[2026-04-14 01:23:26] current cache size: 40509, finished: 0
[2026-04-14 01:23:26] current cache size: 40520, finished: 0
[2026-04-14 01:23:26] current cache size: 40529, finished: 0
[2026-04-14 01:23:26] current cache size: 40546, finished: 0
[2026-04-14 01:23:27] current cache size: 40556, finished: 0
[2026-04-14 01:23:27] current cache size: 40571, finished: 0
[2026-04-14 01:23:27] current cache size: 40581, finished: 0
[2026-04-14 01:23:27] current cache size: 40593, finished: 0
[2026-04-14 01:23:27] current cache size: 40612, finished: 0
[2026-04-14 01:23:28] current cache size: 40624, finished: 0
[2026-04-14 01:23:28] current cache size: 40629, finished: 0
[2026-04-14 01:23:28] current cache size: 40643, finished: 0
[2026-04-14 01:23:28] current cache size: 40656, finished: 0
[2026-04-14 01:23:28] current cache size: 40669, finished: 0
[2026-04-14 01:23:29] current cache size: 40682, finished: 0
[2026-04-14 01:23:29] current cache size: 40690, finished: 0
[2026-04-14 01:23:29] current cache size: 40705, finished: 0
[2026-04-14 01:23:29] current cache size: 40711, finished: 0
[2026-04-14 01:23:29] current cache size: 40723, finished: 0
[2026-04-14 01:23:30] current cache size: 40743, finished: 0
[2026-04-14 01:23:30] current cache size: 40755, finished: 0
[2026-04-14 01:23:30] current cache size: 40771, finished: 0
[2026-04-14 01:23:30] current cache size: 40779, finished: 0
[2026-04-14 01:23:30] current cache size: 40791, finished: 0
[2026-04-14 01:23:30] current cache size: 40796, finished: 0
[2026-04-14 01:23:31] current cache size: 40816, finished: 0
[2026-04-14 01:23:31] current cache size: 40824, finished: 0
[2026-04-14 01:23:31] current cache size: 40835, finished: 0
[INCREMENTAL] cache size: 40842, finished scales: 0/1
[GRASP DEBUG] step=4200 grav=(0,0,-9.81) | cond1(dist<0.1)=1000/1024 cond2(>=2 forces>0.2)=8/1024 cond3(quat<thresh)=647/1024 all=7/1024 | ft_dist mean=0.0626 max=0.2618 | force mean=0.0330 max=11.2405
[GRASP DEBUG env0] obj_pos=[-0.0711355209350586, 0.02204608917236328, 0.6418110132217407]
[GRASP DEBUG env0]   ft0 pos=[-0.013025283813476562, 0.015406608581542969, 0.6396933794021606] dist=0.0585
[GRASP DEBUG env0]   ft1 pos=[-0.11536788940429688, 0.025786399841308594, 0.6042472720146179] dist=0.0582
[GRASP DEBUG env0]   ft2 pos=[-0.11162185668945312, 0.003998756408691406, 0.6044842004776001] dist=0.0579
[GRASP DEBUG env0]   ft3 pos=[-0.09824943542480469, -0.016000747680664062, 0.6041809916496277] dist=0.0600
[GRASP DEBUG env0]   ft4 pos=[-0.094879150390625, -0.03600120544433594, 0.6042672991752625] dist=0.0731
[2026-04-14 01:23:31] current cache size: 40842, finished: 0
[2026-04-14 01:23:31] current cache size: 40851, finished: 0
[2026-04-14 01:23:32] current cache size: 40864, finished: 0
[2026-04-14 01:23:32] current cache size: 40875, finished: 0
[2026-04-14 01:23:32] current cache size: 40884, finished: 0
[2026-04-14 01:23:32] current cache size: 40899, finished: 0
[2026-04-14 01:23:32] current cache size: 40911, finished: 0
[2026-04-14 01:23:33] current cache size: 40922, finished: 0
[2026-04-14 01:23:33] current cache size: 40932, finished: 0
[2026-04-14 01:23:33] current cache size: 40949, finished: 0
[2026-04-14 01:23:33] current cache size: 40960, finished: 0
[2026-04-14 01:23:33] current cache size: 40968, finished: 0
[2026-04-14 01:23:34] current cache size: 40974, finished: 0
[2026-04-14 01:23:34] current cache size: 40990, finished: 0
[2026-04-14 01:23:34] current cache size: 41004, finished: 0
[2026-04-14 01:23:34] current cache size: 41014, finished: 0
[2026-04-14 01:23:34] current cache size: 41022, finished: 0
[2026-04-14 01:23:35] current cache size: 41026, finished: 0
[2026-04-14 01:23:35] current cache size: 41042, finished: 0
[2026-04-14 01:23:35] current cache size: 41048, finished: 0
[2026-04-14 01:23:35] current cache size: 41054, finished: 0
[2026-04-14 01:23:35] current cache size: 41064, finished: 0
[2026-04-14 01:23:35] current cache size: 41076, finished: 0
[2026-04-14 01:23:36] current cache size: 41092, finished: 0
[2026-04-14 01:23:36] current cache size: 41108, finished: 0
[2026-04-14 01:23:36] current cache size: 41120, finished: 0
[2026-04-14 01:23:36] current cache size: 41129, finished: 0
[2026-04-14 01:23:36] current cache size: 41137, finished: 0
[2026-04-14 01:23:37] current cache size: 41147, finished: 0
[2026-04-14 01:23:37] current cache size: 41161, finished: 0
[2026-04-14 01:23:37] current cache size: 41170, finished: 0
[2026-04-14 01:23:37] current cache size: 41179, finished: 0
[2026-04-14 01:23:37] current cache size: 41191, finished: 0
[2026-04-14 01:23:38] current cache size: 41205, finished: 0
[2026-04-14 01:23:38] current cache size: 41218, finished: 0
[2026-04-14 01:23:38] current cache size: 41235, finished: 0
[2026-04-14 01:23:38] current cache size: 41247, finished: 0
[2026-04-14 01:23:38] current cache size: 41257, finished: 0
[2026-04-14 01:23:39] current cache size: 41268, finished: 0
[2026-04-14 01:23:39] current cache size: 41283, finished: 0
[2026-04-14 01:23:39] current cache size: 41295, finished: 0
[2026-04-14 01:23:39] current cache size: 41308, finished: 0
[2026-04-14 01:23:39] current cache size: 41320, finished: 0
[2026-04-14 01:23:39] current cache size: 41330, finished: 0
[2026-04-14 01:23:40] current cache size: 41342, finished: 0
[2026-04-14 01:23:40] current cache size: 41363, finished: 0
[2026-04-14 01:23:40] current cache size: 41383, finished: 0
[2026-04-14 01:23:40] current cache size: 41395, finished: 0
[2026-04-14 01:23:40] current cache size: 41404, finished: 0
[2026-04-14 01:23:41] current cache size: 41415, finished: 0
[2026-04-14 01:23:41] current cache size: 41421, finished: 0
[2026-04-14 01:23:41] current cache size: 41433, finished: 0
[2026-04-14 01:23:41] current cache size: 41450, finished: 0
[2026-04-14 01:23:41] current cache size: 41476, finished: 0
[2026-04-14 01:23:42] current cache size: 41489, finished: 0
[2026-04-14 01:23:42] current cache size: 41507, finished: 0
[2026-04-14 01:23:42] current cache size: 41520, finished: 0
[2026-04-14 01:23:42] current cache size: 41529, finished: 0
[2026-04-14 01:23:42] current cache size: 41547, finished: 0
[2026-04-14 01:23:43] current cache size: 41563, finished: 0
[2026-04-14 01:23:43] current cache size: 41567, finished: 0
[2026-04-14 01:23:43] current cache size: 41576, finished: 0
[2026-04-14 01:23:43] current cache size: 41587, finished: 0
[2026-04-14 01:23:43] current cache size: 41598, finished: 0
[2026-04-14 01:23:44] current cache size: 41606, finished: 0
[2026-04-14 01:23:44] current cache size: 41613, finished: 0
[2026-04-14 01:23:44] current cache size: 41625, finished: 0
[2026-04-14 01:23:44] current cache size: 41636, finished: 0
[2026-04-14 01:23:44] current cache size: 41650, finished: 0
[2026-04-14 01:23:44] current cache size: 41666, finished: 0
[2026-04-14 01:23:45] current cache size: 41679, finished: 0
[2026-04-14 01:23:45] current cache size: 41686, finished: 0
[2026-04-14 01:23:45] current cache size: 41695, finished: 0
[2026-04-14 01:23:45] current cache size: 41703, finished: 0
[2026-04-14 01:23:45] current cache size: 41717, finished: 0
[2026-04-14 01:23:46] current cache size: 41723, finished: 0
[2026-04-14 01:23:46] current cache size: 41734, finished: 0
[2026-04-14 01:23:46] current cache size: 41739, finished: 0
[2026-04-14 01:23:46] current cache size: 41755, finished: 0
[2026-04-14 01:23:46] current cache size: 41771, finished: 0
[2026-04-14 01:23:47] current cache size: 41789, finished: 0
[2026-04-14 01:23:47] current cache size: 41800, finished: 0
[2026-04-14 01:23:47] current cache size: 41810, finished: 0
[2026-04-14 01:23:47] current cache size: 41818, finished: 0
[2026-04-14 01:23:47] current cache size: 41826, finished: 0
[2026-04-14 01:23:48] current cache size: 41832, finished: 0
[2026-04-14 01:23:48] current cache size: 41840, finished: 0
[2026-04-14 01:23:48] current cache size: 41847, finished: 0
[2026-04-14 01:23:48] current cache size: 41851, finished: 0
[2026-04-14 01:23:48] current cache size: 41861, finished: 0
[2026-04-14 01:23:48] current cache size: 41868, finished: 0
[2026-04-14 01:23:49] current cache size: 41879, finished: 0
[2026-04-14 01:23:49] current cache size: 41886, finished: 0
[2026-04-14 01:23:49] current cache size: 41893, finished: 0
[2026-04-14 01:23:49] current cache size: 41902, finished: 0
[2026-04-14 01:23:49] current cache size: 41909, finished: 0
[2026-04-14 01:23:50] current cache size: 41920, finished: 0
[2026-04-14 01:23:50] current cache size: 41929, finished: 0
[2026-04-14 01:23:50] current cache size: 41937, finished: 0
[2026-04-14 01:23:50] current cache size: 41945, finished: 0
[2026-04-14 01:23:50] current cache size: 41953, finished: 0
[2026-04-14 01:23:51] current cache size: 41957, finished: 0
[2026-04-14 01:23:51] current cache size: 41969, finished: 0
[2026-04-14 01:23:51] current cache size: 41980, finished: 0
[2026-04-14 01:23:51] current cache size: 41986, finished: 0
[2026-04-14 01:23:51] current cache size: 41995, finished: 0
[2026-04-14 01:23:52] current cache size: 42007, finished: 0
[2026-04-14 01:23:52] current cache size: 42016, finished: 0
[2026-04-14 01:23:52] current cache size: 42022, finished: 0
[2026-04-14 01:23:52] current cache size: 42028, finished: 0
[2026-04-14 01:23:52] current cache size: 42038, finished: 0
[2026-04-14 01:23:53] current cache size: 42043, finished: 0
[2026-04-14 01:23:53] current cache size: 42049, finished: 0
[2026-04-14 01:23:53] current cache size: 42055, finished: 0
[2026-04-14 01:23:53] current cache size: 42066, finished: 0
[2026-04-14 01:23:53] current cache size: 42072, finished: 0
[2026-04-14 01:23:53] current cache size: 42079, finished: 0
[2026-04-14 01:23:54] current cache size: 42087, finished: 0
[2026-04-14 01:23:54] current cache size: 42092, finished: 0
[2026-04-14 01:23:54] current cache size: 42100, finished: 0
[2026-04-14 01:23:54] current cache size: 42107, finished: 0
[2026-04-14 01:23:54] current cache size: 42119, finished: 0
[2026-04-14 01:23:55] current cache size: 42128, finished: 0
[2026-04-14 01:23:55] current cache size: 42144, finished: 0
[2026-04-14 01:23:55] current cache size: 42154, finished: 0
[2026-04-14 01:23:55] current cache size: 42165, finished: 0
[2026-04-14 01:23:55] current cache size: 42185, finished: 0
[2026-04-14 01:23:56] current cache size: 42200, finished: 0
[2026-04-14 01:23:56] current cache size: 42208, finished: 0
[2026-04-14 01:23:56] current cache size: 42218, finished: 0
[2026-04-14 01:23:56] current cache size: 42228, finished: 0
[2026-04-14 01:23:56] current cache size: 42240, finished: 0
[2026-04-14 01:23:57] current cache size: 42249, finished: 0
[2026-04-14 01:23:57] current cache size: 42260, finished: 0
[2026-04-14 01:23:57] current cache size: 42269, finished: 0
[2026-04-14 01:23:57] current cache size: 42287, finished: 0
[2026-04-14 01:23:57] current cache size: 42301, finished: 0
[2026-04-14 01:23:57] current cache size: 42311, finished: 0
[2026-04-14 01:23:58] current cache size: 42328, finished: 0
[2026-04-14 01:23:58] current cache size: 42344, finished: 0
[2026-04-14 01:23:58] current cache size: 42351, finished: 0
[2026-04-14 01:23:58] current cache size: 42369, finished: 0
[2026-04-14 01:23:58] current cache size: 42381, finished: 0
[2026-04-14 01:23:59] current cache size: 42392, finished: 0
[2026-04-14 01:23:59] current cache size: 42403, finished: 0
[2026-04-14 01:23:59] current cache size: 42414, finished: 0
[2026-04-14 01:23:59] current cache size: 42427, finished: 0
[2026-04-14 01:23:59] current cache size: 42435, finished: 0
[2026-04-14 01:24:00] current cache size: 42447, finished: 0
[2026-04-14 01:24:00] current cache size: 42456, finished: 0
[2026-04-14 01:24:00] current cache size: 42467, finished: 0
[2026-04-14 01:24:00] current cache size: 42477, finished: 0
[2026-04-14 01:24:00] current cache size: 42491, finished: 0
[2026-04-14 01:24:01] current cache size: 42502, finished: 0
[2026-04-14 01:24:01] current cache size: 42510, finished: 0
[2026-04-14 01:24:01] current cache size: 42521, finished: 0
[2026-04-14 01:24:01] current cache size: 42531, finished: 0
[2026-04-14 01:24:01] current cache size: 42545, finished: 0
[2026-04-14 01:24:02] current cache size: 42552, finished: 0
[2026-04-14 01:24:02] current cache size: 42567, finished: 0
[2026-04-14 01:24:02] current cache size: 42570, finished: 0
[2026-04-14 01:24:02] current cache size: 42574, finished: 0
[2026-04-14 01:24:02] current cache size: 42575, finished: 0
[2026-04-14 01:24:02] current cache size: 42578, finished: 0
[2026-04-14 01:24:03] current cache size: 42584, finished: 0
[2026-04-14 01:24:03] current cache size: 42591, finished: 0
[2026-04-14 01:24:03] current cache size: 42594, finished: 0
[2026-04-14 01:24:03] current cache size: 42596, finished: 0
[2026-04-14 01:24:03] current cache size: 42599, finished: 0
[2026-04-14 01:24:04] current cache size: 42603, finished: 0
[2026-04-14 01:24:04] current cache size: 42606, finished: 0
[2026-04-14 01:24:04] current cache size: 42608, finished: 0
[2026-04-14 01:24:04] current cache size: 42612, finished: 0
[2026-04-14 01:24:04] current cache size: 42619, finished: 0
[2026-04-14 01:24:05] current cache size: 42622, finished: 0
[2026-04-14 01:24:05] current cache size: 42625, finished: 0
[2026-04-14 01:24:05] current cache size: 42629, finished: 0
[2026-04-14 01:24:05] current cache size: 42630, finished: 0
[2026-04-14 01:24:05] current cache size: 42634, finished: 0
[2026-04-14 01:24:06] current cache size: 42638, finished: 0
[2026-04-14 01:24:06] current cache size: 42639, finished: 0
[2026-04-14 01:24:06] current cache size: 42641, finished: 0
[2026-04-14 01:24:06] current cache size: 42644, finished: 0
[2026-04-14 01:24:06] current cache size: 42650, finished: 0
[2026-04-14 01:24:07] current cache size: 42657, finished: 0
[2026-04-14 01:24:07] current cache size: 42660, finished: 0
[2026-04-14 01:24:07] current cache size: 42663, finished: 0
[2026-04-14 01:24:07] current cache size: 42668, finished: 0
[2026-04-14 01:24:07] current cache size: 42674, finished: 0
[2026-04-14 01:24:07] current cache size: 42680, finished: 0
[2026-04-14 01:24:08] current cache size: 42681, finished: 0
[2026-04-14 01:24:08] current cache size: 42682, finished: 0
[2026-04-14 01:24:08] current cache size: 42687, finished: 0
[2026-04-14 01:24:08] current cache size: 42690, finished: 0
[2026-04-14 01:24:08] current cache size: 42697, finished: 0
[2026-04-14 01:24:09] current cache size: 42703, finished: 0
[2026-04-14 01:24:09] current cache size: 42707, finished: 0
[2026-04-14 01:24:09] current cache size: 42711, finished: 0
[2026-04-14 01:24:09] current cache size: 42715, finished: 0
[2026-04-14 01:24:09] current cache size: 42718, finished: 0
[INCREMENTAL] cache size: 42722, finished scales: 0/1
[GRASP DEBUG] step=4400 grav=(0,0,9.81) | cond1(dist<0.1)=962/1024 cond2(>=2 forces>0.2)=4/1024 cond3(quat<thresh)=480/1024 all=4/1024 | ft_dist mean=0.0671 max=0.4040 | force mean=0.0201 max=15.0903
[GRASP DEBUG env0] obj_pos=[-0.06333446502685547, -0.0010528564453125, 0.6400226354598999]
[GRASP DEBUG env0]   ft0 pos=[-0.01748180389404297, 0.04603767395019531, 0.6402838230133057] dist=0.0657
[GRASP DEBUG env0]   ft1 pos=[-0.10232830047607422, 0.02537059783935547, 0.6044039130210876] dist=0.0591
[GRASP DEBUG env0]   ft2 pos=[-0.1009969711303711, 0.003998756408691406, 0.6042119264602661] dist=0.0522
[GRASP DEBUG env0]   ft3 pos=[-0.09531116485595703, -0.016000747680664062, 0.6039604544639587] dist=0.0505
[GRASP DEBUG env0]   ft4 pos=[-0.09276485443115234, -0.03600120544433594, 0.6040854454040527] dist=0.0581
[2026-04-14 01:24:10] current cache size: 42722, finished: 0
[2026-04-14 01:24:10] current cache size: 42726, finished: 0
[2026-04-14 01:24:10] current cache size: 42737, finished: 0
[2026-04-14 01:24:10] current cache size: 42745, finished: 0
[2026-04-14 01:24:10] current cache size: 42758, finished: 0
[2026-04-14 01:24:11] current cache size: 42775, finished: 0
[2026-04-14 01:24:11] current cache size: 42786, finished: 0
[2026-04-14 01:24:11] current cache size: 42799, finished: 0
[2026-04-14 01:24:11] current cache size: 42810, finished: 0
[2026-04-14 01:24:11] current cache size: 42825, finished: 0
[2026-04-14 01:24:11] current cache size: 42836, finished: 0
[2026-04-14 01:24:12] current cache size: 42849, finished: 0
[2026-04-14 01:24:12] current cache size: 42864, finished: 0
[2026-04-14 01:24:12] current cache size: 42876, finished: 0
[2026-04-14 01:24:12] current cache size: 42885, finished: 0
[2026-04-14 01:24:12] current cache size: 42895, finished: 0
[2026-04-14 01:24:13] current cache size: 42906, finished: 0
[2026-04-14 01:24:13] current cache size: 42915, finished: 0
[2026-04-14 01:24:13] current cache size: 42925, finished: 0
[2026-04-14 01:24:13] current cache size: 42943, finished: 0
[2026-04-14 01:24:13] current cache size: 42952, finished: 0
[2026-04-14 01:24:14] current cache size: 42962, finished: 0
[2026-04-14 01:24:14] current cache size: 42971, finished: 0
[2026-04-14 01:24:14] current cache size: 42982, finished: 0
[2026-04-14 01:24:14] current cache size: 42992, finished: 0
[2026-04-14 01:24:14] current cache size: 42994, finished: 0
[2026-04-14 01:24:15] current cache size: 43006, finished: 0
[2026-04-14 01:24:15] current cache size: 43028, finished: 0
[2026-04-14 01:24:15] current cache size: 43039, finished: 0
[2026-04-14 01:24:15] current cache size: 43050, finished: 0
[2026-04-14 01:24:15] current cache size: 43066, finished: 0
[2026-04-14 01:24:15] current cache size: 43079, finished: 0
[2026-04-14 01:24:16] current cache size: 43096, finished: 0
[2026-04-14 01:24:16] current cache size: 43115, finished: 0
[2026-04-14 01:24:16] current cache size: 43125, finished: 0
[2026-04-14 01:24:16] current cache size: 43143, finished: 0
[2026-04-14 01:24:16] current cache size: 43151, finished: 0
[2026-04-14 01:24:17] current cache size: 43171, finished: 0
[2026-04-14 01:24:17] current cache size: 43180, finished: 0
[2026-04-14 01:24:17] current cache size: 43188, finished: 0
[2026-04-14 01:24:17] current cache size: 43195, finished: 0
[2026-04-14 01:24:17] current cache size: 43203, finished: 0
[2026-04-14 01:24:18] current cache size: 43211, finished: 0
[2026-04-14 01:24:18] current cache size: 43216, finished: 0
[2026-04-14 01:24:18] current cache size: 43226, finished: 0
[2026-04-14 01:24:18] current cache size: 43232, finished: 0
[2026-04-14 01:24:18] current cache size: 43239, finished: 0
[2026-04-14 01:24:19] current cache size: 43250, finished: 0
[2026-04-14 01:24:19] current cache size: 43258, finished: 0
[2026-04-14 01:24:19] current cache size: 43269, finished: 0
[2026-04-14 01:24:19] current cache size: 43278, finished: 0
[2026-04-14 01:24:19] current cache size: 43294, finished: 0
[2026-04-14 01:24:19] current cache size: 43310, finished: 0
[2026-04-14 01:24:20] current cache size: 43320, finished: 0
[2026-04-14 01:24:20] current cache size: 43329, finished: 0
[2026-04-14 01:24:20] current cache size: 43340, finished: 0
[2026-04-14 01:24:20] current cache size: 43352, finished: 0
[2026-04-14 01:24:20] current cache size: 43358, finished: 0
[2026-04-14 01:24:21] current cache size: 43370, finished: 0
[2026-04-14 01:24:21] current cache size: 43383, finished: 0
[2026-04-14 01:24:21] current cache size: 43391, finished: 0
[2026-04-14 01:24:21] current cache size: 43403, finished: 0
[2026-04-14 01:24:21] current cache size: 43418, finished: 0
[2026-04-14 01:24:22] current cache size: 43430, finished: 0
[2026-04-14 01:24:22] current cache size: 43440, finished: 0
[2026-04-14 01:24:22] current cache size: 43448, finished: 0
[2026-04-14 01:24:22] current cache size: 43464, finished: 0
[2026-04-14 01:24:22] current cache size: 43473, finished: 0
[2026-04-14 01:24:23] current cache size: 43482, finished: 0
[2026-04-14 01:24:23] current cache size: 43495, finished: 0
[2026-04-14 01:24:23] current cache size: 43509, finished: 0
[2026-04-14 01:24:23] current cache size: 43517, finished: 0
[2026-04-14 01:24:23] current cache size: 43522, finished: 0
[2026-04-14 01:24:23] current cache size: 43531, finished: 0
[2026-04-14 01:24:24] current cache size: 43540, finished: 0
[2026-04-14 01:24:24] current cache size: 43551, finished: 0
[2026-04-14 01:24:24] current cache size: 43560, finished: 0
[2026-04-14 01:24:24] current cache size: 43571, finished: 0
[2026-04-14 01:24:24] current cache size: 43578, finished: 0
[2026-04-14 01:24:25] current cache size: 43587, finished: 0
[2026-04-14 01:24:25] current cache size: 43598, finished: 0
[2026-04-14 01:24:25] current cache size: 43614, finished: 0
[2026-04-14 01:24:25] current cache size: 43626, finished: 0
[2026-04-14 01:24:25] current cache size: 43644, finished: 0
[2026-04-14 01:24:26] current cache size: 43659, finished: 0
[2026-04-14 01:24:26] current cache size: 43669, finished: 0
[2026-04-14 01:24:26] current cache size: 43688, finished: 0
[2026-04-14 01:24:26] current cache size: 43700, finished: 0
[2026-04-14 01:24:26] current cache size: 43712, finished: 0
[2026-04-14 01:24:27] current cache size: 43725, finished: 0
[2026-04-14 01:24:27] current cache size: 43739, finished: 0
[2026-04-14 01:24:27] current cache size: 43748, finished: 0
[2026-04-14 01:24:27] current cache size: 43762, finished: 0
[2026-04-14 01:24:27] current cache size: 43777, finished: 0
[2026-04-14 01:24:27] current cache size: 43786, finished: 0
[2026-04-14 01:24:28] current cache size: 43795, finished: 0
[2026-04-14 01:24:28] current cache size: 43805, finished: 0
[2026-04-14 01:24:28] current cache size: 43821, finished: 0
[2026-04-14 01:24:28] current cache size: 43829, finished: 0
[2026-04-14 01:24:28] current cache size: 43841, finished: 0
[2026-04-14 01:24:29] current cache size: 43857, finished: 0
[2026-04-14 01:24:29] current cache size: 43869, finished: 0
[2026-04-14 01:24:29] current cache size: 43880, finished: 0
[2026-04-14 01:24:29] current cache size: 43890, finished: 0
[2026-04-14 01:24:29] current cache size: 43904, finished: 0
[2026-04-14 01:24:30] current cache size: 43920, finished: 0
[2026-04-14 01:24:30] current cache size: 43934, finished: 0
[2026-04-14 01:24:30] current cache size: 43943, finished: 0
[2026-04-14 01:24:30] current cache size: 43958, finished: 0
[2026-04-14 01:24:30] current cache size: 43973, finished: 0
[2026-04-14 01:24:30] current cache size: 43990, finished: 0
[2026-04-14 01:24:31] current cache size: 44010, finished: 0
[2026-04-14 01:24:31] current cache size: 44018, finished: 0
[2026-04-14 01:24:31] current cache size: 44029, finished: 0
[2026-04-14 01:24:31] current cache size: 44042, finished: 0
[2026-04-14 01:24:31] current cache size: 44057, finished: 0
[2026-04-14 01:24:32] current cache size: 44067, finished: 0
[2026-04-14 01:24:32] current cache size: 44080, finished: 0
[2026-04-14 01:24:32] current cache size: 44090, finished: 0
[2026-04-14 01:24:32] current cache size: 44102, finished: 0
[2026-04-14 01:24:32] current cache size: 44110, finished: 0
[2026-04-14 01:24:33] current cache size: 44118, finished: 0
[2026-04-14 01:24:33] current cache size: 44128, finished: 0
[2026-04-14 01:24:33] current cache size: 44137, finished: 0
[2026-04-14 01:24:33] current cache size: 44143, finished: 0
[2026-04-14 01:24:33] current cache size: 44150, finished: 0
[2026-04-14 01:24:34] current cache size: 44158, finished: 0
[2026-04-14 01:24:34] current cache size: 44166, finished: 0
[2026-04-14 01:24:34] current cache size: 44173, finished: 0
[2026-04-14 01:24:34] current cache size: 44179, finished: 0
[2026-04-14 01:24:34] current cache size: 44181, finished: 0
[2026-04-14 01:24:35] current cache size: 44188, finished: 0
[2026-04-14 01:24:35] current cache size: 44195, finished: 0
[2026-04-14 01:24:35] current cache size: 44204, finished: 0
[2026-04-14 01:24:35] current cache size: 44210, finished: 0
[2026-04-14 01:24:35] current cache size: 44214, finished: 0
[2026-04-14 01:24:35] current cache size: 44223, finished: 0
[2026-04-14 01:24:36] current cache size: 44233, finished: 0
[2026-04-14 01:24:36] current cache size: 44245, finished: 0
[2026-04-14 01:24:36] current cache size: 44252, finished: 0
[2026-04-14 01:24:36] current cache size: 44260, finished: 0
[2026-04-14 01:24:36] current cache size: 44269, finished: 0
[2026-04-14 01:24:37] current cache size: 44281, finished: 0
[2026-04-14 01:24:37] current cache size: 44287, finished: 0
[2026-04-14 01:24:37] current cache size: 44295, finished: 0
[2026-04-14 01:24:37] current cache size: 44301, finished: 0
[2026-04-14 01:24:37] current cache size: 44312, finished: 0
[2026-04-14 01:24:38] current cache size: 44323, finished: 0
[2026-04-14 01:24:38] current cache size: 44328, finished: 0
[2026-04-14 01:24:38] current cache size: 44337, finished: 0
[2026-04-14 01:24:38] current cache size: 44346, finished: 0
[2026-04-14 01:24:38] current cache size: 44353, finished: 0
[2026-04-14 01:24:39] current cache size: 44362, finished: 0
[2026-04-14 01:24:39] current cache size: 44370, finished: 0
[2026-04-14 01:24:39] current cache size: 44381, finished: 0
[2026-04-14 01:24:39] current cache size: 44389, finished: 0
[2026-04-14 01:24:39] current cache size: 44392, finished: 0
[2026-04-14 01:24:40] current cache size: 44403, finished: 0
[2026-04-14 01:24:40] current cache size: 44410, finished: 0
[2026-04-14 01:24:40] current cache size: 44414, finished: 0
[2026-04-14 01:24:40] current cache size: 44423, finished: 0
[2026-04-14 01:24:40] current cache size: 44432, finished: 0
[2026-04-14 01:24:40] current cache size: 44449, finished: 0
[2026-04-14 01:24:41] current cache size: 44459, finished: 0
[2026-04-14 01:24:41] current cache size: 44472, finished: 0
[2026-04-14 01:24:41] current cache size: 44483, finished: 0
[2026-04-14 01:24:41] current cache size: 44498, finished: 0
[2026-04-14 01:24:41] current cache size: 44507, finished: 0
[2026-04-14 01:24:42] current cache size: 44521, finished: 0
[2026-04-14 01:24:42] current cache size: 44528, finished: 0
[2026-04-14 01:24:42] current cache size: 44542, finished: 0
[2026-04-14 01:24:42] current cache size: 44551, finished: 0
[2026-04-14 01:24:42] current cache size: 44565, finished: 0
[2026-04-14 01:24:43] current cache size: 44575, finished: 0
[2026-04-14 01:24:43] current cache size: 44589, finished: 0
[2026-04-14 01:24:43] current cache size: 44606, finished: 0
[2026-04-14 01:24:43] current cache size: 44619, finished: 0
[2026-04-14 01:24:43] current cache size: 44630, finished: 0
[2026-04-14 01:24:44] current cache size: 44636, finished: 0
[2026-04-14 01:24:44] current cache size: 44649, finished: 0
[2026-04-14 01:24:44] current cache size: 44661, finished: 0
[2026-04-14 01:24:44] current cache size: 44674, finished: 0
[2026-04-14 01:24:44] current cache size: 44690, finished: 0
[2026-04-14 01:24:44] current cache size: 44707, finished: 0
[2026-04-14 01:24:45] current cache size: 44714, finished: 0
[2026-04-14 01:24:45] current cache size: 44721, finished: 0
[2026-04-14 01:24:45] current cache size: 44728, finished: 0
[2026-04-14 01:24:45] current cache size: 44737, finished: 0
[2026-04-14 01:24:45] current cache size: 44748, finished: 0
[2026-04-14 01:24:46] current cache size: 44762, finished: 0
[2026-04-14 01:24:46] current cache size: 44773, finished: 0
[2026-04-14 01:24:46] current cache size: 44785, finished: 0
[2026-04-14 01:24:46] current cache size: 44796, finished: 0
[2026-04-14 01:24:46] current cache size: 44808, finished: 0
[2026-04-14 01:24:47] current cache size: 44817, finished: 0
[2026-04-14 01:24:47] current cache size: 44826, finished: 0
[2026-04-14 01:24:47] current cache size: 44841, finished: 0
[2026-04-14 01:24:47] current cache size: 44850, finished: 0
[2026-04-14 01:24:47] current cache size: 44864, finished: 0
[2026-04-14 01:24:48] current cache size: 44875, finished: 0
[INCREMENTAL] cache size: 44886, finished scales: 0/1
[GRASP DEBUG] step=4600 grav=(-9.81,0,0) | cond1(dist<0.1)=998/1024 cond2(>=2 forces>0.2)=11/1024 cond3(quat<thresh)=662/1024 all=11/1024 | ft_dist mean=0.0628 max=0.2816 | force mean=0.0302 max=11.5544
[GRASP DEBUG env0] obj_pos=[-0.058963775634765625, -0.004100799560546875, 0.6376164555549622]
[GRASP DEBUG env0]   ft0 pos=[-0.013431549072265625, 0.05120658874511719, 0.6392600536346436] dist=0.0717
[GRASP DEBUG env0]   ft1 pos=[-0.10117530822753906, 0.02763652801513672, 0.6042914986610413] dist=0.0624
[GRASP DEBUG env0]   ft2 pos=[-0.11616325378417969, 0.003998756408691406, 0.6042241454124451] dist=0.0667
[GRASP DEBUG env0]   ft3 pos=[-0.10155582427978516, -0.016000747680664062, 0.6044374108314514] dist=0.0553
[GRASP DEBUG env0]   ft4 pos=[-0.09116458892822266, -0.03600120544433594, 0.6037810444831848] dist=0.0566
[2026-04-14 01:24:48] current cache size: 44886, finished: 0
[2026-04-14 01:24:48] current cache size: 44890, finished: 0
[2026-04-14 01:24:48] current cache size: 44893, finished: 0
[2026-04-14 01:24:48] current cache size: 44901, finished: 0
[2026-04-14 01:24:48] current cache size: 44903, finished: 0
[2026-04-14 01:24:49] current cache size: 44908, finished: 0
[2026-04-14 01:24:49] current cache size: 44912, finished: 0
[2026-04-14 01:24:49] current cache size: 44919, finished: 0
[2026-04-14 01:24:49] current cache size: 44923, finished: 0
[2026-04-14 01:24:49] current cache size: 44924, finished: 0
[2026-04-14 01:24:50] current cache size: 44926, finished: 0
[2026-04-14 01:24:50] current cache size: 44933, finished: 0
[2026-04-14 01:24:50] current cache size: 44940, finished: 0
[2026-04-14 01:24:50] current cache size: 44944, finished: 0
[2026-04-14 01:24:50] current cache size: 44948, finished: 0
[2026-04-14 01:24:51] current cache size: 44950, finished: 0
[2026-04-14 01:24:51] current cache size: 44953, finished: 0
[2026-04-14 01:24:51] current cache size: 44959, finished: 0
[2026-04-14 01:24:51] current cache size: 44963, finished: 0
[2026-04-14 01:24:51] current cache size: 44966, finished: 0
[2026-04-14 01:24:52] current cache size: 44967, finished: 0
[2026-04-14 01:24:52] current cache size: 44971, finished: 0
[2026-04-14 01:24:52] current cache size: 44975, finished: 0
[2026-04-14 01:24:52] current cache size: 44980, finished: 0
[2026-04-14 01:24:52] current cache size: 44985, finished: 0
[2026-04-14 01:24:53] current cache size: 44988, finished: 0
[2026-04-14 01:24:53] current cache size: 44995, finished: 0
[2026-04-14 01:24:53] current cache size: 44999, finished: 0
[2026-04-14 01:24:53] current cache size: 45004, finished: 0
[2026-04-14 01:24:53] current cache size: 45007, finished: 0
[2026-04-14 01:24:53] current cache size: 45009, finished: 0
[2026-04-14 01:24:54] current cache size: 45013, finished: 0
[2026-04-14 01:24:54] current cache size: 45021, finished: 0
[2026-04-14 01:24:54] current cache size: 45025, finished: 0
[2026-04-14 01:24:54] current cache size: 45028, finished: 0
[2026-04-14 01:24:54] current cache size: 45035, finished: 0
[2026-04-14 01:24:55] current cache size: 45043, finished: 0
[2026-04-14 01:24:55] current cache size: 45045, finished: 0
[2026-04-14 01:24:55] current cache size: 45049, finished: 0
[2026-04-14 01:24:55] current cache size: 45051, finished: 0
[2026-04-14 01:24:55] current cache size: 45054, finished: 0
[2026-04-14 01:24:56] current cache size: 45070, finished: 0
[2026-04-14 01:24:56] current cache size: 45082, finished: 0
[2026-04-14 01:24:56] current cache size: 45093, finished: 0
[2026-04-14 01:24:56] current cache size: 45105, finished: 0
[2026-04-14 01:24:56] current cache size: 45120, finished: 0
[2026-04-14 01:24:57] current cache size: 45135, finished: 0
[2026-04-14 01:24:57] current cache size: 45145, finished: 0
[2026-04-14 01:24:57] current cache size: 45154, finished: 0
[2026-04-14 01:24:57] current cache size: 45166, finished: 0
[2026-04-14 01:24:57] current cache size: 45177, finished: 0
[2026-04-14 01:24:58] current cache size: 45187, finished: 0
[2026-04-14 01:24:58] current cache size: 45199, finished: 0
[2026-04-14 01:24:58] current cache size: 45210, finished: 0
[2026-04-14 01:24:58] current cache size: 45229, finished: 0
[2026-04-14 01:24:58] current cache size: 45242, finished: 0
[2026-04-14 01:24:58] current cache size: 45252, finished: 0
[2026-04-14 01:24:59] current cache size: 45261, finished: 0
[2026-04-14 01:24:59] current cache size: 45278, finished: 0
[2026-04-14 01:24:59] current cache size: 45296, finished: 0
[2026-04-14 01:24:59] current cache size: 45308, finished: 0
[2026-04-14 01:24:59] current cache size: 45326, finished: 0
[2026-04-14 01:25:00] current cache size: 45338, finished: 0
[2026-04-14 01:25:00] current cache size: 45347, finished: 0
[2026-04-14 01:25:00] current cache size: 45357, finished: 0
[2026-04-14 01:25:00] current cache size: 45367, finished: 0
[2026-04-14 01:25:00] current cache size: 45377, finished: 0
[2026-04-14 01:25:01] current cache size: 45388, finished: 0
[2026-04-14 01:25:01] current cache size: 45401, finished: 0
[2026-04-14 01:25:01] current cache size: 45410, finished: 0
[2026-04-14 01:25:01] current cache size: 45421, finished: 0
[2026-04-14 01:25:01] current cache size: 45428, finished: 0
[2026-04-14 01:25:02] current cache size: 45442, finished: 0
[2026-04-14 01:25:02] current cache size: 45449, finished: 0
[2026-04-14 01:25:02] current cache size: 45462, finished: 0
[2026-04-14 01:25:02] current cache size: 45475, finished: 0
[2026-04-14 01:25:02] current cache size: 45489, finished: 0
[2026-04-14 01:25:02] current cache size: 45504, finished: 0
[2026-04-14 01:25:03] current cache size: 45513, finished: 0
[2026-04-14 01:25:03] current cache size: 45530, finished: 0
[2026-04-14 01:25:03] current cache size: 45542, finished: 0
[2026-04-14 01:25:03] current cache size: 45548, finished: 0
[2026-04-14 01:25:03] current cache size: 45555, finished: 0
[2026-04-14 01:25:04] current cache size: 45561, finished: 0
[2026-04-14 01:25:04] current cache size: 45567, finished: 0
[2026-04-14 01:25:04] current cache size: 45580, finished: 0
[2026-04-14 01:25:04] current cache size: 45591, finished: 0
[2026-04-14 01:25:04] current cache size: 45601, finished: 0
[2026-04-14 01:25:05] current cache size: 45610, finished: 0
[2026-04-14 01:25:05] current cache size: 45624, finished: 0
[2026-04-14 01:25:05] current cache size: 45630, finished: 0
[2026-04-14 01:25:05] current cache size: 45638, finished: 0
[2026-04-14 01:25:05] current cache size: 45651, finished: 0
[2026-04-14 01:25:06] current cache size: 45662, finished: 0
[2026-04-14 01:25:06] current cache size: 45675, finished: 0
[2026-04-14 01:25:06] current cache size: 45687, finished: 0
[2026-04-14 01:25:06] current cache size: 45700, finished: 0
[2026-04-14 01:25:06] current cache size: 45710, finished: 0
[2026-04-14 01:25:06] current cache size: 45716, finished: 0
[2026-04-14 01:25:07] current cache size: 45733, finished: 0
[2026-04-14 01:25:07] current cache size: 45742, finished: 0
[2026-04-14 01:25:07] current cache size: 45757, finished: 0
[2026-04-14 01:25:07] current cache size: 45767, finished: 0
[2026-04-14 01:25:07] current cache size: 45774, finished: 0
[2026-04-14 01:25:08] current cache size: 45786, finished: 0
[2026-04-14 01:25:08] current cache size: 45793, finished: 0
[2026-04-14 01:25:08] current cache size: 45801, finished: 0
[2026-04-14 01:25:08] current cache size: 45813, finished: 0
[2026-04-14 01:25:08] current cache size: 45825, finished: 0
[2026-04-14 01:25:09] current cache size: 45838, finished: 0
[2026-04-14 01:25:09] current cache size: 45850, finished: 0
[2026-04-14 01:25:09] current cache size: 45867, finished: 0
[2026-04-14 01:25:09] current cache size: 45877, finished: 0
[2026-04-14 01:25:09] current cache size: 45890, finished: 0
[2026-04-14 01:25:09] current cache size: 45902, finished: 0
[2026-04-14 01:25:10] current cache size: 45917, finished: 0
[2026-04-14 01:25:10] current cache size: 45928, finished: 0
[2026-04-14 01:25:10] current cache size: 45937, finished: 0
[2026-04-14 01:25:10] current cache size: 45946, finished: 0
[2026-04-14 01:25:10] current cache size: 45958, finished: 0
[2026-04-14 01:25:11] current cache size: 45969, finished: 0
[2026-04-14 01:25:11] current cache size: 45983, finished: 0
[2026-04-14 01:25:11] current cache size: 45994, finished: 0
[2026-04-14 01:25:11] current cache size: 46003, finished: 0
[2026-04-14 01:25:11] current cache size: 46010, finished: 0
[2026-04-14 01:25:12] current cache size: 46027, finished: 0
[2026-04-14 01:25:12] current cache size: 46035, finished: 0
[2026-04-14 01:25:12] current cache size: 46048, finished: 0
[2026-04-14 01:25:12] current cache size: 46058, finished: 0
[2026-04-14 01:25:12] current cache size: 46066, finished: 0
[2026-04-14 01:25:13] current cache size: 46082, finished: 0
[2026-04-14 01:25:13] current cache size: 46100, finished: 0
[2026-04-14 01:25:13] current cache size: 46113, finished: 0
[2026-04-14 01:25:13] current cache size: 46123, finished: 0
[2026-04-14 01:25:13] current cache size: 46134, finished: 0
[2026-04-14 01:25:13] current cache size: 46146, finished: 0
[2026-04-14 01:25:14] current cache size: 46156, finished: 0
[2026-04-14 01:25:14] current cache size: 46163, finished: 0
[2026-04-14 01:25:14] current cache size: 46181, finished: 0
[2026-04-14 01:25:14] current cache size: 46200, finished: 0
[2026-04-14 01:25:14] current cache size: 46212, finished: 0
[2026-04-14 01:25:15] current cache size: 46222, finished: 0
[2026-04-14 01:25:15] current cache size: 46233, finished: 0
[2026-04-14 01:25:15] current cache size: 46248, finished: 0
[2026-04-14 01:25:15] current cache size: 46265, finished: 0
[2026-04-14 01:25:15] current cache size: 46275, finished: 0
[2026-04-14 01:25:16] current cache size: 46286, finished: 0
[2026-04-14 01:25:16] current cache size: 46293, finished: 0
[2026-04-14 01:25:16] current cache size: 46304, finished: 0
[2026-04-14 01:25:16] current cache size: 46317, finished: 0
[2026-04-14 01:25:16] current cache size: 46328, finished: 0
[2026-04-14 01:25:17] current cache size: 46343, finished: 0
[2026-04-14 01:25:17] current cache size: 46352, finished: 0
[2026-04-14 01:25:17] current cache size: 46359, finished: 0
[2026-04-14 01:25:17] current cache size: 46373, finished: 0
[2026-04-14 01:25:17] current cache size: 46385, finished: 0
[2026-04-14 01:25:18] current cache size: 46395, finished: 0
[2026-04-14 01:25:18] current cache size: 46405, finished: 0
[2026-04-14 01:25:18] current cache size: 46417, finished: 0
[2026-04-14 01:25:18] current cache size: 46427, finished: 0
[2026-04-14 01:25:18] current cache size: 46447, finished: 0
[2026-04-14 01:25:18] current cache size: 46454, finished: 0
[2026-04-14 01:25:19] current cache size: 46460, finished: 0
[2026-04-14 01:25:19] current cache size: 46471, finished: 0
[2026-04-14 01:25:19] current cache size: 46479, finished: 0
[2026-04-14 01:25:19] current cache size: 46488, finished: 0
[2026-04-14 01:25:19] current cache size: 46493, finished: 0
[2026-04-14 01:25:20] current cache size: 46500, finished: 0
[2026-04-14 01:25:20] current cache size: 46509, finished: 0
[2026-04-14 01:25:20] current cache size: 46517, finished: 0
[2026-04-14 01:25:20] current cache size: 46524, finished: 0
[2026-04-14 01:25:20] current cache size: 46532, finished: 0
[2026-04-14 01:25:21] current cache size: 46542, finished: 0
[2026-04-14 01:25:21] current cache size: 46546, finished: 0
[2026-04-14 01:25:21] current cache size: 46559, finished: 0
[2026-04-14 01:25:21] current cache size: 46569, finished: 0
[2026-04-14 01:25:21] current cache size: 46576, finished: 0
[2026-04-14 01:25:22] current cache size: 46582, finished: 0
[2026-04-14 01:25:22] current cache size: 46587, finished: 0
[2026-04-14 01:25:22] current cache size: 46595, finished: 0
[2026-04-14 01:25:22] current cache size: 46599, finished: 0
[2026-04-14 01:25:22] current cache size: 46606, finished: 0
[2026-04-14 01:25:22] current cache size: 46615, finished: 0
[2026-04-14 01:25:23] current cache size: 46618, finished: 0
[2026-04-14 01:25:23] current cache size: 46625, finished: 0
[2026-04-14 01:25:23] current cache size: 46637, finished: 0
[2026-04-14 01:25:23] current cache size: 46647, finished: 0
[2026-04-14 01:25:23] current cache size: 46654, finished: 0
[2026-04-14 01:25:24] current cache size: 46662, finished: 0
[2026-04-14 01:25:24] current cache size: 46669, finished: 0
[2026-04-14 01:25:24] current cache size: 46677, finished: 0
[2026-04-14 01:25:24] current cache size: 46687, finished: 0
[2026-04-14 01:25:24] current cache size: 46696, finished: 0
[2026-04-14 01:25:25] current cache size: 46707, finished: 0
[2026-04-14 01:25:25] current cache size: 46716, finished: 0
[2026-04-14 01:25:25] current cache size: 46726, finished: 0
[2026-04-14 01:25:25] current cache size: 46731, finished: 0
[2026-04-14 01:25:25] current cache size: 46741, finished: 0
[2026-04-14 01:25:26] current cache size: 46754, finished: 0
[2026-04-14 01:25:26] current cache size: 46766, finished: 0
[INCREMENTAL] cache size: 46772, finished scales: 0/1
[GRASP DEBUG] step=4800 grav=(9.81,0,0) | cond1(dist<0.1)=1010/1024 cond2(>=2 forces>0.2)=6/1024 cond3(quat<thresh)=672/1024 all=6/1024 | ft_dist mean=0.0624 max=0.1590 | force mean=0.0190 max=8.6061
[GRASP DEBUG env0] obj_pos=[-0.06061363220214844, 0.008214950561523438, 0.6456303000450134]
[GRASP DEBUG env0]   ft0 pos=[-0.005454063415527344, 0.029356002807617188, 0.6402796506881714] dist=0.0593
[GRASP DEBUG env0]   ft1 pos=[-0.10814285278320312, 0.028593063354492188, 0.604534387588501] dist=0.0661
[GRASP DEBUG env0]   ft2 pos=[-0.11509513854980469, 0.003998756408691406, 0.6043052673339844] dist=0.0685
[GRASP DEBUG env0]   ft3 pos=[-0.09859180450439453, -0.016000747680664062, 0.604282021522522] dist=0.0611
[GRASP DEBUG env0]   ft4 pos=[-0.09647846221923828, -0.03600120544433594, 0.604381263256073] dist=0.0703
[2026-04-14 01:25:26] current cache size: 46772, finished: 0
[2026-04-14 01:25:26] current cache size: 46785, finished: 0
[2026-04-14 01:25:26] current cache size: 46798, finished: 0
[2026-04-14 01:25:27] current cache size: 46812, finished: 0
[2026-04-14 01:25:27] current cache size: 46825, finished: 0
[2026-04-14 01:25:27] current cache size: 46835, finished: 0
[2026-04-14 01:25:27] current cache size: 46846, finished: 0
[2026-04-14 01:25:27] current cache size: 46862, finished: 0
[2026-04-14 01:25:27] current cache size: 46876, finished: 0
[2026-04-14 01:25:28] current cache size: 46884, finished: 0
[2026-04-14 01:25:28] current cache size: 46900, finished: 0
[2026-04-14 01:25:28] current cache size: 46912, finished: 0
[2026-04-14 01:25:28] current cache size: 46922, finished: 0
[2026-04-14 01:25:28] current cache size: 46933, finished: 0
[2026-04-14 01:25:29] current cache size: 46946, finished: 0
[2026-04-14 01:25:29] current cache size: 46961, finished: 0
[2026-04-14 01:25:29] current cache size: 46971, finished: 0
[2026-04-14 01:25:29] current cache size: 46978, finished: 0
[2026-04-14 01:25:29] current cache size: 46990, finished: 0
[2026-04-14 01:25:30] current cache size: 47001, finished: 0
[2026-04-14 01:25:30] current cache size: 47019, finished: 0
[2026-04-14 01:25:30] current cache size: 47030, finished: 0
[2026-04-14 01:25:30] current cache size: 47044, finished: 0
[2026-04-14 01:25:30] current cache size: 47052, finished: 0
[2026-04-14 01:25:30] current cache size: 47065, finished: 0
[2026-04-14 01:25:31] current cache size: 47072, finished: 0
[2026-04-14 01:25:31] current cache size: 47085, finished: 0
[2026-04-14 01:25:31] current cache size: 47105, finished: 0
[2026-04-14 01:25:31] current cache size: 47116, finished: 0
[2026-04-14 01:25:31] current cache size: 47127, finished: 0
[2026-04-14 01:25:32] current cache size: 47138, finished: 0
[2026-04-14 01:25:32] current cache size: 47152, finished: 0
[2026-04-14 01:25:32] current cache size: 47170, finished: 0
[2026-04-14 01:25:32] current cache size: 47186, finished: 0
[2026-04-14 01:25:32] current cache size: 47202, finished: 0
[2026-04-14 01:25:33] current cache size: 47211, finished: 0
[2026-04-14 01:25:33] current cache size: 47218, finished: 0
[2026-04-14 01:25:33] current cache size: 47234, finished: 0
[2026-04-14 01:25:33] current cache size: 47251, finished: 0
[2026-04-14 01:25:33] current cache size: 47261, finished: 0
[2026-04-14 01:25:34] current cache size: 47278, finished: 0
[2026-04-14 01:25:34] current cache size: 47281, finished: 0
[2026-04-14 01:25:34] current cache size: 47284, finished: 0
[2026-04-14 01:25:34] current cache size: 47286, finished: 0
[2026-04-14 01:25:34] current cache size: 47289, finished: 0
[2026-04-14 01:25:34] current cache size: 47290, finished: 0
[2026-04-14 01:25:35] current cache size: 47292, finished: 0
[2026-04-14 01:25:35] current cache size: 47296, finished: 0
[2026-04-14 01:25:35] current cache size: 47299, finished: 0
[2026-04-14 01:25:35] current cache size: 47302, finished: 0
[2026-04-14 01:25:35] current cache size: 47307, finished: 0
[2026-04-14 01:25:36] current cache size: 47310, finished: 0
[2026-04-14 01:25:36] current cache size: 47320, finished: 0
[2026-04-14 01:25:36] current cache size: 47322, finished: 0
[2026-04-14 01:25:36] current cache size: 47326, finished: 0
[2026-04-14 01:25:36] current cache size: 47328, finished: 0
[2026-04-14 01:25:37] current cache size: 47330, finished: 0
[2026-04-14 01:25:37] current cache size: 47333, finished: 0
[2026-04-14 01:25:37] current cache size: 47337, finished: 0
[2026-04-14 01:25:37] current cache size: 47343, finished: 0
[2026-04-14 01:25:37] current cache size: 47347, finished: 0
[2026-04-14 01:25:38] current cache size: 47350, finished: 0
[2026-04-14 01:25:38] current cache size: 47356, finished: 0
[2026-04-14 01:25:38] current cache size: 47359, finished: 0
[2026-04-14 01:25:38] current cache size: 47363, finished: 0
[2026-04-14 01:25:38] current cache size: 47364, finished: 0
[2026-04-14 01:25:39] current cache size: 47367, finished: 0
[2026-04-14 01:25:39] current cache size: 47367, finished: 0
[2026-04-14 01:25:39] current cache size: 47372, finished: 0
[2026-04-14 01:25:39] current cache size: 47375, finished: 0
[2026-04-14 01:25:39] current cache size: 47378, finished: 0
[2026-04-14 01:25:40] current cache size: 47379, finished: 0
[2026-04-14 01:25:40] current cache size: 47383, finished: 0
[2026-04-14 01:25:40] current cache size: 47387, finished: 0
[2026-04-14 01:25:40] current cache size: 47391, finished: 0
[2026-04-14 01:25:40] current cache size: 47396, finished: 0
[2026-04-14 01:25:40] current cache size: 47398, finished: 0
[2026-04-14 01:25:41] current cache size: 47400, finished: 0
[2026-04-14 01:25:41] current cache size: 47404, finished: 0
[2026-04-14 01:25:41] current cache size: 47412, finished: 0
[2026-04-14 01:25:41] current cache size: 47416, finished: 0
[2026-04-14 01:25:41] current cache size: 47427, finished: 0
[2026-04-14 01:25:42] current cache size: 47436, finished: 0
[2026-04-14 01:25:42] current cache size: 47448, finished: 0
[2026-04-14 01:25:42] current cache size: 47456, finished: 0
[2026-04-14 01:25:42] current cache size: 47466, finished: 0
[2026-04-14 01:25:42] current cache size: 47479, finished: 0
[2026-04-14 01:25:43] current cache size: 47488, finished: 0
[2026-04-14 01:25:43] current cache size: 47495, finished: 0
[2026-04-14 01:25:43] current cache size: 47504, finished: 0
[2026-04-14 01:25:43] current cache size: 47509, finished: 0
[2026-04-14 01:25:43] current cache size: 47523, finished: 0
[2026-04-14 01:25:44] current cache size: 47531, finished: 0
[2026-04-14 01:25:44] current cache size: 47538, finished: 0
[2026-04-14 01:25:44] current cache size: 47544, finished: 0
[2026-04-14 01:25:44] current cache size: 47553, finished: 0
[2026-04-14 01:25:44] current cache size: 47569, finished: 0
[2026-04-14 01:25:45] current cache size: 47578, finished: 0
[2026-04-14 01:25:45] current cache size: 47591, finished: 0
[2026-04-14 01:25:45] current cache size: 47604, finished: 0
[2026-04-14 01:25:45] current cache size: 47615, finished: 0
[2026-04-14 01:25:45] current cache size: 47622, finished: 0
[2026-04-14 01:25:45] current cache size: 47627, finished: 0
[2026-04-14 01:25:46] current cache size: 47635, finished: 0
[2026-04-14 01:25:46] current cache size: 47648, finished: 0
[2026-04-14 01:25:46] current cache size: 47657, finished: 0
[2026-04-14 01:25:46] current cache size: 47665, finished: 0
[2026-04-14 01:25:46] current cache size: 47673, finished: 0
[2026-04-14 01:25:47] current cache size: 47682, finished: 0
[2026-04-14 01:25:47] current cache size: 47688, finished: 0
[2026-04-14 01:25:47] current cache size: 47702, finished: 0
[2026-04-14 01:25:47] current cache size: 47716, finished: 0
[2026-04-14 01:25:47] current cache size: 47728, finished: 0
[2026-04-14 01:25:48] current cache size: 47735, finished: 0
[2026-04-14 01:25:48] current cache size: 47754, finished: 0
[2026-04-14 01:25:48] current cache size: 47764, finished: 0
[2026-04-14 01:25:48] current cache size: 47776, finished: 0
[2026-04-14 01:25:48] current cache size: 47790, finished: 0
[2026-04-14 01:25:49] current cache size: 47801, finished: 0
[2026-04-14 01:25:49] current cache size: 47814, finished: 0
[2026-04-14 01:25:49] current cache size: 47826, finished: 0
[2026-04-14 01:25:49] current cache size: 47835, finished: 0
[2026-04-14 01:25:49] current cache size: 47844, finished: 0
[2026-04-14 01:25:49] current cache size: 47851, finished: 0
[2026-04-14 01:25:50] current cache size: 47856, finished: 0
[2026-04-14 01:25:50] current cache size: 47869, finished: 0
[2026-04-14 01:25:50] current cache size: 47877, finished: 0
[2026-04-14 01:25:50] current cache size: 47881, finished: 0
[2026-04-14 01:25:50] current cache size: 47893, finished: 0
[2026-04-14 01:25:51] current cache size: 47903, finished: 0
[2026-04-14 01:25:51] current cache size: 47912, finished: 0
[2026-04-14 01:25:51] current cache size: 47917, finished: 0
[2026-04-14 01:25:51] current cache size: 47922, finished: 0
[2026-04-14 01:25:51] current cache size: 47938, finished: 0
[2026-04-14 01:25:52] current cache size: 47947, finished: 0
[2026-04-14 01:25:52] current cache size: 47955, finished: 0
[2026-04-14 01:25:52] current cache size: 47968, finished: 0
[2026-04-14 01:25:52] current cache size: 47971, finished: 0
[2026-04-14 01:25:52] current cache size: 47982, finished: 0
[2026-04-14 01:25:53] current cache size: 47994, finished: 0
[2026-04-14 01:25:53] current cache size: 48002, finished: 0
[2026-04-14 01:25:53] current cache size: 48009, finished: 0
[2026-04-14 01:25:53] current cache size: 48017, finished: 0
[2026-04-14 01:25:53] current cache size: 48031, finished: 0
[2026-04-14 01:25:53] current cache size: 48046, finished: 0
[2026-04-14 01:25:54] current cache size: 48055, finished: 0
[2026-04-14 01:25:54] current cache size: 48068, finished: 0
[2026-04-14 01:25:54] current cache size: 48080, finished: 0
[2026-04-14 01:25:54] current cache size: 48090, finished: 0
[2026-04-14 01:25:54] current cache size: 48100, finished: 0
[2026-04-14 01:25:55] current cache size: 48115, finished: 0
[2026-04-14 01:25:55] current cache size: 48127, finished: 0
[2026-04-14 01:25:55] current cache size: 48136, finished: 0
[2026-04-14 01:25:55] current cache size: 48148, finished: 0
[2026-04-14 01:25:55] current cache size: 48155, finished: 0
[2026-04-14 01:25:56] current cache size: 48163, finished: 0
[2026-04-14 01:25:56] current cache size: 48171, finished: 0
[2026-04-14 01:25:56] current cache size: 48180, finished: 0
[2026-04-14 01:25:56] current cache size: 48189, finished: 0
[2026-04-14 01:25:56] current cache size: 48203, finished: 0
[2026-04-14 01:25:56] current cache size: 48207, finished: 0
[2026-04-14 01:25:57] current cache size: 48222, finished: 0
[2026-04-14 01:25:57] current cache size: 48231, finished: 0
[2026-04-14 01:25:57] current cache size: 48240, finished: 0
[2026-04-14 01:25:57] current cache size: 48251, finished: 0
[2026-04-14 01:25:57] current cache size: 48263, finished: 0
[2026-04-14 01:25:58] current cache size: 48277, finished: 0
[2026-04-14 01:25:58] current cache size: 48293, finished: 0
[2026-04-14 01:25:58] current cache size: 48307, finished: 0
[2026-04-14 01:25:58] current cache size: 48320, finished: 0
[2026-04-14 01:25:58] current cache size: 48333, finished: 0
[2026-04-14 01:25:59] current cache size: 48350, finished: 0
[2026-04-14 01:25:59] current cache size: 48362, finished: 0
[2026-04-14 01:25:59] current cache size: 48374, finished: 0
[2026-04-14 01:25:59] current cache size: 48387, finished: 0
[2026-04-14 01:25:59] current cache size: 48397, finished: 0
[2026-04-14 01:26:00] current cache size: 48413, finished: 0
[2026-04-14 01:26:00] current cache size: 48426, finished: 0
[2026-04-14 01:26:00] current cache size: 48432, finished: 0
[2026-04-14 01:26:00] current cache size: 48439, finished: 0
[2026-04-14 01:26:00] current cache size: 48453, finished: 0
[2026-04-14 01:26:01] current cache size: 48470, finished: 0
[2026-04-14 01:26:01] current cache size: 48481, finished: 0
[2026-04-14 01:26:01] current cache size: 48493, finished: 0
[2026-04-14 01:26:01] current cache size: 48505, finished: 0
[2026-04-14 01:26:01] current cache size: 48519, finished: 0
[2026-04-14 01:26:02] current cache size: 48534, finished: 0
[2026-04-14 01:26:02] current cache size: 48550, finished: 0
[2026-04-14 01:26:02] current cache size: 48565, finished: 0
[2026-04-14 01:26:02] current cache size: 48575, finished: 0
[2026-04-14 01:26:02] current cache size: 48583, finished: 0
[2026-04-14 01:26:02] current cache size: 48592, finished: 0
[2026-04-14 01:26:03] current cache size: 48608, finished: 0
[2026-04-14 01:26:03] current cache size: 48626, finished: 0
[2026-04-14 01:26:03] current cache size: 48639, finished: 0
[2026-04-14 01:26:03] current cache size: 48653, finished: 0
[2026-04-14 01:26:03] current cache size: 48666, finished: 0
[2026-04-14 01:26:04] current cache size: 48682, finished: 0
[2026-04-14 01:26:04] current cache size: 48694, finished: 0
[2026-04-14 01:26:04] current cache size: 48704, finished: 0
[INCREMENTAL] cache size: 48730, finished scales: 0/1
[GRASP DEBUG] step=5000 grav=(0,-9.81,0) | cond1(dist<0.1)=1006/1024 cond2(>=2 forces>0.2)=26/1024 cond3(quat<thresh)=692/1024 all=26/1024 | ft_dist mean=0.0624 max=0.2665 | force mean=0.0845 max=14.3403
[GRASP DEBUG env0] obj_pos=[-0.06025505065917969, -0.006798744201660156, 0.6368004679679871]
[GRASP DEBUG env0]   ft0 pos=[-0.015413284301757812, 0.033761024475097656, 0.6402002573013306] dist=0.0606
[GRASP DEBUG env0]   ft1 pos=[-0.10088539123535156, 0.027437210083007812, 0.6042706966400146] dist=0.0623
[GRASP DEBUG env0]   ft2 pos=[-0.11054039001464844, 0.003998756408691406, 0.6044768691062927] dist=0.0607
[GRASP DEBUG env0]   ft3 pos=[-0.10091209411621094, -0.016000747680664062, 0.6044113636016846] dist=0.0528
[GRASP DEBUG env0]   ft4 pos=[-0.09082603454589844, -0.03600120544433594, 0.6038041710853577] dist=0.0536
[2026-04-14 01:26:04] current cache size: 48730, finished: 0
[2026-04-14 01:26:04] current cache size: 48738, finished: 0
[2026-04-14 01:26:05] current cache size: 48742, finished: 0
[2026-04-14 01:26:05] current cache size: 48749, finished: 0
[2026-04-14 01:26:05] current cache size: 48753, finished: 0
[2026-04-14 01:26:05] current cache size: 48759, finished: 0
[2026-04-14 01:26:05] current cache size: 48768, finished: 0
[2026-04-14 01:26:06] current cache size: 48773, finished: 0
[2026-04-14 01:26:06] current cache size: 48782, finished: 0
[2026-04-14 01:26:06] current cache size: 48786, finished: 0
[2026-04-14 01:26:06] current cache size: 48793, finished: 0
[2026-04-14 01:26:06] current cache size: 48801, finished: 0
[2026-04-14 01:26:06] current cache size: 48811, finished: 0
[2026-04-14 01:26:07] current cache size: 48818, finished: 0
[2026-04-14 01:26:07] current cache size: 48827, finished: 0
[2026-04-14 01:26:07] current cache size: 48838, finished: 0
[2026-04-14 01:26:07] current cache size: 48847, finished: 0
[2026-04-14 01:26:07] current cache size: 48857, finished: 0
[2026-04-14 01:26:08] current cache size: 48864, finished: 0
[2026-04-14 01:26:08] current cache size: 48874, finished: 0
[2026-04-14 01:26:08] current cache size: 48886, finished: 0
[2026-04-14 01:26:08] current cache size: 48893, finished: 0
[2026-04-14 01:26:08] current cache size: 48901, finished: 0
[2026-04-14 01:26:09] current cache size: 48914, finished: 0
[2026-04-14 01:26:09] current cache size: 48919, finished: 0
[2026-04-14 01:26:09] current cache size: 48929, finished: 0
[2026-04-14 01:26:09] current cache size: 48939, finished: 0
[2026-04-14 01:26:09] current cache size: 48945, finished: 0
[2026-04-14 01:26:10] current cache size: 48957, finished: 0
[2026-04-14 01:26:10] current cache size: 48963, finished: 0
[2026-04-14 01:26:10] current cache size: 48971, finished: 0
[2026-04-14 01:26:10] current cache size: 48981, finished: 0
[2026-04-14 01:26:10] current cache size: 48989, finished: 0
[2026-04-14 01:26:11] current cache size: 49004, finished: 0
[2026-04-14 01:26:11] current cache size: 49014, finished: 0
[2026-04-14 01:26:11] current cache size: 49019, finished: 0
[2026-04-14 01:26:11] current cache size: 49031, finished: 0
[2026-04-14 01:26:11] current cache size: 49037, finished: 0
[2026-04-14 01:26:11] current cache size: 49044, finished: 0
[2026-04-14 01:26:12] current cache size: 49051, finished: 0
[2026-04-14 01:26:12] current cache size: 49055, finished: 0
[2026-04-14 01:26:12] current cache size: 49066, finished: 0
[2026-04-14 01:26:12] current cache size: 49084, finished: 0
[2026-04-14 01:26:12] current cache size: 49095, finished: 0
[2026-04-14 01:26:13] current cache size: 49108, finished: 0
[2026-04-14 01:26:13] current cache size: 49117, finished: 0
[2026-04-14 01:26:13] current cache size: 49127, finished: 0
[2026-04-14 01:26:13] current cache size: 49141, finished: 0
[2026-04-14 01:26:13] current cache size: 49149, finished: 0
[2026-04-14 01:26:14] current cache size: 49156, finished: 0
[2026-04-14 01:26:14] current cache size: 49165, finished: 0
[2026-04-14 01:26:14] current cache size: 49172, finished: 0
[2026-04-14 01:26:14] current cache size: 49184, finished: 0
[2026-04-14 01:26:14] current cache size: 49199, finished: 0
[2026-04-14 01:26:15] current cache size: 49210, finished: 0
[2026-04-14 01:26:15] current cache size: 49221, finished: 0
[2026-04-14 01:26:15] current cache size: 49235, finished: 0
[2026-04-14 01:26:15] current cache size: 49250, finished: 0
[2026-04-14 01:26:15] current cache size: 49265, finished: 0
[2026-04-14 01:26:15] current cache size: 49271, finished: 0
[2026-04-14 01:26:16] current cache size: 49285, finished: 0
[2026-04-14 01:26:16] current cache size: 49293, finished: 0
[2026-04-14 01:26:16] current cache size: 49300, finished: 0
[2026-04-14 01:26:16] current cache size: 49309, finished: 0
[2026-04-14 01:26:16] current cache size: 49321, finished: 0
[2026-04-14 01:26:17] current cache size: 49334, finished: 0
[2026-04-14 01:26:17] current cache size: 49345, finished: 0
[2026-04-14 01:26:17] current cache size: 49352, finished: 0
[2026-04-14 01:26:17] current cache size: 49364, finished: 0
[2026-04-14 01:26:17] current cache size: 49377, finished: 0
[2026-04-14 01:26:18] current cache size: 49380, finished: 0
[2026-04-14 01:26:18] current cache size: 49394, finished: 0
[2026-04-14 01:26:18] current cache size: 49405, finished: 0
[2026-04-14 01:26:18] current cache size: 49417, finished: 0
[2026-04-14 01:26:18] current cache size: 49432, finished: 0
[2026-04-14 01:26:19] current cache size: 49443, finished: 0
[2026-04-14 01:26:19] current cache size: 49454, finished: 0
[2026-04-14 01:26:19] current cache size: 49464, finished: 0
[2026-04-14 01:26:19] current cache size: 49478, finished: 0
[2026-04-14 01:26:19] current cache size: 49483, finished: 0
[2026-04-14 01:26:20] current cache size: 49492, finished: 0
[2026-04-14 01:26:20] current cache size: 49496, finished: 0
[2026-04-14 01:26:20] current cache size: 49502, finished: 0
[2026-04-14 01:26:20] current cache size: 49504, finished: 0
[2026-04-14 01:26:20] current cache size: 49508, finished: 0
[2026-04-14 01:26:20] current cache size: 49508, finished: 0
[2026-04-14 01:26:21] current cache size: 49511, finished: 0
[2026-04-14 01:26:21] current cache size: 49514, finished: 0
[2026-04-14 01:26:21] current cache size: 49517, finished: 0
[2026-04-14 01:26:21] current cache size: 49518, finished: 0
[2026-04-14 01:26:21] current cache size: 49524, finished: 0
[2026-04-14 01:26:22] current cache size: 49527, finished: 0
[2026-04-14 01:26:22] current cache size: 49536, finished: 0
[2026-04-14 01:26:22] current cache size: 49541, finished: 0
[2026-04-14 01:26:22] current cache size: 49550, finished: 0
[2026-04-14 01:26:22] current cache size: 49556, finished: 0
[2026-04-14 01:26:23] current cache size: 49563, finished: 0
[2026-04-14 01:26:23] current cache size: 49565, finished: 0
[2026-04-14 01:26:23] current cache size: 49569, finished: 0
[2026-04-14 01:26:23] current cache size: 49573, finished: 0
[2026-04-14 01:26:23] current cache size: 49578, finished: 0
[2026-04-14 01:26:24] current cache size: 49585, finished: 0
[2026-04-14 01:26:24] current cache size: 49591, finished: 0
[2026-04-14 01:26:24] current cache size: 49594, finished: 0
[2026-04-14 01:26:24] current cache size: 49596, finished: 0
[2026-04-14 01:26:24] current cache size: 49599, finished: 0
[2026-04-14 01:26:25] current cache size: 49604, finished: 0
[2026-04-14 01:26:25] current cache size: 49607, finished: 0
[2026-04-14 01:26:25] current cache size: 49615, finished: 0
[2026-04-14 01:26:25] current cache size: 49617, finished: 0
[2026-04-14 01:26:25] current cache size: 49624, finished: 0
[2026-04-14 01:26:26] current cache size: 49631, finished: 0
[2026-04-14 01:26:26] current cache size: 49635, finished: 0
[2026-04-14 01:26:26] current cache size: 49636, finished: 0
[2026-04-14 01:26:26] current cache size: 49642, finished: 0
[2026-04-14 01:26:26] current cache size: 49644, finished: 0
[2026-04-14 01:26:26] current cache size: 49648, finished: 0
[2026-04-14 01:26:27] current cache size: 49648, finished: 0
[2026-04-14 01:26:27] current cache size: 49650, finished: 0
[2026-04-14 01:26:27] current cache size: 49655, finished: 0
[2026-04-14 01:26:27] current cache size: 49658, finished: 0
[2026-04-14 01:26:27] current cache size: 49666, finished: 0
[2026-04-14 01:26:28] current cache size: 49674, finished: 0
[2026-04-14 01:26:28] current cache size: 49680, finished: 0
[2026-04-14 01:26:28] current cache size: 49690, finished: 0
[2026-04-14 01:26:28] current cache size: 49701, finished: 0
[2026-04-14 01:26:28] current cache size: 49710, finished: 0
[2026-04-14 01:26:29] current cache size: 49721, finished: 0
[2026-04-14 01:26:29] current cache size: 49729, finished: 0
[2026-04-14 01:26:29] current cache size: 49739, finished: 0
[2026-04-14 01:26:29] current cache size: 49746, finished: 0
[2026-04-14 01:26:29] current cache size: 49755, finished: 0
[2026-04-14 01:26:30] current cache size: 49771, finished: 0
[2026-04-14 01:26:30] current cache size: 49784, finished: 0
[2026-04-14 01:26:30] current cache size: 49794, finished: 0
[2026-04-14 01:26:30] current cache size: 49808, finished: 0
[2026-04-14 01:26:30] current cache size: 49820, finished: 0
[2026-04-14 01:26:30] current cache size: 49829, finished: 0
[2026-04-14 01:26:31] current cache size: 49843, finished: 0
[2026-04-14 01:26:31] current cache size: 49850, finished: 0
[2026-04-14 01:26:31] current cache size: 49864, finished: 0
[2026-04-14 01:26:31] current cache size: 49875, finished: 0
[2026-04-14 01:26:31] current cache size: 49886, finished: 0
[2026-04-14 01:26:32] current cache size: 49899, finished: 0
[2026-04-14 01:26:32] current cache size: 49911, finished: 0
[2026-04-14 01:26:32] current cache size: 49922, finished: 0
[2026-04-14 01:26:32] current cache size: 49936, finished: 0
[2026-04-14 01:26:32] current cache size: 49950, finished: 0
[2026-04-14 01:26:33] current cache size: 49960, finished: 0
[2026-04-14 01:26:33] current cache size: 49968, finished: 0
[2026-04-14 01:26:33] current cache size: 49983, finished: 0
[2026-04-14 01:26:33] current cache size: 50000, finished: 1
done!
Loading user config located at: '/home/lingfeng/playground/sharpa-rl-lab/.pixi/envs/default/lib/python3.11/site-packages/isaacsim/kit/data/Kit/Isaac-Sim/5.1/user.config.json'
[Info] [carb] Logging to file: /home/lingfeng/playground/sharpa-rl-lab/.pixi/envs/default/lib/python3.11/site-packages/isaacsim/kit/logs/Kit/Isaac-Sim/5.1/kit_20260414_010954.log
2026-04-14T05:09:54Z [57ms] [Warning] [omni.usd_config.extension] Enable omni.materialx.libs extension to use MaterialX
2026-04-14T05:09:54Z [222ms] [Warning] [omni.platforminfo.plugin] failed to open the default display.  Can't verify X Server version.
2026-04-14T05:09:54Z [313ms] [Warning] [carb] Acquiring non optional plugin interface which is not listed as dependency: [omni::physx::IPhysxBenchmarks v1.0] (plugin: <default plugin>), by client: omni.physics.physx.plugin. Add it to CARB_PLUGIN_IMPL_DEPS() macro of a client.
2026-04-14T05:09:54Z [317ms] [Warning] [omni.isaac.dynamic_control] omni.isaac.dynamic_control is deprecated as of Isaac Sim 4.5. No action is needed from end-users.

|---------------------------------------------------------------------------------------------|
| Driver Version: 580.126.09    | Graphics API: Vulkan
|=============================================================================================|
| GPU | Name                             | Active | LDA | GPU Memory | Vendor-ID | LUID       |
|     |                                  |        |     |            | Device-ID | UUID       |
|     |                                  |        |     |            | Bus-ID    |            |
|---------------------------------------------------------------------------------------------|
| 0   | NVIDIA GeForce RTX 5090          | Yes: 0 |     | 32607   MB | 10de      | 0          |
|     |                                  |        |     |            | 2b85      | 73366f21.. |
|     |                                  |        |     |            | 1         |            |
|=============================================================================================|
| OS: 24.04.3 LTS (Noble Numbat) ubuntu, Version: 24.04.3, Kernel: 6.17.0-19-generic
| Processor: AMD Ryzen 9 9900X 12-Core Processor
| Cores: 12 | Logical Cores: 24
|---------------------------------------------------------------------------------------------|
| Total Memory (MB): 61829 | Free Memory: 54961
| Total Page/Swap (MB): 8191 | Free Page/Swap: 8191
|---------------------------------------------------------------------------------------------|
2026-04-14T05:09:56Z [2,237ms] [Warning] [gpu.foundation.plugin] CPU performance profile is set to powersave. This profile sets the CPU to the lowest frequency reducing performance.
2026-04-14T05:09:56Z [2,247ms] [Warning] [gpu.foundation.plugin] IOMMU is enabled.
2026-04-14T05:10:05Z [11,346ms] [Warning] [rl_isaaclab.tasks.inhand_rotate.sharpa_wave_env] cfg.num_hand_materials=30 but physx reports 390; using actual.
2026-04-14T05:10:05Z [11,541ms] [Warning] [omni.physx.fabric.plugin] FabricManager::initializePointInstancer mismatched prototypes on point instancer: /Visuals/CylinderAxes.
2026-04-14T05:26:33Z [999,551ms] [Warning] [omni.physx.plugin] USD stage detach not called, holding a loose ptr to a stage!
2026-04-14T05:26:34Z [1,000,246ms] [Warning] [carb] Recursive unloadAllPlugins() detected!
