[INFO][AppLauncher]: Using device: cuda:0
[INFO][AppLauncher]: Loading experience file: /home/lingfeng/playground/sharpa-rl-lab/.pixi/envs/default/lib/python3.11/site-packages/isaaclab/apps/isaaclab.python.headless.kit
[INFO]: Parsing configuration from: rl_isaaclab.tasks.inhand_rotate.xhand_grasp_env_cfg:XhandGraspEnvCfg
[INFO]: Parsing configuration from: /home/lingfeng/playground/sharpa-rl-lab/rl_isaaclab/tasks/inhand_rotate/agents/ppo_cfg.yaml

[36m======================================================================================[0m
[36m[1m[INFO][IsaacLab]: Logging to file: /tmp/isaaclab/logs/isaaclab_2026-04-13_00-56-34.log[0m
[36m======================================================================================[0m

[33m00:56:34 [simulation_context.py] WARNING: The `enable_external_forces_every_iteration` parameter in the PhysxCfg is set to False. If you are experiencing noisy velocities, consider enabling this flag. You may need to slightly increase the number of velocity iterations (setting it to 1 or 2 rather than 0), together with this flag, to improve the accuracy of velocity updates.[0m
[INFO]: Base environment:
	Environment device    : cuda:0
	Environment seed      : 42
	Physics step-size     : 0.004166666666666667
	Rendering step-size   : 0.008333333333333333
	Environment step-size : 0.05
[33m00:56:34 [direct_rl_env.py] WARNING: The render interval (2) is smaller than the decimation (12). Multiple render calls will happen for each environment step.If this is not intended, set the render interval to be equal to the decimation.[0m
[33m00:56:34 [prims.py] WARNING: Could not perform 'modify_collision_properties' on any prims under: '/World/envs/env_0/Robot'. This might be because of the following reasons:
	(1) The desired attribute does not exist on any of the prims.
	(2) The desired attribute exists on an instanced prim.
		Discovered list of instanced prim paths: ['/World/envs/env_0/Robot/right_hand_link/visuals', '/World/envs/env_0/Robot/right_hand_link/collisions', '/World/envs/env_0/Robot/right_hand_back_link/visuals', '/World/envs/env_0/Robot/right_hand_back_link/collisions', '/World/envs/env_0/Robot/right_hand_ee_link/visuals', '/World/envs/env_0/Robot/right_hand_ee_link/collisions', '/World/envs/env_0/Robot/right_hand_index_bend_link/visuals', '/World/envs/env_0/Robot/right_hand_index_bend_link/collisions', '/World/envs/env_0/Robot/right_hand_index_rota_link1/visuals', '/World/envs/env_0/Robot/right_hand_index_rota_link1/collisions', '/World/envs/env_0/Robot/right_hand_index_rota_link2/visuals', '/World/envs/env_0/Robot/right_hand_index_rota_link2/collisions', '/World/envs/env_0/Robot/right_hand_index_rota_tip/visuals', '/World/envs/env_0/Robot/right_hand_index_rota_tip/collisions', '/World/envs/env_0/Robot/right_hand_index_rotaback_link2/visuals', '/World/envs/env_0/Robot/right_hand_index_rotaback_link2/collisions', '/World/envs/env_0/Robot/right_hand_index_rotaback_link1/visuals', '/World/envs/env_0/Robot/right_hand_index_rotaback_link1/collisions', '/World/envs/env_0/Robot/right_hand_mid_link1/visuals', '/World/envs/env_0/Robot/right_hand_mid_link1/collisions', '/World/envs/env_0/Robot/right_hand_mid_link2/visuals', '/World/envs/env_0/Robot/right_hand_mid_link2/collisions', '/World/envs/env_0/Robot/right_hand_mid_tip/visuals', '/World/envs/env_0/Robot/right_hand_mid_tip/collisions', '/World/envs/env_0/Robot/right_hand_midback_link2/visuals', '/World/envs/env_0/Robot/right_hand_midback_link2/collisions', '/World/envs/env_0/Robot/right_hand_midback_link1/visuals', '/World/envs/env_0/Robot/right_hand_midback_link1/collisions', '/World/envs/env_0/Robot/right_hand_pinky_link1/visuals', '/World/envs/env_0/Robot/right_hand_pinky_link1/collisions', '/World/envs/env_0/Robot/right_hand_pinky_link2/visuals', '/World/envs/env_0/Robot/right_hand_pinky_link2/collisions', '/World/envs/env_0/Robot/right_hand_pinky_tip/visuals', '/World/envs/env_0/Robot/right_hand_pinky_tip/collisions', '/World/envs/env_0/Robot/right_hand_pinkyback_link2/visuals', '/World/envs/env_0/Robot/right_hand_pinkyback_link2/collisions', '/World/envs/env_0/Robot/right_hand_pinkyback_link1/visuals', '/World/envs/env_0/Robot/right_hand_pinkyback_link1/collisions', '/World/envs/env_0/Robot/right_hand_ring_link1/visuals', '/World/envs/env_0/Robot/right_hand_ring_link1/collisions', '/World/envs/env_0/Robot/right_hand_ring_link2/visuals', '/World/envs/env_0/Robot/right_hand_ring_link2/collisions', '/World/envs/env_0/Robot/right_hand_ring_tip/visuals', '/World/envs/env_0/Robot/right_hand_ring_tip/collisions', '/World/envs/env_0/Robot/right_hand_ringback_link2/visuals', '/World/envs/env_0/Robot/right_hand_ringback_link2/collisions', '/World/envs/env_0/Robot/right_hand_ringback_link1/visuals', '/World/envs/env_0/Robot/right_hand_ringback_link1/collisions', '/World/envs/env_0/Robot/right_hand_thumb_bend_link/visuals', '/World/envs/env_0/Robot/right_hand_thumb_bend_link/collisions', '/World/envs/env_0/Robot/right_hand_thumb_rota_link1/visuals', '/World/envs/env_0/Robot/right_hand_thumb_rota_link1/collisions', '/World/envs/env_0/Robot/right_hand_thumb_rota_link2/visuals', '/World/envs/env_0/Robot/right_hand_thumb_rota_link2/collisions', '/World/envs/env_0/Robot/right_hand_thumb_rota_tip/visuals', '/World/envs/env_0/Robot/right_hand_thumb_rota_tip/collisions', '/World/envs/env_0/Robot/right_hand_thumb_rotaback_link2/visuals', '/World/envs/env_0/Robot/right_hand_thumb_rotaback_link2/collisions', '/World/envs/env_0/Robot/right_hand_thumb_rotaback_link1/visuals', '/World/envs/env_0/Robot/right_hand_thumb_rotaback_link1/collisions'][0m
[33m00:56:35 [interactive_scene.py] WARNING: Collision filtering can only be automatically enabled when replicate_physics=True and using GPU simulation. Please call scene.filter_collisions(global_prim_paths) to filter collisions across environments.[0m
[INFO]: Time taken for scene creation : 1.314231 seconds
[INFO]: Scene manager:  <class InteractiveScene>
	Number of environments: 256
	Environment spacing   : 0.75
	Source prim name      : /World/envs/env_0
	Global prim paths     : []
	Replicate physics     : False
[INFO]: Starting the simulation. This may take a few seconds. Please wait...
[INFO]: Time taken for simulation start : 1.312469 seconds
[INFO] Event Manager:  <EventManager> contains 1 active terms.
+----------------------------------------+
| Active Event Terms in Mode: 'prestartup' |
+-----------+----------------------------+
|   Index   | Name                       |
+-----------+----------------------------+
|     0     | randomize_scale            |
+-----------+----------------------------+

[INFO]: Completed setting up the environment...
[2026-04-13 00:56:37] current cache size: 0, finished: 0
[2026-04-13 00:56:37] current cache size: 0, finished: 0
[2026-04-13 00:56:37] current cache size: 0, finished: 0
[2026-04-13 00:56:37] current cache size: 0, finished: 0
[2026-04-13 00:56:37] current cache size: 0, finished: 0
[2026-04-13 00:56:37] current cache size: 0, finished: 0
[2026-04-13 00:56:37] current cache size: 0, finished: 0
[2026-04-13 00:56:37] current cache size: 0, finished: 0
[2026-04-13 00:56:38] current cache size: 0, finished: 0
[2026-04-13 00:56:38] current cache size: 0, finished: 0
[2026-04-13 00:56:38] current cache size: 0, finished: 0
[2026-04-13 00:56:38] current cache size: 0, finished: 0
[2026-04-13 00:56:38] current cache size: 0, finished: 0
[2026-04-13 00:56:38] current cache size: 0, finished: 0
[2026-04-13 00:56:38] current cache size: 0, finished: 0
[2026-04-13 00:56:38] current cache size: 0, finished: 0
[2026-04-13 00:56:38] current cache size: 0, finished: 0
[2026-04-13 00:56:38] current cache size: 0, finished: 0
[2026-04-13 00:56:38] current cache size: 0, finished: 0
[2026-04-13 00:56:38] current cache size: 0, finished: 0
[2026-04-13 00:56:38] current cache size: 0, finished: 0
[2026-04-13 00:56:38] current cache size: 0, finished: 0
[2026-04-13 00:56:38] current cache size: 0, finished: 0
[2026-04-13 00:56:38] current cache size: 0, finished: 0
[2026-04-13 00:56:39] current cache size: 0, finished: 0
[2026-04-13 00:56:39] current cache size: 0, finished: 0
[2026-04-13 00:56:39] current cache size: 0, finished: 0
[2026-04-13 00:56:39] current cache size: 0, finished: 0
[2026-04-13 00:56:39] current cache size: 0, finished: 0
[2026-04-13 00:56:39] current cache size: 0, finished: 0
[2026-04-13 00:56:39] current cache size: 0, finished: 0
[2026-04-13 00:56:39] current cache size: 0, finished: 0
[2026-04-13 00:56:39] current cache size: 0, finished: 0
[2026-04-13 00:56:39] current cache size: 0, finished: 0
[2026-04-13 00:56:39] current cache size: 0, finished: 0
[2026-04-13 00:56:39] current cache size: 0, finished: 0
[2026-04-13 00:56:39] current cache size: 0, finished: 0
[2026-04-13 00:56:39] current cache size: 0, finished: 0
[2026-04-13 00:56:39] current cache size: 0, finished: 0
[2026-04-13 00:56:39] current cache size: 0, finished: 0
[2026-04-13 00:56:40] current cache size: 0, finished: 0
[2026-04-13 00:56:40] current cache size: 0, finished: 0
[2026-04-13 00:56:40] current cache size: 0, finished: 0
[2026-04-13 00:56:40] current cache size: 0, finished: 0
[2026-04-13 00:56:40] current cache size: 0, finished: 0
[2026-04-13 00:56:40] current cache size: 0, finished: 0
[2026-04-13 00:56:40] current cache size: 0, finished: 0
[2026-04-13 00:56:40] current cache size: 0, finished: 0
[2026-04-13 00:56:40] current cache size: 0, finished: 0
[2026-04-13 00:56:40] current cache size: 0, finished: 0
[2026-04-13 00:56:40] current cache size: 0, finished: 0
[2026-04-13 00:56:40] current cache size: 0, finished: 0
[2026-04-13 00:56:40] current cache size: 0, finished: 0
[2026-04-13 00:56:40] current cache size: 0, finished: 0
[2026-04-13 00:56:40] current cache size: 0, finished: 0
[2026-04-13 00:56:40] current cache size: 0, finished: 0
[2026-04-13 00:56:41] current cache size: 0, finished: 0
[2026-04-13 00:56:41] current cache size: 0, finished: 0
[2026-04-13 00:56:41] current cache size: 0, finished: 0
[2026-04-13 00:56:41] current cache size: 0, finished: 0
[2026-04-13 00:56:41] current cache size: 0, finished: 0
[2026-04-13 00:56:41] current cache size: 0, finished: 0
[2026-04-13 00:56:41] current cache size: 0, finished: 0
[2026-04-13 00:56:41] current cache size: 0, finished: 0
[2026-04-13 00:56:41] current cache size: 0, finished: 0
[2026-04-13 00:56:41] current cache size: 0, finished: 0
[2026-04-13 00:56:41] current cache size: 0, finished: 0
[2026-04-13 00:56:41] current cache size: 0, finished: 0
[2026-04-13 00:56:41] current cache size: 0, finished: 0
[2026-04-13 00:56:41] current cache size: 0, finished: 0
[2026-04-13 00:56:41] current cache size: 0, finished: 0
[2026-04-13 00:56:41] current cache size: 0, finished: 0
[2026-04-13 00:56:42] current cache size: 0, finished: 0
[2026-04-13 00:56:42] current cache size: 0, finished: 0
[2026-04-13 00:56:42] current cache size: 0, finished: 0
[2026-04-13 00:56:42] current cache size: 0, finished: 0
[2026-04-13 00:56:42] current cache size: 0, finished: 0
[2026-04-13 00:56:42] current cache size: 0, finished: 0
[2026-04-13 00:56:42] current cache size: 0, finished: 0
[2026-04-13 00:56:42] current cache size: 0, finished: 0
[2026-04-13 00:56:42] current cache size: 0, finished: 0
[2026-04-13 00:56:42] current cache size: 0, finished: 0
[2026-04-13 00:56:42] current cache size: 0, finished: 0
[2026-04-13 00:56:42] current cache size: 0, finished: 0
[2026-04-13 00:56:42] current cache size: 0, finished: 0
[2026-04-13 00:56:42] current cache size: 0, finished: 0
[2026-04-13 00:56:42] current cache size: 0, finished: 0
[2026-04-13 00:56:42] current cache size: 0, finished: 0
[2026-04-13 00:56:43] current cache size: 0, finished: 0
[2026-04-13 00:56:43] current cache size: 0, finished: 0
[2026-04-13 00:56:43] current cache size: 0, finished: 0
[2026-04-13 00:56:43] current cache size: 0, finished: 0
[2026-04-13 00:56:43] current cache size: 0, finished: 0
[2026-04-13 00:56:43] current cache size: 0, finished: 0
[2026-04-13 00:56:43] current cache size: 0, finished: 0
[2026-04-13 00:56:43] current cache size: 0, finished: 0
[2026-04-13 00:56:43] current cache size: 0, finished: 0
[2026-04-13 00:56:43] current cache size: 0, finished: 0
[2026-04-13 00:56:43] current cache size: 0, finished: 0
[2026-04-13 00:56:43] current cache size: 0, finished: 0
[2026-04-13 00:56:43] current cache size: 0, finished: 0
[2026-04-13 00:56:43] current cache size: 0, finished: 0
[2026-04-13 00:56:43] current cache size: 0, finished: 0
[2026-04-13 00:56:43] current cache size: 0, finished: 0
[2026-04-13 00:56:44] current cache size: 0, finished: 0
[2026-04-13 00:56:44] current cache size: 0, finished: 0
[2026-04-13 00:56:44] current cache size: 0, finished: 0
[2026-04-13 00:56:44] current cache size: 0, finished: 0
[2026-04-13 00:56:44] current cache size: 0, finished: 0
[2026-04-13 00:56:44] current cache size: 0, finished: 0
[2026-04-13 00:56:44] current cache size: 0, finished: 0
[2026-04-13 00:56:44] current cache size: 0, finished: 0
[2026-04-13 00:56:44] current cache size: 0, finished: 0
[2026-04-13 00:56:44] current cache size: 0, finished: 0
[2026-04-13 00:56:44] current cache size: 0, finished: 0
[2026-04-13 00:56:44] current cache size: 0, finished: 0
[2026-04-13 00:56:44] current cache size: 0, finished: 0
[2026-04-13 00:56:44] current cache size: 0, finished: 0
[2026-04-13 00:56:44] current cache size: 0, finished: 0
[2026-04-13 00:56:44] current cache size: 0, finished: 0
[2026-04-13 00:56:45] current cache size: 0, finished: 0
[2026-04-13 00:56:45] current cache size: 0, finished: 0
[2026-04-13 00:56:45] current cache size: 0, finished: 0
[2026-04-13 00:56:45] current cache size: 0, finished: 0
[2026-04-13 00:56:45] current cache size: 0, finished: 0
[2026-04-13 00:56:45] current cache size: 0, finished: 0
[2026-04-13 00:56:45] current cache size: 0, finished: 0
[2026-04-13 00:56:45] current cache size: 0, finished: 0
[2026-04-13 00:56:45] current cache size: 0, finished: 0
[2026-04-13 00:56:45] current cache size: 0, finished: 0
[2026-04-13 00:56:45] current cache size: 0, finished: 0
[2026-04-13 00:56:45] current cache size: 0, finished: 0
[2026-04-13 00:56:45] current cache size: 0, finished: 0
[2026-04-13 00:56:45] current cache size: 0, finished: 0
[2026-04-13 00:56:45] current cache size: 0, finished: 0
[2026-04-13 00:56:45] current cache size: 0, finished: 0
[2026-04-13 00:56:45] current cache size: 0, finished: 0
[2026-04-13 00:56:46] current cache size: 0, finished: 0
[2026-04-13 00:56:46] current cache size: 0, finished: 0
[2026-04-13 00:56:46] current cache size: 0, finished: 0
[2026-04-13 00:56:46] current cache size: 0, finished: 0
[2026-04-13 00:56:46] current cache size: 0, finished: 0
[2026-04-13 00:56:46] current cache size: 0, finished: 0
[2026-04-13 00:56:46] current cache size: 0, finished: 0
[2026-04-13 00:56:46] current cache size: 0, finished: 0
[2026-04-13 00:56:46] current cache size: 0, finished: 0
[2026-04-13 00:56:46] current cache size: 0, finished: 0
[2026-04-13 00:56:46] current cache size: 0, finished: 0
[2026-04-13 00:56:46] current cache size: 0, finished: 0
[2026-04-13 00:56:46] current cache size: 0, finished: 0
[2026-04-13 00:56:46] current cache size: 0, finished: 0
[2026-04-13 00:56:46] current cache size: 0, finished: 0
[2026-04-13 00:56:46] current cache size: 0, finished: 0
[2026-04-13 00:56:47] current cache size: 0, finished: 0
[2026-04-13 00:56:47] current cache size: 0, finished: 0
[2026-04-13 00:56:47] current cache size: 0, finished: 0
[2026-04-13 00:56:47] current cache size: 0, finished: 0
[2026-04-13 00:56:47] current cache size: 0, finished: 0
[2026-04-13 00:56:47] current cache size: 0, finished: 0
[2026-04-13 00:56:47] current cache size: 0, finished: 0
[2026-04-13 00:56:47] current cache size: 0, finished: 0
[2026-04-13 00:56:47] current cache size: 0, finished: 0
[2026-04-13 00:56:47] current cache size: 0, finished: 0
[2026-04-13 00:56:47] current cache size: 0, finished: 0
[2026-04-13 00:56:47] current cache size: 0, finished: 0
[2026-04-13 00:56:47] current cache size: 0, finished: 0
[2026-04-13 00:56:47] current cache size: 0, finished: 0
[2026-04-13 00:56:47] current cache size: 0, finished: 0
[2026-04-13 00:56:47] current cache size: 0, finished: 0
[2026-04-13 00:56:48] current cache size: 0, finished: 0
[2026-04-13 00:56:48] current cache size: 0, finished: 0
[2026-04-13 00:56:48] current cache size: 0, finished: 0
[2026-04-13 00:56:48] current cache size: 0, finished: 0
[2026-04-13 00:56:48] current cache size: 0, finished: 0
[2026-04-13 00:56:48] current cache size: 0, finished: 0
[2026-04-13 00:56:48] current cache size: 0, finished: 0
[2026-04-13 00:56:48] current cache size: 0, finished: 0
[2026-04-13 00:56:48] current cache size: 0, finished: 0
[2026-04-13 00:56:48] current cache size: 0, finished: 0
[2026-04-13 00:56:48] current cache size: 0, finished: 0
[2026-04-13 00:56:48] current cache size: 0, finished: 0
[2026-04-13 00:56:48] current cache size: 0, finished: 0
[2026-04-13 00:56:48] current cache size: 0, finished: 0
[2026-04-13 00:56:48] current cache size: 0, finished: 0
[2026-04-13 00:56:48] current cache size: 0, finished: 0
[2026-04-13 00:56:48] current cache size: 0, finished: 0
[2026-04-13 00:56:49] current cache size: 0, finished: 0
[2026-04-13 00:56:49] current cache size: 0, finished: 0
[2026-04-13 00:56:49] current cache size: 0, finished: 0
[2026-04-13 00:56:49] current cache size: 0, finished: 0
[2026-04-13 00:56:49] current cache size: 0, finished: 0
[2026-04-13 00:56:49] current cache size: 0, finished: 0
[2026-04-13 00:56:49] current cache size: 0, finished: 0
[2026-04-13 00:56:49] current cache size: 0, finished: 0
[2026-04-13 00:56:49] current cache size: 0, finished: 0
[2026-04-13 00:56:49] current cache size: 0, finished: 0
[2026-04-13 00:56:49] current cache size: 0, finished: 0
[2026-04-13 00:56:49] current cache size: 0, finished: 0
[2026-04-13 00:56:49] current cache size: 0, finished: 0
[2026-04-13 00:56:49] current cache size: 0, finished: 0
[2026-04-13 00:56:49] current cache size: 0, finished: 0
[GRASP DEBUG] step=200 grav=(0,-9.81,0) | cond1(dist<0.1)=253/256 cond2(>=3 forces>0.5)=0/256 cond3(quat<thresh)=208/256 all=0/256 | ft_dist mean=0.0695 max=0.1050 | force mean=0.0000 max=0.0000
[GRASP DEBUG env0] obj_pos=[-0.04085206985473633, -0.012917518615722656, 0.5858439207077026]
[GRASP DEBUG env0]   ft0 pos=[-0.04224109649658203, 0.018467426300048828, 0.6423283815383911] dist=0.0646
[GRASP DEBUG env0]   ft1 pos=[-0.09651708602905273, 0.02030467987060547, 0.6317211985588074] dist=0.0794
[GRASP DEBUG env0]   ft2 pos=[-0.10325431823730469, 0.004000186920166016, 0.6340720653533936] dist=0.0807
[GRASP DEBUG env0]   ft3 pos=[-0.10894012451171875, -0.015999794006347656, 0.6303433179855347] dist=0.0814
[GRASP DEBUG env0]   ft4 pos=[-0.1107931137084961, -0.03599977493286133, 0.6311502456665039] dist=0.0865
[2026-04-13 00:56:49] current cache size: 0, finished: 0
[2026-04-13 00:56:49] current cache size: 0, finished: 0
[2026-04-13 00:56:50] current cache size: 0, finished: 0
[2026-04-13 00:56:50] current cache size: 0, finished: 0
[2026-04-13 00:56:50] current cache size: 0, finished: 0
[2026-04-13 00:56:50] current cache size: 0, finished: 0
[2026-04-13 00:56:50] current cache size: 0, finished: 0
[2026-04-13 00:56:50] current cache size: 0, finished: 0
[2026-04-13 00:56:50] current cache size: 0, finished: 0
[2026-04-13 00:56:50] current cache size: 0, finished: 0
[2026-04-13 00:56:50] current cache size: 0, finished: 0
[2026-04-13 00:56:50] current cache size: 0, finished: 0
[2026-04-13 00:56:50] current cache size: 0, finished: 0
[2026-04-13 00:56:50] current cache size: 0, finished: 0
[2026-04-13 00:56:50] current cache size: 0, finished: 0
[2026-04-13 00:56:50] current cache size: 0, finished: 0
[2026-04-13 00:56:50] current cache size: 0, finished: 0
[2026-04-13 00:56:50] current cache size: 0, finished: 0
[2026-04-13 00:56:51] current cache size: 0, finished: 0
[2026-04-13 00:56:51] current cache size: 0, finished: 0
[2026-04-13 00:56:51] current cache size: 0, finished: 0
[2026-04-13 00:56:51] current cache size: 0, finished: 0
[2026-04-13 00:56:51] current cache size: 0, finished: 0
[2026-04-13 00:56:51] current cache size: 0, finished: 0
[2026-04-13 00:56:51] current cache size: 0, finished: 0
[2026-04-13 00:56:51] current cache size: 0, finished: 0
[2026-04-13 00:56:51] current cache size: 0, finished: 0
[2026-04-13 00:56:51] current cache size: 0, finished: 0
[2026-04-13 00:56:51] current cache size: 0, finished: 0
[2026-04-13 00:56:51] current cache size: 0, finished: 0
[2026-04-13 00:56:51] current cache size: 0, finished: 0
[2026-04-13 00:56:51] current cache size: 0, finished: 0
[2026-04-13 00:56:51] current cache size: 0, finished: 0
[2026-04-13 00:56:51] current cache size: 0, finished: 0
[2026-04-13 00:56:52] current cache size: 0, finished: 0
[2026-04-13 00:56:52] current cache size: 0, finished: 0
[2026-04-13 00:56:52] current cache size: 0, finished: 0
[2026-04-13 00:56:52] current cache size: 0, finished: 0
[2026-04-13 00:56:52] current cache size: 0, finished: 0
[2026-04-13 00:56:52] current cache size: 0, finished: 0
[2026-04-13 00:56:52] current cache size: 0, finished: 0
[2026-04-13 00:56:52] current cache size: 0, finished: 0
[2026-04-13 00:56:52] current cache size: 0, finished: 0
[2026-04-13 00:56:52] current cache size: 0, finished: 0
[2026-04-13 00:56:52] current cache size: 0, finished: 0
[2026-04-13 00:56:52] current cache size: 0, finished: 0
[2026-04-13 00:56:52] current cache size: 0, finished: 0
[2026-04-13 00:56:52] current cache size: 0, finished: 0
[2026-04-13 00:56:52] current cache size: 0, finished: 0
[2026-04-13 00:56:52] current cache size: 0, finished: 0
[2026-04-13 00:56:53] current cache size: 0, finished: 0
[2026-04-13 00:56:53] current cache size: 0, finished: 0
[2026-04-13 00:56:53] current cache size: 0, finished: 0
[2026-04-13 00:56:53] current cache size: 0, finished: 0
[2026-04-13 00:56:53] current cache size: 0, finished: 0
[2026-04-13 00:56:53] current cache size: 0, finished: 0
[2026-04-13 00:56:53] current cache size: 0, finished: 0
[2026-04-13 00:56:53] current cache size: 0, finished: 0
[2026-04-13 00:56:53] current cache size: 0, finished: 0
[2026-04-13 00:56:53] current cache size: 0, finished: 0
[2026-04-13 00:56:53] current cache size: 0, finished: 0
[2026-04-13 00:56:53] current cache size: 0, finished: 0
[2026-04-13 00:56:53] current cache size: 0, finished: 0
[2026-04-13 00:56:53] current cache size: 0, finished: 0
[2026-04-13 00:56:53] current cache size: 0, finished: 0
[2026-04-13 00:56:53] current cache size: 0, finished: 0
[2026-04-13 00:56:53] current cache size: 0, finished: 0
[2026-04-13 00:56:54] current cache size: 0, finished: 0
[2026-04-13 00:56:54] current cache size: 0, finished: 0
[2026-04-13 00:56:54] current cache size: 0, finished: 0
[2026-04-13 00:56:54] current cache size: 0, finished: 0
[2026-04-13 00:56:54] current cache size: 0, finished: 0
[2026-04-13 00:56:54] current cache size: 0, finished: 0
[2026-04-13 00:56:54] current cache size: 0, finished: 0
[2026-04-13 00:56:54] current cache size: 0, finished: 0
[2026-04-13 00:56:54] current cache size: 0, finished: 0
[2026-04-13 00:56:54] current cache size: 0, finished: 0
[2026-04-13 00:56:54] current cache size: 0, finished: 0
[2026-04-13 00:56:54] current cache size: 0, finished: 0
[2026-04-13 00:56:54] current cache size: 0, finished: 0
[2026-04-13 00:56:54] current cache size: 0, finished: 0
[2026-04-13 00:56:54] current cache size: 0, finished: 0
[2026-04-13 00:56:54] current cache size: 0, finished: 0
[2026-04-13 00:56:55] current cache size: 0, finished: 0
[2026-04-13 00:56:55] current cache size: 0, finished: 0
[2026-04-13 00:56:55] current cache size: 0, finished: 0
[2026-04-13 00:56:55] current cache size: 0, finished: 0
[2026-04-13 00:56:55] current cache size: 0, finished: 0
[2026-04-13 00:56:55] current cache size: 0, finished: 0
[2026-04-13 00:56:55] current cache size: 0, finished: 0
[2026-04-13 00:56:55] current cache size: 0, finished: 0
[2026-04-13 00:56:55] current cache size: 0, finished: 0
[2026-04-13 00:56:55] current cache size: 0, finished: 0
[2026-04-13 00:56:55] current cache size: 0, finished: 0
[2026-04-13 00:56:55] current cache size: 0, finished: 0
[2026-04-13 00:56:55] current cache size: 0, finished: 0
[2026-04-13 00:56:55] current cache size: 0, finished: 0
[2026-04-13 00:56:55] current cache size: 0, finished: 0
[2026-04-13 00:56:55] current cache size: 0, finished: 0
[2026-04-13 00:56:55] current cache size: 0, finished: 0
[2026-04-13 00:56:56] current cache size: 0, finished: 0
[2026-04-13 00:56:56] current cache size: 0, finished: 0
[2026-04-13 00:56:56] current cache size: 0, finished: 0
[2026-04-13 00:56:56] current cache size: 0, finished: 0
[2026-04-13 00:56:56] current cache size: 0, finished: 0
[2026-04-13 00:56:56] current cache size: 0, finished: 0
[2026-04-13 00:56:56] current cache size: 0, finished: 0
[2026-04-13 00:56:56] current cache size: 0, finished: 0
[2026-04-13 00:56:56] current cache size: 0, finished: 0
[2026-04-13 00:56:56] current cache size: 0, finished: 0
[2026-04-13 00:56:56] current cache size: 0, finished: 0
[2026-04-13 00:56:56] current cache size: 0, finished: 0
[2026-04-13 00:56:56] current cache size: 0, finished: 0
[2026-04-13 00:56:56] current cache size: 0, finished: 0
[2026-04-13 00:56:56] current cache size: 0, finished: 0
[2026-04-13 00:56:56] current cache size: 0, finished: 0
[2026-04-13 00:56:57] current cache size: 0, finished: 0
[2026-04-13 00:56:57] current cache size: 0, finished: 0
[2026-04-13 00:56:57] current cache size: 0, finished: 0
[2026-04-13 00:56:57] current cache size: 0, finished: 0
[2026-04-13 00:56:57] current cache size: 0, finished: 0
[2026-04-13 00:56:57] current cache size: 0, finished: 0
[2026-04-13 00:56:57] current cache size: 0, finished: 0
[2026-04-13 00:56:57] current cache size: 0, finished: 0
[2026-04-13 00:56:57] current cache size: 0, finished: 0
[2026-04-13 00:56:57] current cache size: 0, finished: 0
[2026-04-13 00:56:57] current cache size: 0, finished: 0
[2026-04-13 00:56:57] current cache size: 0, finished: 0
[2026-04-13 00:56:57] current cache size: 0, finished: 0
[2026-04-13 00:56:57] current cache size: 0, finished: 0
[2026-04-13 00:56:57] current cache size: 0, finished: 0
[2026-04-13 00:56:57] current cache size: 0, finished: 0
[2026-04-13 00:56:58] current cache size: 0, finished: 0
[2026-04-13 00:56:58] current cache size: 0, finished: 0
[2026-04-13 00:56:58] current cache size: 0, finished: 0
[2026-04-13 00:56:58] current cache size: 0, finished: 0
[2026-04-13 00:56:58] current cache size: 0, finished: 0
[2026-04-13 00:56:58] current cache size: 0, finished: 0
[2026-04-13 00:56:58] current cache size: 0, finished: 0
[2026-04-13 00:56:58] current cache size: 0, finished: 0
[2026-04-13 00:56:58] current cache size: 0, finished: 0
[2026-04-13 00:56:58] current cache size: 0, finished: 0
[2026-04-13 00:56:58] current cache size: 0, finished: 0
[2026-04-13 00:56:58] current cache size: 0, finished: 0
[2026-04-13 00:56:58] current cache size: 0, finished: 0
[2026-04-13 00:56:58] current cache size: 0, finished: 0
[2026-04-13 00:56:58] current cache size: 0, finished: 0
[2026-04-13 00:56:58] current cache size: 0, finished: 0
[2026-04-13 00:56:58] current cache size: 0, finished: 0
[2026-04-13 00:56:59] current cache size: 0, finished: 0
[2026-04-13 00:56:59] current cache size: 0, finished: 0
[2026-04-13 00:56:59] current cache size: 0, finished: 0
[2026-04-13 00:56:59] current cache size: 0, finished: 0
[2026-04-13 00:56:59] current cache size: 0, finished: 0
[2026-04-13 00:56:59] current cache size: 0, finished: 0
[2026-04-13 00:56:59] current cache size: 0, finished: 0
[2026-04-13 00:56:59] current cache size: 0, finished: 0
[2026-04-13 00:56:59] current cache size: 0, finished: 0
[2026-04-13 00:56:59] current cache size: 0, finished: 0
[2026-04-13 00:56:59] current cache size: 0, finished: 0
[2026-04-13 00:56:59] current cache size: 0, finished: 0
[2026-04-13 00:56:59] current cache size: 0, finished: 0
[2026-04-13 00:56:59] current cache size: 0, finished: 0
[2026-04-13 00:56:59] current cache size: 0, finished: 0
[2026-04-13 00:56:59] current cache size: 0, finished: 0
[2026-04-13 00:57:00] current cache size: 0, finished: 0
[2026-04-13 00:57:00] current cache size: 0, finished: 0
[2026-04-13 00:57:00] current cache size: 0, finished: 0
[2026-04-13 00:57:00] current cache size: 0, finished: 0
[2026-04-13 00:57:00] current cache size: 0, finished: 0
[2026-04-13 00:57:00] current cache size: 0, finished: 0
[2026-04-13 00:57:00] current cache size: 0, finished: 0
[2026-04-13 00:57:00] current cache size: 0, finished: 0
[2026-04-13 00:57:00] current cache size: 0, finished: 0
[2026-04-13 00:57:00] current cache size: 0, finished: 0
[2026-04-13 00:57:00] current cache size: 0, finished: 0
[2026-04-13 00:57:00] current cache size: 0, finished: 0
[2026-04-13 00:57:00] current cache size: 0, finished: 0
[2026-04-13 00:57:00] current cache size: 0, finished: 0
[2026-04-13 00:57:00] current cache size: 0, finished: 0
[2026-04-13 00:57:00] current cache size: 0, finished: 0
[2026-04-13 00:57:01] current cache size: 0, finished: 0
[2026-04-13 00:57:01] current cache size: 0, finished: 0
[2026-04-13 00:57:01] current cache size: 0, finished: 0
[2026-04-13 00:57:01] current cache size: 0, finished: 0
[2026-04-13 00:57:01] current cache size: 0, finished: 0
[2026-04-13 00:57:01] current cache size: 0, finished: 0
[2026-04-13 00:57:01] current cache size: 0, finished: 0
[2026-04-13 00:57:01] current cache size: 0, finished: 0
[2026-04-13 00:57:01] current cache size: 0, finished: 0
[2026-04-13 00:57:01] current cache size: 0, finished: 0
[2026-04-13 00:57:01] current cache size: 0, finished: 0
[2026-04-13 00:57:01] current cache size: 0, finished: 0
[2026-04-13 00:57:01] current cache size: 0, finished: 0
[2026-04-13 00:57:01] current cache size: 0, finished: 0
[2026-04-13 00:57:01] current cache size: 0, finished: 0
[2026-04-13 00:57:01] current cache size: 0, finished: 0
[2026-04-13 00:57:01] current cache size: 0, finished: 0
[2026-04-13 00:57:02] current cache size: 0, finished: 0
[2026-04-13 00:57:02] current cache size: 0, finished: 0
[GRASP DEBUG] step=400 grav=(0,9.81,0) | cond1(dist<0.1)=256/256 cond2(>=3 forces>0.5)=0/256 cond3(quat<thresh)=182/256 all=0/256 | ft_dist mean=0.0688 max=0.0993 | force mean=0.0000 max=0.0000
[GRASP DEBUG env0] obj_pos=[-0.04647207260131836, 0.009531497955322266, 0.5840975046157837]
[GRASP DEBUG env0]   ft0 pos=[-0.047266483306884766, 0.011790275573730469, 0.6398336291313171] dist=0.0558
[GRASP DEBUG env0]   ft1 pos=[-0.08992195129394531, 0.021797657012939453, 0.6310983300209045] dist=0.0652
[GRASP DEBUG env0]   ft2 pos=[-0.09942817687988281, 0.004000186920166016, 0.6321180462837219] dist=0.0717
[GRASP DEBUG env0]   ft3 pos=[-0.10596609115600586, -0.015999794006347656, 0.6333374977111816] dist=0.0813
[GRASP DEBUG env0]   ft4 pos=[-0.08392858505249023, -0.03599977493286133, 0.6287279725074768] dist=0.0739
[2026-04-13 00:57:02] current cache size: 0, finished: 0
[2026-04-13 00:57:02] current cache size: 0, finished: 0
[2026-04-13 00:57:02] current cache size: 0, finished: 0
[2026-04-13 00:57:02] current cache size: 0, finished: 0
[2026-04-13 00:57:02] current cache size: 0, finished: 0
[2026-04-13 00:57:02] current cache size: 0, finished: 0
[2026-04-13 00:57:02] current cache size: 0, finished: 0
[2026-04-13 00:57:02] current cache size: 0, finished: 0
[2026-04-13 00:57:02] current cache size: 0, finished: 0
[2026-04-13 00:57:02] current cache size: 0, finished: 0
[2026-04-13 00:57:02] current cache size: 0, finished: 0
[2026-04-13 00:57:02] current cache size: 0, finished: 0
[2026-04-13 00:57:02] current cache size: 0, finished: 0
[2026-04-13 00:57:02] current cache size: 0, finished: 0
[2026-04-13 00:57:03] current cache size: 0, finished: 0
[2026-04-13 00:57:03] current cache size: 0, finished: 0
[2026-04-13 00:57:03] current cache size: 0, finished: 0
[2026-04-13 00:57:03] current cache size: 0, finished: 0
[2026-04-13 00:57:03] current cache size: 0, finished: 0
[2026-04-13 00:57:03] current cache size: 0, finished: 0
[2026-04-13 00:57:03] current cache size: 0, finished: 0
[2026-04-13 00:57:03] current cache size: 0, finished: 0
[2026-04-13 00:57:03] current cache size: 0, finished: 0
[2026-04-13 00:57:03] current cache size: 0, finished: 0
[2026-04-13 00:57:03] current cache size: 0, finished: 0
[2026-04-13 00:57:03] current cache size: 0, finished: 0
[2026-04-13 00:57:03] current cache size: 0, finished: 0
[2026-04-13 00:57:03] current cache size: 0, finished: 0
[2026-04-13 00:57:03] current cache size: 0, finished: 0
[2026-04-13 00:57:03] current cache size: 0, finished: 0
[2026-04-13 00:57:03] current cache size: 0, finished: 0
[2026-04-13 00:57:04] current cache size: 0, finished: 0
[2026-04-13 00:57:04] current cache size: 0, finished: 0
[2026-04-13 00:57:04] current cache size: 0, finished: 0
[2026-04-13 00:57:04] current cache size: 0, finished: 0
[2026-04-13 00:57:04] current cache size: 0, finished: 0
[2026-04-13 00:57:04] current cache size: 0, finished: 0
[2026-04-13 00:57:04] current cache size: 0, finished: 0
[2026-04-13 00:57:04] current cache size: 0, finished: 0
[2026-04-13 00:57:04] current cache size: 0, finished: 0
[2026-04-13 00:57:04] current cache size: 0, finished: 0
[2026-04-13 00:57:04] current cache size: 0, finished: 0
[2026-04-13 00:57:04] current cache size: 0, finished: 0
[2026-04-13 00:57:04] current cache size: 0, finished: 0
[2026-04-13 00:57:04] current cache size: 0, finished: 0
[2026-04-13 00:57:04] current cache size: 0, finished: 0
[2026-04-13 00:57:04] current cache size: 0, finished: 0
[2026-04-13 00:57:04] current cache size: 0, finished: 0
[2026-04-13 00:57:05] current cache size: 0, finished: 0
[2026-04-13 00:57:05] current cache size: 0, finished: 0
[2026-04-13 00:57:05] current cache size: 0, finished: 0
[2026-04-13 00:57:05] current cache size: 0, finished: 0
[2026-04-13 00:57:05] current cache size: 0, finished: 0
[2026-04-13 00:57:05] current cache size: 0, finished: 0
[2026-04-13 00:57:05] current cache size: 0, finished: 0
[2026-04-13 00:57:05] current cache size: 0, finished: 0
[2026-04-13 00:57:05] current cache size: 0, finished: 0
[2026-04-13 00:57:05] current cache size: 0, finished: 0
[2026-04-13 00:57:05] current cache size: 0, finished: 0
[2026-04-13 00:57:05] current cache size: 0, finished: 0
[2026-04-13 00:57:05] current cache size: 0, finished: 0
[2026-04-13 00:57:05] current cache size: 0, finished: 0
[2026-04-13 00:57:05] current cache size: 0, finished: 0
[2026-04-13 00:57:05] current cache size: 0, finished: 0
[2026-04-13 00:57:06] current cache size: 0, finished: 0
[2026-04-13 00:57:06] current cache size: 0, finished: 0
[2026-04-13 00:57:06] current cache size: 0, finished: 0
[2026-04-13 00:57:06] current cache size: 0, finished: 0
[2026-04-13 00:57:06] current cache size: 0, finished: 0
[2026-04-13 00:57:06] current cache size: 0, finished: 0
[2026-04-13 00:57:06] current cache size: 0, finished: 0
[2026-04-13 00:57:06] current cache size: 0, finished: 0
[2026-04-13 00:57:06] current cache size: 0, finished: 0
[2026-04-13 00:57:06] current cache size: 0, finished: 0
[2026-04-13 00:57:06] current cache size: 0, finished: 0
[2026-04-13 00:57:06] current cache size: 0, finished: 0
[2026-04-13 00:57:06] current cache size: 0, finished: 0
[2026-04-13 00:57:06] current cache size: 0, finished: 0
[2026-04-13 00:57:06] current cache size: 0, finished: 0
[2026-04-13 00:57:06] current cache size: 0, finished: 0
[2026-04-13 00:57:07] current cache size: 0, finished: 0
[2026-04-13 00:57:07] current cache size: 0, finished: 0
[2026-04-13 00:57:07] current cache size: 0, finished: 0
[2026-04-13 00:57:07] current cache size: 0, finished: 0
[2026-04-13 00:57:07] current cache size: 0, finished: 0
[2026-04-13 00:57:07] current cache size: 0, finished: 0
[2026-04-13 00:57:07] current cache size: 0, finished: 0
[2026-04-13 00:57:07] current cache size: 0, finished: 0
[2026-04-13 00:57:07] current cache size: 0, finished: 0
[2026-04-13 00:57:07] current cache size: 0, finished: 0
[2026-04-13 00:57:07] current cache size: 0, finished: 0
[2026-04-13 00:57:07] current cache size: 0, finished: 0
[2026-04-13 00:57:07] current cache size: 0, finished: 0
[2026-04-13 00:57:07] current cache size: 0, finished: 0
[2026-04-13 00:57:07] current cache size: 0, finished: 0
[2026-04-13 00:57:07] current cache size: 0, finished: 0
[2026-04-13 00:57:07] current cache size: 0, finished: 0
[2026-04-13 00:57:08] current cache size: 0, finished: 0
[2026-04-13 00:57:08] current cache size: 0, finished: 0
[2026-04-13 00:57:08] current cache size: 0, finished: 0
[2026-04-13 00:57:08] current cache size: 0, finished: 0
[2026-04-13 00:57:08] current cache size: 0, finished: 0
[2026-04-13 00:57:08] current cache size: 0, finished: 0
[2026-04-13 00:57:08] current cache size: 0, finished: 0
[2026-04-13 00:57:08] current cache size: 0, finished: 0
[2026-04-13 00:57:08] current cache size: 0, finished: 0
[2026-04-13 00:57:08] current cache size: 0, finished: 0
[2026-04-13 00:57:08] current cache size: 0, finished: 0
[2026-04-13 00:57:08] current cache size: 0, finished: 0
[2026-04-13 00:57:08] current cache size: 0, finished: 0
[2026-04-13 00:57:08] current cache size: 0, finished: 0
[2026-04-13 00:57:08] current cache size: 0, finished: 0
[2026-04-13 00:57:08] current cache size: 0, finished: 0
[2026-04-13 00:57:08] current cache size: 0, finished: 0
[2026-04-13 00:57:09] current cache size: 0, finished: 0
[2026-04-13 00:57:09] current cache size: 0, finished: 0
[2026-04-13 00:57:09] current cache size: 0, finished: 0
[2026-04-13 00:57:09] current cache size: 0, finished: 0
[2026-04-13 00:57:09] current cache size: 0, finished: 0
[2026-04-13 00:57:09] current cache size: 0, finished: 0
[2026-04-13 00:57:09] current cache size: 0, finished: 0
[2026-04-13 00:57:09] current cache size: 0, finished: 0
[2026-04-13 00:57:09] current cache size: 0, finished: 0
[2026-04-13 00:57:09] current cache size: 0, finished: 0
[2026-04-13 00:57:09] current cache size: 0, finished: 0
[2026-04-13 00:57:09] current cache size: 0, finished: 0
[2026-04-13 00:57:09] current cache size: 0, finished: 0
[2026-04-13 00:57:09] current cache size: 0, finished: 0
[2026-04-13 00:57:09] current cache size: 0, finished: 0
[2026-04-13 00:57:09] current cache size: 0, finished: 0
[2026-04-13 00:57:10] current cache size: 0, finished: 0
[2026-04-13 00:57:10] current cache size: 0, finished: 0
[2026-04-13 00:57:10] current cache size: 0, finished: 0
[2026-04-13 00:57:10] current cache size: 0, finished: 0
[2026-04-13 00:57:10] current cache size: 0, finished: 0
[2026-04-13 00:57:10] current cache size: 0, finished: 0
[2026-04-13 00:57:10] current cache size: 0, finished: 0
[2026-04-13 00:57:10] current cache size: 0, finished: 0
[2026-04-13 00:57:10] current cache size: 0, finished: 0
[2026-04-13 00:57:10] current cache size: 0, finished: 0
[2026-04-13 00:57:10] current cache size: 0, finished: 0
[2026-04-13 00:57:10] current cache size: 0, finished: 0
[2026-04-13 00:57:10] current cache size: 0, finished: 0
[2026-04-13 00:57:10] current cache size: 0, finished: 0
[2026-04-13 00:57:10] current cache size: 0, finished: 0
[2026-04-13 00:57:10] current cache size: 0, finished: 0
[2026-04-13 00:57:11] current cache size: 0, finished: 0
[2026-04-13 00:57:11] current cache size: 0, finished: 0
[2026-04-13 00:57:11] current cache size: 0, finished: 0
[2026-04-13 00:57:11] current cache size: 0, finished: 0
[2026-04-13 00:57:11] current cache size: 0, finished: 0
[2026-04-13 00:57:11] current cache size: 0, finished: 0
[2026-04-13 00:57:11] current cache size: 0, finished: 0
[2026-04-13 00:57:11] current cache size: 0, finished: 0
[2026-04-13 00:57:11] current cache size: 0, finished: 0
[2026-04-13 00:57:11] current cache size: 0, finished: 0
[2026-04-13 00:57:11] current cache size: 0, finished: 0
[2026-04-13 00:57:11] current cache size: 0, finished: 0
[2026-04-13 00:57:11] current cache size: 0, finished: 0
[2026-04-13 00:57:11] current cache size: 0, finished: 0
[2026-04-13 00:57:11] current cache size: 0, finished: 0
[2026-04-13 00:57:11] current cache size: 0, finished: 0
[2026-04-13 00:57:11] current cache size: 0, finished: 0
[2026-04-13 00:57:12] current cache size: 0, finished: 0
[2026-04-13 00:57:12] current cache size: 0, finished: 0
[2026-04-13 00:57:12] current cache size: 0, finished: 0
[2026-04-13 00:57:12] current cache size: 0, finished: 0
[2026-04-13 00:57:12] current cache size: 0, finished: 0
[2026-04-13 00:57:12] current cache size: 0, finished: 0
[2026-04-13 00:57:12] current cache size: 0, finished: 0
[2026-04-13 00:57:12] current cache size: 0, finished: 0
[2026-04-13 00:57:12] current cache size: 0, finished: 0
[2026-04-13 00:57:12] current cache size: 0, finished: 0
[2026-04-13 00:57:12] current cache size: 0, finished: 0
[2026-04-13 00:57:12] current cache size: 0, finished: 0
[2026-04-13 00:57:12] current cache size: 0, finished: 0
[2026-04-13 00:57:12] current cache size: 0, finished: 0
[2026-04-13 00:57:12] current cache size: 0, finished: 0
[2026-04-13 00:57:12] current cache size: 0, finished: 0
[2026-04-13 00:57:13] current cache size: 0, finished: 0
[2026-04-13 00:57:13] current cache size: 0, finished: 0
[2026-04-13 00:57:13] current cache size: 0, finished: 0
[2026-04-13 00:57:13] current cache size: 0, finished: 0
[2026-04-13 00:57:13] current cache size: 0, finished: 0
[2026-04-13 00:57:13] current cache size: 0, finished: 0
[2026-04-13 00:57:13] current cache size: 0, finished: 0
[2026-04-13 00:57:13] current cache size: 0, finished: 0
[2026-04-13 00:57:13] current cache size: 0, finished: 0
[2026-04-13 00:57:13] current cache size: 0, finished: 0
[2026-04-13 00:57:13] current cache size: 0, finished: 0
[2026-04-13 00:57:13] current cache size: 0, finished: 0
[2026-04-13 00:57:13] current cache size: 0, finished: 0
[2026-04-13 00:57:13] current cache size: 0, finished: 0
[2026-04-13 00:57:13] current cache size: 0, finished: 0
[2026-04-13 00:57:13] current cache size: 0, finished: 0
[2026-04-13 00:57:13] current cache size: 0, finished: 0
[2026-04-13 00:57:14] current cache size: 0, finished: 0
[2026-04-13 00:57:14] current cache size: 0, finished: 0
[2026-04-13 00:57:14] current cache size: 0, finished: 0
[2026-04-13 00:57:14] current cache size: 0, finished: 0
[GRASP DEBUG] step=600 grav=(0,0,-9.81) | cond1(dist<0.1)=255/256 cond2(>=3 forces>0.5)=0/256 cond3(quat<thresh)=214/256 all=0/256 | ft_dist mean=0.0760 max=0.1015 | force mean=0.0000 max=0.0000
[GRASP DEBUG env0] obj_pos=[-0.05397462844848633, 0.00183868408203125, 0.5729755759239197]
[GRASP DEBUG env0]   ft0 pos=[-0.05393028259277344, -0.010419368743896484, 0.632776141166687] dist=0.0610
[GRASP DEBUG env0]   ft1 pos=[-0.11443853378295898, 0.0319066047668457, 0.6337112784385681] dist=0.0908
[GRASP DEBUG env0]   ft2 pos=[-0.09148359298706055, 0.004000186920166016, 0.6344367861747742] dist=0.0720
[GRASP DEBUG env0]   ft3 pos=[-0.10744524002075195, -0.015999794006347656, 0.6327897310256958] dist=0.0822
[GRASP DEBUG env0]   ft4 pos=[-0.09995651245117188, -0.03599977493286133, 0.6330289244651794] dist=0.0846
[2026-04-13 00:57:14] current cache size: 0, finished: 0
[2026-04-13 00:57:14] current cache size: 0, finished: 0
[2026-04-13 00:57:14] current cache size: 0, finished: 0
[2026-04-13 00:57:14] current cache size: 0, finished: 0
[2026-04-13 00:57:14] current cache size: 0, finished: 0
[2026-04-13 00:57:14] current cache size: 0, finished: 0
[2026-04-13 00:57:14] current cache size: 0, finished: 0
[2026-04-13 00:57:14] current cache size: 0, finished: 0
[2026-04-13 00:57:14] current cache size: 0, finished: 0
[2026-04-13 00:57:14] current cache size: 0, finished: 0
[2026-04-13 00:57:14] current cache size: 0, finished: 0
[2026-04-13 00:57:14] current cache size: 0, finished: 0
[2026-04-13 00:57:14] current cache size: 0, finished: 0
[2026-04-13 00:57:15] current cache size: 0, finished: 0
[2026-04-13 00:57:15] current cache size: 0, finished: 0
[2026-04-13 00:57:15] current cache size: 0, finished: 0
[2026-04-13 00:57:15] current cache size: 0, finished: 0
[2026-04-13 00:57:15] current cache size: 0, finished: 0
[2026-04-13 00:57:15] current cache size: 0, finished: 0
[2026-04-13 00:57:15] current cache size: 0, finished: 0
[2026-04-13 00:57:15] current cache size: 0, finished: 0
[2026-04-13 00:57:15] current cache size: 0, finished: 0
[2026-04-13 00:57:15] current cache size: 0, finished: 0
[2026-04-13 00:57:15] current cache size: 0, finished: 0
[2026-04-13 00:57:15] current cache size: 0, finished: 0
[2026-04-13 00:57:15] current cache size: 0, finished: 0
[2026-04-13 00:57:15] current cache size: 0, finished: 0
[2026-04-13 00:57:15] current cache size: 0, finished: 0
[2026-04-13 00:57:15] current cache size: 0, finished: 0
[2026-04-13 00:57:16] current cache size: 0, finished: 0
[2026-04-13 00:57:16] current cache size: 0, finished: 0
[2026-04-13 00:57:16] current cache size: 0, finished: 0
[2026-04-13 00:57:16] current cache size: 0, finished: 0
[2026-04-13 00:57:16] current cache size: 0, finished: 0
[2026-04-13 00:57:16] current cache size: 0, finished: 0
[2026-04-13 00:57:16] current cache size: 0, finished: 0
[2026-04-13 00:57:16] current cache size: 0, finished: 0
[2026-04-13 00:57:16] current cache size: 0, finished: 0
[2026-04-13 00:57:16] current cache size: 0, finished: 0
[2026-04-13 00:57:16] current cache size: 0, finished: 0
[2026-04-13 00:57:16] current cache size: 0, finished: 0
[2026-04-13 00:57:16] current cache size: 0, finished: 0
[2026-04-13 00:57:16] current cache size: 0, finished: 0
[2026-04-13 00:57:16] current cache size: 0, finished: 0
[2026-04-13 00:57:16] current cache size: 0, finished: 0
[2026-04-13 00:57:16] current cache size: 0, finished: 0
[2026-04-13 00:57:17] current cache size: 0, finished: 0
[2026-04-13 00:57:17] current cache size: 0, finished: 0
[2026-04-13 00:57:17] current cache size: 0, finished: 0
[2026-04-13 00:57:17] current cache size: 0, finished: 0
[2026-04-13 00:57:17] current cache size: 0, finished: 0
[2026-04-13 00:57:17] current cache size: 0, finished: 0
[2026-04-13 00:57:17] current cache size: 0, finished: 0
[2026-04-13 00:57:17] current cache size: 0, finished: 0
[2026-04-13 00:57:17] current cache size: 0, finished: 0
[2026-04-13 00:57:17] current cache size: 0, finished: 0
[2026-04-13 00:57:17] current cache size: 0, finished: 0
[2026-04-13 00:57:17] current cache size: 0, finished: 0
[2026-04-13 00:57:17] current cache size: 0, finished: 0
[2026-04-13 00:57:17] current cache size: 0, finished: 0
[2026-04-13 00:57:17] current cache size: 0, finished: 0
[2026-04-13 00:57:17] current cache size: 0, finished: 0
[2026-04-13 00:57:17] current cache size: 0, finished: 0
[2026-04-13 00:57:18] current cache size: 0, finished: 0
[2026-04-13 00:57:18] current cache size: 0, finished: 0
[2026-04-13 00:57:18] current cache size: 0, finished: 0
[2026-04-13 00:57:18] current cache size: 0, finished: 0
[2026-04-13 00:57:18] current cache size: 0, finished: 0
[2026-04-13 00:57:18] current cache size: 0, finished: 0
[2026-04-13 00:57:18] current cache size: 0, finished: 0
[2026-04-13 00:57:18] current cache size: 0, finished: 0
[2026-04-13 00:57:18] current cache size: 0, finished: 0
[2026-04-13 00:57:18] current cache size: 0, finished: 0
[2026-04-13 00:57:18] current cache size: 0, finished: 0
[2026-04-13 00:57:18] current cache size: 0, finished: 0
[2026-04-13 00:57:18] current cache size: 0, finished: 0
[2026-04-13 00:57:18] current cache size: 0, finished: 0
[2026-04-13 00:57:18] current cache size: 0, finished: 0
[2026-04-13 00:57:18] current cache size: 0, finished: 0
[2026-04-13 00:57:18] current cache size: 0, finished: 0
[2026-04-13 00:57:19] current cache size: 0, finished: 0
[2026-04-13 00:57:19] current cache size: 0, finished: 0
[2026-04-13 00:57:19] current cache size: 0, finished: 0
[2026-04-13 00:57:19] current cache size: 0, finished: 0
[2026-04-13 00:57:19] current cache size: 0, finished: 0
[2026-04-13 00:57:19] current cache size: 0, finished: 0
[2026-04-13 00:57:19] current cache size: 0, finished: 0
[2026-04-13 00:57:19] current cache size: 0, finished: 0
[2026-04-13 00:57:19] current cache size: 0, finished: 0
[2026-04-13 00:57:19] current cache size: 0, finished: 0
[2026-04-13 00:57:19] current cache size: 0, finished: 0
[2026-04-13 00:57:19] current cache size: 0, finished: 0
[2026-04-13 00:57:19] current cache size: 0, finished: 0
[2026-04-13 00:57:19] current cache size: 0, finished: 0
[2026-04-13 00:57:19] current cache size: 0, finished: 0
[2026-04-13 00:57:19] current cache size: 0, finished: 0
[2026-04-13 00:57:20] current cache size: 0, finished: 0
[2026-04-13 00:57:20] current cache size: 0, finished: 0
[2026-04-13 00:57:20] current cache size: 0, finished: 0
[2026-04-13 00:57:20] current cache size: 0, finished: 0
[2026-04-13 00:57:20] current cache size: 0, finished: 0
[2026-04-13 00:57:20] current cache size: 0, finished: 0
[2026-04-13 00:57:20] current cache size: 0, finished: 0
[2026-04-13 00:57:20] current cache size: 0, finished: 0
[2026-04-13 00:57:20] current cache size: 0, finished: 0
[2026-04-13 00:57:20] current cache size: 0, finished: 0
[2026-04-13 00:57:20] current cache size: 0, finished: 0
[2026-04-13 00:57:20] current cache size: 0, finished: 0
[2026-04-13 00:57:20] current cache size: 0, finished: 0
[2026-04-13 00:57:20] current cache size: 0, finished: 0
[2026-04-13 00:57:20] current cache size: 0, finished: 0
[2026-04-13 00:57:20] current cache size: 0, finished: 0
[2026-04-13 00:57:21] current cache size: 0, finished: 0
[2026-04-13 00:57:21] current cache size: 0, finished: 0
[2026-04-13 00:57:21] current cache size: 0, finished: 0
[2026-04-13 00:57:21] current cache size: 0, finished: 0
[2026-04-13 00:57:21] current cache size: 0, finished: 0
[2026-04-13 00:57:21] current cache size: 0, finished: 0
[2026-04-13 00:57:21] current cache size: 0, finished: 0
[2026-04-13 00:57:21] current cache size: 0, finished: 0
[2026-04-13 00:57:21] current cache size: 0, finished: 0
[2026-04-13 00:57:21] current cache size: 0, finished: 0
[2026-04-13 00:57:21] current cache size: 0, finished: 0
[2026-04-13 00:57:21] current cache size: 0, finished: 0
[2026-04-13 00:57:21] current cache size: 0, finished: 0
[2026-04-13 00:57:21] current cache size: 0, finished: 0
[2026-04-13 00:57:21] current cache size: 0, finished: 0
[2026-04-13 00:57:21] current cache size: 0, finished: 0
[2026-04-13 00:57:22] current cache size: 0, finished: 0
[2026-04-13 00:57:22] current cache size: 0, finished: 0
[2026-04-13 00:57:22] current cache size: 0, finished: 0
[2026-04-13 00:57:22] current cache size: 0, finished: 0
[2026-04-13 00:57:22] current cache size: 0, finished: 0
[2026-04-13 00:57:22] current cache size: 0, finished: 0
[2026-04-13 00:57:22] current cache size: 0, finished: 0
[2026-04-13 00:57:22] current cache size: 0, finished: 0
[2026-04-13 00:57:22] current cache size: 0, finished: 0
[2026-04-13 00:57:22] current cache size: 0, finished: 0
[2026-04-13 00:57:22] current cache size: 0, finished: 0
[2026-04-13 00:57:22] current cache size: 0, finished: 0
[2026-04-13 00:57:22] current cache size: 0, finished: 0
[2026-04-13 00:57:22] current cache size: 0, finished: 0
[2026-04-13 00:57:22] current cache size: 0, finished: 0
[2026-04-13 00:57:22] current cache size: 0, finished: 0
[2026-04-13 00:57:22] current cache size: 0, finished: 0
[2026-04-13 00:57:23] current cache size: 0, finished: 0
[2026-04-13 00:57:23] current cache size: 0, finished: 0
[2026-04-13 00:57:23] current cache size: 0, finished: 0
[2026-04-13 00:57:23] current cache size: 0, finished: 0
[2026-04-13 00:57:23] current cache size: 0, finished: 0
[2026-04-13 00:57:23] current cache size: 0, finished: 0
[2026-04-13 00:57:23] current cache size: 0, finished: 0
[2026-04-13 00:57:23] current cache size: 0, finished: 0
[2026-04-13 00:57:23] current cache size: 0, finished: 0
[2026-04-13 00:57:23] current cache size: 0, finished: 0
[2026-04-13 00:57:23] current cache size: 0, finished: 0
[2026-04-13 00:57:23] current cache size: 0, finished: 0
[2026-04-13 00:57:23] current cache size: 0, finished: 0
[2026-04-13 00:57:23] current cache size: 0, finished: 0
[2026-04-13 00:57:23] current cache size: 0, finished: 0
[2026-04-13 00:57:23] current cache size: 0, finished: 0
[2026-04-13 00:57:23] current cache size: 0, finished: 0
[2026-04-13 00:57:24] current cache size: 0, finished: 0
[2026-04-13 00:57:24] current cache size: 0, finished: 0
[2026-04-13 00:57:24] current cache size: 0, finished: 0
[2026-04-13 00:57:24] current cache size: 0, finished: 0
[2026-04-13 00:57:24] current cache size: 0, finished: 0
[2026-04-13 00:57:24] current cache size: 0, finished: 0
[2026-04-13 00:57:24] current cache size: 0, finished: 0
[2026-04-13 00:57:24] current cache size: 0, finished: 0
[2026-04-13 00:57:24] current cache size: 0, finished: 0
[2026-04-13 00:57:24] current cache size: 0, finished: 0
[2026-04-13 00:57:24] current cache size: 0, finished: 0
[2026-04-13 00:57:24] current cache size: 0, finished: 0
[2026-04-13 00:57:24] current cache size: 0, finished: 0
[2026-04-13 00:57:24] current cache size: 0, finished: 0
[2026-04-13 00:57:24] current cache size: 0, finished: 0
[2026-04-13 00:57:24] current cache size: 0, finished: 0
[2026-04-13 00:57:25] current cache size: 0, finished: 0
[2026-04-13 00:57:25] current cache size: 0, finished: 0
[2026-04-13 00:57:25] current cache size: 0, finished: 0
[2026-04-13 00:57:25] current cache size: 0, finished: 0
[2026-04-13 00:57:25] current cache size: 0, finished: 0
[2026-04-13 00:57:25] current cache size: 0, finished: 0
[2026-04-13 00:57:25] current cache size: 0, finished: 0
[2026-04-13 00:57:25] current cache size: 0, finished: 0
[2026-04-13 00:57:25] current cache size: 0, finished: 0
[2026-04-13 00:57:25] current cache size: 0, finished: 0
[2026-04-13 00:57:25] current cache size: 0, finished: 0
[2026-04-13 00:57:25] current cache size: 0, finished: 0
[2026-04-13 00:57:25] current cache size: 0, finished: 0
[2026-04-13 00:57:25] current cache size: 0, finished: 0
[2026-04-13 00:57:25] current cache size: 0, finished: 0
[2026-04-13 00:57:25] current cache size: 0, finished: 0
[2026-04-13 00:57:26] current cache size: 0, finished: 0
[2026-04-13 00:57:26] current cache size: 0, finished: 0
[2026-04-13 00:57:26] current cache size: 0, finished: 0
[2026-04-13 00:57:26] current cache size: 0, finished: 0
[2026-04-13 00:57:26] current cache size: 0, finished: 0
[2026-04-13 00:57:26] current cache size: 0, finished: 0
[GRASP DEBUG] step=800 grav=(0,0,9.81) | cond1(dist<0.1)=256/256 cond2(>=3 forces>0.5)=0/256 cond3(quat<thresh)=167/256 all=0/256 | ft_dist mean=0.0608 max=0.0956 | force mean=0.0000 max=0.0000
[GRASP DEBUG env0] obj_pos=[-0.04221343994140625, -0.000881195068359375, 0.5959721207618713]
[GRASP DEBUG env0]   ft0 pos=[-0.032152652740478516, 0.021158695220947266, 0.6471640467643738] dist=0.0566
[GRASP DEBUG env0]   ft1 pos=[-0.09210920333862305, 0.02304983139038086, 0.634608268737793] dist=0.0675
[GRASP DEBUG env0]   ft2 pos=[-0.10683393478393555, 0.004000186920166016, 0.629632830619812] dist=0.0730
[GRASP DEBUG env0]   ft3 pos=[-0.10672426223754883, -0.015999794006347656, 0.632061243057251] dist=0.0754
[GRASP DEBUG env0]   ft4 pos=[-0.10816144943237305, -0.03599977493286133, 0.6301119327545166] dist=0.0821
[2026-04-13 00:57:26] current cache size: 0, finished: 0
[2026-04-13 00:57:26] current cache size: 0, finished: 0
[2026-04-13 00:57:26] current cache size: 0, finished: 0
[2026-04-13 00:57:26] current cache size: 0, finished: 0
[2026-04-13 00:57:26] current cache size: 0, finished: 0
[2026-04-13 00:57:26] current cache size: 0, finished: 0
[2026-04-13 00:57:26] current cache size: 0, finished: 0
[2026-04-13 00:57:26] current cache size: 0, finished: 0
[2026-04-13 00:57:26] current cache size: 0, finished: 0
[2026-04-13 00:57:26] current cache size: 0, finished: 0
[2026-04-13 00:57:27] current cache size: 0, finished: 0
[2026-04-13 00:57:27] current cache size: 0, finished: 0
[2026-04-13 00:57:27] current cache size: 0, finished: 0
[2026-04-13 00:57:27] current cache size: 0, finished: 0
[2026-04-13 00:57:27] current cache size: 0, finished: 0
[2026-04-13 00:57:27] current cache size: 0, finished: 0
[2026-04-13 00:57:27] current cache size: 0, finished: 0
[2026-04-13 00:57:27] current cache size: 0, finished: 0
[2026-04-13 00:57:27] current cache size: 0, finished: 0
[2026-04-13 00:57:27] current cache size: 0, finished: 0
[2026-04-13 00:57:27] current cache size: 0, finished: 0
[2026-04-13 00:57:27] current cache size: 0, finished: 0
[2026-04-13 00:57:27] current cache size: 0, finished: 0
[2026-04-13 00:57:27] current cache size: 0, finished: 0
[2026-04-13 00:57:27] current cache size: 0, finished: 0
[2026-04-13 00:57:27] current cache size: 0, finished: 0
[2026-04-13 00:57:27] current cache size: 0, finished: 0
[2026-04-13 00:57:28] current cache size: 0, finished: 0
[2026-04-13 00:57:28] current cache size: 0, finished: 0
[2026-04-13 00:57:28] current cache size: 0, finished: 0
[2026-04-13 00:57:28] current cache size: 0, finished: 0
[2026-04-13 00:57:28] current cache size: 0, finished: 0
[2026-04-13 00:57:28] current cache size: 0, finished: 0
[2026-04-13 00:57:28] current cache size: 0, finished: 0
[2026-04-13 00:57:28] current cache size: 0, finished: 0
[2026-04-13 00:57:28] current cache size: 0, finished: 0
[2026-04-13 00:57:28] current cache size: 0, finished: 0
[2026-04-13 00:57:28] current cache size: 0, finished: 0
[2026-04-13 00:57:28] current cache size: 0, finished: 0
[2026-04-13 00:57:28] current cache size: 0, finished: 0
[2026-04-13 00:57:28] current cache size: 0, finished: 0
[2026-04-13 00:57:28] current cache size: 0, finished: 0
[2026-04-13 00:57:28] current cache size: 0, finished: 0
[2026-04-13 00:57:28] current cache size: 0, finished: 0
[2026-04-13 00:57:29] current cache size: 0, finished: 0
[2026-04-13 00:57:29] current cache size: 0, finished: 0
[2026-04-13 00:57:29] current cache size: 0, finished: 0
[2026-04-13 00:57:29] current cache size: 0, finished: 0
[2026-04-13 00:57:29] current cache size: 0, finished: 0
[2026-04-13 00:57:29] current cache size: 0, finished: 0
[2026-04-13 00:57:29] current cache size: 0, finished: 0
[2026-04-13 00:57:29] current cache size: 0, finished: 0
[2026-04-13 00:57:29] current cache size: 0, finished: 0
[2026-04-13 00:57:29] current cache size: 0, finished: 0
[2026-04-13 00:57:29] current cache size: 0, finished: 0
[2026-04-13 00:57:29] current cache size: 0, finished: 0
[2026-04-13 00:57:29] current cache size: 0, finished: 0
[2026-04-13 00:57:29] current cache size: 0, finished: 0
[2026-04-13 00:57:29] current cache size: 0, finished: 0
[2026-04-13 00:57:29] current cache size: 0, finished: 0
[2026-04-13 00:57:30] current cache size: 0, finished: 0
[2026-04-13 00:57:30] current cache size: 0, finished: 0
[2026-04-13 00:57:30] current cache size: 0, finished: 0
[2026-04-13 00:57:30] current cache size: 0, finished: 0
[2026-04-13 00:57:30] current cache size: 0, finished: 0
[2026-04-13 00:57:30] current cache size: 0, finished: 0
[2026-04-13 00:57:30] current cache size: 0, finished: 0
[2026-04-13 00:57:30] current cache size: 0, finished: 0
[2026-04-13 00:57:30] current cache size: 0, finished: 0
[2026-04-13 00:57:30] current cache size: 0, finished: 0
[2026-04-13 00:57:30] current cache size: 0, finished: 0
[2026-04-13 00:57:30] current cache size: 0, finished: 0
[2026-04-13 00:57:30] current cache size: 0, finished: 0
[2026-04-13 00:57:30] current cache size: 0, finished: 0
[2026-04-13 00:57:30] current cache size: 0, finished: 0
[2026-04-13 00:57:30] current cache size: 0, finished: 0
[2026-04-13 00:57:30] current cache size: 0, finished: 0
[2026-04-13 00:57:31] current cache size: 0, finished: 0
[2026-04-13 00:57:31] current cache size: 0, finished: 0
[2026-04-13 00:57:31] current cache size: 0, finished: 0
[2026-04-13 00:57:31] current cache size: 0, finished: 0
[2026-04-13 00:57:31] current cache size: 0, finished: 0
[2026-04-13 00:57:31] current cache size: 0, finished: 0
[2026-04-13 00:57:31] current cache size: 0, finished: 0
[2026-04-13 00:57:31] current cache size: 0, finished: 0
[2026-04-13 00:57:31] current cache size: 0, finished: 0
[2026-04-13 00:57:31] current cache size: 0, finished: 0
[2026-04-13 00:57:31] current cache size: 0, finished: 0
[2026-04-13 00:57:31] current cache size: 0, finished: 0
[2026-04-13 00:57:31] current cache size: 0, finished: 0
[2026-04-13 00:57:31] current cache size: 0, finished: 0
[2026-04-13 00:57:31] current cache size: 0, finished: 0
[2026-04-13 00:57:31] current cache size: 0, finished: 0
[2026-04-13 00:57:32] current cache size: 0, finished: 0
[2026-04-13 00:57:32] current cache size: 0, finished: 0
[2026-04-13 00:57:32] current cache size: 0, finished: 0
[2026-04-13 00:57:32] current cache size: 0, finished: 0
[2026-04-13 00:57:32] current cache size: 0, finished: 0
[2026-04-13 00:57:32] current cache size: 0, finished: 0
[2026-04-13 00:57:32] current cache size: 0, finished: 0
[2026-04-13 00:57:32] current cache size: 0, finished: 0
[2026-04-13 00:57:32] current cache size: 0, finished: 0
[2026-04-13 00:57:32] current cache size: 0, finished: 0
[2026-04-13 00:57:32] current cache size: 0, finished: 0
[2026-04-13 00:57:32] current cache size: 0, finished: 0
[2026-04-13 00:57:32] current cache size: 0, finished: 0
[2026-04-13 00:57:32] current cache size: 0, finished: 0
[2026-04-13 00:57:32] current cache size: 0, finished: 0
[2026-04-13 00:57:32] current cache size: 0, finished: 0
[2026-04-13 00:57:32] current cache size: 0, finished: 0
[2026-04-13 00:57:33] current cache size: 0, finished: 0
[2026-04-13 00:57:33] current cache size: 0, finished: 0
[2026-04-13 00:57:33] current cache size: 0, finished: 0
[2026-04-13 00:57:33] current cache size: 0, finished: 0
[2026-04-13 00:57:33] current cache size: 0, finished: 0
[2026-04-13 00:57:33] current cache size: 0, finished: 0
[2026-04-13 00:57:33] current cache size: 0, finished: 0
[2026-04-13 00:57:33] current cache size: 0, finished: 0
[2026-04-13 00:57:33] current cache size: 0, finished: 0
[2026-04-13 00:57:33] current cache size: 0, finished: 0
[2026-04-13 00:57:33] current cache size: 0, finished: 0
[2026-04-13 00:57:33] current cache size: 0, finished: 0
[2026-04-13 00:57:33] current cache size: 0, finished: 0
[2026-04-13 00:57:33] current cache size: 0, finished: 0
[2026-04-13 00:57:33] current cache size: 0, finished: 0
[2026-04-13 00:57:33] current cache size: 0, finished: 0
[2026-04-13 00:57:33] current cache size: 0, finished: 0
[2026-04-13 00:57:34] current cache size: 0, finished: 0
[2026-04-13 00:57:34] current cache size: 0, finished: 0
[2026-04-13 00:57:34] current cache size: 0, finished: 0
[2026-04-13 00:57:34] current cache size: 0, finished: 0
[2026-04-13 00:57:34] current cache size: 0, finished: 0
[2026-04-13 00:57:34] current cache size: 0, finished: 0
[2026-04-13 00:57:34] current cache size: 0, finished: 0
[2026-04-13 00:57:34] current cache size: 0, finished: 0
[2026-04-13 00:57:34] current cache size: 0, finished: 0
[2026-04-13 00:57:34] current cache size: 0, finished: 0
[2026-04-13 00:57:34] current cache size: 0, finished: 0
[2026-04-13 00:57:34] current cache size: 0, finished: 0
[2026-04-13 00:57:34] current cache size: 0, finished: 0
[2026-04-13 00:57:34] current cache size: 0, finished: 0
[2026-04-13 00:57:34] current cache size: 0, finished: 0
[2026-04-13 00:57:34] current cache size: 0, finished: 0
[2026-04-13 00:57:35] current cache size: 0, finished: 0
[2026-04-13 00:57:35] current cache size: 0, finished: 0
[2026-04-13 00:57:35] current cache size: 0, finished: 0
[2026-04-13 00:57:35] current cache size: 0, finished: 0
[2026-04-13 00:57:35] current cache size: 0, finished: 0
[2026-04-13 00:57:35] current cache size: 0, finished: 0
[2026-04-13 00:57:35] current cache size: 0, finished: 0
[2026-04-13 00:57:35] current cache size: 0, finished: 0
[2026-04-13 00:57:35] current cache size: 0, finished: 0
[2026-04-13 00:57:35] current cache size: 0, finished: 0
[2026-04-13 00:57:35] current cache size: 0, finished: 0
[2026-04-13 00:57:35] current cache size: 0, finished: 0
[2026-04-13 00:57:35] current cache size: 0, finished: 0
[2026-04-13 00:57:35] current cache size: 0, finished: 0
[2026-04-13 00:57:35] current cache size: 0, finished: 0
[2026-04-13 00:57:35] current cache size: 0, finished: 0
[2026-04-13 00:57:36] current cache size: 0, finished: 0
[2026-04-13 00:57:36] current cache size: 0, finished: 0
[2026-04-13 00:57:36] current cache size: 0, finished: 0
[2026-04-13 00:57:36] current cache size: 0, finished: 0
[2026-04-13 00:57:36] current cache size: 0, finished: 0
[2026-04-13 00:57:36] current cache size: 0, finished: 0
[2026-04-13 00:57:36] current cache size: 0, finished: 0
[2026-04-13 00:57:36] current cache size: 0, finished: 0
[2026-04-13 00:57:36] current cache size: 0, finished: 0
[2026-04-13 00:57:36] current cache size: 0, finished: 0
[2026-04-13 00:57:36] current cache size: 0, finished: 0
[2026-04-13 00:57:36] current cache size: 0, finished: 0
[2026-04-13 00:57:36] current cache size: 0, finished: 0
[2026-04-13 00:57:36] current cache size: 0, finished: 0
[2026-04-13 00:57:36] current cache size: 0, finished: 0
[2026-04-13 00:57:36] current cache size: 0, finished: 0
[2026-04-13 00:57:36] current cache size: 0, finished: 0
[2026-04-13 00:57:37] current cache size: 0, finished: 0
[2026-04-13 00:57:37] current cache size: 0, finished: 0
[2026-04-13 00:57:37] current cache size: 0, finished: 0
[2026-04-13 00:57:37] current cache size: 0, finished: 0
[2026-04-13 00:57:37] current cache size: 0, finished: 0
[2026-04-13 00:57:37] current cache size: 0, finished: 0
[2026-04-13 00:57:37] current cache size: 0, finished: 0
[2026-04-13 00:57:37] current cache size: 0, finished: 0
[2026-04-13 00:57:37] current cache size: 0, finished: 0
[2026-04-13 00:57:37] current cache size: 0, finished: 0
[2026-04-13 00:57:37] current cache size: 0, finished: 0
[2026-04-13 00:57:37] current cache size: 0, finished: 0
[2026-04-13 00:57:37] current cache size: 0, finished: 0
[2026-04-13 00:57:37] current cache size: 0, finished: 0
[2026-04-13 00:57:37] current cache size: 0, finished: 0
[2026-04-13 00:57:37] current cache size: 0, finished: 0
[2026-04-13 00:57:37] current cache size: 0, finished: 0
[2026-04-13 00:57:38] current cache size: 0, finished: 0
[2026-04-13 00:57:38] current cache size: 0, finished: 0
[2026-04-13 00:57:38] current cache size: 0, finished: 0
[2026-04-13 00:57:38] current cache size: 0, finished: 0
[2026-04-13 00:57:38] current cache size: 0, finished: 0
[2026-04-13 00:57:38] current cache size: 0, finished: 0
[2026-04-13 00:57:38] current cache size: 0, finished: 0
[GRASP DEBUG] step=1000 grav=(-9.81,0,0) | cond1(dist<0.1)=254/256 cond2(>=3 forces>0.5)=0/256 cond3(quat<thresh)=193/256 all=0/256 | ft_dist mean=0.0637 max=0.1209 | force mean=0.0000 max=0.0000
[GRASP DEBUG env0] obj_pos=[-0.07078933715820312, -0.006343841552734375, 0.5862423777580261]
[GRASP DEBUG env0]   ft0 pos=[-0.044699668884277344, -0.012648582458496094, 0.6364142298698425] dist=0.0569
[GRASP DEBUG env0]   ft1 pos=[-0.1078805923461914, 0.031589508056640625, 0.6291838884353638] dist=0.0683
[GRASP DEBUG env0]   ft2 pos=[-0.1031494140625, 0.004000186920166016, 0.6314208507537842] dist=0.0565
[GRASP DEBUG env0]   ft3 pos=[-0.08927488327026367, -0.015999794006347656, 0.6327651739120483] dist=0.0510
[GRASP DEBUG env0]   ft4 pos=[-0.08521890640258789, -0.03599977493286133, 0.6287489533424377] dist=0.0538
[2026-04-13 00:57:38] current cache size: 0, finished: 0
[2026-04-13 00:57:38] current cache size: 0, finished: 0
[2026-04-13 00:57:38] current cache size: 0, finished: 0
[2026-04-13 00:57:38] current cache size: 0, finished: 0
[2026-04-13 00:57:38] current cache size: 0, finished: 0
[2026-04-13 00:57:38] current cache size: 0, finished: 0
[2026-04-13 00:57:38] current cache size: 0, finished: 0
[2026-04-13 00:57:38] current cache size: 0, finished: 0
[2026-04-13 00:57:38] current cache size: 0, finished: 0
[2026-04-13 00:57:39] current cache size: 0, finished: 0
[2026-04-13 00:57:39] current cache size: 0, finished: 0
[2026-04-13 00:57:39] current cache size: 0, finished: 0
[2026-04-13 00:57:39] current cache size: 0, finished: 0
[2026-04-13 00:57:39] current cache size: 0, finished: 0
[2026-04-13 00:57:39] current cache size: 0, finished: 0
[2026-04-13 00:57:39] current cache size: 0, finished: 0
[2026-04-13 00:57:39] current cache size: 0, finished: 0
[2026-04-13 00:57:39] current cache size: 0, finished: 0
[2026-04-13 00:57:39] current cache size: 0, finished: 0
[2026-04-13 00:57:39] current cache size: 0, finished: 0
[2026-04-13 00:57:39] current cache size: 0, finished: 0
[2026-04-13 00:57:39] current cache size: 0, finished: 0
[2026-04-13 00:57:39] current cache size: 0, finished: 0
[2026-04-13 00:57:39] current cache size: 0, finished: 0
[2026-04-13 00:57:39] current cache size: 0, finished: 0
[2026-04-13 00:57:40] current cache size: 0, finished: 0
[2026-04-13 00:57:40] current cache size: 0, finished: 0
[2026-04-13 00:57:40] current cache size: 0, finished: 0
[2026-04-13 00:57:40] current cache size: 0, finished: 0
[2026-04-13 00:57:40] current cache size: 0, finished: 0
[2026-04-13 00:57:40] current cache size: 0, finished: 0
[2026-04-13 00:57:40] current cache size: 0, finished: 0
[2026-04-13 00:57:40] current cache size: 0, finished: 0
[2026-04-13 00:57:40] current cache size: 0, finished: 0
[2026-04-13 00:57:40] current cache size: 0, finished: 0
[2026-04-13 00:57:40] current cache size: 0, finished: 0
[2026-04-13 00:57:40] current cache size: 0, finished: 0
[2026-04-13 00:57:40] current cache size: 0, finished: 0
[2026-04-13 00:57:40] current cache size: 0, finished: 0
[2026-04-13 00:57:40] current cache size: 0, finished: 0
[2026-04-13 00:57:40] current cache size: 0, finished: 0
[2026-04-13 00:57:41] current cache size: 0, finished: 0
[2026-04-13 00:57:41] current cache size: 0, finished: 0
[2026-04-13 00:57:41] current cache size: 0, finished: 0
[2026-04-13 00:57:41] current cache size: 0, finished: 0
[2026-04-13 00:57:41] current cache size: 0, finished: 0
[2026-04-13 00:57:41] current cache size: 0, finished: 0
[2026-04-13 00:57:41] current cache size: 0, finished: 0
[2026-04-13 00:57:41] current cache size: 0, finished: 0
[2026-04-13 00:57:41] current cache size: 0, finished: 0
[2026-04-13 00:57:41] current cache size: 0, finished: 0
[2026-04-13 00:57:41] current cache size: 0, finished: 0
[2026-04-13 00:57:41] current cache size: 0, finished: 0
[2026-04-13 00:57:41] current cache size: 0, finished: 0
[2026-04-13 00:57:41] current cache size: 0, finished: 0
[2026-04-13 00:57:41] current cache size: 0, finished: 0
[2026-04-13 00:57:41] current cache size: 0, finished: 0
[2026-04-13 00:57:41] current cache size: 0, finished: 0
[2026-04-13 00:57:42] current cache size: 0, finished: 0
[2026-04-13 00:57:42] current cache size: 0, finished: 0
[2026-04-13 00:57:42] current cache size: 0, finished: 0
[2026-04-13 00:57:42] current cache size: 0, finished: 0
[2026-04-13 00:57:42] current cache size: 0, finished: 0
[2026-04-13 00:57:42] current cache size: 0, finished: 0
[2026-04-13 00:57:42] current cache size: 0, finished: 0
[2026-04-13 00:57:42] current cache size: 0, finished: 0
[2026-04-13 00:57:42] current cache size: 0, finished: 0
[2026-04-13 00:57:42] current cache size: 0, finished: 0
[2026-04-13 00:57:42] current cache size: 0, finished: 0
[2026-04-13 00:57:42] current cache size: 0, finished: 0
[2026-04-13 00:57:42] current cache size: 0, finished: 0
[2026-04-13 00:57:42] current cache size: 0, finished: 0
[2026-04-13 00:57:42] current cache size: 0, finished: 0
[2026-04-13 00:57:42] current cache size: 0, finished: 0
[2026-04-13 00:57:42] current cache size: 0, finished: 0
[2026-04-13 00:57:43] current cache size: 0, finished: 0
[2026-04-13 00:57:43] current cache size: 0, finished: 0
[2026-04-13 00:57:43] current cache size: 0, finished: 0
[2026-04-13 00:57:43] current cache size: 0, finished: 0
[2026-04-13 00:57:43] current cache size: 0, finished: 0
[2026-04-13 00:57:43] current cache size: 0, finished: 0
[2026-04-13 00:57:43] current cache size: 0, finished: 0
[2026-04-13 00:57:43] current cache size: 0, finished: 0
[2026-04-13 00:57:43] current cache size: 0, finished: 0
[2026-04-13 00:57:43] current cache size: 0, finished: 0
[2026-04-13 00:57:43] current cache size: 0, finished: 0
[2026-04-13 00:57:43] current cache size: 0, finished: 0
[2026-04-13 00:57:43] current cache size: 0, finished: 0
[2026-04-13 00:57:43] current cache size: 0, finished: 0
[2026-04-13 00:57:43] current cache size: 0, finished: 0
[2026-04-13 00:57:43] current cache size: 0, finished: 0
[2026-04-13 00:57:44] current cache size: 0, finished: 0
[2026-04-13 00:57:44] current cache size: 0, finished: 0
[2026-04-13 00:57:44] current cache size: 0, finished: 0
[2026-04-13 00:57:44] current cache size: 0, finished: 0
[2026-04-13 00:57:44] current cache size: 0, finished: 0
[2026-04-13 00:57:44] current cache size: 0, finished: 0
[2026-04-13 00:57:44] current cache size: 0, finished: 0
[2026-04-13 00:57:44] current cache size: 0, finished: 0
[2026-04-13 00:57:44] current cache size: 0, finished: 0
[2026-04-13 00:57:44] current cache size: 0, finished: 0
[2026-04-13 00:57:44] current cache size: 0, finished: 0
[2026-04-13 00:57:44] current cache size: 0, finished: 0
[2026-04-13 00:57:44] current cache size: 0, finished: 0
[2026-04-13 00:57:44] current cache size: 0, finished: 0
[2026-04-13 00:57:44] current cache size: 0, finished: 0
[2026-04-13 00:57:44] current cache size: 0, finished: 0
[2026-04-13 00:57:44] current cache size: 0, finished: 0
[2026-04-13 00:57:45] current cache size: 0, finished: 0
[2026-04-13 00:57:45] current cache size: 0, finished: 0
[2026-04-13 00:57:45] current cache size: 0, finished: 0
[2026-04-13 00:57:45] current cache size: 0, finished: 0
[2026-04-13 00:57:45] current cache size: 0, finished: 0
[2026-04-13 00:57:45] current cache size: 0, finished: 0
[2026-04-13 00:57:45] current cache size: 0, finished: 0
[2026-04-13 00:57:45] current cache size: 0, finished: 0
[2026-04-13 00:57:45] current cache size: 0, finished: 0
[2026-04-13 00:57:45] current cache size: 0, finished: 0
[2026-04-13 00:57:45] current cache size: 0, finished: 0
[2026-04-13 00:57:45] current cache size: 0, finished: 0
[2026-04-13 00:57:45] current cache size: 0, finished: 0
[2026-04-13 00:57:45] current cache size: 0, finished: 0
[2026-04-13 00:57:45] current cache size: 0, finished: 0
[2026-04-13 00:57:45] current cache size: 0, finished: 0
[2026-04-13 00:57:45] current cache size: 0, finished: 0
[2026-04-13 00:57:46] current cache size: 0, finished: 0
[2026-04-13 00:57:46] current cache size: 0, finished: 0
[2026-04-13 00:57:46] current cache size: 0, finished: 0
[2026-04-13 00:57:46] current cache size: 0, finished: 0
[2026-04-13 00:57:46] current cache size: 0, finished: 0
[2026-04-13 00:57:46] current cache size: 0, finished: 0
[2026-04-13 00:57:46] current cache size: 0, finished: 0
[2026-04-13 00:57:46] current cache size: 0, finished: 0
[2026-04-13 00:57:46] current cache size: 0, finished: 0
[2026-04-13 00:57:46] current cache size: 0, finished: 0
[2026-04-13 00:57:46] current cache size: 0, finished: 0
[2026-04-13 00:57:46] current cache size: 0, finished: 0
[2026-04-13 00:57:46] current cache size: 0, finished: 0
[2026-04-13 00:57:46] current cache size: 0, finished: 0
[2026-04-13 00:57:46] current cache size: 0, finished: 0
[2026-04-13 00:57:46] current cache size: 0, finished: 0
[2026-04-13 00:57:46] current cache size: 0, finished: 0
[2026-04-13 00:57:47] current cache size: 0, finished: 0
[2026-04-13 00:57:47] current cache size: 0, finished: 0
[2026-04-13 00:57:47] current cache size: 0, finished: 0
[2026-04-13 00:57:47] current cache size: 0, finished: 0
[2026-04-13 00:57:47] current cache size: 0, finished: 0
[2026-04-13 00:57:47] current cache size: 0, finished: 0
[2026-04-13 00:57:47] current cache size: 0, finished: 0
[2026-04-13 00:57:47] current cache size: 0, finished: 0
[2026-04-13 00:57:47] current cache size: 0, finished: 0
[2026-04-13 00:57:47] current cache size: 0, finished: 0
[2026-04-13 00:57:47] current cache size: 0, finished: 0
[2026-04-13 00:57:47] current cache size: 0, finished: 0
[2026-04-13 00:57:47] current cache size: 0, finished: 0
[2026-04-13 00:57:47] current cache size: 0, finished: 0
[2026-04-13 00:57:47] current cache size: 0, finished: 0
[2026-04-13 00:57:47] current cache size: 0, finished: 0
[2026-04-13 00:57:48] current cache size: 0, finished: 0
[2026-04-13 00:57:48] current cache size: 0, finished: 0
[2026-04-13 00:57:48] current cache size: 0, finished: 0
[2026-04-13 00:57:48] current cache size: 0, finished: 0
[2026-04-13 00:57:48] current cache size: 0, finished: 0
[2026-04-13 00:57:48] current cache size: 0, finished: 0
[2026-04-13 00:57:48] current cache size: 0, finished: 0
[2026-04-13 00:57:48] current cache size: 0, finished: 0
[2026-04-13 00:57:48] current cache size: 0, finished: 0
[2026-04-13 00:57:48] current cache size: 0, finished: 0
[2026-04-13 00:57:48] current cache size: 0, finished: 0
[2026-04-13 00:57:48] current cache size: 0, finished: 0
[2026-04-13 00:57:48] current cache size: 0, finished: 0
[2026-04-13 00:57:48] current cache size: 0, finished: 0
[2026-04-13 00:57:48] current cache size: 0, finished: 0
[2026-04-13 00:57:48] current cache size: 0, finished: 0
[2026-04-13 00:57:48] current cache size: 0, finished: 0
[2026-04-13 00:57:49] current cache size: 0, finished: 0
[2026-04-13 00:57:49] current cache size: 0, finished: 0
[2026-04-13 00:57:49] current cache size: 0, finished: 0
[2026-04-13 00:57:49] current cache size: 0, finished: 0
[2026-04-13 00:57:49] current cache size: 0, finished: 0
[2026-04-13 00:57:49] current cache size: 0, finished: 0
[2026-04-13 00:57:49] current cache size: 0, finished: 0
[2026-04-13 00:57:49] current cache size: 0, finished: 0
[2026-04-13 00:57:49] current cache size: 0, finished: 0
[2026-04-13 00:57:49] current cache size: 0, finished: 0
[2026-04-13 00:57:49] current cache size: 0, finished: 0
[2026-04-13 00:57:49] current cache size: 0, finished: 0
[2026-04-13 00:57:49] current cache size: 0, finished: 0
[2026-04-13 00:57:49] current cache size: 0, finished: 0
[2026-04-13 00:57:49] current cache size: 0, finished: 0
[2026-04-13 00:57:49] current cache size: 0, finished: 0
[2026-04-13 00:57:50] current cache size: 0, finished: 0
[2026-04-13 00:57:50] current cache size: 0, finished: 0
[2026-04-13 00:57:50] current cache size: 0, finished: 0
[2026-04-13 00:57:50] current cache size: 0, finished: 0
[2026-04-13 00:57:50] current cache size: 0, finished: 0
[2026-04-13 00:57:50] current cache size: 0, finished: 0
[2026-04-13 00:57:50] current cache size: 0, finished: 0
[2026-04-13 00:57:50] current cache size: 0, finished: 0
[2026-04-13 00:57:50] current cache size: 0, finished: 0
[GRASP DEBUG] step=1200 grav=(9.81,0,0) | cond1(dist<0.1)=253/256 cond2(>=3 forces>0.5)=0/256 cond3(quat<thresh)=192/256 all=0/256 | ft_dist mean=0.0726 max=0.1033 | force mean=0.0000 max=0.0000
[GRASP DEBUG env0] obj_pos=[-0.04723310470581055, -0.002456188201904297, 0.5802639126777649]
[GRASP DEBUG env0]   ft0 pos=[-0.04909563064575195, 0.01054525375366211, 0.6371989846229553] dist=0.0584
[GRASP DEBUG env0]   ft1 pos=[-0.09801197052001953, 0.030633926391601562, 0.6341996788978577] dist=0.0811
[GRASP DEBUG env0]   ft2 pos=[-0.10858678817749023, 0.004000186920166016, 0.6338438987731934] dist=0.0817
[GRASP DEBUG env0]   ft3 pos=[-0.093353271484375, -0.015999794006347656, 0.6329087615013123] dist=0.0713
[GRASP DEBUG env0]   ft4 pos=[-0.09914922714233398, -0.03599977493286133, 0.6297480463981628] dist=0.0792
[2026-04-13 00:57:50] current cache size: 0, finished: 0
[2026-04-13 00:57:50] current cache size: 0, finished: 0
[2026-04-13 00:57:50] current cache size: 0, finished: 0
[2026-04-13 00:57:50] current cache size: 0, finished: 0
[2026-04-13 00:57:50] current cache size: 0, finished: 0
[2026-04-13 00:57:50] current cache size: 0, finished: 0
[2026-04-13 00:57:50] current cache size: 0, finished: 0
[2026-04-13 00:57:50] current cache size: 0, finished: 0
[2026-04-13 00:57:51] current cache size: 0, finished: 0
[2026-04-13 00:57:51] current cache size: 0, finished: 0
[2026-04-13 00:57:51] current cache size: 0, finished: 0
[2026-04-13 00:57:51] current cache size: 0, finished: 0
[2026-04-13 00:57:51] current cache size: 0, finished: 0
[2026-04-13 00:57:51] current cache size: 0, finished: 0
[2026-04-13 00:57:51] current cache size: 0, finished: 0
[2026-04-13 00:57:51] current cache size: 0, finished: 0
[2026-04-13 00:57:51] current cache size: 0, finished: 0
[2026-04-13 00:57:51] current cache size: 0, finished: 0
[2026-04-13 00:57:51] current cache size: 0, finished: 0
[2026-04-13 00:57:51] current cache size: 0, finished: 0
[2026-04-13 00:57:51] current cache size: 0, finished: 0
[2026-04-13 00:57:51] current cache size: 0, finished: 0
[2026-04-13 00:57:51] current cache size: 0, finished: 0
[2026-04-13 00:57:51] current cache size: 0, finished: 0
[2026-04-13 00:57:51] current cache size: 0, finished: 0
[2026-04-13 00:57:52] current cache size: 0, finished: 0
[2026-04-13 00:57:52] current cache size: 0, finished: 0
[2026-04-13 00:57:52] current cache size: 0, finished: 0
[2026-04-13 00:57:52] current cache size: 0, finished: 0
[2026-04-13 00:57:52] current cache size: 0, finished: 0
[2026-04-13 00:57:52] current cache size: 0, finished: 0
[2026-04-13 00:57:52] current cache size: 0, finished: 0
[2026-04-13 00:57:52] current cache size: 0, finished: 0
[2026-04-13 00:57:52] current cache size: 0, finished: 0
[2026-04-13 00:57:52] current cache size: 0, finished: 0
[2026-04-13 00:57:52] current cache size: 0, finished: 0
[2026-04-13 00:57:52] current cache size: 0, finished: 0
[2026-04-13 00:57:52] current cache size: 0, finished: 0
[2026-04-13 00:57:52] current cache size: 0, finished: 0
[2026-04-13 00:57:52] current cache size: 0, finished: 0
[2026-04-13 00:57:52] current cache size: 0, finished: 0
[2026-04-13 00:57:53] current cache size: 0, finished: 0
[2026-04-13 00:57:53] current cache size: 0, finished: 0
[2026-04-13 00:57:53] current cache size: 0, finished: 0
[2026-04-13 00:57:53] current cache size: 0, finished: 0
[2026-04-13 00:57:53] current cache size: 0, finished: 0
[2026-04-13 00:57:53] current cache size: 0, finished: 0
[2026-04-13 00:57:53] current cache size: 0, finished: 0
[2026-04-13 00:57:53] current cache size: 0, finished: 0
[2026-04-13 00:57:53] current cache size: 0, finished: 0
[2026-04-13 00:57:53] current cache size: 0, finished: 0
[2026-04-13 00:57:53] current cache size: 0, finished: 0
[2026-04-13 00:57:53] current cache size: 0, finished: 0
[2026-04-13 00:57:53] current cache size: 0, finished: 0
[2026-04-13 00:57:53] current cache size: 0, finished: 0
[2026-04-13 00:57:53] current cache size: 0, finished: 0
[2026-04-13 00:57:53] current cache size: 0, finished: 0
[2026-04-13 00:57:53] current cache size: 0, finished: 0
[2026-04-13 00:57:54] current cache size: 0, finished: 0
[2026-04-13 00:57:54] current cache size: 0, finished: 0
[2026-04-13 00:57:54] current cache size: 0, finished: 0
[2026-04-13 00:57:54] current cache size: 0, finished: 0
[2026-04-13 00:57:54] current cache size: 0, finished: 0
[2026-04-13 00:57:54] current cache size: 0, finished: 0
[2026-04-13 00:57:54] current cache size: 0, finished: 0
[2026-04-13 00:57:54] current cache size: 0, finished: 0
[2026-04-13 00:57:54] current cache size: 0, finished: 0
[2026-04-13 00:57:54] current cache size: 0, finished: 0
[2026-04-13 00:57:54] current cache size: 0, finished: 0
[2026-04-13 00:57:54] current cache size: 0, finished: 0
[2026-04-13 00:57:54] current cache size: 0, finished: 0
[2026-04-13 00:57:54] current cache size: 0, finished: 0
[2026-04-13 00:57:54] current cache size: 0, finished: 0
[2026-04-13 00:57:54] current cache size: 0, finished: 0
[2026-04-13 00:57:55] current cache size: 0, finished: 0
[2026-04-13 00:57:55] current cache size: 0, finished: 0
[2026-04-13 00:57:55] current cache size: 0, finished: 0
[2026-04-13 00:57:55] current cache size: 0, finished: 0
[2026-04-13 00:57:55] current cache size: 0, finished: 0
[2026-04-13 00:57:55] current cache size: 0, finished: 0
[2026-04-13 00:57:55] current cache size: 0, finished: 0
[2026-04-13 00:57:55] current cache size: 0, finished: 0
[2026-04-13 00:57:55] current cache size: 0, finished: 0
[2026-04-13 00:57:55] current cache size: 0, finished: 0
[2026-04-13 00:57:55] current cache size: 0, finished: 0
[2026-04-13 00:57:55] current cache size: 0, finished: 0
[2026-04-13 00:57:55] current cache size: 0, finished: 0
[2026-04-13 00:57:55] current cache size: 0, finished: 0
[2026-04-13 00:57:55] current cache size: 0, finished: 0
[2026-04-13 00:57:55] current cache size: 0, finished: 0
[2026-04-13 00:57:56] current cache size: 0, finished: 0
[2026-04-13 00:57:56] current cache size: 0, finished: 0
[2026-04-13 00:57:56] current cache size: 0, finished: 0
[2026-04-13 00:57:56] current cache size: 0, finished: 0
[2026-04-13 00:57:56] current cache size: 0, finished: 0
[2026-04-13 00:57:56] current cache size: 0, finished: 0
[2026-04-13 00:57:56] current cache size: 0, finished: 0
[2026-04-13 00:57:56] current cache size: 0, finished: 0
[2026-04-13 00:57:56] current cache size: 0, finished: 0
[2026-04-13 00:57:56] current cache size: 0, finished: 0
[2026-04-13 00:57:56] current cache size: 0, finished: 0
[2026-04-13 00:57:56] current cache size: 0, finished: 0
[2026-04-13 00:57:56] current cache size: 0, finished: 0
[2026-04-13 00:57:56] current cache size: 0, finished: 0
[2026-04-13 00:57:56] current cache size: 0, finished: 0
[2026-04-13 00:57:56] current cache size: 0, finished: 0
[2026-04-13 00:57:56] current cache size: 0, finished: 0
[2026-04-13 00:57:57] current cache size: 0, finished: 0
[2026-04-13 00:57:57] current cache size: 0, finished: 0
[2026-04-13 00:57:57] current cache size: 0, finished: 0
[2026-04-13 00:57:57] current cache size: 0, finished: 0
[2026-04-13 00:57:57] current cache size: 0, finished: 0
[2026-04-13 00:57:57] current cache size: 0, finished: 0
[2026-04-13 00:57:57] current cache size: 0, finished: 0
[2026-04-13 00:57:57] current cache size: 0, finished: 0
[2026-04-13 00:57:57] current cache size: 0, finished: 0
[2026-04-13 00:57:57] current cache size: 0, finished: 0
[2026-04-13 00:57:57] current cache size: 0, finished: 0
[2026-04-13 00:57:57] current cache size: 0, finished: 0
[2026-04-13 00:57:57] current cache size: 0, finished: 0
[2026-04-13 00:57:57] current cache size: 0, finished: 0
[2026-04-13 00:57:57] current cache size: 0, finished: 0
[2026-04-13 00:57:57] current cache size: 0, finished: 0
[2026-04-13 00:57:57] current cache size: 0, finished: 0
[2026-04-13 00:57:58] current cache size: 0, finished: 0
[2026-04-13 00:57:58] current cache size: 0, finished: 0
[2026-04-13 00:57:58] current cache size: 0, finished: 0
[2026-04-13 00:57:58] current cache size: 0, finished: 0
[2026-04-13 00:57:58] current cache size: 0, finished: 0
[2026-04-13 00:57:58] current cache size: 0, finished: 0
[2026-04-13 00:57:58] current cache size: 0, finished: 0
[2026-04-13 00:57:58] current cache size: 0, finished: 0
[2026-04-13 00:57:58] current cache size: 0, finished: 0
[2026-04-13 00:57:58] current cache size: 0, finished: 0
[2026-04-13 00:57:58] current cache size: 0, finished: 0
[2026-04-13 00:57:58] current cache size: 0, finished: 0
[2026-04-13 00:57:58] current cache size: 0, finished: 0
[2026-04-13 00:57:58] current cache size: 0, finished: 0
[2026-04-13 00:57:58] current cache size: 0, finished: 0
[2026-04-13 00:57:58] current cache size: 0, finished: 0
[2026-04-13 00:57:59] current cache size: 0, finished: 0
[2026-04-13 00:57:59] current cache size: 0, finished: 0
[2026-04-13 00:57:59] current cache size: 0, finished: 0
[2026-04-13 00:57:59] current cache size: 0, finished: 0
[2026-04-13 00:57:59] current cache size: 0, finished: 0
[2026-04-13 00:57:59] current cache size: 0, finished: 0
[2026-04-13 00:57:59] current cache size: 0, finished: 0
[2026-04-13 00:57:59] current cache size: 0, finished: 0
[2026-04-13 00:57:59] current cache size: 0, finished: 0
[2026-04-13 00:57:59] current cache size: 0, finished: 0
[2026-04-13 00:57:59] current cache size: 0, finished: 0
[2026-04-13 00:57:59] current cache size: 0, finished: 0
[2026-04-13 00:57:59] current cache size: 0, finished: 0
[2026-04-13 00:57:59] current cache size: 0, finished: 0
[2026-04-13 00:57:59] current cache size: 0, finished: 0
[2026-04-13 00:57:59] current cache size: 0, finished: 0
[2026-04-13 00:57:59] current cache size: 0, finished: 0
[2026-04-13 00:58:00] current cache size: 0, finished: 0
[2026-04-13 00:58:00] current cache size: 0, finished: 0
[2026-04-13 00:58:00] current cache size: 0, finished: 0
[2026-04-13 00:58:00] current cache size: 0, finished: 0
[2026-04-13 00:58:00] current cache size: 0, finished: 0
[2026-04-13 00:58:00] current cache size: 0, finished: 0
[2026-04-13 00:58:00] current cache size: 0, finished: 0
[2026-04-13 00:58:00] current cache size: 0, finished: 0
[2026-04-13 00:58:00] current cache size: 0, finished: 0
[2026-04-13 00:58:00] current cache size: 0, finished: 0
[2026-04-13 00:58:00] current cache size: 0, finished: 0
[2026-04-13 00:58:00] current cache size: 0, finished: 0
[2026-04-13 00:58:00] current cache size: 0, finished: 0
[2026-04-13 00:58:00] current cache size: 0, finished: 0
[2026-04-13 00:58:00] current cache size: 0, finished: 0
[2026-04-13 00:58:00] current cache size: 0, finished: 0
[2026-04-13 00:58:01] current cache size: 0, finished: 0
[2026-04-13 00:58:01] current cache size: 0, finished: 0
[2026-04-13 00:58:01] current cache size: 0, finished: 0
[2026-04-13 00:58:01] current cache size: 0, finished: 0
[2026-04-13 00:58:01] current cache size: 0, finished: 0
[2026-04-13 00:58:01] current cache size: 0, finished: 0
[2026-04-13 00:58:01] current cache size: 0, finished: 0
[2026-04-13 00:58:01] current cache size: 0, finished: 0
[2026-04-13 00:58:01] current cache size: 0, finished: 0
[2026-04-13 00:58:01] current cache size: 0, finished: 0
[2026-04-13 00:58:01] current cache size: 0, finished: 0
[2026-04-13 00:58:01] current cache size: 0, finished: 0
[2026-04-13 00:58:01] current cache size: 0, finished: 0
[2026-04-13 00:58:01] current cache size: 0, finished: 0
[2026-04-13 00:58:01] current cache size: 0, finished: 0
[2026-04-13 00:58:01] current cache size: 0, finished: 0
[2026-04-13 00:58:01] current cache size: 0, finished: 0
[2026-04-13 00:58:02] current cache size: 0, finished: 0
[2026-04-13 00:58:02] current cache size: 0, finished: 0
[2026-04-13 00:58:02] current cache size: 0, finished: 0
[2026-04-13 00:58:02] current cache size: 0, finished: 0
[2026-04-13 00:58:02] current cache size: 0, finished: 0
[2026-04-13 00:58:02] current cache size: 0, finished: 0
[2026-04-13 00:58:02] current cache size: 0, finished: 0
[2026-04-13 00:58:02] current cache size: 0, finished: 0
[2026-04-13 00:58:02] current cache size: 0, finished: 0
[2026-04-13 00:58:02] current cache size: 0, finished: 0
[GRASP DEBUG] step=1400 grav=(0,-9.81,0) | cond1(dist<0.1)=251/256 cond2(>=3 forces>0.5)=0/256 cond3(quat<thresh)=205/256 all=0/256 | ft_dist mean=0.0696 max=0.1152 | force mean=0.0000 max=0.0000
[GRASP DEBUG env0] obj_pos=[-0.057451725006103516, -0.01569843292236328, 0.5816952586174011]
[GRASP DEBUG env0]   ft0 pos=[-0.0438385009765625, 0.006881237030029297, 0.6412134766578674] dist=0.0651
[GRASP DEBUG env0]   ft1 pos=[-0.11469554901123047, 0.02182292938232422, 0.632921576499939] dist=0.0855
[GRASP DEBUG env0]   ft2 pos=[-0.11600780487060547, 0.004000186920166016, 0.6338247656822205] dist=0.0808
[GRASP DEBUG env0]   ft3 pos=[-0.08879470825195312, -0.015999794006347656, 0.6299716234207153] dist=0.0576
[GRASP DEBUG env0]   ft4 pos=[-0.10538578033447266, -0.03599977493286133, 0.6311264038085938] dist=0.0718
[2026-04-13 00:58:02] current cache size: 0, finished: 0
[2026-04-13 00:58:02] current cache size: 0, finished: 0
[2026-04-13 00:58:02] current cache size: 0, finished: 0
[2026-04-13 00:58:02] current cache size: 0, finished: 0
[2026-04-13 00:58:02] current cache size: 0, finished: 0
[2026-04-13 00:58:02] current cache size: 0, finished: 0
[2026-04-13 00:58:02] current cache size: 0, finished: 0
[2026-04-13 00:58:03] current cache size: 0, finished: 0
[2026-04-13 00:58:03] current cache size: 0, finished: 0
[2026-04-13 00:58:03] current cache size: 0, finished: 0
[2026-04-13 00:58:03] current cache size: 0, finished: 0
[2026-04-13 00:58:03] current cache size: 0, finished: 0
[2026-04-13 00:58:03] current cache size: 0, finished: 0
[2026-04-13 00:58:03] current cache size: 0, finished: 0
[2026-04-13 00:58:03] current cache size: 0, finished: 0
[2026-04-13 00:58:03] current cache size: 0, finished: 0
[2026-04-13 00:58:03] current cache size: 0, finished: 0
[2026-04-13 00:58:03] current cache size: 0, finished: 0
[2026-04-13 00:58:03] current cache size: 0, finished: 0
[2026-04-13 00:58:03] current cache size: 0, finished: 0
[2026-04-13 00:58:03] current cache size: 0, finished: 0
[2026-04-13 00:58:03] current cache size: 0, finished: 0
[2026-04-13 00:58:03] current cache size: 0, finished: 0
[2026-04-13 00:58:04] current cache size: 0, finished: 0
[2026-04-13 00:58:04] current cache size: 0, finished: 0
[2026-04-13 00:58:04] current cache size: 0, finished: 0
[2026-04-13 00:58:04] current cache size: 0, finished: 0
[2026-04-13 00:58:04] current cache size: 0, finished: 0
[2026-04-13 00:58:04] current cache size: 0, finished: 0
[2026-04-13 00:58:04] current cache size: 0, finished: 0
[2026-04-13 00:58:04] current cache size: 0, finished: 0
[2026-04-13 00:58:04] current cache size: 0, finished: 0
[2026-04-13 00:58:04] current cache size: 0, finished: 0
[2026-04-13 00:58:04] current cache size: 0, finished: 0
[2026-04-13 00:58:04] current cache size: 0, finished: 0
[2026-04-13 00:58:04] current cache size: 0, finished: 0
[2026-04-13 00:58:04] current cache size: 0, finished: 0
[2026-04-13 00:58:04] current cache size: 0, finished: 0
[2026-04-13 00:58:04] current cache size: 0, finished: 0
[2026-04-13 00:58:05] current cache size: 0, finished: 0
[2026-04-13 00:58:05] current cache size: 0, finished: 0
[2026-04-13 00:58:05] current cache size: 0, finished: 0
[2026-04-13 00:58:05] current cache size: 0, finished: 0
[2026-04-13 00:58:05] current cache size: 0, finished: 0
[2026-04-13 00:58:05] current cache size: 0, finished: 0
[2026-04-13 00:58:05] current cache size: 0, finished: 0
[2026-04-13 00:58:05] current cache size: 0, finished: 0
[2026-04-13 00:58:05] current cache size: 0, finished: 0
[2026-04-13 00:58:05] current cache size: 0, finished: 0
[2026-04-13 00:58:05] current cache size: 0, finished: 0
[2026-04-13 00:58:05] current cache size: 0, finished: 0
[2026-04-13 00:58:05] current cache size: 0, finished: 0
[2026-04-13 00:58:05] current cache size: 0, finished: 0
[2026-04-13 00:58:05] current cache size: 0, finished: 0
[2026-04-13 00:58:05] current cache size: 0, finished: 0
[2026-04-13 00:58:05] current cache size: 0, finished: 0
[2026-04-13 00:58:06] current cache size: 0, finished: 0
[2026-04-13 00:58:06] current cache size: 0, finished: 0
[2026-04-13 00:58:06] current cache size: 0, finished: 0
[2026-04-13 00:58:06] current cache size: 0, finished: 0
[2026-04-13 00:58:06] current cache size: 0, finished: 0
[2026-04-13 00:58:06] current cache size: 0, finished: 0
[2026-04-13 00:58:06] current cache size: 0, finished: 0
[2026-04-13 00:58:06] current cache size: 0, finished: 0
[2026-04-13 00:58:06] current cache size: 0, finished: 0
[2026-04-13 00:58:06] current cache size: 0, finished: 0
[2026-04-13 00:58:06] current cache size: 0, finished: 0
[2026-04-13 00:58:06] current cache size: 0, finished: 0
[2026-04-13 00:58:06] current cache size: 0, finished: 0
[2026-04-13 00:58:06] current cache size: 0, finished: 0
[2026-04-13 00:58:06] current cache size: 0, finished: 0
[2026-04-13 00:58:06] current cache size: 0, finished: 0
[2026-04-13 00:58:07] current cache size: 0, finished: 0
[2026-04-13 00:58:07] current cache size: 0, finished: 0
[2026-04-13 00:58:07] current cache size: 0, finished: 0
[2026-04-13 00:58:07] current cache size: 0, finished: 0
[2026-04-13 00:58:07] current cache size: 0, finished: 0
[2026-04-13 00:58:07] current cache size: 0, finished: 0
[2026-04-13 00:58:07] current cache size: 0, finished: 0
[2026-04-13 00:58:07] current cache size: 0, finished: 0
[2026-04-13 00:58:07] current cache size: 0, finished: 0
[2026-04-13 00:58:07] current cache size: 0, finished: 0
[2026-04-13 00:58:07] current cache size: 0, finished: 0
[2026-04-13 00:58:07] current cache size: 0, finished: 0
[2026-04-13 00:58:07] current cache size: 0, finished: 0
[2026-04-13 00:58:07] current cache size: 0, finished: 0
[2026-04-13 00:58:07] current cache size: 0, finished: 0
[2026-04-13 00:58:07] current cache size: 0, finished: 0
[2026-04-13 00:58:07] current cache size: 0, finished: 0
[2026-04-13 00:58:08] current cache size: 0, finished: 0
[2026-04-13 00:58:08] current cache size: 0, finished: 0
[2026-04-13 00:58:08] current cache size: 0, finished: 0
[2026-04-13 00:58:08] current cache size: 0, finished: 0
[2026-04-13 00:58:08] current cache size: 0, finished: 0
[2026-04-13 00:58:08] current cache size: 0, finished: 0
[2026-04-13 00:58:08] current cache size: 0, finished: 0
[2026-04-13 00:58:08] current cache size: 0, finished: 0
[2026-04-13 00:58:08] current cache size: 0, finished: 0
[2026-04-13 00:58:08] current cache size: 0, finished: 0
[2026-04-13 00:58:08] current cache size: 0, finished: 0
[2026-04-13 00:58:08] current cache size: 0, finished: 0
[2026-04-13 00:58:08] current cache size: 0, finished: 0
[2026-04-13 00:58:08] current cache size: 0, finished: 0
[2026-04-13 00:58:08] current cache size: 0, finished: 0
[2026-04-13 00:58:08] current cache size: 0, finished: 0
[2026-04-13 00:58:09] current cache size: 0, finished: 0
[2026-04-13 00:58:09] current cache size: 0, finished: 0
[2026-04-13 00:58:09] current cache size: 0, finished: 0
[2026-04-13 00:58:09] current cache size: 0, finished: 0
[2026-04-13 00:58:09] current cache size: 0, finished: 0
[2026-04-13 00:58:09] current cache size: 0, finished: 0
[2026-04-13 00:58:09] current cache size: 0, finished: 0
[2026-04-13 00:58:09] current cache size: 0, finished: 0
[2026-04-13 00:58:09] current cache size: 0, finished: 0
[2026-04-13 00:58:09] current cache size: 0, finished: 0
[2026-04-13 00:58:09] current cache size: 0, finished: 0
[2026-04-13 00:58:09] current cache size: 0, finished: 0
[2026-04-13 00:58:09] current cache size: 0, finished: 0
[2026-04-13 00:58:09] current cache size: 0, finished: 0
[2026-04-13 00:58:09] current cache size: 0, finished: 0
[2026-04-13 00:58:09] current cache size: 0, finished: 0
[2026-04-13 00:58:09] current cache size: 0, finished: 0
[2026-04-13 00:58:10] current cache size: 0, finished: 0
[2026-04-13 00:58:10] current cache size: 0, finished: 0
[2026-04-13 00:58:10] current cache size: 0, finished: 0
[2026-04-13 00:58:10] current cache size: 0, finished: 0
[2026-04-13 00:58:10] current cache size: 0, finished: 0
[2026-04-13 00:58:10] current cache size: 0, finished: 0
[2026-04-13 00:58:10] current cache size: 0, finished: 0
[2026-04-13 00:58:10] current cache size: 0, finished: 0
[2026-04-13 00:58:10] current cache size: 0, finished: 0
[2026-04-13 00:58:10] current cache size: 0, finished: 0
[2026-04-13 00:58:10] current cache size: 0, finished: 0
[2026-04-13 00:58:10] current cache size: 0, finished: 0
[2026-04-13 00:58:10] current cache size: 0, finished: 0
[2026-04-13 00:58:10] current cache size: 0, finished: 0
[2026-04-13 00:58:10] current cache size: 0, finished: 0
[2026-04-13 00:58:10] current cache size: 0, finished: 0
[2026-04-13 00:58:11] current cache size: 0, finished: 0
[2026-04-13 00:58:11] current cache size: 0, finished: 0
[2026-04-13 00:58:11] current cache size: 0, finished: 0
[2026-04-13 00:58:11] current cache size: 0, finished: 0
[2026-04-13 00:58:11] current cache size: 0, finished: 0
[2026-04-13 00:58:11] current cache size: 0, finished: 0
[2026-04-13 00:58:11] current cache size: 0, finished: 0
[2026-04-13 00:58:11] current cache size: 0, finished: 0
[2026-04-13 00:58:11] current cache size: 0, finished: 0
[2026-04-13 00:58:11] current cache size: 0, finished: 0
[2026-04-13 00:58:11] current cache size: 0, finished: 0
[2026-04-13 00:58:11] current cache size: 0, finished: 0
[2026-04-13 00:58:11] current cache size: 0, finished: 0
[2026-04-13 00:58:11] current cache size: 0, finished: 0
[2026-04-13 00:58:11] current cache size: 0, finished: 0
[2026-04-13 00:58:11] current cache size: 0, finished: 0
[2026-04-13 00:58:12] current cache size: 0, finished: 0
[2026-04-13 00:58:12] current cache size: 0, finished: 0
[2026-04-13 00:58:12] current cache size: 0, finished: 0
[2026-04-13 00:58:12] current cache size: 0, finished: 0
[2026-04-13 00:58:12] current cache size: 0, finished: 0
[2026-04-13 00:58:12] current cache size: 0, finished: 0
[2026-04-13 00:58:12] current cache size: 0, finished: 0
[2026-04-13 00:58:12] current cache size: 0, finished: 0
[2026-04-13 00:58:12] current cache size: 0, finished: 0
[2026-04-13 00:58:12] current cache size: 0, finished: 0
[2026-04-13 00:58:12] current cache size: 0, finished: 0
[2026-04-13 00:58:12] current cache size: 0, finished: 0
[2026-04-13 00:58:12] current cache size: 0, finished: 0
[2026-04-13 00:58:12] current cache size: 0, finished: 0
[2026-04-13 00:58:12] current cache size: 0, finished: 0
[2026-04-13 00:58:12] current cache size: 0, finished: 0
[2026-04-13 00:58:12] current cache size: 0, finished: 0
[2026-04-13 00:58:13] current cache size: 0, finished: 0
[2026-04-13 00:58:13] current cache size: 0, finished: 0
[2026-04-13 00:58:13] current cache size: 0, finished: 0
[2026-04-13 00:58:13] current cache size: 0, finished: 0
[2026-04-13 00:58:13] current cache size: 0, finished: 0
[2026-04-13 00:58:13] current cache size: 0, finished: 0
[2026-04-13 00:58:13] current cache size: 0, finished: 0
[2026-04-13 00:58:13] current cache size: 0, finished: 0
[2026-04-13 00:58:13] current cache size: 0, finished: 0
[2026-04-13 00:58:13] current cache size: 0, finished: 0
[2026-04-13 00:58:13] current cache size: 0, finished: 0
[2026-04-13 00:58:13] current cache size: 0, finished: 0
[2026-04-13 00:58:13] current cache size: 0, finished: 0
[2026-04-13 00:58:13] current cache size: 0, finished: 0
[2026-04-13 00:58:13] current cache size: 0, finished: 0
[2026-04-13 00:58:13] current cache size: 0, finished: 0
[2026-04-13 00:58:14] current cache size: 0, finished: 0
[2026-04-13 00:58:14] current cache size: 0, finished: 0
[2026-04-13 00:58:14] current cache size: 0, finished: 0
[2026-04-13 00:58:14] current cache size: 0, finished: 0
[2026-04-13 00:58:14] current cache size: 0, finished: 0
[2026-04-13 00:58:14] current cache size: 0, finished: 0
[2026-04-13 00:58:14] current cache size: 0, finished: 0
[2026-04-13 00:58:14] current cache size: 0, finished: 0
[2026-04-13 00:58:14] current cache size: 0, finished: 0
[2026-04-13 00:58:14] current cache size: 0, finished: 0
[2026-04-13 00:58:14] current cache size: 0, finished: 0
[2026-04-13 00:58:14] current cache size: 0, finished: 0
[2026-04-13 00:58:14] current cache size: 0, finished: 0
[GRASP DEBUG] step=1600 grav=(0,9.81,0) | cond1(dist<0.1)=256/256 cond2(>=3 forces>0.5)=0/256 cond3(quat<thresh)=186/256 all=0/256 | ft_dist mean=0.0690 max=0.0988 | force mean=0.0000 max=0.0000
[GRASP DEBUG env0] obj_pos=[-0.062354087829589844, 0.008519649505615234, 0.5786297917366028]
[GRASP DEBUG env0]   ft0 pos=[-0.05652189254760742, 0.008854866027832031, 0.635010838508606] dist=0.0567
[GRASP DEBUG env0]   ft1 pos=[-0.10744953155517578, 0.02396678924560547, 0.6336953043937683] dist=0.0728
[GRASP DEBUG env0]   ft2 pos=[-0.09213447570800781, 0.004000186920166016, 0.6295980215072632] dist=0.0592
[GRASP DEBUG env0]   ft3 pos=[-0.09964847564697266, -0.015999794006347656, 0.6293056607246399] dist=0.0675
[GRASP DEBUG env0]   ft4 pos=[-0.09063243865966797, -0.03599977493286133, 0.6331155896186829] dist=0.0758
[2026-04-13 00:58:14] current cache size: 0, finished: 0
[2026-04-13 00:58:14] current cache size: 0, finished: 0
[2026-04-13 00:58:14] current cache size: 0, finished: 0
[2026-04-13 00:58:14] current cache size: 0, finished: 0
[2026-04-13 00:58:15] current cache size: 0, finished: 0
[2026-04-13 00:58:15] current cache size: 0, finished: 0
[2026-04-13 00:58:15] current cache size: 0, finished: 0
[2026-04-13 00:58:15] current cache size: 0, finished: 0
[2026-04-13 00:58:15] current cache size: 0, finished: 0
[2026-04-13 00:58:15] current cache size: 0, finished: 0
[2026-04-13 00:58:15] current cache size: 0, finished: 0
[2026-04-13 00:58:15] current cache size: 0, finished: 0
[2026-04-13 00:58:15] current cache size: 0, finished: 0
[2026-04-13 00:58:15] current cache size: 0, finished: 0
[2026-04-13 00:58:15] current cache size: 0, finished: 0
[2026-04-13 00:58:15] current cache size: 0, finished: 0
[2026-04-13 00:58:15] current cache size: 0, finished: 0
[2026-04-13 00:58:15] current cache size: 0, finished: 0
[2026-04-13 00:58:15] current cache size: 0, finished: 0
[2026-04-13 00:58:15] current cache size: 0, finished: 0
[2026-04-13 00:58:15] current cache size: 0, finished: 0
[2026-04-13 00:58:16] current cache size: 0, finished: 0
[2026-04-13 00:58:16] current cache size: 0, finished: 0
[2026-04-13 00:58:16] current cache size: 0, finished: 0
[2026-04-13 00:58:16] current cache size: 0, finished: 0
[2026-04-13 00:58:16] current cache size: 0, finished: 0
[2026-04-13 00:58:16] current cache size: 0, finished: 0
[2026-04-13 00:58:16] current cache size: 0, finished: 0
[2026-04-13 00:58:16] current cache size: 0, finished: 0
[2026-04-13 00:58:16] current cache size: 0, finished: 0
[2026-04-13 00:58:16] current cache size: 0, finished: 0
[2026-04-13 00:58:16] current cache size: 0, finished: 0
[2026-04-13 00:58:16] current cache size: 0, finished: 0
[2026-04-13 00:58:16] current cache size: 0, finished: 0
[2026-04-13 00:58:16] current cache size: 0, finished: 0
[2026-04-13 00:58:16] current cache size: 0, finished: 0
[2026-04-13 00:58:16] current cache size: 0, finished: 0
[2026-04-13 00:58:16] current cache size: 0, finished: 0
[2026-04-13 00:58:17] current cache size: 0, finished: 0
[2026-04-13 00:58:17] current cache size: 0, finished: 0
[2026-04-13 00:58:17] current cache size: 0, finished: 0
[2026-04-13 00:58:17] current cache size: 0, finished: 0
[2026-04-13 00:58:17] current cache size: 0, finished: 0
[2026-04-13 00:58:17] current cache size: 0, finished: 0
[2026-04-13 00:58:17] current cache size: 0, finished: 0
[2026-04-13 00:58:17] current cache size: 0, finished: 0
[2026-04-13 00:58:17] current cache size: 0, finished: 0
[2026-04-13 00:58:17] current cache size: 0, finished: 0
[2026-04-13 00:58:17] current cache size: 0, finished: 0
[2026-04-13 00:58:17] current cache size: 0, finished: 0
[2026-04-13 00:58:17] current cache size: 0, finished: 0
[2026-04-13 00:58:17] current cache size: 0, finished: 0
[2026-04-13 00:58:17] current cache size: 0, finished: 0
[2026-04-13 00:58:17] current cache size: 0, finished: 0
[2026-04-13 00:58:18] current cache size: 0, finished: 0
[2026-04-13 00:58:18] current cache size: 0, finished: 0
[2026-04-13 00:58:18] current cache size: 0, finished: 0
[2026-04-13 00:58:18] current cache size: 0, finished: 0
[2026-04-13 00:58:18] current cache size: 0, finished: 0
[2026-04-13 00:58:18] current cache size: 0, finished: 0
[2026-04-13 00:58:18] current cache size: 0, finished: 0
[2026-04-13 00:58:18] current cache size: 0, finished: 0
[2026-04-13 00:58:18] current cache size: 0, finished: 0
[2026-04-13 00:58:18] current cache size: 0, finished: 0
[2026-04-13 00:58:18] current cache size: 0, finished: 0
[2026-04-13 00:58:18] current cache size: 0, finished: 0
[2026-04-13 00:58:18] current cache size: 0, finished: 0
[2026-04-13 00:58:18] current cache size: 0, finished: 0
[2026-04-13 00:58:18] current cache size: 0, finished: 0
[2026-04-13 00:58:18] current cache size: 0, finished: 0
[2026-04-13 00:58:19] current cache size: 0, finished: 0
[2026-04-13 00:58:19] current cache size: 0, finished: 0
[2026-04-13 00:58:19] current cache size: 0, finished: 0
[2026-04-13 00:58:19] current cache size: 0, finished: 0
[2026-04-13 00:58:19] current cache size: 0, finished: 0
[2026-04-13 00:58:19] current cache size: 0, finished: 0
[2026-04-13 00:58:19] current cache size: 0, finished: 0
[2026-04-13 00:58:19] current cache size: 0, finished: 0
[2026-04-13 00:58:19] current cache size: 0, finished: 0
[2026-04-13 00:58:19] current cache size: 0, finished: 0
[2026-04-13 00:58:19] current cache size: 0, finished: 0
[2026-04-13 00:58:19] current cache size: 0, finished: 0
[2026-04-13 00:58:19] current cache size: 0, finished: 0
[2026-04-13 00:58:19] current cache size: 0, finished: 0
[2026-04-13 00:58:19] current cache size: 0, finished: 0
[2026-04-13 00:58:19] current cache size: 0, finished: 0
[2026-04-13 00:58:20] current cache size: 0, finished: 0
[2026-04-13 00:58:20] current cache size: 0, finished: 0
[2026-04-13 00:58:20] current cache size: 0, finished: 0
[2026-04-13 00:58:20] current cache size: 0, finished: 0
[2026-04-13 00:58:20] current cache size: 0, finished: 0
[2026-04-13 00:58:20] current cache size: 0, finished: 0
[2026-04-13 00:58:20] current cache size: 0, finished: 0
[2026-04-13 00:58:20] current cache size: 0, finished: 0
[2026-04-13 00:58:20] current cache size: 0, finished: 0
[2026-04-13 00:58:20] current cache size: 0, finished: 0
[2026-04-13 00:58:20] current cache size: 0, finished: 0
[2026-04-13 00:58:20] current cache size: 0, finished: 0
[2026-04-13 00:58:20] current cache size: 0, finished: 0
[2026-04-13 00:58:20] current cache size: 0, finished: 0
[2026-04-13 00:58:20] current cache size: 0, finished: 0
[2026-04-13 00:58:20] current cache size: 0, finished: 0
[2026-04-13 00:58:20] current cache size: 0, finished: 0
[2026-04-13 00:58:21] current cache size: 0, finished: 0
[2026-04-13 00:58:21] current cache size: 0, finished: 0
[2026-04-13 00:58:21] current cache size: 0, finished: 0
[2026-04-13 00:58:21] current cache size: 0, finished: 0
[2026-04-13 00:58:21] current cache size: 0, finished: 0
[2026-04-13 00:58:21] current cache size: 0, finished: 0
[2026-04-13 00:58:21] current cache size: 0, finished: 0
[2026-04-13 00:58:21] current cache size: 0, finished: 0
[2026-04-13 00:58:21] current cache size: 0, finished: 0
[2026-04-13 00:58:21] current cache size: 0, finished: 0
[2026-04-13 00:58:21] current cache size: 0, finished: 0
[2026-04-13 00:58:21] current cache size: 0, finished: 0
[2026-04-13 00:58:21] current cache size: 0, finished: 0
[2026-04-13 00:58:21] current cache size: 0, finished: 0
[2026-04-13 00:58:21] current cache size: 0, finished: 0
[2026-04-13 00:58:21] current cache size: 0, finished: 0
[2026-04-13 00:58:22] current cache size: 0, finished: 0
[2026-04-13 00:58:22] current cache size: 0, finished: 0
[2026-04-13 00:58:22] current cache size: 0, finished: 0
[2026-04-13 00:58:22] current cache size: 0, finished: 0
[2026-04-13 00:58:22] current cache size: 0, finished: 0
[2026-04-13 00:58:22] current cache size: 0, finished: 0
[2026-04-13 00:58:22] current cache size: 0, finished: 0
[2026-04-13 00:58:22] current cache size: 0, finished: 0
[2026-04-13 00:58:22] current cache size: 0, finished: 0
[2026-04-13 00:58:22] current cache size: 0, finished: 0
[2026-04-13 00:58:22] current cache size: 0, finished: 0
[2026-04-13 00:58:22] current cache size: 0, finished: 0
[2026-04-13 00:58:22] current cache size: 0, finished: 0
[2026-04-13 00:58:22] current cache size: 0, finished: 0
[2026-04-13 00:58:22] current cache size: 0, finished: 0
[2026-04-13 00:58:22] current cache size: 0, finished: 0
[2026-04-13 00:58:22] current cache size: 0, finished: 0
[2026-04-13 00:58:23] current cache size: 0, finished: 0
[2026-04-13 00:58:23] current cache size: 0, finished: 0
[2026-04-13 00:58:23] current cache size: 0, finished: 0
[2026-04-13 00:58:23] current cache size: 0, finished: 0
[2026-04-13 00:58:23] current cache size: 0, finished: 0
[2026-04-13 00:58:23] current cache size: 0, finished: 0
[2026-04-13 00:58:23] current cache size: 0, finished: 0
[2026-04-13 00:58:23] current cache size: 0, finished: 0
[2026-04-13 00:58:23] current cache size: 0, finished: 0
[2026-04-13 00:58:23] current cache size: 0, finished: 0
[2026-04-13 00:58:23] current cache size: 0, finished: 0
[2026-04-13 00:58:23] current cache size: 0, finished: 0
[2026-04-13 00:58:23] current cache size: 0, finished: 0
[2026-04-13 00:58:23] current cache size: 0, finished: 0
[2026-04-13 00:58:23] current cache size: 0, finished: 0
[2026-04-13 00:58:23] current cache size: 0, finished: 0
[2026-04-13 00:58:24] current cache size: 0, finished: 0
[2026-04-13 00:58:24] current cache size: 0, finished: 0
[2026-04-13 00:58:24] current cache size: 0, finished: 0
[2026-04-13 00:58:24] current cache size: 0, finished: 0
[2026-04-13 00:58:24] current cache size: 0, finished: 0
[2026-04-13 00:58:24] current cache size: 0, finished: 0
[2026-04-13 00:58:24] current cache size: 0, finished: 0
[2026-04-13 00:58:24] current cache size: 0, finished: 0
[2026-04-13 00:58:24] current cache size: 0, finished: 0
[2026-04-13 00:58:24] current cache size: 0, finished: 0
[2026-04-13 00:58:24] current cache size: 0, finished: 0
[2026-04-13 00:58:24] current cache size: 0, finished: 0
[2026-04-13 00:58:24] current cache size: 0, finished: 0
[2026-04-13 00:58:24] current cache size: 0, finished: 0
[2026-04-13 00:58:24] current cache size: 0, finished: 0
[2026-04-13 00:58:24] current cache size: 0, finished: 0
[2026-04-13 00:58:25] current cache size: 0, finished: 0
[2026-04-13 00:58:25] current cache size: 0, finished: 0
[2026-04-13 00:58:25] current cache size: 0, finished: 0
[2026-04-13 00:58:25] current cache size: 0, finished: 0
[2026-04-13 00:58:25] current cache size: 0, finished: 0
[2026-04-13 00:58:25] current cache size: 0, finished: 0
[2026-04-13 00:58:25] current cache size: 0, finished: 0
[2026-04-13 00:58:25] current cache size: 0, finished: 0
[2026-04-13 00:58:25] current cache size: 0, finished: 0
[2026-04-13 00:58:25] current cache size: 0, finished: 0
[2026-04-13 00:58:25] current cache size: 0, finished: 0
[2026-04-13 00:58:25] current cache size: 0, finished: 0
[2026-04-13 00:58:25] current cache size: 0, finished: 0
[2026-04-13 00:58:25] current cache size: 0, finished: 0
[2026-04-13 00:58:25] current cache size: 0, finished: 0
[2026-04-13 00:58:25] current cache size: 0, finished: 0
[2026-04-13 00:58:25] current cache size: 0, finished: 0
[2026-04-13 00:58:26] current cache size: 0, finished: 0
[2026-04-13 00:58:26] current cache size: 0, finished: 0
[2026-04-13 00:58:26] current cache size: 0, finished: 0
[2026-04-13 00:58:26] current cache size: 0, finished: 0
[2026-04-13 00:58:26] current cache size: 0, finished: 0
[2026-04-13 00:58:26] current cache size: 0, finished: 0
[2026-04-13 00:58:26] current cache size: 0, finished: 0
[2026-04-13 00:58:26] current cache size: 0, finished: 0
[2026-04-13 00:58:26] current cache size: 0, finished: 0
[2026-04-13 00:58:26] current cache size: 0, finished: 0
[2026-04-13 00:58:26] current cache size: 0, finished: 0
[2026-04-13 00:58:26] current cache size: 0, finished: 0
[2026-04-13 00:58:26] current cache size: 0, finished: 0
[2026-04-13 00:58:26] current cache size: 0, finished: 0
[2026-04-13 00:58:26] current cache size: 0, finished: 0
[GRASP DEBUG] step=1800 grav=(0,0,-9.81) | cond1(dist<0.1)=247/256 cond2(>=3 forces>0.5)=0/256 cond3(quat<thresh)=208/256 all=0/256 | ft_dist mean=0.0758 max=0.1088 | force mean=0.0000 max=0.0000
[GRASP DEBUG env0] obj_pos=[-0.04642009735107422, -0.0033903121948242188, 0.5708100199699402]
[GRASP DEBUG env0]   ft0 pos=[-0.05195808410644531, 0.019811630249023438, 0.6362672448158264] dist=0.0697
[GRASP DEBUG env0]   ft1 pos=[-0.10095453262329102, 0.019463062286376953, 0.6315052509307861] dist=0.0847
[GRASP DEBUG env0]   ft2 pos=[-0.10997247695922852, 0.004000186920166016, 0.6303340196609497] dist=0.0874
[GRASP DEBUG env0]   ft3 pos=[-0.0877985954284668, -0.015999794006347656, 0.6288323998451233] dist=0.0724
[GRASP DEBUG env0]   ft4 pos=[-0.09169864654541016, -0.03599977493286133, 0.6307881474494934] dist=0.0819
[2026-04-13 00:58:26] current cache size: 0, finished: 0
[2026-04-13 00:58:27] current cache size: 0, finished: 0
[2026-04-13 00:58:27] current cache size: 0, finished: 0
[2026-04-13 00:58:27] current cache size: 0, finished: 0
[2026-04-13 00:58:27] current cache size: 0, finished: 0
[2026-04-13 00:58:27] current cache size: 0, finished: 0
[2026-04-13 00:58:27] current cache size: 0, finished: 0
[2026-04-13 00:58:27] current cache size: 0, finished: 0
[2026-04-13 00:58:27] current cache size: 0, finished: 0
[2026-04-13 00:58:27] current cache size: 0, finished: 0
[2026-04-13 00:58:27] current cache size: 0, finished: 0
[2026-04-13 00:58:27] current cache size: 0, finished: 0
[2026-04-13 00:58:27] current cache size: 0, finished: 0
[2026-04-13 00:58:27] current cache size: 0, finished: 0
[2026-04-13 00:58:27] current cache size: 0, finished: 0
[2026-04-13 00:58:27] current cache size: 0, finished: 0
[2026-04-13 00:58:27] current cache size: 0, finished: 0
[2026-04-13 00:58:27] current cache size: 0, finished: 0
[2026-04-13 00:58:28] current cache size: 0, finished: 0
[2026-04-13 00:58:28] current cache size: 0, finished: 0
[2026-04-13 00:58:28] current cache size: 0, finished: 0
[2026-04-13 00:58:28] current cache size: 0, finished: 0
[2026-04-13 00:58:28] current cache size: 0, finished: 0
[2026-04-13 00:58:28] current cache size: 0, finished: 0
[2026-04-13 00:58:28] current cache size: 0, finished: 0
[2026-04-13 00:58:28] current cache size: 0, finished: 0
[2026-04-13 00:58:28] current cache size: 0, finished: 0
[2026-04-13 00:58:28] current cache size: 0, finished: 0
[2026-04-13 00:58:28] current cache size: 0, finished: 0
[2026-04-13 00:58:28] current cache size: 0, finished: 0
[2026-04-13 00:58:28] current cache size: 0, finished: 0
[2026-04-13 00:58:28] current cache size: 0, finished: 0
[2026-04-13 00:58:28] current cache size: 0, finished: 0
[2026-04-13 00:58:28] current cache size: 0, finished: 0
[2026-04-13 00:58:29] current cache size: 0, finished: 0
[2026-04-13 00:58:29] current cache size: 0, finished: 0
[2026-04-13 00:58:29] current cache size: 0, finished: 0
[2026-04-13 00:58:29] current cache size: 0, finished: 0
[2026-04-13 00:58:29] current cache size: 0, finished: 0
[2026-04-13 00:58:29] current cache size: 0, finished: 0
[2026-04-13 00:58:29] current cache size: 0, finished: 0
[2026-04-13 00:58:29] current cache size: 0, finished: 0
[2026-04-13 00:58:29] current cache size: 0, finished: 0
[2026-04-13 00:58:29] current cache size: 0, finished: 0
[2026-04-13 00:58:29] current cache size: 0, finished: 0
[2026-04-13 00:58:29] current cache size: 0, finished: 0
[2026-04-13 00:58:29] current cache size: 0, finished: 0
[2026-04-13 00:58:29] current cache size: 0, finished: 0
[2026-04-13 00:58:29] current cache size: 0, finished: 0
[2026-04-13 00:58:29] current cache size: 0, finished: 0
[2026-04-13 00:58:29] current cache size: 0, finished: 0
[2026-04-13 00:58:30] current cache size: 0, finished: 0
[2026-04-13 00:58:30] current cache size: 0, finished: 0
[2026-04-13 00:58:30] current cache size: 0, finished: 0
[2026-04-13 00:58:30] current cache size: 0, finished: 0
[2026-04-13 00:58:30] current cache size: 0, finished: 0
[2026-04-13 00:58:30] current cache size: 0, finished: 0
[2026-04-13 00:58:30] current cache size: 0, finished: 0
[2026-04-13 00:58:30] current cache size: 0, finished: 0
[2026-04-13 00:58:30] current cache size: 0, finished: 0
[2026-04-13 00:58:30] current cache size: 0, finished: 0
[2026-04-13 00:58:30] current cache size: 0, finished: 0
[2026-04-13 00:58:30] current cache size: 0, finished: 0
[2026-04-13 00:58:30] current cache size: 0, finished: 0
[2026-04-13 00:58:30] current cache size: 0, finished: 0
[2026-04-13 00:58:30] current cache size: 0, finished: 0
[2026-04-13 00:58:30] current cache size: 0, finished: 0
[2026-04-13 00:58:31] current cache size: 0, finished: 0
[2026-04-13 00:58:31] current cache size: 0, finished: 0
[2026-04-13 00:58:31] current cache size: 0, finished: 0
[2026-04-13 00:58:31] current cache size: 0, finished: 0
[2026-04-13 00:58:31] current cache size: 0, finished: 0
[2026-04-13 00:58:31] current cache size: 0, finished: 0
[2026-04-13 00:58:31] current cache size: 0, finished: 0
[2026-04-13 00:58:31] current cache size: 0, finished: 0
[2026-04-13 00:58:31] current cache size: 0, finished: 0
[2026-04-13 00:58:31] current cache size: 0, finished: 0
[2026-04-13 00:58:31] current cache size: 0, finished: 0
[2026-04-13 00:58:31] current cache size: 0, finished: 0
[2026-04-13 00:58:31] current cache size: 0, finished: 0
[2026-04-13 00:58:31] current cache size: 0, finished: 0
[2026-04-13 00:58:31] current cache size: 0, finished: 0
[2026-04-13 00:58:31] current cache size: 0, finished: 0
[2026-04-13 00:58:31] current cache size: 0, finished: 0
[2026-04-13 00:58:32] current cache size: 0, finished: 0
[2026-04-13 00:58:32] current cache size: 0, finished: 0
[2026-04-13 00:58:32] current cache size: 0, finished: 0
[2026-04-13 00:58:32] current cache size: 0, finished: 0
[2026-04-13 00:58:32] current cache size: 0, finished: 0
[2026-04-13 00:58:32] current cache size: 0, finished: 0
[2026-04-13 00:58:32] current cache size: 0, finished: 0
[2026-04-13 00:58:32] current cache size: 0, finished: 0
[2026-04-13 00:58:32] current cache size: 0, finished: 0
[2026-04-13 00:58:32] current cache size: 0, finished: 0
[2026-04-13 00:58:32] current cache size: 0, finished: 0
[2026-04-13 00:58:32] current cache size: 0, finished: 0
[2026-04-13 00:58:32] current cache size: 0, finished: 0
[2026-04-13 00:58:32] current cache size: 0, finished: 0
[2026-04-13 00:58:32] current cache size: 0, finished: 0
[2026-04-13 00:58:32] current cache size: 0, finished: 0
[2026-04-13 00:58:33] current cache size: 0, finished: 0
[2026-04-13 00:58:33] current cache size: 0, finished: 0
[2026-04-13 00:58:33] current cache size: 0, finished: 0
[2026-04-13 00:58:33] current cache size: 0, finished: 0
[2026-04-13 00:58:33] current cache size: 0, finished: 0
[2026-04-13 00:58:33] current cache size: 0, finished: 0
[2026-04-13 00:58:33] current cache size: 0, finished: 0
[2026-04-13 00:58:33] current cache size: 0, finished: 0
[2026-04-13 00:58:33] current cache size: 0, finished: 0
[2026-04-13 00:58:33] current cache size: 0, finished: 0
[2026-04-13 00:58:33] current cache size: 0, finished: 0
[2026-04-13 00:58:33] current cache size: 0, finished: 0
[2026-04-13 00:58:33] current cache size: 0, finished: 0
[2026-04-13 00:58:33] current cache size: 0, finished: 0
[2026-04-13 00:58:33] current cache size: 0, finished: 0
[2026-04-13 00:58:33] current cache size: 0, finished: 0
[2026-04-13 00:58:33] current cache size: 0, finished: 0
[2026-04-13 00:58:34] current cache size: 0, finished: 0
[2026-04-13 00:58:34] current cache size: 0, finished: 0
[2026-04-13 00:58:34] current cache size: 0, finished: 0
[2026-04-13 00:58:34] current cache size: 0, finished: 0
[2026-04-13 00:58:34] current cache size: 0, finished: 0
[2026-04-13 00:58:34] current cache size: 0, finished: 0
[2026-04-13 00:58:34] current cache size: 0, finished: 0
[2026-04-13 00:58:34] current cache size: 0, finished: 0
[2026-04-13 00:58:34] current cache size: 0, finished: 0
[2026-04-13 00:58:34] current cache size: 0, finished: 0
[2026-04-13 00:58:34] current cache size: 0, finished: 0
[2026-04-13 00:58:34] current cache size: 0, finished: 0
[2026-04-13 00:58:34] current cache size: 0, finished: 0
[2026-04-13 00:58:34] current cache size: 0, finished: 0
[2026-04-13 00:58:34] current cache size: 0, finished: 0
[2026-04-13 00:58:34] current cache size: 0, finished: 0
[2026-04-13 00:58:35] current cache size: 0, finished: 0
[2026-04-13 00:58:35] current cache size: 0, finished: 0
[2026-04-13 00:58:35] current cache size: 0, finished: 0
[2026-04-13 00:58:35] current cache size: 0, finished: 0
[2026-04-13 00:58:35] current cache size: 0, finished: 0
[2026-04-13 00:58:35] current cache size: 0, finished: 0
[2026-04-13 00:58:35] current cache size: 0, finished: 0
[2026-04-13 00:58:35] current cache size: 0, finished: 0
[2026-04-13 00:58:35] current cache size: 0, finished: 0
[2026-04-13 00:58:35] current cache size: 0, finished: 0
[2026-04-13 00:58:35] current cache size: 0, finished: 0
[2026-04-13 00:58:35] current cache size: 0, finished: 0
[2026-04-13 00:58:35] current cache size: 0, finished: 0
[2026-04-13 00:58:35] current cache size: 0, finished: 0
[2026-04-13 00:58:35] current cache size: 0, finished: 0
[2026-04-13 00:58:35] current cache size: 0, finished: 0
[2026-04-13 00:58:35] current cache size: 0, finished: 0
[2026-04-13 00:58:36] current cache size: 0, finished: 0
[2026-04-13 00:58:36] current cache size: 0, finished: 0
[2026-04-13 00:58:36] current cache size: 0, finished: 0
[2026-04-13 00:58:36] current cache size: 0, finished: 0
[2026-04-13 00:58:36] current cache size: 0, finished: 0
[2026-04-13 00:58:36] current cache size: 0, finished: 0
[2026-04-13 00:58:36] current cache size: 0, finished: 0
[2026-04-13 00:58:36] current cache size: 0, finished: 0
[2026-04-13 00:58:36] current cache size: 0, finished: 0
[2026-04-13 00:58:36] current cache size: 0, finished: 0
[2026-04-13 00:58:36] current cache size: 0, finished: 0
[2026-04-13 00:58:36] current cache size: 0, finished: 0
[2026-04-13 00:58:36] current cache size: 0, finished: 0
[2026-04-13 00:58:36] current cache size: 0, finished: 0
[2026-04-13 00:58:36] current cache size: 0, finished: 0
[2026-04-13 00:58:36] current cache size: 0, finished: 0
[2026-04-13 00:58:36] current cache size: 0, finished: 0
[2026-04-13 00:58:37] current cache size: 0, finished: 0
[2026-04-13 00:58:37] current cache size: 0, finished: 0
[2026-04-13 00:58:37] current cache size: 0, finished: 0
[2026-04-13 00:58:37] current cache size: 0, finished: 0
[2026-04-13 00:58:37] current cache size: 0, finished: 0
[2026-04-13 00:58:37] current cache size: 0, finished: 0
[2026-04-13 00:58:37] current cache size: 0, finished: 0
[2026-04-13 00:58:37] current cache size: 0, finished: 0
[2026-04-13 00:58:37] current cache size: 0, finished: 0
[2026-04-13 00:58:37] current cache size: 0, finished: 0
[2026-04-13 00:58:37] current cache size: 0, finished: 0
[2026-04-13 00:58:37] current cache size: 0, finished: 0
[2026-04-13 00:58:37] current cache size: 0, finished: 0
[2026-04-13 00:58:37] current cache size: 0, finished: 0
[2026-04-13 00:58:37] current cache size: 0, finished: 0
[2026-04-13 00:58:37] current cache size: 0, finished: 0
[2026-04-13 00:58:38] current cache size: 0, finished: 0
[2026-04-13 00:58:38] current cache size: 0, finished: 0
[2026-04-13 00:58:38] current cache size: 0, finished: 0
[2026-04-13 00:58:38] current cache size: 0, finished: 0
[2026-04-13 00:58:38] current cache size: 0, finished: 0
[2026-04-13 00:58:38] current cache size: 0, finished: 0
[2026-04-13 00:58:38] current cache size: 0, finished: 0
[2026-04-13 00:58:38] current cache size: 0, finished: 0
[2026-04-13 00:58:38] current cache size: 0, finished: 0
[2026-04-13 00:58:38] current cache size: 0, finished: 0
[2026-04-13 00:58:38] current cache size: 0, finished: 0
[2026-04-13 00:58:38] current cache size: 0, finished: 0
[2026-04-13 00:58:38] current cache size: 0, finished: 0
[2026-04-13 00:58:38] current cache size: 0, finished: 0
[2026-04-13 00:58:38] current cache size: 0, finished: 0
[2026-04-13 00:58:38] current cache size: 0, finished: 0
[2026-04-13 00:58:39] current cache size: 0, finished: 0
[GRASP DEBUG] step=2000 grav=(0,0,9.81) | cond1(dist<0.1)=252/256 cond2(>=3 forces>0.5)=0/256 cond3(quat<thresh)=179/256 all=0/256 | ft_dist mean=0.0615 max=0.1292 | force mean=0.0000 max=0.0000
[GRASP DEBUG env0] obj_pos=[-0.050661563873291016, -0.0018839836120605469, 0.594459593296051]
[GRASP DEBUG env0]   ft0 pos=[-0.04803133010864258, 0.016950130462646484, 0.6370667219161987] dist=0.0467
[GRASP DEBUG env0]   ft1 pos=[-0.09160900115966797, 0.03273296356201172, 0.6339687705039978] dist=0.0666
[GRASP DEBUG env0]   ft2 pos=[-0.09377574920654297, 0.004000186920166016, 0.6313295364379883] dist=0.0570
[GRASP DEBUG env0]   ft3 pos=[-0.0891566276550293, -0.015999794006347656, 0.6334889531135559] dist=0.0566
[GRASP DEBUG env0]   ft4 pos=[-0.07875967025756836, -0.03599977493286133, 0.6269360780715942] dist=0.0548
[2026-04-13 00:58:39] current cache size: 0, finished: 0
[2026-04-13 00:58:39] current cache size: 0, finished: 0
[2026-04-13 00:58:39] current cache size: 0, finished: 0
[2026-04-13 00:58:39] current cache size: 0, finished: 0
[2026-04-13 00:58:39] current cache size: 0, finished: 0
[2026-04-13 00:58:39] current cache size: 0, finished: 0
[2026-04-13 00:58:39] current cache size: 0, finished: 0
[2026-04-13 00:58:39] current cache size: 0, finished: 0
[2026-04-13 00:58:39] current cache size: 0, finished: 0
[2026-04-13 00:58:39] current cache size: 0, finished: 0
[2026-04-13 00:58:39] current cache size: 0, finished: 0
[2026-04-13 00:58:39] current cache size: 0, finished: 0
[2026-04-13 00:58:39] current cache size: 0, finished: 0
[2026-04-13 00:58:39] current cache size: 0, finished: 0
[2026-04-13 00:58:39] current cache size: 0, finished: 0
[2026-04-13 00:58:39] current cache size: 0, finished: 0
[2026-04-13 00:58:40] current cache size: 0, finished: 0
[2026-04-13 00:58:40] current cache size: 0, finished: 0
[2026-04-13 00:58:40] current cache size: 0, finished: 0
[2026-04-13 00:58:40] current cache size: 0, finished: 0
[2026-04-13 00:58:40] current cache size: 0, finished: 0
[2026-04-13 00:58:40] current cache size: 0, finished: 0
[2026-04-13 00:58:40] current cache size: 0, finished: 0
[2026-04-13 00:58:40] current cache size: 0, finished: 0
[2026-04-13 00:58:40] current cache size: 0, finished: 0
[2026-04-13 00:58:40] current cache size: 0, finished: 0
[2026-04-13 00:58:40] current cache size: 0, finished: 0
[2026-04-13 00:58:40] current cache size: 0, finished: 0
[2026-04-13 00:58:40] current cache size: 0, finished: 0
[2026-04-13 00:58:40] current cache size: 0, finished: 0
[2026-04-13 00:58:40] current cache size: 0, finished: 0
[2026-04-13 00:58:40] current cache size: 0, finished: 0
[2026-04-13 00:58:41] current cache size: 0, finished: 0
[2026-04-13 00:58:41] current cache size: 0, finished: 0
[2026-04-13 00:58:41] current cache size: 0, finished: 0
[2026-04-13 00:58:41] current cache size: 0, finished: 0
[2026-04-13 00:58:41] current cache size: 0, finished: 0
[2026-04-13 00:58:41] current cache size: 0, finished: 0
[2026-04-13 00:58:41] current cache size: 0, finished: 0
[2026-04-13 00:58:41] current cache size: 0, finished: 0
[2026-04-13 00:58:41] current cache size: 0, finished: 0
[2026-04-13 00:58:41] current cache size: 0, finished: 0
[2026-04-13 00:58:41] current cache size: 0, finished: 0
[2026-04-13 00:58:41] current cache size: 0, finished: 0
[2026-04-13 00:58:41] current cache size: 0, finished: 0
[2026-04-13 00:58:41] current cache size: 0, finished: 0
[2026-04-13 00:58:41] current cache size: 0, finished: 0
[2026-04-13 00:58:41] current cache size: 0, finished: 0
[2026-04-13 00:58:41] current cache size: 0, finished: 0
[2026-04-13 00:58:42] current cache size: 0, finished: 0
[2026-04-13 00:58:42] current cache size: 0, finished: 0
[2026-04-13 00:58:42] current cache size: 0, finished: 0
[2026-04-13 00:58:42] current cache size: 0, finished: 0
[2026-04-13 00:58:42] current cache size: 0, finished: 0
[2026-04-13 00:58:42] current cache size: 0, finished: 0
[2026-04-13 00:58:42] current cache size: 0, finished: 0
[2026-04-13 00:58:42] current cache size: 0, finished: 0
[2026-04-13 00:58:42] current cache size: 0, finished: 0
[2026-04-13 00:58:42] current cache size: 0, finished: 0
[2026-04-13 00:58:42] current cache size: 0, finished: 0
[2026-04-13 00:58:42] current cache size: 0, finished: 0
[2026-04-13 00:58:42] current cache size: 0, finished: 0
[2026-04-13 00:58:42] current cache size: 0, finished: 0
[2026-04-13 00:58:42] current cache size: 0, finished: 0
[2026-04-13 00:58:42] current cache size: 0, finished: 0
[2026-04-13 00:58:43] current cache size: 0, finished: 0
[2026-04-13 00:58:43] current cache size: 0, finished: 0
[2026-04-13 00:58:43] current cache size: 0, finished: 0
[2026-04-13 00:58:43] current cache size: 0, finished: 0
[2026-04-13 00:58:43] current cache size: 0, finished: 0
[2026-04-13 00:58:43] current cache size: 0, finished: 0
[2026-04-13 00:58:43] current cache size: 0, finished: 0
[2026-04-13 00:58:43] current cache size: 0, finished: 0
[2026-04-13 00:58:43] current cache size: 0, finished: 0
[2026-04-13 00:58:43] current cache size: 0, finished: 0
[2026-04-13 00:58:43] current cache size: 0, finished: 0
[2026-04-13 00:58:43] current cache size: 0, finished: 0
[2026-04-13 00:58:43] current cache size: 0, finished: 0
[2026-04-13 00:58:43] current cache size: 0, finished: 0
[2026-04-13 00:58:43] current cache size: 0, finished: 0
[2026-04-13 00:58:43] current cache size: 0, finished: 0
[2026-04-13 00:58:43] current cache size: 0, finished: 0
[2026-04-13 00:58:44] current cache size: 0, finished: 0
[2026-04-13 00:58:44] current cache size: 0, finished: 0
[2026-04-13 00:58:44] current cache size: 0, finished: 0
[2026-04-13 00:58:44] current cache size: 0, finished: 0
[2026-04-13 00:58:44] current cache size: 0, finished: 0
[2026-04-13 00:58:44] current cache size: 0, finished: 0
[2026-04-13 00:58:44] current cache size: 0, finished: 0
[2026-04-13 00:58:44] current cache size: 0, finished: 0
[2026-04-13 00:58:44] current cache size: 0, finished: 0
[2026-04-13 00:58:44] current cache size: 0, finished: 0
[2026-04-13 00:58:44] current cache size: 0, finished: 0
[2026-04-13 00:58:44] current cache size: 0, finished: 0
[2026-04-13 00:58:44] current cache size: 0, finished: 0
[2026-04-13 00:58:44] current cache size: 0, finished: 0
[2026-04-13 00:58:44] current cache size: 0, finished: 0
[2026-04-13 00:58:44] current cache size: 0, finished: 0
[2026-04-13 00:58:45] current cache size: 0, finished: 0
[2026-04-13 00:58:45] current cache size: 0, finished: 0
[2026-04-13 00:58:45] current cache size: 0, finished: 0
[2026-04-13 00:58:45] current cache size: 0, finished: 0
[2026-04-13 00:58:45] current cache size: 0, finished: 0
[2026-04-13 00:58:45] current cache size: 0, finished: 0
[2026-04-13 00:58:45] current cache size: 0, finished: 0
[2026-04-13 00:58:45] current cache size: 0, finished: 0
[2026-04-13 00:58:45] current cache size: 0, finished: 0
[2026-04-13 00:58:45] current cache size: 0, finished: 0
[2026-04-13 00:58:45] current cache size: 0, finished: 0
[2026-04-13 00:58:45] current cache size: 0, finished: 0
[2026-04-13 00:58:45] current cache size: 0, finished: 0
[2026-04-13 00:58:45] current cache size: 0, finished: 0
[2026-04-13 00:58:45] current cache size: 0, finished: 0
[2026-04-13 00:58:45] current cache size: 0, finished: 0
[2026-04-13 00:58:45] current cache size: 0, finished: 0
[2026-04-13 00:58:46] current cache size: 0, finished: 0
[2026-04-13 00:58:46] current cache size: 0, finished: 0
[2026-04-13 00:58:46] current cache size: 0, finished: 0
[2026-04-13 00:58:46] current cache size: 0, finished: 0
[2026-04-13 00:58:46] current cache size: 0, finished: 0
[2026-04-13 00:58:46] current cache size: 0, finished: 0
[2026-04-13 00:58:46] current cache size: 0, finished: 0
[2026-04-13 00:58:46] current cache size: 0, finished: 0
[2026-04-13 00:58:46] current cache size: 0, finished: 0
[2026-04-13 00:58:46] current cache size: 0, finished: 0
[2026-04-13 00:58:46] current cache size: 0, finished: 0
[2026-04-13 00:58:46] current cache size: 0, finished: 0
[2026-04-13 00:58:46] current cache size: 0, finished: 0
[2026-04-13 00:58:46] current cache size: 0, finished: 0
[2026-04-13 00:58:46] current cache size: 0, finished: 0
[2026-04-13 00:58:46] current cache size: 0, finished: 0
[2026-04-13 00:58:46] current cache size: 0, finished: 0
[2026-04-13 00:58:47] current cache size: 0, finished: 0
[2026-04-13 00:58:47] current cache size: 0, finished: 0
[2026-04-13 00:58:47] current cache size: 0, finished: 0
[2026-04-13 00:58:47] current cache size: 0, finished: 0
[2026-04-13 00:58:47] current cache size: 0, finished: 0
[2026-04-13 00:58:47] current cache size: 0, finished: 0
[2026-04-13 00:58:47] current cache size: 0, finished: 0
[2026-04-13 00:58:47] current cache size: 0, finished: 0
[2026-04-13 00:58:47] current cache size: 0, finished: 0
[2026-04-13 00:58:47] current cache size: 0, finished: 0
[2026-04-13 00:58:47] current cache size: 0, finished: 0
[2026-04-13 00:58:47] current cache size: 0, finished: 0
[2026-04-13 00:58:47] current cache size: 0, finished: 0
[2026-04-13 00:58:47] current cache size: 0, finished: 0
[2026-04-13 00:58:47] current cache size: 0, finished: 0
[2026-04-13 00:58:47] current cache size: 0, finished: 0
[2026-04-13 00:58:48] current cache size: 0, finished: 0
[2026-04-13 00:58:48] current cache size: 0, finished: 0
[2026-04-13 00:58:48] current cache size: 0, finished: 0
[2026-04-13 00:58:48] current cache size: 0, finished: 0
[2026-04-13 00:58:48] current cache size: 0, finished: 0
[2026-04-13 00:58:48] current cache size: 0, finished: 0
[2026-04-13 00:58:48] current cache size: 0, finished: 0
[2026-04-13 00:58:48] current cache size: 0, finished: 0
[2026-04-13 00:58:48] current cache size: 0, finished: 0
[2026-04-13 00:58:48] current cache size: 0, finished: 0
[2026-04-13 00:58:48] current cache size: 0, finished: 0
[2026-04-13 00:58:48] current cache size: 0, finished: 0
[2026-04-13 00:58:48] current cache size: 0, finished: 0
[2026-04-13 00:58:48] current cache size: 0, finished: 0
[2026-04-13 00:58:48] current cache size: 0, finished: 0
[2026-04-13 00:58:48] current cache size: 0, finished: 0
[2026-04-13 00:58:49] current cache size: 0, finished: 0
[2026-04-13 00:58:49] current cache size: 0, finished: 0
[2026-04-13 00:58:49] current cache size: 0, finished: 0
[2026-04-13 00:58:49] current cache size: 0, finished: 0
[2026-04-13 00:58:49] current cache size: 0, finished: 0
[2026-04-13 00:58:49] current cache size: 0, finished: 0
[2026-04-13 00:58:49] current cache size: 0, finished: 0
[2026-04-13 00:58:49] current cache size: 0, finished: 0
[2026-04-13 00:58:49] current cache size: 0, finished: 0
[2026-04-13 00:58:49] current cache size: 0, finished: 0
[2026-04-13 00:58:49] current cache size: 0, finished: 0
[2026-04-13 00:58:49] current cache size: 0, finished: 0
[2026-04-13 00:58:49] current cache size: 0, finished: 0
[2026-04-13 00:58:49] current cache size: 0, finished: 0
[2026-04-13 00:58:49] current cache size: 0, finished: 0
[2026-04-13 00:58:49] current cache size: 0, finished: 0
[2026-04-13 00:58:49] current cache size: 0, finished: 0
[2026-04-13 00:58:50] current cache size: 0, finished: 0
[2026-04-13 00:58:50] current cache size: 0, finished: 0
[2026-04-13 00:58:50] current cache size: 0, finished: 0
[2026-04-13 00:58:50] current cache size: 0, finished: 0
[2026-04-13 00:58:50] current cache size: 0, finished: 0
[2026-04-13 00:58:50] current cache size: 0, finished: 0
[2026-04-13 00:58:50] current cache size: 0, finished: 0
[2026-04-13 00:58:50] current cache size: 0, finished: 0
[2026-04-13 00:58:50] current cache size: 0, finished: 0
[2026-04-13 00:58:50] current cache size: 0, finished: 0
[2026-04-13 00:58:50] current cache size: 0, finished: 0
[2026-04-13 00:58:50] current cache size: 0, finished: 0
[2026-04-13 00:58:50] current cache size: 0, finished: 0
[2026-04-13 00:58:50] current cache size: 0, finished: 0
[2026-04-13 00:58:50] current cache size: 0, finished: 0
[2026-04-13 00:58:50] current cache size: 0, finished: 0
[2026-04-13 00:58:50] current cache size: 0, finished: 0
[2026-04-13 00:58:51] current cache size: 0, finished: 0
[2026-04-13 00:58:51] current cache size: 0, finished: 0
[GRASP DEBUG] step=2200 grav=(-9.81,0,0) | cond1(dist<0.1)=256/256 cond2(>=3 forces>0.5)=0/256 cond3(quat<thresh)=193/256 all=0/256 | ft_dist mean=0.0635 max=0.0959 | force mean=0.0000 max=0.0000
[GRASP DEBUG env0] obj_pos=[-0.05261707305908203, -0.0009098052978515625, 0.5863804817199707]
[GRASP DEBUG env0]   ft0 pos=[-0.031642913818359375, 0.013926982879638672, 0.6469744443893433] dist=0.0658
[GRASP DEBUG env0]   ft1 pos=[-0.09742546081542969, 0.023606300354003906, 0.6313331127166748] dist=0.0680
[GRASP DEBUG env0]   ft2 pos=[-0.09228372573852539, 0.004000186920166016, 0.6346651911735535] dist=0.0627
[GRASP DEBUG env0]   ft3 pos=[-0.10072660446166992, -0.015999794006347656, 0.6328282356262207] dist=0.0686
[GRASP DEBUG env0]   ft4 pos=[-0.1026449203491211, -0.03599977493286133, 0.6316506862640381] dist=0.0760
[2026-04-13 00:58:51] current cache size: 0, finished: 0
[2026-04-13 00:58:51] current cache size: 0, finished: 0
[2026-04-13 00:58:51] current cache size: 0, finished: 0
[2026-04-13 00:58:51] current cache size: 0, finished: 0
[2026-04-13 00:58:51] current cache size: 0, finished: 0
[2026-04-13 00:58:51] current cache size: 0, finished: 0
[2026-04-13 00:58:51] current cache size: 0, finished: 0
[2026-04-13 00:58:51] current cache size: 0, finished: 0
[2026-04-13 00:58:51] current cache size: 0, finished: 0
[2026-04-13 00:58:51] current cache size: 0, finished: 0
[2026-04-13 00:58:51] current cache size: 0, finished: 0
[2026-04-13 00:58:51] current cache size: 0, finished: 0
[2026-04-13 00:58:51] current cache size: 0, finished: 0
[2026-04-13 00:58:51] current cache size: 0, finished: 0
[2026-04-13 00:58:52] current cache size: 0, finished: 0
[2026-04-13 00:58:52] current cache size: 0, finished: 0
[2026-04-13 00:58:52] current cache size: 0, finished: 0
[2026-04-13 00:58:52] current cache size: 0, finished: 0
[2026-04-13 00:58:52] current cache size: 0, finished: 0
[2026-04-13 00:58:52] current cache size: 0, finished: 0
[2026-04-13 00:58:52] current cache size: 0, finished: 0
[2026-04-13 00:58:52] current cache size: 0, finished: 0
[2026-04-13 00:58:52] current cache size: 0, finished: 0
[2026-04-13 00:58:52] current cache size: 0, finished: 0
[2026-04-13 00:58:52] current cache size: 0, finished: 0
[2026-04-13 00:58:52] current cache size: 0, finished: 0
[2026-04-13 00:58:52] current cache size: 0, finished: 0
[2026-04-13 00:58:52] current cache size: 0, finished: 0
[2026-04-13 00:58:52] current cache size: 0, finished: 0
[2026-04-13 00:58:52] current cache size: 0, finished: 0
[2026-04-13 00:58:53] current cache size: 0, finished: 0
[2026-04-13 00:58:53] current cache size: 0, finished: 0
[2026-04-13 00:58:53] current cache size: 0, finished: 0
[2026-04-13 00:58:53] current cache size: 0, finished: 0
[2026-04-13 00:58:53] current cache size: 0, finished: 0
[2026-04-13 00:58:53] current cache size: 0, finished: 0
[2026-04-13 00:58:53] current cache size: 0, finished: 0
[2026-04-13 00:58:53] current cache size: 0, finished: 0
[2026-04-13 00:58:53] current cache size: 0, finished: 0
[2026-04-13 00:58:53] current cache size: 0, finished: 0
[2026-04-13 00:58:53] current cache size: 0, finished: 0
[2026-04-13 00:58:53] current cache size: 0, finished: 0
[2026-04-13 00:58:53] current cache size: 0, finished: 0
[2026-04-13 00:58:53] current cache size: 0, finished: 0
[2026-04-13 00:58:53] current cache size: 0, finished: 0
[2026-04-13 00:58:53] current cache size: 0, finished: 0
[2026-04-13 00:58:53] current cache size: 0, finished: 0
[2026-04-13 00:58:54] current cache size: 0, finished: 0
[2026-04-13 00:58:54] current cache size: 0, finished: 0
[2026-04-13 00:58:54] current cache size: 0, finished: 0
[2026-04-13 00:58:54] current cache size: 0, finished: 0
[2026-04-13 00:58:54] current cache size: 0, finished: 0
[2026-04-13 00:58:54] current cache size: 0, finished: 0
[2026-04-13 00:58:54] current cache size: 0, finished: 0
[2026-04-13 00:58:54] current cache size: 0, finished: 0
[2026-04-13 00:58:54] current cache size: 0, finished: 0
[2026-04-13 00:58:54] current cache size: 0, finished: 0
[2026-04-13 00:58:54] current cache size: 0, finished: 0
[2026-04-13 00:58:54] current cache size: 0, finished: 0
[2026-04-13 00:58:54] current cache size: 0, finished: 0
[2026-04-13 00:58:54] current cache size: 0, finished: 0
[2026-04-13 00:58:54] current cache size: 0, finished: 0
[2026-04-13 00:58:54] current cache size: 0, finished: 0
[2026-04-13 00:58:54] current cache size: 0, finished: 0
[2026-04-13 00:58:55] current cache size: 0, finished: 0
[2026-04-13 00:58:55] current cache size: 0, finished: 0
[2026-04-13 00:58:55] current cache size: 0, finished: 0
[2026-04-13 00:58:55] current cache size: 0, finished: 0
[2026-04-13 00:58:55] current cache size: 0, finished: 0
[2026-04-13 00:58:55] current cache size: 0, finished: 0
[2026-04-13 00:58:55] current cache size: 0, finished: 0
[2026-04-13 00:58:55] current cache size: 0, finished: 0
[2026-04-13 00:58:55] current cache size: 0, finished: 0
[2026-04-13 00:58:55] current cache size: 0, finished: 0
[2026-04-13 00:58:55] current cache size: 0, finished: 0
[2026-04-13 00:58:55] current cache size: 0, finished: 0
[2026-04-13 00:58:55] current cache size: 0, finished: 0
[2026-04-13 00:58:55] current cache size: 0, finished: 0
[2026-04-13 00:58:55] current cache size: 0, finished: 0
[2026-04-13 00:58:55] current cache size: 0, finished: 0
[2026-04-13 00:58:56] current cache size: 0, finished: 0
[2026-04-13 00:58:56] current cache size: 0, finished: 0
[2026-04-13 00:58:56] current cache size: 0, finished: 0
[2026-04-13 00:58:56] current cache size: 0, finished: 0
[2026-04-13 00:58:56] current cache size: 0, finished: 0
[2026-04-13 00:58:56] current cache size: 0, finished: 0
[2026-04-13 00:58:56] current cache size: 0, finished: 0
[2026-04-13 00:58:56] current cache size: 0, finished: 0
[2026-04-13 00:58:56] current cache size: 0, finished: 0
[2026-04-13 00:58:56] current cache size: 0, finished: 0
[2026-04-13 00:58:56] current cache size: 0, finished: 0
[2026-04-13 00:58:56] current cache size: 0, finished: 0
[2026-04-13 00:58:56] current cache size: 0, finished: 0
[2026-04-13 00:58:56] current cache size: 0, finished: 0
[2026-04-13 00:58:56] current cache size: 0, finished: 0
[2026-04-13 00:58:56] current cache size: 0, finished: 0
[2026-04-13 00:58:57] current cache size: 0, finished: 0
[2026-04-13 00:58:57] current cache size: 0, finished: 0
[2026-04-13 00:58:57] current cache size: 0, finished: 0
[2026-04-13 00:58:57] current cache size: 0, finished: 0
[2026-04-13 00:58:57] current cache size: 0, finished: 0
[2026-04-13 00:58:57] current cache size: 0, finished: 0
[2026-04-13 00:58:57] current cache size: 0, finished: 0
[2026-04-13 00:58:57] current cache size: 0, finished: 0
[2026-04-13 00:58:57] current cache size: 0, finished: 0
[2026-04-13 00:58:57] current cache size: 0, finished: 0
[2026-04-13 00:58:57] current cache size: 0, finished: 0
[2026-04-13 00:58:57] current cache size: 0, finished: 0
[2026-04-13 00:58:57] current cache size: 0, finished: 0
[2026-04-13 00:58:57] current cache size: 0, finished: 0
[2026-04-13 00:58:57] current cache size: 0, finished: 0
[2026-04-13 00:58:57] current cache size: 0, finished: 0
[2026-04-13 00:58:58] current cache size: 0, finished: 0
[2026-04-13 00:58:58] current cache size: 0, finished: 0
[2026-04-13 00:58:58] current cache size: 0, finished: 0
[2026-04-13 00:58:58] current cache size: 0, finished: 0
[2026-04-13 00:58:58] current cache size: 0, finished: 0
[2026-04-13 00:58:58] current cache size: 0, finished: 0
[2026-04-13 00:58:58] current cache size: 0, finished: 0
[2026-04-13 00:58:58] current cache size: 0, finished: 0
[2026-04-13 00:58:58] current cache size: 0, finished: 0
[2026-04-13 00:58:58] current cache size: 0, finished: 0
[2026-04-13 00:58:58] current cache size: 0, finished: 0
[2026-04-13 00:58:58] current cache size: 0, finished: 0
[2026-04-13 00:58:58] current cache size: 0, finished: 0
[2026-04-13 00:58:58] current cache size: 0, finished: 0
[2026-04-13 00:58:58] current cache size: 0, finished: 0
[2026-04-13 00:58:58] current cache size: 0, finished: 0
[2026-04-13 00:58:59] current cache size: 0, finished: 0
[2026-04-13 00:58:59] current cache size: 0, finished: 0
[2026-04-13 00:58:59] current cache size: 0, finished: 0
[2026-04-13 00:58:59] current cache size: 0, finished: 0
[2026-04-13 00:58:59] current cache size: 0, finished: 0
[2026-04-13 00:58:59] current cache size: 0, finished: 0
[2026-04-13 00:58:59] current cache size: 0, finished: 0
[2026-04-13 00:58:59] current cache size: 0, finished: 0
[2026-04-13 00:58:59] current cache size: 0, finished: 0
[2026-04-13 00:58:59] current cache size: 0, finished: 0
[2026-04-13 00:58:59] current cache size: 0, finished: 0
[2026-04-13 00:58:59] current cache size: 0, finished: 0
[2026-04-13 00:58:59] current cache size: 0, finished: 0
[2026-04-13 00:58:59] current cache size: 0, finished: 0
[2026-04-13 00:58:59] current cache size: 0, finished: 0
[2026-04-13 00:58:59] current cache size: 0, finished: 0
[2026-04-13 00:59:00] current cache size: 0, finished: 0
[2026-04-13 00:59:00] current cache size: 0, finished: 0
[2026-04-13 00:59:00] current cache size: 0, finished: 0
[2026-04-13 00:59:00] current cache size: 0, finished: 0
[2026-04-13 00:59:00] current cache size: 0, finished: 0
[2026-04-13 00:59:00] current cache size: 0, finished: 0
[2026-04-13 00:59:00] current cache size: 0, finished: 0
[2026-04-13 00:59:00] current cache size: 0, finished: 0
[2026-04-13 00:59:00] current cache size: 0, finished: 0
[2026-04-13 00:59:00] current cache size: 0, finished: 0
[2026-04-13 00:59:00] current cache size: 0, finished: 0
[2026-04-13 00:59:00] current cache size: 0, finished: 0
[2026-04-13 00:59:00] current cache size: 0, finished: 0
[2026-04-13 00:59:00] current cache size: 0, finished: 0
[2026-04-13 00:59:00] current cache size: 0, finished: 0
[2026-04-13 00:59:00] current cache size: 0, finished: 0
[2026-04-13 00:59:00] current cache size: 0, finished: 0
[2026-04-13 00:59:01] current cache size: 0, finished: 0
[2026-04-13 00:59:01] current cache size: 0, finished: 0
[2026-04-13 00:59:01] current cache size: 0, finished: 0
[2026-04-13 00:59:01] current cache size: 0, finished: 0
[2026-04-13 00:59:01] current cache size: 0, finished: 0
[2026-04-13 00:59:01] current cache size: 0, finished: 0
[2026-04-13 00:59:01] current cache size: 0, finished: 0
[2026-04-13 00:59:01] current cache size: 0, finished: 0
[2026-04-13 00:59:01] current cache size: 0, finished: 0
[2026-04-13 00:59:01] current cache size: 0, finished: 0
[2026-04-13 00:59:01] current cache size: 0, finished: 0
[2026-04-13 00:59:01] current cache size: 0, finished: 0
[2026-04-13 00:59:01] current cache size: 0, finished: 0
[2026-04-13 00:59:01] current cache size: 0, finished: 0
[2026-04-13 00:59:01] current cache size: 0, finished: 0
[2026-04-13 00:59:01] current cache size: 0, finished: 0
[2026-04-13 00:59:02] current cache size: 0, finished: 0
[2026-04-13 00:59:02] current cache size: 0, finished: 0
[2026-04-13 00:59:02] current cache size: 0, finished: 0
[2026-04-13 00:59:02] current cache size: 0, finished: 0
[2026-04-13 00:59:02] current cache size: 0, finished: 0
[2026-04-13 00:59:02] current cache size: 0, finished: 0
[2026-04-13 00:59:02] current cache size: 0, finished: 0
[2026-04-13 00:59:02] current cache size: 0, finished: 0
[2026-04-13 00:59:02] current cache size: 0, finished: 0
[2026-04-13 00:59:02] current cache size: 0, finished: 0
[2026-04-13 00:59:02] current cache size: 0, finished: 0
[2026-04-13 00:59:02] current cache size: 0, finished: 0
[2026-04-13 00:59:02] current cache size: 0, finished: 0
[2026-04-13 00:59:02] current cache size: 0, finished: 0
[2026-04-13 00:59:02] current cache size: 0, finished: 0
[2026-04-13 00:59:02] current cache size: 0, finished: 0
[2026-04-13 00:59:03] current cache size: 0, finished: 0
[2026-04-13 00:59:03] current cache size: 0, finished: 0
[2026-04-13 00:59:03] current cache size: 0, finished: 0
[2026-04-13 00:59:03] current cache size: 0, finished: 0
[2026-04-13 00:59:03] current cache size: 0, finished: 0
[2026-04-13 00:59:03] current cache size: 0, finished: 0
[2026-04-13 00:59:03] current cache size: 0, finished: 0
[GRASP DEBUG] step=2400 grav=(9.81,0,0) | cond1(dist<0.1)=255/256 cond2(>=3 forces>0.5)=0/256 cond3(quat<thresh)=188/256 all=0/256 | ft_dist mean=0.0719 max=0.1061 | force mean=0.0000 max=0.0000
[GRASP DEBUG env0] obj_pos=[-0.04918336868286133, -0.005919456481933594, 0.578525722026825]
[GRASP DEBUG env0]   ft0 pos=[-0.040628910064697266, -0.010848522186279297, 0.6365656852722168] dist=0.0589
[GRASP DEBUG env0]   ft1 pos=[-0.09730863571166992, 0.023506641387939453, 0.6349191665649414] dist=0.0798
[GRASP DEBUG env0]   ft2 pos=[-0.08993244171142578, 0.004000186920166016, 0.6300978660583496] dist=0.0665
[GRASP DEBUG env0]   ft3 pos=[-0.10930395126342773, -0.015999794006347656, 0.6318910717964172] dist=0.0810
[GRASP DEBUG env0]   ft4 pos=[-0.09148693084716797, -0.03599977493286133, 0.6316026449203491] dist=0.0742
[2026-04-13 00:59:03] current cache size: 0, finished: 0
[2026-04-13 00:59:03] current cache size: 0, finished: 0
[2026-04-13 00:59:03] current cache size: 0, finished: 0
[2026-04-13 00:59:03] current cache size: 0, finished: 0
[2026-04-13 00:59:03] current cache size: 0, finished: 0
[2026-04-13 00:59:03] current cache size: 0, finished: 0
[2026-04-13 00:59:03] current cache size: 0, finished: 0
[2026-04-13 00:59:03] current cache size: 0, finished: 0
[2026-04-13 00:59:03] current cache size: 0, finished: 0
[2026-04-13 00:59:04] current cache size: 0, finished: 0
[2026-04-13 00:59:04] current cache size: 0, finished: 0
[2026-04-13 00:59:04] current cache size: 0, finished: 0
[2026-04-13 00:59:04] current cache size: 0, finished: 0
[2026-04-13 00:59:04] current cache size: 0, finished: 0
[2026-04-13 00:59:04] current cache size: 0, finished: 0
[2026-04-13 00:59:04] current cache size: 0, finished: 0
[2026-04-13 00:59:04] current cache size: 0, finished: 0
[2026-04-13 00:59:04] current cache size: 0, finished: 0
[2026-04-13 00:59:04] current cache size: 0, finished: 0
[2026-04-13 00:59:04] current cache size: 0, finished: 0
[2026-04-13 00:59:04] current cache size: 0, finished: 0
[2026-04-13 00:59:04] current cache size: 0, finished: 0
[2026-04-13 00:59:04] current cache size: 0, finished: 0
[2026-04-13 00:59:04] current cache size: 0, finished: 0
[2026-04-13 00:59:04] current cache size: 0, finished: 0
[2026-04-13 00:59:05] current cache size: 0, finished: 0
[2026-04-13 00:59:05] current cache size: 0, finished: 0
[2026-04-13 00:59:05] current cache size: 0, finished: 0
[2026-04-13 00:59:05] current cache size: 0, finished: 0
[2026-04-13 00:59:05] current cache size: 0, finished: 0
[2026-04-13 00:59:05] current cache size: 0, finished: 0
[2026-04-13 00:59:05] current cache size: 0, finished: 0
[2026-04-13 00:59:05] current cache size: 0, finished: 0
[2026-04-13 00:59:05] current cache size: 0, finished: 0
[2026-04-13 00:59:05] current cache size: 0, finished: 0
[2026-04-13 00:59:05] current cache size: 0, finished: 0
[2026-04-13 00:59:05] current cache size: 0, finished: 0
[2026-04-13 00:59:05] current cache size: 0, finished: 0
[2026-04-13 00:59:05] current cache size: 0, finished: 0
[2026-04-13 00:59:05] current cache size: 0, finished: 0
[2026-04-13 00:59:05] current cache size: 0, finished: 0
[2026-04-13 00:59:06] current cache size: 0, finished: 0
[2026-04-13 00:59:06] current cache size: 0, finished: 0
[2026-04-13 00:59:06] current cache size: 0, finished: 0
[2026-04-13 00:59:06] current cache size: 0, finished: 0
[2026-04-13 00:59:06] current cache size: 0, finished: 0
[2026-04-13 00:59:06] current cache size: 0, finished: 0
[2026-04-13 00:59:06] current cache size: 0, finished: 0
[2026-04-13 00:59:06] current cache size: 0, finished: 0
[2026-04-13 00:59:06] current cache size: 0, finished: 0
[2026-04-13 00:59:06] current cache size: 0, finished: 0
[2026-04-13 00:59:06] current cache size: 0, finished: 0
[2026-04-13 00:59:06] current cache size: 0, finished: 0
[2026-04-13 00:59:06] current cache size: 0, finished: 0
[2026-04-13 00:59:06] current cache size: 0, finished: 0
[2026-04-13 00:59:06] current cache size: 0, finished: 0
[2026-04-13 00:59:06] current cache size: 0, finished: 0
[2026-04-13 00:59:07] current cache size: 0, finished: 0
[2026-04-13 00:59:07] current cache size: 0, finished: 0
[2026-04-13 00:59:07] current cache size: 0, finished: 0
[2026-04-13 00:59:07] current cache size: 0, finished: 0
[2026-04-13 00:59:07] current cache size: 0, finished: 0
[2026-04-13 00:59:07] current cache size: 0, finished: 0
[2026-04-13 00:59:07] current cache size: 0, finished: 0
[2026-04-13 00:59:07] current cache size: 0, finished: 0
[2026-04-13 00:59:07] current cache size: 0, finished: 0
[2026-04-13 00:59:07] current cache size: 0, finished: 0
[2026-04-13 00:59:07] current cache size: 0, finished: 0
[2026-04-13 00:59:07] current cache size: 0, finished: 0
[2026-04-13 00:59:07] current cache size: 0, finished: 0
[2026-04-13 00:59:07] current cache size: 0, finished: 0
[2026-04-13 00:59:07] current cache size: 0, finished: 0
[2026-04-13 00:59:07] current cache size: 0, finished: 0
[2026-04-13 00:59:07] current cache size: 0, finished: 0
[2026-04-13 00:59:08] current cache size: 0, finished: 0
[2026-04-13 00:59:08] current cache size: 0, finished: 0
[2026-04-13 00:59:08] current cache size: 0, finished: 0
[2026-04-13 00:59:08] current cache size: 0, finished: 0
[2026-04-13 00:59:08] current cache size: 0, finished: 0
[2026-04-13 00:59:08] current cache size: 0, finished: 0
[2026-04-13 00:59:08] current cache size: 0, finished: 0
[2026-04-13 00:59:08] current cache size: 0, finished: 0
[2026-04-13 00:59:08] current cache size: 0, finished: 0
[2026-04-13 00:59:08] current cache size: 0, finished: 0
[2026-04-13 00:59:08] current cache size: 0, finished: 0
[2026-04-13 00:59:08] current cache size: 0, finished: 0
[2026-04-13 00:59:08] current cache size: 0, finished: 0
[2026-04-13 00:59:08] current cache size: 0, finished: 0
[2026-04-13 00:59:08] current cache size: 0, finished: 0
[2026-04-13 00:59:08] current cache size: 0, finished: 0
[2026-04-13 00:59:09] current cache size: 0, finished: 0
[2026-04-13 00:59:09] current cache size: 0, finished: 0
[2026-04-13 00:59:09] current cache size: 0, finished: 0
[2026-04-13 00:59:09] current cache size: 0, finished: 0
[2026-04-13 00:59:09] current cache size: 0, finished: 0
[2026-04-13 00:59:09] current cache size: 0, finished: 0
[2026-04-13 00:59:09] current cache size: 0, finished: 0
[2026-04-13 00:59:09] current cache size: 0, finished: 0
[2026-04-13 00:59:09] current cache size: 0, finished: 0
[2026-04-13 00:59:09] current cache size: 0, finished: 0
[2026-04-13 00:59:09] current cache size: 0, finished: 0
[2026-04-13 00:59:09] current cache size: 0, finished: 0
[2026-04-13 00:59:09] current cache size: 0, finished: 0
[2026-04-13 00:59:09] current cache size: 0, finished: 0
[2026-04-13 00:59:09] current cache size: 0, finished: 0
[2026-04-13 00:59:09] current cache size: 0, finished: 0
[2026-04-13 00:59:09] current cache size: 0, finished: 0
[2026-04-13 00:59:10] current cache size: 0, finished: 0
[2026-04-13 00:59:10] current cache size: 0, finished: 0
[2026-04-13 00:59:10] current cache size: 0, finished: 0
[2026-04-13 00:59:10] current cache size: 0, finished: 0
[2026-04-13 00:59:10] current cache size: 0, finished: 0
[2026-04-13 00:59:10] current cache size: 0, finished: 0
[2026-04-13 00:59:10] current cache size: 0, finished: 0
[2026-04-13 00:59:10] current cache size: 0, finished: 0
[2026-04-13 00:59:10] current cache size: 0, finished: 0
[2026-04-13 00:59:10] current cache size: 0, finished: 0
[2026-04-13 00:59:10] current cache size: 0, finished: 0
[2026-04-13 00:59:10] current cache size: 0, finished: 0
[2026-04-13 00:59:10] current cache size: 0, finished: 0
[2026-04-13 00:59:10] current cache size: 0, finished: 0
[2026-04-13 00:59:10] current cache size: 0, finished: 0
[2026-04-13 00:59:10] current cache size: 0, finished: 0
[2026-04-13 00:59:11] current cache size: 0, finished: 0
[2026-04-13 00:59:11] current cache size: 0, finished: 0
[2026-04-13 00:59:11] current cache size: 0, finished: 0
[2026-04-13 00:59:11] current cache size: 0, finished: 0
[2026-04-13 00:59:11] current cache size: 0, finished: 0
[2026-04-13 00:59:11] current cache size: 0, finished: 0
[2026-04-13 00:59:11] current cache size: 0, finished: 0
[2026-04-13 00:59:11] current cache size: 0, finished: 0
[2026-04-13 00:59:11] current cache size: 0, finished: 0
[2026-04-13 00:59:11] current cache size: 0, finished: 0
[2026-04-13 00:59:11] current cache size: 0, finished: 0
[2026-04-13 00:59:11] current cache size: 0, finished: 0
[2026-04-13 00:59:11] current cache size: 0, finished: 0
[2026-04-13 00:59:11] current cache size: 0, finished: 0
[2026-04-13 00:59:11] current cache size: 0, finished: 0
[2026-04-13 00:59:11] current cache size: 0, finished: 0
[2026-04-13 00:59:12] current cache size: 0, finished: 0
[2026-04-13 00:59:12] current cache size: 0, finished: 0
[2026-04-13 00:59:12] current cache size: 0, finished: 0
[2026-04-13 00:59:12] current cache size: 0, finished: 0
[2026-04-13 00:59:12] current cache size: 0, finished: 0
[2026-04-13 00:59:12] current cache size: 0, finished: 0
[2026-04-13 00:59:12] current cache size: 0, finished: 0
[2026-04-13 00:59:12] current cache size: 0, finished: 0
[2026-04-13 00:59:12] current cache size: 0, finished: 0
[2026-04-13 00:59:12] current cache size: 0, finished: 0
[2026-04-13 00:59:12] current cache size: 0, finished: 0
[2026-04-13 00:59:12] current cache size: 0, finished: 0
[2026-04-13 00:59:12] current cache size: 0, finished: 0
[2026-04-13 00:59:12] current cache size: 0, finished: 0
[2026-04-13 00:59:12] current cache size: 0, finished: 0
[2026-04-13 00:59:12] current cache size: 0, finished: 0
[2026-04-13 00:59:13] current cache size: 0, finished: 0
[2026-04-13 00:59:13] current cache size: 0, finished: 0
[2026-04-13 00:59:13] current cache size: 0, finished: 0
[2026-04-13 00:59:13] current cache size: 0, finished: 0
[2026-04-13 00:59:13] current cache size: 0, finished: 0
[2026-04-13 00:59:13] current cache size: 0, finished: 0
[2026-04-13 00:59:13] current cache size: 0, finished: 0
[2026-04-13 00:59:13] current cache size: 0, finished: 0
[2026-04-13 00:59:13] current cache size: 0, finished: 0
[2026-04-13 00:59:13] current cache size: 0, finished: 0
[2026-04-13 00:59:13] current cache size: 0, finished: 0
[2026-04-13 00:59:13] current cache size: 0, finished: 0
[2026-04-13 00:59:13] current cache size: 0, finished: 0
[2026-04-13 00:59:13] current cache size: 0, finished: 0
[2026-04-13 00:59:13] current cache size: 0, finished: 0
[2026-04-13 00:59:13] current cache size: 0, finished: 0
[2026-04-13 00:59:13] current cache size: 0, finished: 0
[2026-04-13 00:59:14] current cache size: 0, finished: 0
[2026-04-13 00:59:14] current cache size: 0, finished: 0
[2026-04-13 00:59:14] current cache size: 0, finished: 0
[2026-04-13 00:59:14] current cache size: 0, finished: 0
[2026-04-13 00:59:14] current cache size: 0, finished: 0
[2026-04-13 00:59:14] current cache size: 0, finished: 0
[2026-04-13 00:59:14] current cache size: 0, finished: 0
[2026-04-13 00:59:14] current cache size: 0, finished: 0
[2026-04-13 00:59:14] current cache size: 0, finished: 0
[2026-04-13 00:59:14] current cache size: 0, finished: 0
[2026-04-13 00:59:14] current cache size: 0, finished: 0
[2026-04-13 00:59:14] current cache size: 0, finished: 0
[2026-04-13 00:59:14] current cache size: 0, finished: 0
[2026-04-13 00:59:14] current cache size: 0, finished: 0
[2026-04-13 00:59:14] current cache size: 0, finished: 0
[2026-04-13 00:59:14] current cache size: 0, finished: 0
[2026-04-13 00:59:15] current cache size: 0, finished: 0
[2026-04-13 00:59:15] current cache size: 0, finished: 0
[2026-04-13 00:59:15] current cache size: 0, finished: 0
[2026-04-13 00:59:15] current cache size: 0, finished: 0
[2026-04-13 00:59:15] current cache size: 0, finished: 0
[2026-04-13 00:59:15] current cache size: 0, finished: 0
[2026-04-13 00:59:15] current cache size: 0, finished: 0
[2026-04-13 00:59:15] current cache size: 0, finished: 0
[2026-04-13 00:59:15] current cache size: 0, finished: 0
[2026-04-13 00:59:15] current cache size: 0, finished: 0
[2026-04-13 00:59:15] current cache size: 0, finished: 0
[2026-04-13 00:59:15] current cache size: 0, finished: 0
[GRASP DEBUG] step=2600 grav=(0,-9.81,0) | cond1(dist<0.1)=252/256 cond2(>=3 forces>0.5)=0/256 cond3(quat<thresh)=193/256 all=0/256 | ft_dist mean=0.0694 max=0.1196 | force mean=0.0000 max=0.0000
[GRASP DEBUG env0] obj_pos=[-0.05402421951293945, -0.015077590942382812, 0.5814628005027771]
[GRASP DEBUG env0]   ft0 pos=[-0.04519462585449219, 0.013649463653564453, 0.6408637762069702] dist=0.0666
[GRASP DEBUG env0]   ft1 pos=[-0.09965276718139648, 0.03268289566040039, 0.6313220858573914] dist=0.0828
[GRASP DEBUG env0]   ft2 pos=[-0.09824800491333008, 0.004000186920166016, 0.6299805045127869] dist=0.0684
[GRASP DEBUG env0]   ft3 pos=[-0.09125518798828125, -0.015999794006347656, 0.630077064037323] dist=0.0612
[GRASP DEBUG env0]   ft4 pos=[-0.09020280838012695, -0.03599977493286133, 0.632466197013855] dist=0.0659
