[INFO][AppLauncher]: Using device: cuda:0
[INFO][AppLauncher]: Loading experience file: /home/lingfeng/playground/sharpa-rl-lab/.pixi/envs/default/lib/python3.11/site-packages/isaaclab/apps/isaaclab.python.headless.kit
[INFO]: Parsing configuration from: rl_isaaclab.tasks.inhand_rotate.xhand_grasp_env_cfg:XhandGraspEnvCfg
[INFO]: Parsing configuration from: /home/lingfeng/playground/sharpa-rl-lab/rl_isaaclab/tasks/inhand_rotate/agents/ppo_cfg.yaml

[36m======================================================================================[0m
[36m[1m[INFO][IsaacLab]: Logging to file: /tmp/isaaclab/logs/isaaclab_2026-04-13_00-38-41.log[0m
[36m======================================================================================[0m

[33m00:38:41 [simulation_context.py] WARNING: The `enable_external_forces_every_iteration` parameter in the PhysxCfg is set to False. If you are experiencing noisy velocities, consider enabling this flag. You may need to slightly increase the number of velocity iterations (setting it to 1 or 2 rather than 0), together with this flag, to improve the accuracy of velocity updates.[0m
[INFO]: Base environment:
	Environment device    : cuda:0
	Environment seed      : 42
	Physics step-size     : 0.004166666666666667
	Rendering step-size   : 0.008333333333333333
	Environment step-size : 0.05
[33m00:38:41 [direct_rl_env.py] WARNING: The render interval (2) is smaller than the decimation (12). Multiple render calls will happen for each environment step.If this is not intended, set the render interval to be equal to the decimation.[0m
[33m00:38:41 [prims.py] WARNING: Could not perform 'modify_collision_properties' on any prims under: '/World/envs/env_0/Robot'. This might be because of the following reasons:
	(1) The desired attribute does not exist on any of the prims.
	(2) The desired attribute exists on an instanced prim.
		Discovered list of instanced prim paths: ['/World/envs/env_0/Robot/right_hand_link/visuals', '/World/envs/env_0/Robot/right_hand_link/collisions', '/World/envs/env_0/Robot/right_hand_back_link/visuals', '/World/envs/env_0/Robot/right_hand_back_link/collisions', '/World/envs/env_0/Robot/right_hand_ee_link/visuals', '/World/envs/env_0/Robot/right_hand_ee_link/collisions', '/World/envs/env_0/Robot/right_hand_index_bend_link/visuals', '/World/envs/env_0/Robot/right_hand_index_bend_link/collisions', '/World/envs/env_0/Robot/right_hand_index_rota_link1/visuals', '/World/envs/env_0/Robot/right_hand_index_rota_link1/collisions', '/World/envs/env_0/Robot/right_hand_index_rota_link2/visuals', '/World/envs/env_0/Robot/right_hand_index_rota_link2/collisions', '/World/envs/env_0/Robot/right_hand_index_rota_tip/visuals', '/World/envs/env_0/Robot/right_hand_index_rota_tip/collisions', '/World/envs/env_0/Robot/right_hand_index_rotaback_link2/visuals', '/World/envs/env_0/Robot/right_hand_index_rotaback_link2/collisions', '/World/envs/env_0/Robot/right_hand_index_rotaback_link1/visuals', '/World/envs/env_0/Robot/right_hand_index_rotaback_link1/collisions', '/World/envs/env_0/Robot/right_hand_mid_link1/visuals', '/World/envs/env_0/Robot/right_hand_mid_link1/collisions', '/World/envs/env_0/Robot/right_hand_mid_link2/visuals', '/World/envs/env_0/Robot/right_hand_mid_link2/collisions', '/World/envs/env_0/Robot/right_hand_mid_tip/visuals', '/World/envs/env_0/Robot/right_hand_mid_tip/collisions', '/World/envs/env_0/Robot/right_hand_midback_link2/visuals', '/World/envs/env_0/Robot/right_hand_midback_link2/collisions', '/World/envs/env_0/Robot/right_hand_midback_link1/visuals', '/World/envs/env_0/Robot/right_hand_midback_link1/collisions', '/World/envs/env_0/Robot/right_hand_pinky_link1/visuals', '/World/envs/env_0/Robot/right_hand_pinky_link1/collisions', '/World/envs/env_0/Robot/right_hand_pinky_link2/visuals', '/World/envs/env_0/Robot/right_hand_pinky_link2/collisions', '/World/envs/env_0/Robot/right_hand_pinky_tip/visuals', '/World/envs/env_0/Robot/right_hand_pinky_tip/collisions', '/World/envs/env_0/Robot/right_hand_pinkyback_link2/visuals', '/World/envs/env_0/Robot/right_hand_pinkyback_link2/collisions', '/World/envs/env_0/Robot/right_hand_pinkyback_link1/visuals', '/World/envs/env_0/Robot/right_hand_pinkyback_link1/collisions', '/World/envs/env_0/Robot/right_hand_ring_link1/visuals', '/World/envs/env_0/Robot/right_hand_ring_link1/collisions', '/World/envs/env_0/Robot/right_hand_ring_link2/visuals', '/World/envs/env_0/Robot/right_hand_ring_link2/collisions', '/World/envs/env_0/Robot/right_hand_ring_tip/visuals', '/World/envs/env_0/Robot/right_hand_ring_tip/collisions', '/World/envs/env_0/Robot/right_hand_ringback_link2/visuals', '/World/envs/env_0/Robot/right_hand_ringback_link2/collisions', '/World/envs/env_0/Robot/right_hand_ringback_link1/visuals', '/World/envs/env_0/Robot/right_hand_ringback_link1/collisions', '/World/envs/env_0/Robot/right_hand_thumb_bend_link/visuals', '/World/envs/env_0/Robot/right_hand_thumb_bend_link/collisions', '/World/envs/env_0/Robot/right_hand_thumb_rota_link1/visuals', '/World/envs/env_0/Robot/right_hand_thumb_rota_link1/collisions', '/World/envs/env_0/Robot/right_hand_thumb_rota_link2/visuals', '/World/envs/env_0/Robot/right_hand_thumb_rota_link2/collisions', '/World/envs/env_0/Robot/right_hand_thumb_rota_tip/visuals', '/World/envs/env_0/Robot/right_hand_thumb_rota_tip/collisions', '/World/envs/env_0/Robot/right_hand_thumb_rotaback_link2/visuals', '/World/envs/env_0/Robot/right_hand_thumb_rotaback_link2/collisions', '/World/envs/env_0/Robot/right_hand_thumb_rotaback_link1/visuals', '/World/envs/env_0/Robot/right_hand_thumb_rotaback_link1/collisions'][0m
[33m00:38:54 [interactive_scene.py] WARNING: Collision filtering can only be automatically enabled when replicate_physics=True and using GPU simulation. Please call scene.filter_collisions(global_prim_paths) to filter collisions across environments.[0m
[INFO]: Time taken for scene creation : 13.494664 seconds
[INFO]: Scene manager:  <class InteractiveScene>
	Number of environments: 4096
	Environment spacing   : 0.75
	Source prim name      : /World/envs/env_0
	Global prim paths     : []
	Replicate physics     : False
[INFO]: Starting the simulation. This may take a few seconds. Please wait...
[INFO]: Time taken for simulation start : 18.375153 seconds
[INFO] Event Manager:  <EventManager> contains 1 active terms.
+----------------------------------------+
| Active Event Terms in Mode: 'prestartup' |
+-----------+----------------------------+
|   Index   | Name                       |
+-----------+----------------------------+
|     0     | randomize_scale            |
+-----------+----------------------------+

[INFO]: Completed setting up the environment...
[2026-04-13 00:39:14] current cache size: 0, finished: 0
[2026-04-13 00:39:14] current cache size: 0, finished: 0
[2026-04-13 00:39:15] current cache size: 0, finished: 0
[2026-04-13 00:39:15] current cache size: 0, finished: 0
[2026-04-13 00:39:15] current cache size: 0, finished: 0
[2026-04-13 00:39:15] current cache size: 0, finished: 0
[2026-04-13 00:39:15] current cache size: 0, finished: 0
[2026-04-13 00:39:15] current cache size: 0, finished: 0
[2026-04-13 00:39:16] current cache size: 0, finished: 0
[2026-04-13 00:39:16] current cache size: 0, finished: 0
[2026-04-13 00:39:16] current cache size: 0, finished: 0
[2026-04-13 00:39:16] current cache size: 0, finished: 0
[2026-04-13 00:39:16] current cache size: 0, finished: 0
[2026-04-13 00:39:16] current cache size: 0, finished: 0
[2026-04-13 00:39:17] current cache size: 0, finished: 0
[2026-04-13 00:39:17] current cache size: 0, finished: 0
[2026-04-13 00:39:17] current cache size: 0, finished: 0
[2026-04-13 00:39:17] current cache size: 0, finished: 0
[2026-04-13 00:39:17] current cache size: 0, finished: 0
[2026-04-13 00:39:17] current cache size: 0, finished: 0
[2026-04-13 00:39:18] current cache size: 0, finished: 0
[2026-04-13 00:39:18] current cache size: 0, finished: 0
[2026-04-13 00:39:18] current cache size: 0, finished: 0
[2026-04-13 00:39:18] current cache size: 0, finished: 0
[2026-04-13 00:39:18] current cache size: 0, finished: 0
[2026-04-13 00:39:18] current cache size: 0, finished: 0
[2026-04-13 00:39:19] current cache size: 0, finished: 0
[2026-04-13 00:39:19] current cache size: 0, finished: 0
[2026-04-13 00:39:19] current cache size: 0, finished: 0
[2026-04-13 00:39:19] current cache size: 0, finished: 0
[2026-04-13 00:39:19] current cache size: 0, finished: 0
[2026-04-13 00:39:19] current cache size: 0, finished: 0
[2026-04-13 00:39:20] current cache size: 0, finished: 0
[2026-04-13 00:39:20] current cache size: 0, finished: 0
[2026-04-13 00:39:20] current cache size: 0, finished: 0
[2026-04-13 00:39:20] current cache size: 0, finished: 0
[2026-04-13 00:39:20] current cache size: 0, finished: 0
[2026-04-13 00:39:20] current cache size: 0, finished: 0
[2026-04-13 00:39:21] current cache size: 0, finished: 0
[2026-04-13 00:39:21] current cache size: 0, finished: 0
[2026-04-13 00:39:21] current cache size: 0, finished: 0
[2026-04-13 00:39:21] current cache size: 0, finished: 0
[2026-04-13 00:39:21] current cache size: 0, finished: 0
[2026-04-13 00:39:21] current cache size: 0, finished: 0
[2026-04-13 00:39:22] current cache size: 0, finished: 0
[2026-04-13 00:39:22] current cache size: 0, finished: 0
[2026-04-13 00:39:22] current cache size: 0, finished: 0
[2026-04-13 00:39:22] current cache size: 0, finished: 0
[2026-04-13 00:39:22] current cache size: 0, finished: 0
[2026-04-13 00:39:22] current cache size: 0, finished: 0
[2026-04-13 00:39:23] current cache size: 0, finished: 0
[2026-04-13 00:39:23] current cache size: 0, finished: 0
[2026-04-13 00:39:23] current cache size: 0, finished: 0
[2026-04-13 00:39:23] current cache size: 0, finished: 0
[2026-04-13 00:39:23] current cache size: 0, finished: 0
[2026-04-13 00:39:23] current cache size: 0, finished: 0
[2026-04-13 00:39:24] current cache size: 0, finished: 0
[2026-04-13 00:39:24] current cache size: 0, finished: 0
[2026-04-13 00:39:24] current cache size: 0, finished: 0
[2026-04-13 00:39:24] current cache size: 0, finished: 0
[2026-04-13 00:39:24] current cache size: 0, finished: 0
[2026-04-13 00:39:24] current cache size: 0, finished: 0
[2026-04-13 00:39:25] current cache size: 0, finished: 0
[2026-04-13 00:39:25] current cache size: 0, finished: 0
[2026-04-13 00:39:25] current cache size: 0, finished: 0
[2026-04-13 00:39:25] current cache size: 0, finished: 0
[2026-04-13 00:39:25] current cache size: 0, finished: 0
[2026-04-13 00:39:25] current cache size: 0, finished: 0
[2026-04-13 00:39:26] current cache size: 0, finished: 0
[2026-04-13 00:39:26] current cache size: 0, finished: 0
[2026-04-13 00:39:26] current cache size: 0, finished: 0
[2026-04-13 00:39:26] current cache size: 0, finished: 0
[2026-04-13 00:39:26] current cache size: 0, finished: 0
[2026-04-13 00:39:26] current cache size: 0, finished: 0
[2026-04-13 00:39:27] current cache size: 0, finished: 0
[2026-04-13 00:39:27] current cache size: 0, finished: 0
[2026-04-13 00:39:27] current cache size: 0, finished: 0
[2026-04-13 00:39:27] current cache size: 0, finished: 0
[2026-04-13 00:39:27] current cache size: 0, finished: 0
[2026-04-13 00:39:27] current cache size: 0, finished: 0
[2026-04-13 00:39:28] current cache size: 0, finished: 0
[2026-04-13 00:39:28] current cache size: 0, finished: 0
[2026-04-13 00:39:28] current cache size: 0, finished: 0
[2026-04-13 00:39:28] current cache size: 0, finished: 0
[2026-04-13 00:39:28] current cache size: 0, finished: 0
[2026-04-13 00:39:28] current cache size: 0, finished: 0
[2026-04-13 00:39:28] current cache size: 0, finished: 0
[2026-04-13 00:39:29] current cache size: 0, finished: 0
[2026-04-13 00:39:29] current cache size: 0, finished: 0
[2026-04-13 00:39:29] current cache size: 0, finished: 0
[2026-04-13 00:39:29] current cache size: 0, finished: 0
[2026-04-13 00:39:29] current cache size: 0, finished: 0
[2026-04-13 00:39:29] current cache size: 0, finished: 0
[2026-04-13 00:39:30] current cache size: 0, finished: 0
[2026-04-13 00:39:30] current cache size: 0, finished: 0
[2026-04-13 00:39:30] current cache size: 0, finished: 0
[2026-04-13 00:39:30] current cache size: 0, finished: 0
[2026-04-13 00:39:30] current cache size: 0, finished: 0
[2026-04-13 00:39:30] current cache size: 0, finished: 0
[2026-04-13 00:39:31] current cache size: 0, finished: 0
[2026-04-13 00:39:31] current cache size: 0, finished: 0
[2026-04-13 00:39:31] current cache size: 0, finished: 0
[2026-04-13 00:39:31] current cache size: 0, finished: 0
[2026-04-13 00:39:31] current cache size: 0, finished: 0
[2026-04-13 00:39:31] current cache size: 0, finished: 0
[2026-04-13 00:39:32] current cache size: 0, finished: 0
[2026-04-13 00:39:32] current cache size: 0, finished: 0
[2026-04-13 00:39:32] current cache size: 0, finished: 0
[2026-04-13 00:39:32] current cache size: 0, finished: 0
[2026-04-13 00:39:32] current cache size: 0, finished: 0
[2026-04-13 00:39:32] current cache size: 0, finished: 0
[2026-04-13 00:39:33] current cache size: 0, finished: 0
[2026-04-13 00:39:33] current cache size: 0, finished: 0
[2026-04-13 00:39:33] current cache size: 0, finished: 0
[2026-04-13 00:39:33] current cache size: 0, finished: 0
[2026-04-13 00:39:33] current cache size: 0, finished: 0
[2026-04-13 00:39:33] current cache size: 0, finished: 0
[2026-04-13 00:39:34] current cache size: 0, finished: 0
[2026-04-13 00:39:34] current cache size: 0, finished: 0
[2026-04-13 00:39:34] current cache size: 0, finished: 0
[2026-04-13 00:39:34] current cache size: 0, finished: 0
[2026-04-13 00:39:34] current cache size: 0, finished: 0
[2026-04-13 00:39:34] current cache size: 0, finished: 0
[2026-04-13 00:39:35] current cache size: 0, finished: 0
[2026-04-13 00:39:35] current cache size: 0, finished: 0
[2026-04-13 00:39:35] current cache size: 0, finished: 0
[2026-04-13 00:39:35] current cache size: 0, finished: 0
[2026-04-13 00:39:35] current cache size: 0, finished: 0
[2026-04-13 00:39:35] current cache size: 0, finished: 0
[2026-04-13 00:39:36] current cache size: 0, finished: 0
[2026-04-13 00:39:36] current cache size: 0, finished: 0
[2026-04-13 00:39:36] current cache size: 0, finished: 0
[2026-04-13 00:39:36] current cache size: 0, finished: 0
[2026-04-13 00:39:36] current cache size: 0, finished: 0
[2026-04-13 00:39:36] current cache size: 0, finished: 0
[2026-04-13 00:39:36] current cache size: 0, finished: 0
[2026-04-13 00:39:37] current cache size: 0, finished: 0
[2026-04-13 00:39:37] current cache size: 0, finished: 0
[2026-04-13 00:39:37] current cache size: 0, finished: 0
[2026-04-13 00:39:37] current cache size: 0, finished: 0
[2026-04-13 00:39:37] current cache size: 0, finished: 0
[2026-04-13 00:39:37] current cache size: 0, finished: 0
[2026-04-13 00:39:38] current cache size: 0, finished: 0
[2026-04-13 00:39:38] current cache size: 0, finished: 0
[2026-04-13 00:39:38] current cache size: 0, finished: 0
[2026-04-13 00:39:38] current cache size: 0, finished: 0
[2026-04-13 00:39:38] current cache size: 0, finished: 0
[2026-04-13 00:39:38] current cache size: 0, finished: 0
[2026-04-13 00:39:39] current cache size: 0, finished: 0
[2026-04-13 00:39:39] current cache size: 0, finished: 0
[2026-04-13 00:39:39] current cache size: 0, finished: 0
[2026-04-13 00:39:39] current cache size: 0, finished: 0
[2026-04-13 00:39:39] current cache size: 0, finished: 0
[2026-04-13 00:39:39] current cache size: 0, finished: 0
[2026-04-13 00:39:40] current cache size: 0, finished: 0
[2026-04-13 00:39:40] current cache size: 0, finished: 0
[2026-04-13 00:39:40] current cache size: 0, finished: 0
[2026-04-13 00:39:40] current cache size: 0, finished: 0
[2026-04-13 00:39:40] current cache size: 0, finished: 0
[2026-04-13 00:39:40] current cache size: 0, finished: 0
[2026-04-13 00:39:40] current cache size: 0, finished: 0
[2026-04-13 00:39:41] current cache size: 0, finished: 0
[2026-04-13 00:39:41] current cache size: 0, finished: 0
[2026-04-13 00:39:41] current cache size: 0, finished: 0
[2026-04-13 00:39:41] current cache size: 0, finished: 0
[2026-04-13 00:39:41] current cache size: 0, finished: 0
[2026-04-13 00:39:41] current cache size: 0, finished: 0
[2026-04-13 00:39:42] current cache size: 0, finished: 0
[2026-04-13 00:39:42] current cache size: 0, finished: 0
[2026-04-13 00:39:42] current cache size: 0, finished: 0
[2026-04-13 00:39:42] current cache size: 0, finished: 0
[2026-04-13 00:39:42] current cache size: 0, finished: 0
[2026-04-13 00:39:42] current cache size: 0, finished: 0
[2026-04-13 00:39:43] current cache size: 0, finished: 0
[2026-04-13 00:39:43] current cache size: 0, finished: 0
[2026-04-13 00:39:43] current cache size: 0, finished: 0
[2026-04-13 00:39:43] current cache size: 0, finished: 0
[2026-04-13 00:39:43] current cache size: 0, finished: 0
[2026-04-13 00:39:43] current cache size: 0, finished: 0
[2026-04-13 00:39:43] current cache size: 0, finished: 0
[2026-04-13 00:39:44] current cache size: 0, finished: 0
[2026-04-13 00:39:44] current cache size: 0, finished: 0
[2026-04-13 00:39:44] current cache size: 0, finished: 0
[2026-04-13 00:39:44] current cache size: 0, finished: 0
[2026-04-13 00:39:44] current cache size: 0, finished: 0
[2026-04-13 00:39:44] current cache size: 0, finished: 0
[2026-04-13 00:39:45] current cache size: 0, finished: 0
[2026-04-13 00:39:45] current cache size: 0, finished: 0
[2026-04-13 00:39:45] current cache size: 0, finished: 0
[2026-04-13 00:39:45] current cache size: 0, finished: 0
[2026-04-13 00:39:45] current cache size: 0, finished: 0
[2026-04-13 00:39:45] current cache size: 0, finished: 0
[2026-04-13 00:39:46] current cache size: 0, finished: 0
[2026-04-13 00:39:46] current cache size: 0, finished: 0
[2026-04-13 00:39:46] current cache size: 0, finished: 0
[2026-04-13 00:39:46] current cache size: 0, finished: 0
[2026-04-13 00:39:46] current cache size: 0, finished: 0
[2026-04-13 00:39:46] current cache size: 0, finished: 0
[2026-04-13 00:39:46] current cache size: 0, finished: 0
[2026-04-13 00:39:47] current cache size: 0, finished: 0
[2026-04-13 00:39:47] current cache size: 0, finished: 0
[2026-04-13 00:39:47] current cache size: 0, finished: 0
[2026-04-13 00:39:47] current cache size: 0, finished: 0
[2026-04-13 00:39:47] current cache size: 0, finished: 0
[2026-04-13 00:39:47] current cache size: 0, finished: 0
[2026-04-13 00:39:48] current cache size: 0, finished: 0
[2026-04-13 00:39:48] current cache size: 0, finished: 0
[2026-04-13 00:39:48] current cache size: 0, finished: 0
[2026-04-13 00:39:48] current cache size: 0, finished: 0
[2026-04-13 00:39:48] current cache size: 0, finished: 0
[2026-04-13 00:39:48] current cache size: 0, finished: 0
[2026-04-13 00:39:49] current cache size: 0, finished: 0
[2026-04-13 00:39:49] current cache size: 0, finished: 0
[2026-04-13 00:39:49] current cache size: 0, finished: 0
[2026-04-13 00:39:49] current cache size: 0, finished: 0
[2026-04-13 00:39:49] current cache size: 0, finished: 0
[2026-04-13 00:39:49] current cache size: 0, finished: 0
[2026-04-13 00:39:49] current cache size: 0, finished: 0
[2026-04-13 00:39:50] current cache size: 0, finished: 0
[2026-04-13 00:39:50] current cache size: 0, finished: 0
[2026-04-13 00:39:50] current cache size: 0, finished: 0
[2026-04-13 00:39:50] current cache size: 0, finished: 0
[2026-04-13 00:39:50] current cache size: 0, finished: 0
[2026-04-13 00:39:50] current cache size: 0, finished: 0
[2026-04-13 00:39:51] current cache size: 0, finished: 0
[2026-04-13 00:39:51] current cache size: 0, finished: 0
[2026-04-13 00:39:51] current cache size: 0, finished: 0
[2026-04-13 00:39:51] current cache size: 0, finished: 0
[2026-04-13 00:39:51] current cache size: 0, finished: 0
[2026-04-13 00:39:51] current cache size: 0, finished: 0
[2026-04-13 00:39:52] current cache size: 0, finished: 0
[2026-04-13 00:39:52] current cache size: 0, finished: 0
[2026-04-13 00:39:52] current cache size: 0, finished: 0
[2026-04-13 00:39:52] current cache size: 0, finished: 0
[2026-04-13 00:39:52] current cache size: 0, finished: 0
[2026-04-13 00:39:52] current cache size: 0, finished: 0
[2026-04-13 00:39:53] current cache size: 0, finished: 0
[2026-04-13 00:39:53] current cache size: 0, finished: 0
[2026-04-13 00:39:53] current cache size: 0, finished: 0
[2026-04-13 00:39:53] current cache size: 0, finished: 0
[2026-04-13 00:39:53] current cache size: 0, finished: 0
[2026-04-13 00:39:53] current cache size: 0, finished: 0
[2026-04-13 00:39:53] current cache size: 0, finished: 0
[2026-04-13 00:39:54] current cache size: 0, finished: 0
[2026-04-13 00:39:54] current cache size: 0, finished: 0
[2026-04-13 00:39:54] current cache size: 0, finished: 0
[2026-04-13 00:39:54] current cache size: 0, finished: 0
[2026-04-13 00:39:54] current cache size: 0, finished: 0
[2026-04-13 00:39:54] current cache size: 0, finished: 0
[2026-04-13 00:39:55] current cache size: 0, finished: 0
[2026-04-13 00:39:55] current cache size: 0, finished: 0
[2026-04-13 00:39:55] current cache size: 0, finished: 0
[2026-04-13 00:39:55] current cache size: 0, finished: 0
[2026-04-13 00:39:55] current cache size: 0, finished: 0
[2026-04-13 00:39:55] current cache size: 0, finished: 0
[2026-04-13 00:39:56] current cache size: 0, finished: 0
[2026-04-13 00:39:56] current cache size: 0, finished: 0
[2026-04-13 00:39:56] current cache size: 0, finished: 0
[2026-04-13 00:39:56] current cache size: 0, finished: 0
[2026-04-13 00:39:56] current cache size: 0, finished: 0
[2026-04-13 00:39:56] current cache size: 0, finished: 0
[2026-04-13 00:39:57] current cache size: 0, finished: 0
[2026-04-13 00:39:57] current cache size: 0, finished: 0
[2026-04-13 00:39:57] current cache size: 0, finished: 0
[2026-04-13 00:39:57] current cache size: 0, finished: 0
[2026-04-13 00:39:57] current cache size: 0, finished: 0
[2026-04-13 00:39:57] current cache size: 0, finished: 0
[2026-04-13 00:39:58] current cache size: 0, finished: 0
[2026-04-13 00:39:58] current cache size: 0, finished: 0
[2026-04-13 00:39:58] current cache size: 0, finished: 0
[2026-04-13 00:39:58] current cache size: 0, finished: 0
[2026-04-13 00:39:58] current cache size: 0, finished: 0
[2026-04-13 00:39:58] current cache size: 0, finished: 0
[2026-04-13 00:39:59] current cache size: 0, finished: 0
[2026-04-13 00:39:59] current cache size: 0, finished: 0
[2026-04-13 00:39:59] current cache size: 0, finished: 0
[2026-04-13 00:39:59] current cache size: 0, finished: 0
[2026-04-13 00:39:59] current cache size: 0, finished: 0
[2026-04-13 00:39:59] current cache size: 0, finished: 0
[2026-04-13 00:39:59] current cache size: 0, finished: 0
[2026-04-13 00:40:00] current cache size: 0, finished: 0
[2026-04-13 00:40:00] current cache size: 0, finished: 0
[2026-04-13 00:40:00] current cache size: 0, finished: 0
[2026-04-13 00:40:00] current cache size: 0, finished: 0
[2026-04-13 00:40:00] current cache size: 0, finished: 0
[2026-04-13 00:40:00] current cache size: 0, finished: 0
[2026-04-13 00:40:01] current cache size: 0, finished: 0
[2026-04-13 00:40:01] current cache size: 0, finished: 0
[2026-04-13 00:40:01] current cache size: 0, finished: 0
[2026-04-13 00:40:01] current cache size: 0, finished: 0
[2026-04-13 00:40:01] current cache size: 0, finished: 0
[2026-04-13 00:40:01] current cache size: 0, finished: 0
[2026-04-13 00:40:02] current cache size: 0, finished: 0
[2026-04-13 00:40:02] current cache size: 0, finished: 0
[2026-04-13 00:40:02] current cache size: 0, finished: 0
[2026-04-13 00:40:02] current cache size: 0, finished: 0
[2026-04-13 00:40:02] current cache size: 0, finished: 0
[2026-04-13 00:40:02] current cache size: 0, finished: 0
[2026-04-13 00:40:03] current cache size: 0, finished: 0
[2026-04-13 00:40:03] current cache size: 0, finished: 0
[2026-04-13 00:40:03] current cache size: 0, finished: 0
[2026-04-13 00:40:03] current cache size: 0, finished: 0
[2026-04-13 00:40:03] current cache size: 0, finished: 0
[2026-04-13 00:40:03] current cache size: 0, finished: 0
[2026-04-13 00:40:04] current cache size: 0, finished: 0
[2026-04-13 00:40:04] current cache size: 0, finished: 0
[2026-04-13 00:40:04] current cache size: 0, finished: 0
[2026-04-13 00:40:04] current cache size: 0, finished: 0
[2026-04-13 00:40:04] current cache size: 0, finished: 0
[2026-04-13 00:40:04] current cache size: 0, finished: 0
[2026-04-13 00:40:05] current cache size: 0, finished: 0
[2026-04-13 00:40:05] current cache size: 0, finished: 0
[2026-04-13 00:40:05] current cache size: 0, finished: 0
[2026-04-13 00:40:05] current cache size: 0, finished: 0
[2026-04-13 00:40:05] current cache size: 0, finished: 0
[2026-04-13 00:40:05] current cache size: 0, finished: 0
[2026-04-13 00:40:06] current cache size: 0, finished: 0
[2026-04-13 00:40:06] current cache size: 0, finished: 0
[2026-04-13 00:40:06] current cache size: 0, finished: 0
[2026-04-13 00:40:06] current cache size: 0, finished: 0
[2026-04-13 00:40:06] current cache size: 0, finished: 0
[2026-04-13 00:40:06] current cache size: 0, finished: 0
[2026-04-13 00:40:06] current cache size: 0, finished: 0
[2026-04-13 00:40:07] current cache size: 0, finished: 0
[2026-04-13 00:40:07] current cache size: 0, finished: 0
[2026-04-13 00:40:07] current cache size: 0, finished: 0
[2026-04-13 00:40:07] current cache size: 0, finished: 0
[2026-04-13 00:40:07] current cache size: 0, finished: 0
[2026-04-13 00:40:07] current cache size: 0, finished: 0
[2026-04-13 00:40:08] current cache size: 0, finished: 0
[2026-04-13 00:40:08] current cache size: 0, finished: 0
[2026-04-13 00:40:08] current cache size: 0, finished: 0
[2026-04-13 00:40:08] current cache size: 0, finished: 0
[2026-04-13 00:40:08] current cache size: 0, finished: 0
[2026-04-13 00:40:08] current cache size: 0, finished: 0
[2026-04-13 00:40:09] current cache size: 0, finished: 0
[2026-04-13 00:40:09] current cache size: 0, finished: 0
[2026-04-13 00:40:09] current cache size: 0, finished: 0
[2026-04-13 00:40:09] current cache size: 0, finished: 0
[2026-04-13 00:40:09] current cache size: 0, finished: 0
[2026-04-13 00:40:09] current cache size: 0, finished: 0
[2026-04-13 00:40:10] current cache size: 0, finished: 0
[2026-04-13 00:40:10] current cache size: 0, finished: 0
[2026-04-13 00:40:10] current cache size: 0, finished: 0
[2026-04-13 00:40:10] current cache size: 0, finished: 0
[2026-04-13 00:40:10] current cache size: 0, finished: 0
[2026-04-13 00:40:10] current cache size: 0, finished: 0
[2026-04-13 00:40:11] current cache size: 0, finished: 0
[2026-04-13 00:40:11] current cache size: 0, finished: 0
[2026-04-13 00:40:11] current cache size: 0, finished: 0
[2026-04-13 00:40:11] current cache size: 0, finished: 0
[2026-04-13 00:40:11] current cache size: 0, finished: 0
[2026-04-13 00:40:11] current cache size: 0, finished: 0
[2026-04-13 00:40:12] current cache size: 0, finished: 0
[2026-04-13 00:40:12] current cache size: 0, finished: 0
[2026-04-13 00:40:12] current cache size: 0, finished: 0
[2026-04-13 00:40:12] current cache size: 0, finished: 0
[2026-04-13 00:40:12] current cache size: 0, finished: 0
[2026-04-13 00:40:12] current cache size: 0, finished: 0
[2026-04-13 00:40:13] current cache size: 0, finished: 0
[2026-04-13 00:40:13] current cache size: 0, finished: 0
[2026-04-13 00:40:13] current cache size: 0, finished: 0
[2026-04-13 00:40:13] current cache size: 0, finished: 0
[2026-04-13 00:40:13] current cache size: 0, finished: 0
[2026-04-13 00:40:13] current cache size: 0, finished: 0
[2026-04-13 00:40:14] current cache size: 0, finished: 0
[2026-04-13 00:40:14] current cache size: 0, finished: 0
[2026-04-13 00:40:14] current cache size: 0, finished: 0
[2026-04-13 00:40:14] current cache size: 0, finished: 0
[2026-04-13 00:40:14] current cache size: 0, finished: 0
[2026-04-13 00:40:14] current cache size: 0, finished: 0
[2026-04-13 00:40:14] current cache size: 0, finished: 0
[2026-04-13 00:40:15] current cache size: 0, finished: 0
[2026-04-13 00:40:15] current cache size: 0, finished: 0
[2026-04-13 00:40:15] current cache size: 0, finished: 0
[2026-04-13 00:40:15] current cache size: 0, finished: 0
[2026-04-13 00:40:15] current cache size: 0, finished: 0
[2026-04-13 00:40:15] current cache size: 0, finished: 0
[2026-04-13 00:40:16] current cache size: 0, finished: 0
[2026-04-13 00:40:16] current cache size: 0, finished: 0
[2026-04-13 00:40:16] current cache size: 0, finished: 0
[2026-04-13 00:40:16] current cache size: 0, finished: 0
[2026-04-13 00:40:16] current cache size: 0, finished: 0
[2026-04-13 00:40:16] current cache size: 0, finished: 0
[2026-04-13 00:40:17] current cache size: 0, finished: 0
[2026-04-13 00:40:17] current cache size: 0, finished: 0
[2026-04-13 00:40:17] current cache size: 0, finished: 0
[2026-04-13 00:40:17] current cache size: 0, finished: 0
[2026-04-13 00:40:17] current cache size: 0, finished: 0
[2026-04-13 00:40:17] current cache size: 0, finished: 0
[2026-04-13 00:40:18] current cache size: 0, finished: 0
[2026-04-13 00:40:18] current cache size: 0, finished: 0
[2026-04-13 00:40:18] current cache size: 0, finished: 0
[2026-04-13 00:40:18] current cache size: 0, finished: 0
[2026-04-13 00:40:18] current cache size: 0, finished: 0
[2026-04-13 00:40:18] current cache size: 0, finished: 0
[2026-04-13 00:40:19] current cache size: 0, finished: 0
[2026-04-13 00:40:19] current cache size: 0, finished: 0
[2026-04-13 00:40:19] current cache size: 0, finished: 0
[2026-04-13 00:40:19] current cache size: 0, finished: 0
[2026-04-13 00:40:19] current cache size: 0, finished: 0
[2026-04-13 00:40:19] current cache size: 0, finished: 0
[2026-04-13 00:40:19] current cache size: 0, finished: 0
[2026-04-13 00:40:20] current cache size: 0, finished: 0
[2026-04-13 00:40:20] current cache size: 0, finished: 0
[2026-04-13 00:40:20] current cache size: 0, finished: 0
[2026-04-13 00:40:20] current cache size: 0, finished: 0
[2026-04-13 00:40:20] current cache size: 0, finished: 0
[2026-04-13 00:40:20] current cache size: 0, finished: 0
[2026-04-13 00:40:21] current cache size: 0, finished: 0
[2026-04-13 00:40:21] current cache size: 0, finished: 0
[2026-04-13 00:40:21] current cache size: 0, finished: 0
[2026-04-13 00:40:21] current cache size: 0, finished: 0
[2026-04-13 00:40:21] current cache size: 0, finished: 0
[2026-04-13 00:40:21] current cache size: 0, finished: 0
[2026-04-13 00:40:22] current cache size: 0, finished: 0
[2026-04-13 00:40:22] current cache size: 0, finished: 0
[2026-04-13 00:40:22] current cache size: 0, finished: 0
[2026-04-13 00:40:22] current cache size: 0, finished: 0
[2026-04-13 00:40:22] current cache size: 0, finished: 0
[2026-04-13 00:40:22] current cache size: 0, finished: 0
[2026-04-13 00:40:22] current cache size: 0, finished: 0
[2026-04-13 00:40:23] current cache size: 0, finished: 0
[2026-04-13 00:40:23] current cache size: 0, finished: 0
[2026-04-13 00:40:23] current cache size: 0, finished: 0
[2026-04-13 00:40:23] current cache size: 0, finished: 0
[2026-04-13 00:40:23] current cache size: 0, finished: 0
[2026-04-13 00:40:23] current cache size: 0, finished: 0
[2026-04-13 00:40:24] current cache size: 0, finished: 0
[2026-04-13 00:40:24] current cache size: 0, finished: 0
[2026-04-13 00:40:24] current cache size: 0, finished: 0
[2026-04-13 00:40:24] current cache size: 0, finished: 0
[2026-04-13 00:40:24] current cache size: 0, finished: 0
[2026-04-13 00:40:24] current cache size: 0, finished: 0
[2026-04-13 00:40:25] current cache size: 0, finished: 0
[2026-04-13 00:40:25] current cache size: 0, finished: 0
[2026-04-13 00:40:25] current cache size: 0, finished: 0
[2026-04-13 00:40:25] current cache size: 0, finished: 0
[2026-04-13 00:40:25] current cache size: 0, finished: 0
[2026-04-13 00:40:25] current cache size: 0, finished: 0
[2026-04-13 00:40:25] current cache size: 0, finished: 0
[2026-04-13 00:40:26] current cache size: 0, finished: 0
[2026-04-13 00:40:26] current cache size: 0, finished: 0
[2026-04-13 00:40:26] current cache size: 0, finished: 0
[2026-04-13 00:40:26] current cache size: 0, finished: 0
[2026-04-13 00:40:26] current cache size: 0, finished: 0
[2026-04-13 00:40:26] current cache size: 0, finished: 0
[2026-04-13 00:40:27] current cache size: 0, finished: 0
[2026-04-13 00:40:27] current cache size: 0, finished: 0
[2026-04-13 00:40:27] current cache size: 0, finished: 0
[2026-04-13 00:40:27] current cache size: 0, finished: 0
[2026-04-13 00:40:27] current cache size: 0, finished: 0
[2026-04-13 00:40:27] current cache size: 0, finished: 0
[2026-04-13 00:40:28] current cache size: 0, finished: 0
[2026-04-13 00:40:28] current cache size: 0, finished: 0
[2026-04-13 00:40:28] current cache size: 0, finished: 0
[2026-04-13 00:40:28] current cache size: 0, finished: 0
[2026-04-13 00:40:28] current cache size: 0, finished: 0
[2026-04-13 00:40:28] current cache size: 0, finished: 0
[2026-04-13 00:40:28] current cache size: 0, finished: 0
[2026-04-13 00:40:29] current cache size: 0, finished: 0
[2026-04-13 00:40:29] current cache size: 0, finished: 0
[2026-04-13 00:40:29] current cache size: 0, finished: 0
[2026-04-13 00:40:29] current cache size: 0, finished: 0
[2026-04-13 00:40:29] current cache size: 0, finished: 0
[2026-04-13 00:40:29] current cache size: 0, finished: 0
[2026-04-13 00:40:30] current cache size: 0, finished: 0
[2026-04-13 00:40:30] current cache size: 0, finished: 0
[2026-04-13 00:40:30] current cache size: 0, finished: 0
[2026-04-13 00:40:30] current cache size: 0, finished: 0
[2026-04-13 00:40:30] current cache size: 0, finished: 0
[2026-04-13 00:40:30] current cache size: 0, finished: 0
[2026-04-13 00:40:31] current cache size: 0, finished: 0
[2026-04-13 00:40:31] current cache size: 0, finished: 0
[2026-04-13 00:40:31] current cache size: 0, finished: 0
[2026-04-13 00:40:31] current cache size: 0, finished: 0
[2026-04-13 00:40:31] current cache size: 0, finished: 0
[2026-04-13 00:40:31] current cache size: 0, finished: 0
[2026-04-13 00:40:32] current cache size: 0, finished: 0
[2026-04-13 00:40:32] current cache size: 0, finished: 0
[2026-04-13 00:40:32] current cache size: 0, finished: 0
[2026-04-13 00:40:32] current cache size: 0, finished: 0
[2026-04-13 00:40:32] current cache size: 0, finished: 0
[2026-04-13 00:40:32] current cache size: 0, finished: 0
[2026-04-13 00:40:32] current cache size: 0, finished: 0
[2026-04-13 00:40:33] current cache size: 0, finished: 0
[2026-04-13 00:40:33] current cache size: 0, finished: 0
[2026-04-13 00:40:33] current cache size: 0, finished: 0
[2026-04-13 00:40:33] current cache size: 0, finished: 0
[2026-04-13 00:40:33] current cache size: 0, finished: 0
[2026-04-13 00:40:33] current cache size: 0, finished: 0
[2026-04-13 00:40:34] current cache size: 0, finished: 0
[2026-04-13 00:40:34] current cache size: 0, finished: 0
[2026-04-13 00:40:34] current cache size: 0, finished: 0
[2026-04-13 00:40:34] current cache size: 0, finished: 0
[2026-04-13 00:40:34] current cache size: 0, finished: 0
[2026-04-13 00:40:34] current cache size: 0, finished: 0
[2026-04-13 00:40:35] current cache size: 0, finished: 0
[2026-04-13 00:40:35] current cache size: 0, finished: 0
[2026-04-13 00:40:35] current cache size: 0, finished: 0
[2026-04-13 00:40:35] current cache size: 0, finished: 0
[2026-04-13 00:40:35] current cache size: 0, finished: 0
[2026-04-13 00:40:35] current cache size: 0, finished: 0
[2026-04-13 00:40:36] current cache size: 0, finished: 0
[2026-04-13 00:40:36] current cache size: 0, finished: 0
[2026-04-13 00:40:36] current cache size: 0, finished: 0
[2026-04-13 00:40:36] current cache size: 0, finished: 0
[2026-04-13 00:40:36] current cache size: 0, finished: 0
[2026-04-13 00:40:36] current cache size: 0, finished: 0
[2026-04-13 00:40:37] current cache size: 0, finished: 0
[2026-04-13 00:40:37] current cache size: 0, finished: 0
[2026-04-13 00:40:37] current cache size: 0, finished: 0
[2026-04-13 00:40:37] current cache size: 0, finished: 0
[2026-04-13 00:40:37] current cache size: 0, finished: 0
[2026-04-13 00:40:37] current cache size: 0, finished: 0
[2026-04-13 00:40:37] current cache size: 0, finished: 0
[2026-04-13 00:40:38] current cache size: 0, finished: 0
[2026-04-13 00:40:38] current cache size: 0, finished: 0
[2026-04-13 00:40:38] current cache size: 0, finished: 0
[2026-04-13 00:40:38] current cache size: 0, finished: 0
[2026-04-13 00:40:38] current cache size: 0, finished: 0
[2026-04-13 00:40:38] current cache size: 0, finished: 0
[2026-04-13 00:40:39] current cache size: 0, finished: 0
[2026-04-13 00:40:39] current cache size: 0, finished: 0
[2026-04-13 00:40:39] current cache size: 0, finished: 0
[2026-04-13 00:40:39] current cache size: 0, finished: 0
[2026-04-13 00:40:39] current cache size: 0, finished: 0
[2026-04-13 00:40:39] current cache size: 0, finished: 0
[2026-04-13 00:40:40] current cache size: 0, finished: 0
[2026-04-13 00:40:40] current cache size: 0, finished: 0
[2026-04-13 00:40:40] current cache size: 0, finished: 0
[2026-04-13 00:40:40] current cache size: 0, finished: 0
[2026-04-13 00:40:40] current cache size: 0, finished: 0
[2026-04-13 00:40:40] current cache size: 0, finished: 0
[2026-04-13 00:40:41] current cache size: 0, finished: 0
[2026-04-13 00:40:41] current cache size: 0, finished: 0
[2026-04-13 00:40:41] current cache size: 0, finished: 0
[2026-04-13 00:40:41] current cache size: 0, finished: 0
[2026-04-13 00:40:41] current cache size: 0, finished: 0
[2026-04-13 00:40:41] current cache size: 0, finished: 0
[2026-04-13 00:40:42] current cache size: 0, finished: 0
[2026-04-13 00:40:42] current cache size: 0, finished: 0
[2026-04-13 00:40:42] current cache size: 0, finished: 0
[2026-04-13 00:40:42] current cache size: 0, finished: 0
[2026-04-13 00:40:42] current cache size: 0, finished: 0
[2026-04-13 00:40:42] current cache size: 0, finished: 0
[2026-04-13 00:40:43] current cache size: 0, finished: 0
[2026-04-13 00:40:43] current cache size: 0, finished: 0
[2026-04-13 00:40:43] current cache size: 0, finished: 0
[2026-04-13 00:40:43] current cache size: 0, finished: 0
[2026-04-13 00:40:43] current cache size: 0, finished: 0
[2026-04-13 00:40:43] current cache size: 0, finished: 0
[2026-04-13 00:40:43] current cache size: 0, finished: 0
[2026-04-13 00:40:44] current cache size: 0, finished: 0
[2026-04-13 00:40:44] current cache size: 0, finished: 0
[2026-04-13 00:40:44] current cache size: 0, finished: 0
[2026-04-13 00:40:44] current cache size: 0, finished: 0
[2026-04-13 00:40:44] current cache size: 0, finished: 0
[2026-04-13 00:40:44] current cache size: 0, finished: 0
[2026-04-13 00:40:45] current cache size: 0, finished: 0
[2026-04-13 00:40:45] current cache size: 0, finished: 0
[2026-04-13 00:40:45] current cache size: 0, finished: 0
[2026-04-13 00:40:45] current cache size: 0, finished: 0
[2026-04-13 00:40:45] current cache size: 0, finished: 0
[2026-04-13 00:40:45] current cache size: 0, finished: 0
[2026-04-13 00:40:46] current cache size: 0, finished: 0
[2026-04-13 00:40:46] current cache size: 0, finished: 0
[2026-04-13 00:40:46] current cache size: 0, finished: 0
[2026-04-13 00:40:46] current cache size: 0, finished: 0
[2026-04-13 00:40:46] current cache size: 0, finished: 0
[2026-04-13 00:40:46] current cache size: 0, finished: 0
[2026-04-13 00:40:47] current cache size: 0, finished: 0
[2026-04-13 00:40:47] current cache size: 0, finished: 0
[2026-04-13 00:40:47] current cache size: 0, finished: 0
[2026-04-13 00:40:47] current cache size: 0, finished: 0
[2026-04-13 00:40:47] current cache size: 0, finished: 0
[2026-04-13 00:40:47] current cache size: 0, finished: 0
[2026-04-13 00:40:48] current cache size: 0, finished: 0
[2026-04-13 00:40:48] current cache size: 0, finished: 0
[2026-04-13 00:40:48] current cache size: 0, finished: 0
[2026-04-13 00:40:48] current cache size: 0, finished: 0
[2026-04-13 00:40:48] current cache size: 0, finished: 0
[2026-04-13 00:40:48] current cache size: 0, finished: 0
[2026-04-13 00:40:49] current cache size: 0, finished: 0
[2026-04-13 00:40:49] current cache size: 0, finished: 0
[2026-04-13 00:40:49] current cache size: 0, finished: 0
[2026-04-13 00:40:49] current cache size: 0, finished: 0
[2026-04-13 00:40:49] current cache size: 0, finished: 0
[2026-04-13 00:40:49] current cache size: 0, finished: 0
[2026-04-13 00:40:50] current cache size: 0, finished: 0
[2026-04-13 00:40:50] current cache size: 0, finished: 0
[2026-04-13 00:40:50] current cache size: 0, finished: 0
[2026-04-13 00:40:50] current cache size: 0, finished: 0
[2026-04-13 00:40:50] current cache size: 0, finished: 0
[2026-04-13 00:40:50] current cache size: 0, finished: 0
[2026-04-13 00:40:51] current cache size: 0, finished: 0
[2026-04-13 00:40:51] current cache size: 0, finished: 0
[2026-04-13 00:40:51] current cache size: 0, finished: 0
[2026-04-13 00:40:51] current cache size: 0, finished: 0
[2026-04-13 00:40:51] current cache size: 0, finished: 0
[2026-04-13 00:40:51] current cache size: 0, finished: 0
[2026-04-13 00:40:51] current cache size: 0, finished: 0
[2026-04-13 00:40:52] current cache size: 0, finished: 0
[2026-04-13 00:40:52] current cache size: 0, finished: 0
[2026-04-13 00:40:52] current cache size: 0, finished: 0
[2026-04-13 00:40:52] current cache size: 0, finished: 0
[2026-04-13 00:40:52] current cache size: 0, finished: 0
[2026-04-13 00:40:52] current cache size: 0, finished: 0
[2026-04-13 00:40:53] current cache size: 0, finished: 0
[2026-04-13 00:40:53] current cache size: 0, finished: 0
[2026-04-13 00:40:53] current cache size: 0, finished: 0
[2026-04-13 00:40:53] current cache size: 0, finished: 0
[2026-04-13 00:40:53] current cache size: 0, finished: 0
[2026-04-13 00:40:53] current cache size: 0, finished: 0
[2026-04-13 00:40:54] current cache size: 0, finished: 0
[2026-04-13 00:40:54] current cache size: 0, finished: 0
[2026-04-13 00:40:54] current cache size: 0, finished: 0
[2026-04-13 00:40:54] current cache size: 0, finished: 0
[2026-04-13 00:40:54] current cache size: 0, finished: 0
[2026-04-13 00:40:54] current cache size: 0, finished: 0
[2026-04-13 00:40:55] current cache size: 0, finished: 0
[2026-04-13 00:40:55] current cache size: 0, finished: 0
[2026-04-13 00:40:55] current cache size: 0, finished: 0
[2026-04-13 00:40:55] current cache size: 0, finished: 0
[2026-04-13 00:40:55] current cache size: 0, finished: 0
[2026-04-13 00:40:55] current cache size: 0, finished: 0
[2026-04-13 00:40:55] current cache size: 0, finished: 0
[2026-04-13 00:40:56] current cache size: 0, finished: 0
[2026-04-13 00:40:56] current cache size: 0, finished: 0
[2026-04-13 00:40:56] current cache size: 0, finished: 0
[2026-04-13 00:40:56] current cache size: 0, finished: 0
[2026-04-13 00:40:56] current cache size: 0, finished: 0
[2026-04-13 00:40:56] current cache size: 0, finished: 0
[2026-04-13 00:40:57] current cache size: 0, finished: 0
[2026-04-13 00:40:57] current cache size: 0, finished: 0
[2026-04-13 00:40:57] current cache size: 0, finished: 0
[2026-04-13 00:40:57] current cache size: 0, finished: 0
[2026-04-13 00:40:57] current cache size: 0, finished: 0
[2026-04-13 00:40:57] current cache size: 0, finished: 0
[2026-04-13 00:40:58] current cache size: 0, finished: 0
[2026-04-13 00:40:58] current cache size: 0, finished: 0
[2026-04-13 00:40:58] current cache size: 0, finished: 0
[2026-04-13 00:40:58] current cache size: 0, finished: 0
[2026-04-13 00:40:58] current cache size: 0, finished: 0
[2026-04-13 00:40:58] current cache size: 0, finished: 0
[2026-04-13 00:40:59] current cache size: 0, finished: 0
[2026-04-13 00:40:59] current cache size: 0, finished: 0
[2026-04-13 00:40:59] current cache size: 0, finished: 0
[2026-04-13 00:40:59] current cache size: 0, finished: 0
[2026-04-13 00:40:59] current cache size: 0, finished: 0
[2026-04-13 00:40:59] current cache size: 0, finished: 0
[2026-04-13 00:40:59] current cache size: 0, finished: 0
[2026-04-13 00:41:00] current cache size: 0, finished: 0
[2026-04-13 00:41:00] current cache size: 0, finished: 0
[2026-04-13 00:41:00] current cache size: 0, finished: 0
[2026-04-13 00:41:00] current cache size: 0, finished: 0
[2026-04-13 00:41:00] current cache size: 0, finished: 0
[2026-04-13 00:41:00] current cache size: 0, finished: 0
[2026-04-13 00:41:01] current cache size: 0, finished: 0
[2026-04-13 00:41:01] current cache size: 0, finished: 0
[2026-04-13 00:41:01] current cache size: 0, finished: 0
[2026-04-13 00:41:01] current cache size: 0, finished: 0
[2026-04-13 00:41:01] current cache size: 0, finished: 0
[2026-04-13 00:41:01] current cache size: 0, finished: 0
[2026-04-13 00:41:01] current cache size: 0, finished: 0
[2026-04-13 00:41:02] current cache size: 0, finished: 0
[2026-04-13 00:41:02] current cache size: 0, finished: 0
[2026-04-13 00:41:02] current cache size: 0, finished: 0
[2026-04-13 00:41:02] current cache size: 0, finished: 0
[2026-04-13 00:41:02] current cache size: 0, finished: 0
[2026-04-13 00:41:02] current cache size: 0, finished: 0
[2026-04-13 00:41:03] current cache size: 0, finished: 0
[2026-04-13 00:41:03] current cache size: 0, finished: 0
[2026-04-13 00:41:03] current cache size: 0, finished: 0
[2026-04-13 00:41:03] current cache size: 0, finished: 0
[2026-04-13 00:41:03] current cache size: 0, finished: 0
[2026-04-13 00:41:03] current cache size: 0, finished: 0
[2026-04-13 00:41:04] current cache size: 0, finished: 0
[2026-04-13 00:41:04] current cache size: 0, finished: 0
[2026-04-13 00:41:04] current cache size: 0, finished: 0
[2026-04-13 00:41:04] current cache size: 0, finished: 0
[2026-04-13 00:41:04] current cache size: 0, finished: 0
[2026-04-13 00:41:04] current cache size: 0, finished: 0
[2026-04-13 00:41:04] current cache size: 0, finished: 0
[2026-04-13 00:41:05] current cache size: 0, finished: 0
[2026-04-13 00:41:05] current cache size: 0, finished: 0
[2026-04-13 00:41:05] current cache size: 0, finished: 0
[2026-04-13 00:41:05] current cache size: 0, finished: 0
[2026-04-13 00:41:05] current cache size: 0, finished: 0
[2026-04-13 00:41:05] current cache size: 0, finished: 0
[2026-04-13 00:41:06] current cache size: 0, finished: 0
[2026-04-13 00:41:06] current cache size: 0, finished: 0
[2026-04-13 00:41:06] current cache size: 0, finished: 0
[2026-04-13 00:41:06] current cache size: 0, finished: 0
[2026-04-13 00:41:06] current cache size: 0, finished: 0
[2026-04-13 00:41:06] current cache size: 0, finished: 0
[2026-04-13 00:41:07] current cache size: 0, finished: 0
[2026-04-13 00:41:07] current cache size: 0, finished: 0
[2026-04-13 00:41:07] current cache size: 0, finished: 0
[2026-04-13 00:41:07] current cache size: 0, finished: 0
[2026-04-13 00:41:07] current cache size: 0, finished: 0
[2026-04-13 00:41:07] current cache size: 0, finished: 0
[2026-04-13 00:41:08] current cache size: 0, finished: 0
[2026-04-13 00:41:08] current cache size: 0, finished: 0
[2026-04-13 00:41:08] current cache size: 0, finished: 0
[2026-04-13 00:41:08] current cache size: 0, finished: 0
[2026-04-13 00:41:08] current cache size: 0, finished: 0
[2026-04-13 00:41:08] current cache size: 0, finished: 0
[2026-04-13 00:41:09] current cache size: 0, finished: 0
[2026-04-13 00:41:09] current cache size: 0, finished: 0
[2026-04-13 00:41:09] current cache size: 0, finished: 0
[2026-04-13 00:41:09] current cache size: 0, finished: 0
[2026-04-13 00:41:09] current cache size: 0, finished: 0
[2026-04-13 00:41:09] current cache size: 0, finished: 0
[2026-04-13 00:41:09] current cache size: 0, finished: 0
[2026-04-13 00:41:10] current cache size: 0, finished: 0
[2026-04-13 00:41:10] current cache size: 0, finished: 0
[2026-04-13 00:41:10] current cache size: 0, finished: 0
[2026-04-13 00:41:10] current cache size: 0, finished: 0
[2026-04-13 00:41:10] current cache size: 0, finished: 0
[2026-04-13 00:41:10] current cache size: 0, finished: 0
[2026-04-13 00:41:11] current cache size: 0, finished: 0
[2026-04-13 00:41:11] current cache size: 0, finished: 0
[2026-04-13 00:41:11] current cache size: 0, finished: 0
[2026-04-13 00:41:11] current cache size: 0, finished: 0
[2026-04-13 00:41:11] current cache size: 0, finished: 0
[2026-04-13 00:41:11] current cache size: 0, finished: 0
[2026-04-13 00:41:12] current cache size: 0, finished: 0
[2026-04-13 00:41:12] current cache size: 0, finished: 0
[2026-04-13 00:41:12] current cache size: 0, finished: 0
[2026-04-13 00:41:12] current cache size: 0, finished: 0
[2026-04-13 00:41:12] current cache size: 0, finished: 0
[2026-04-13 00:41:12] current cache size: 0, finished: 0
[2026-04-13 00:41:13] current cache size: 0, finished: 0
[2026-04-13 00:41:13] current cache size: 0, finished: 0
[2026-04-13 00:41:13] current cache size: 0, finished: 0
[2026-04-13 00:41:13] current cache size: 0, finished: 0
[2026-04-13 00:41:13] current cache size: 0, finished: 0
[2026-04-13 00:41:13] current cache size: 0, finished: 0
[2026-04-13 00:41:14] current cache size: 0, finished: 0
[2026-04-13 00:41:14] current cache size: 0, finished: 0
[2026-04-13 00:41:14] current cache size: 0, finished: 0
[2026-04-13 00:41:14] current cache size: 0, finished: 0
[2026-04-13 00:41:14] current cache size: 0, finished: 0
[2026-04-13 00:41:14] current cache size: 0, finished: 0
[2026-04-13 00:41:14] current cache size: 0, finished: 0
[2026-04-13 00:41:15] current cache size: 0, finished: 0
[2026-04-13 00:41:15] current cache size: 0, finished: 0
[2026-04-13 00:41:15] current cache size: 0, finished: 0
[2026-04-13 00:41:15] current cache size: 0, finished: 0
[2026-04-13 00:41:15] current cache size: 0, finished: 0
[2026-04-13 00:41:15] current cache size: 0, finished: 0
[2026-04-13 00:41:16] current cache size: 0, finished: 0
[2026-04-13 00:41:16] current cache size: 0, finished: 0
[2026-04-13 00:41:16] current cache size: 0, finished: 0
[2026-04-13 00:41:16] current cache size: 0, finished: 0
[2026-04-13 00:41:16] current cache size: 0, finished: 0
[2026-04-13 00:41:16] current cache size: 0, finished: 0
[2026-04-13 00:41:17] current cache size: 0, finished: 0
[2026-04-13 00:41:17] current cache size: 0, finished: 0
[2026-04-13 00:41:17] current cache size: 0, finished: 0
[2026-04-13 00:41:17] current cache size: 0, finished: 0
[2026-04-13 00:41:17] current cache size: 0, finished: 0
[2026-04-13 00:41:17] current cache size: 0, finished: 0
[2026-04-13 00:41:18] current cache size: 0, finished: 0
[2026-04-13 00:41:18] current cache size: 0, finished: 0
[2026-04-13 00:41:18] current cache size: 0, finished: 0
[2026-04-13 00:41:18] current cache size: 0, finished: 0
[2026-04-13 00:41:18] current cache size: 0, finished: 0
[2026-04-13 00:41:18] current cache size: 0, finished: 0
[2026-04-13 00:41:19] current cache size: 0, finished: 0
[2026-04-13 00:41:19] current cache size: 0, finished: 0
[2026-04-13 00:41:19] current cache size: 0, finished: 0
[2026-04-13 00:41:19] current cache size: 0, finished: 0
[2026-04-13 00:41:19] current cache size: 0, finished: 0
[2026-04-13 00:41:19] current cache size: 0, finished: 0
[2026-04-13 00:41:20] current cache size: 0, finished: 0
[2026-04-13 00:41:20] current cache size: 0, finished: 0
[2026-04-13 00:41:20] current cache size: 0, finished: 0
[2026-04-13 00:41:20] current cache size: 0, finished: 0
[2026-04-13 00:41:20] current cache size: 0, finished: 0
[2026-04-13 00:41:20] current cache size: 0, finished: 0
[2026-04-13 00:41:20] current cache size: 0, finished: 0
[2026-04-13 00:41:21] current cache size: 0, finished: 0
[2026-04-13 00:41:21] current cache size: 0, finished: 0
[2026-04-13 00:41:21] current cache size: 0, finished: 0
[2026-04-13 00:41:21] current cache size: 0, finished: 0
[2026-04-13 00:41:21] current cache size: 0, finished: 0
[2026-04-13 00:41:21] current cache size: 0, finished: 0
[2026-04-13 00:41:22] current cache size: 0, finished: 0
[2026-04-13 00:41:22] current cache size: 0, finished: 0
[2026-04-13 00:41:22] current cache size: 0, finished: 0
[2026-04-13 00:41:22] current cache size: 0, finished: 0
[2026-04-13 00:41:22] current cache size: 0, finished: 0
[2026-04-13 00:41:22] current cache size: 0, finished: 0
[2026-04-13 00:41:23] current cache size: 0, finished: 0
[2026-04-13 00:41:23] current cache size: 0, finished: 0
[2026-04-13 00:41:23] current cache size: 0, finished: 0
[2026-04-13 00:41:23] current cache size: 0, finished: 0
[2026-04-13 00:41:23] current cache size: 0, finished: 0
[2026-04-13 00:41:23] current cache size: 0, finished: 0
[2026-04-13 00:41:24] current cache size: 0, finished: 0
[2026-04-13 00:41:24] current cache size: 0, finished: 0
[2026-04-13 00:41:24] current cache size: 0, finished: 0
[2026-04-13 00:41:24] current cache size: 0, finished: 0
[2026-04-13 00:41:24] current cache size: 0, finished: 0
[2026-04-13 00:41:24] current cache size: 0, finished: 0
[2026-04-13 00:41:25] current cache size: 0, finished: 0
[2026-04-13 00:41:25] current cache size: 0, finished: 0
[2026-04-13 00:41:25] current cache size: 0, finished: 0
[2026-04-13 00:41:25] current cache size: 0, finished: 0
[2026-04-13 00:41:25] current cache size: 0, finished: 0
[2026-04-13 00:41:25] current cache size: 0, finished: 0
[2026-04-13 00:41:26] current cache size: 0, finished: 0
[2026-04-13 00:41:26] current cache size: 0, finished: 0
[2026-04-13 00:41:26] current cache size: 0, finished: 0
[2026-04-13 00:41:26] current cache size: 0, finished: 0
[2026-04-13 00:41:26] current cache size: 0, finished: 0
[2026-04-13 00:41:26] current cache size: 0, finished: 0
[2026-04-13 00:41:27] current cache size: 0, finished: 0
[2026-04-13 00:41:27] current cache size: 0, finished: 0
[2026-04-13 00:41:27] current cache size: 0, finished: 0
[2026-04-13 00:41:27] current cache size: 0, finished: 0
[2026-04-13 00:41:27] current cache size: 0, finished: 0
[2026-04-13 00:41:27] current cache size: 0, finished: 0
[2026-04-13 00:41:28] current cache size: 0, finished: 0
[2026-04-13 00:41:28] current cache size: 0, finished: 0
[2026-04-13 00:41:28] current cache size: 0, finished: 0
[2026-04-13 00:41:28] current cache size: 0, finished: 0
[2026-04-13 00:41:28] current cache size: 0, finished: 0
[2026-04-13 00:41:28] current cache size: 0, finished: 0
[2026-04-13 00:41:29] current cache size: 0, finished: 0
[2026-04-13 00:41:29] current cache size: 0, finished: 0
[2026-04-13 00:41:29] current cache size: 0, finished: 0
[2026-04-13 00:41:29] current cache size: 0, finished: 0
[2026-04-13 00:41:29] current cache size: 0, finished: 0
[2026-04-13 00:41:29] current cache size: 0, finished: 0
[2026-04-13 00:41:29] current cache size: 0, finished: 0
[2026-04-13 00:41:30] current cache size: 0, finished: 0
[2026-04-13 00:41:30] current cache size: 0, finished: 0
[2026-04-13 00:41:30] current cache size: 0, finished: 0
[2026-04-13 00:41:30] current cache size: 0, finished: 0
[2026-04-13 00:41:30] current cache size: 0, finished: 0
[2026-04-13 00:41:30] current cache size: 0, finished: 0
[2026-04-13 00:41:31] current cache size: 0, finished: 0
[2026-04-13 00:41:31] current cache size: 0, finished: 0
[2026-04-13 00:41:31] current cache size: 0, finished: 0
[2026-04-13 00:41:31] current cache size: 0, finished: 0
[2026-04-13 00:41:31] current cache size: 0, finished: 0
[2026-04-13 00:41:31] current cache size: 0, finished: 0
[2026-04-13 00:41:32] current cache size: 0, finished: 0
[2026-04-13 00:41:32] current cache size: 0, finished: 0
[2026-04-13 00:41:32] current cache size: 0, finished: 0
[2026-04-13 00:41:32] current cache size: 0, finished: 0
[2026-04-13 00:41:32] current cache size: 0, finished: 0
[2026-04-13 00:41:32] current cache size: 0, finished: 0
[2026-04-13 00:41:33] current cache size: 0, finished: 0
[2026-04-13 00:41:33] current cache size: 0, finished: 0
[2026-04-13 00:41:33] current cache size: 0, finished: 0
[2026-04-13 00:41:33] current cache size: 0, finished: 0
[2026-04-13 00:41:33] current cache size: 0, finished: 0
[2026-04-13 00:41:33] current cache size: 0, finished: 0
[2026-04-13 00:41:34] current cache size: 0, finished: 0
[2026-04-13 00:41:34] current cache size: 0, finished: 0
[2026-04-13 00:41:34] current cache size: 0, finished: 0
[2026-04-13 00:41:34] current cache size: 0, finished: 0
[2026-04-13 00:41:34] current cache size: 0, finished: 0
[2026-04-13 00:41:34] current cache size: 0, finished: 0
[2026-04-13 00:41:34] current cache size: 0, finished: 0
[2026-04-13 00:41:35] current cache size: 0, finished: 0
[2026-04-13 00:41:35] current cache size: 0, finished: 0
[2026-04-13 00:41:35] current cache size: 0, finished: 0
[2026-04-13 00:41:35] current cache size: 0, finished: 0
[2026-04-13 00:41:35] current cache size: 0, finished: 0
[2026-04-13 00:41:35] current cache size: 0, finished: 0
[2026-04-13 00:41:36] current cache size: 0, finished: 0
[2026-04-13 00:41:36] current cache size: 0, finished: 0
[2026-04-13 00:41:36] current cache size: 0, finished: 0
[2026-04-13 00:41:36] current cache size: 0, finished: 0
[2026-04-13 00:41:36] current cache size: 0, finished: 0
[2026-04-13 00:41:36] current cache size: 0, finished: 0
[2026-04-13 00:41:37] current cache size: 0, finished: 0
[2026-04-13 00:41:37] current cache size: 0, finished: 0
[2026-04-13 00:41:37] current cache size: 0, finished: 0
[2026-04-13 00:41:37] current cache size: 0, finished: 0
[2026-04-13 00:41:37] current cache size: 0, finished: 0
[2026-04-13 00:41:37] current cache size: 0, finished: 0
[2026-04-13 00:41:38] current cache size: 0, finished: 0
[2026-04-13 00:41:38] current cache size: 0, finished: 0
[2026-04-13 00:41:38] current cache size: 0, finished: 0
[2026-04-13 00:41:38] current cache size: 0, finished: 0
[2026-04-13 00:41:38] current cache size: 0, finished: 0
[2026-04-13 00:41:38] current cache size: 0, finished: 0
[2026-04-13 00:41:38] current cache size: 0, finished: 0
[2026-04-13 00:41:39] current cache size: 0, finished: 0
[2026-04-13 00:41:39] current cache size: 0, finished: 0
[2026-04-13 00:41:39] current cache size: 0, finished: 0
[2026-04-13 00:41:39] current cache size: 0, finished: 0
[2026-04-13 00:41:39] current cache size: 0, finished: 0
[2026-04-13 00:41:39] current cache size: 0, finished: 0
[2026-04-13 00:41:40] current cache size: 0, finished: 0
[2026-04-13 00:41:40] current cache size: 0, finished: 0
[2026-04-13 00:41:40] current cache size: 0, finished: 0
[2026-04-13 00:41:40] current cache size: 0, finished: 0
[2026-04-13 00:41:40] current cache size: 0, finished: 0
[2026-04-13 00:41:40] current cache size: 0, finished: 0
[2026-04-13 00:41:41] current cache size: 0, finished: 0
[2026-04-13 00:41:41] current cache size: 0, finished: 0
[2026-04-13 00:41:41] current cache size: 0, finished: 0
[2026-04-13 00:41:41] current cache size: 0, finished: 0
[2026-04-13 00:41:41] current cache size: 0, finished: 0
[2026-04-13 00:41:41] current cache size: 0, finished: 0
[2026-04-13 00:41:41] current cache size: 0, finished: 0
[2026-04-13 00:41:42] current cache size: 0, finished: 0
[2026-04-13 00:41:42] current cache size: 0, finished: 0
[2026-04-13 00:41:42] current cache size: 0, finished: 0
[2026-04-13 00:41:42] current cache size: 0, finished: 0
[2026-04-13 00:41:42] current cache size: 0, finished: 0
[2026-04-13 00:41:42] current cache size: 0, finished: 0
[2026-04-13 00:41:43] current cache size: 0, finished: 0
[2026-04-13 00:41:43] current cache size: 0, finished: 0
[2026-04-13 00:41:43] current cache size: 0, finished: 0
[2026-04-13 00:41:43] current cache size: 0, finished: 0
[2026-04-13 00:41:43] current cache size: 0, finished: 0
[2026-04-13 00:41:43] current cache size: 0, finished: 0
[2026-04-13 00:41:44] current cache size: 0, finished: 0
[2026-04-13 00:41:44] current cache size: 0, finished: 0
[2026-04-13 00:41:44] current cache size: 0, finished: 0
[2026-04-13 00:41:44] current cache size: 0, finished: 0
[2026-04-13 00:41:44] current cache size: 0, finished: 0
[2026-04-13 00:41:44] current cache size: 0, finished: 0
[2026-04-13 00:41:44] current cache size: 0, finished: 0
[2026-04-13 00:41:45] current cache size: 0, finished: 0
[2026-04-13 00:41:45] current cache size: 0, finished: 0
[2026-04-13 00:41:45] current cache size: 0, finished: 0
[2026-04-13 00:41:45] current cache size: 0, finished: 0
[2026-04-13 00:41:45] current cache size: 0, finished: 0
[2026-04-13 00:41:45] current cache size: 0, finished: 0
[2026-04-13 00:41:46] current cache size: 0, finished: 0
[2026-04-13 00:41:46] current cache size: 0, finished: 0
[2026-04-13 00:41:46] current cache size: 0, finished: 0
[2026-04-13 00:41:46] current cache size: 0, finished: 0
[2026-04-13 00:41:46] current cache size: 0, finished: 0
[2026-04-13 00:41:46] current cache size: 0, finished: 0
[2026-04-13 00:41:47] current cache size: 0, finished: 0
[2026-04-13 00:41:47] current cache size: 0, finished: 0
[2026-04-13 00:41:47] current cache size: 0, finished: 0
[2026-04-13 00:41:47] current cache size: 0, finished: 0
[2026-04-13 00:41:47] current cache size: 0, finished: 0
[2026-04-13 00:41:47] current cache size: 0, finished: 0
[2026-04-13 00:41:48] current cache size: 0, finished: 0
[2026-04-13 00:41:48] current cache size: 0, finished: 0
[2026-04-13 00:41:48] current cache size: 0, finished: 0
[2026-04-13 00:41:48] current cache size: 0, finished: 0
[2026-04-13 00:41:48] current cache size: 0, finished: 0
[2026-04-13 00:41:48] current cache size: 0, finished: 0
[2026-04-13 00:41:48] current cache size: 0, finished: 0
[2026-04-13 00:41:49] current cache size: 0, finished: 0
[2026-04-13 00:41:49] current cache size: 0, finished: 0
[2026-04-13 00:41:49] current cache size: 0, finished: 0
[2026-04-13 00:41:49] current cache size: 0, finished: 0
[2026-04-13 00:41:49] current cache size: 0, finished: 0
[2026-04-13 00:41:49] current cache size: 0, finished: 0
[2026-04-13 00:41:50] current cache size: 0, finished: 0
[2026-04-13 00:41:50] current cache size: 0, finished: 0
[2026-04-13 00:41:50] current cache size: 0, finished: 0
[2026-04-13 00:41:50] current cache size: 0, finished: 0
[2026-04-13 00:41:50] current cache size: 0, finished: 0
[2026-04-13 00:41:50] current cache size: 0, finished: 0
[2026-04-13 00:41:51] current cache size: 0, finished: 0
[2026-04-13 00:41:51] current cache size: 0, finished: 0
[2026-04-13 00:41:51] current cache size: 0, finished: 0
[2026-04-13 00:41:51] current cache size: 0, finished: 0
[2026-04-13 00:41:51] current cache size: 0, finished: 0
[2026-04-13 00:41:51] current cache size: 0, finished: 0
[2026-04-13 00:41:52] current cache size: 0, finished: 0
[2026-04-13 00:41:52] current cache size: 0, finished: 0
[2026-04-13 00:41:52] current cache size: 0, finished: 0
[2026-04-13 00:41:52] current cache size: 0, finished: 0
[2026-04-13 00:41:52] current cache size: 0, finished: 0
[2026-04-13 00:41:52] current cache size: 0, finished: 0
[2026-04-13 00:41:52] current cache size: 0, finished: 0
[2026-04-13 00:41:53] current cache size: 0, finished: 0
[2026-04-13 00:41:53] current cache size: 0, finished: 0
[2026-04-13 00:41:53] current cache size: 0, finished: 0
[2026-04-13 00:41:53] current cache size: 0, finished: 0
[2026-04-13 00:41:53] current cache size: 0, finished: 0
[2026-04-13 00:41:53] current cache size: 0, finished: 0
[2026-04-13 00:41:54] current cache size: 0, finished: 0
[2026-04-13 00:41:54] current cache size: 0, finished: 0
[2026-04-13 00:41:54] current cache size: 0, finished: 0
[2026-04-13 00:41:54] current cache size: 0, finished: 0
[2026-04-13 00:41:54] current cache size: 0, finished: 0
[2026-04-13 00:41:54] current cache size: 0, finished: 0
[2026-04-13 00:41:55] current cache size: 0, finished: 0
[2026-04-13 00:41:55] current cache size: 0, finished: 0
[2026-04-13 00:41:55] current cache size: 0, finished: 0
[2026-04-13 00:41:55] current cache size: 0, finished: 0
[2026-04-13 00:41:55] current cache size: 0, finished: 0
[2026-04-13 00:41:55] current cache size: 0, finished: 0
[2026-04-13 00:41:56] current cache size: 0, finished: 0
[2026-04-13 00:41:56] current cache size: 0, finished: 0
[2026-04-13 00:41:56] current cache size: 0, finished: 0
[2026-04-13 00:41:56] current cache size: 0, finished: 0
[2026-04-13 00:41:56] current cache size: 0, finished: 0
[2026-04-13 00:41:56] current cache size: 0, finished: 0
[2026-04-13 00:41:57] current cache size: 0, finished: 0
[2026-04-13 00:41:57] current cache size: 0, finished: 0
[2026-04-13 00:41:57] current cache size: 0, finished: 0
[2026-04-13 00:41:57] current cache size: 0, finished: 0
[2026-04-13 00:41:57] current cache size: 0, finished: 0
[2026-04-13 00:41:57] current cache size: 0, finished: 0
[2026-04-13 00:41:58] current cache size: 0, finished: 0
[2026-04-13 00:41:58] current cache size: 0, finished: 0
[2026-04-13 00:41:58] current cache size: 0, finished: 0
[2026-04-13 00:41:58] current cache size: 0, finished: 0
[2026-04-13 00:41:58] current cache size: 0, finished: 0
[2026-04-13 00:41:58] current cache size: 0, finished: 0
[2026-04-13 00:41:59] current cache size: 0, finished: 0
[2026-04-13 00:41:59] current cache size: 0, finished: 0
[2026-04-13 00:41:59] current cache size: 0, finished: 0
[2026-04-13 00:41:59] current cache size: 0, finished: 0
[2026-04-13 00:41:59] current cache size: 0, finished: 0
[2026-04-13 00:41:59] current cache size: 0, finished: 0
[2026-04-13 00:42:00] current cache size: 0, finished: 0
[2026-04-13 00:42:00] current cache size: 0, finished: 0
[2026-04-13 00:42:00] current cache size: 0, finished: 0
[2026-04-13 00:42:00] current cache size: 0, finished: 0
[2026-04-13 00:42:00] current cache size: 0, finished: 0
[2026-04-13 00:42:00] current cache size: 0, finished: 0
[2026-04-13 00:42:01] current cache size: 0, finished: 0
[2026-04-13 00:42:01] current cache size: 0, finished: 0
[2026-04-13 00:42:01] current cache size: 0, finished: 0
[2026-04-13 00:42:01] current cache size: 0, finished: 0
[2026-04-13 00:42:01] current cache size: 0, finished: 0
[2026-04-13 00:42:01] current cache size: 0, finished: 0
[2026-04-13 00:42:01] current cache size: 0, finished: 0
[2026-04-13 00:42:02] current cache size: 0, finished: 0
[2026-04-13 00:42:02] current cache size: 0, finished: 0
[2026-04-13 00:42:02] current cache size: 0, finished: 0
[2026-04-13 00:42:02] current cache size: 0, finished: 0
[2026-04-13 00:42:02] current cache size: 0, finished: 0
[2026-04-13 00:42:02] current cache size: 0, finished: 0
[2026-04-13 00:42:03] current cache size: 0, finished: 0
[2026-04-13 00:42:03] current cache size: 0, finished: 0
[2026-04-13 00:42:03] current cache size: 0, finished: 0
[2026-04-13 00:42:03] current cache size: 0, finished: 0
[2026-04-13 00:42:03] current cache size: 0, finished: 0
[2026-04-13 00:42:03] current cache size: 0, finished: 0
[2026-04-13 00:42:04] current cache size: 0, finished: 0
[2026-04-13 00:42:04] current cache size: 0, finished: 0
[2026-04-13 00:42:04] current cache size: 0, finished: 0
[2026-04-13 00:42:04] current cache size: 0, finished: 0
[2026-04-13 00:42:04] current cache size: 0, finished: 0
[2026-04-13 00:42:04] current cache size: 0, finished: 0
[2026-04-13 00:42:05] current cache size: 0, finished: 0
[2026-04-13 00:42:05] current cache size: 0, finished: 0
[2026-04-13 00:42:05] current cache size: 0, finished: 0
[2026-04-13 00:42:05] current cache size: 0, finished: 0
[2026-04-13 00:42:05] current cache size: 0, finished: 0
[2026-04-13 00:42:05] current cache size: 0, finished: 0
[2026-04-13 00:42:06] current cache size: 0, finished: 0
[2026-04-13 00:42:06] current cache size: 0, finished: 0
[2026-04-13 00:42:06] current cache size: 0, finished: 0
[2026-04-13 00:42:06] current cache size: 0, finished: 0
[2026-04-13 00:42:06] current cache size: 0, finished: 0
[2026-04-13 00:42:06] current cache size: 0, finished: 0
[2026-04-13 00:42:07] current cache size: 0, finished: 0
[2026-04-13 00:42:07] current cache size: 0, finished: 0
[2026-04-13 00:42:07] current cache size: 0, finished: 0
[2026-04-13 00:42:07] current cache size: 0, finished: 0
[2026-04-13 00:42:07] current cache size: 0, finished: 0
[2026-04-13 00:42:07] current cache size: 0, finished: 0
[2026-04-13 00:42:08] current cache size: 0, finished: 0
[2026-04-13 00:42:08] current cache size: 0, finished: 0
[2026-04-13 00:42:08] current cache size: 0, finished: 0
[2026-04-13 00:42:08] current cache size: 0, finished: 0
[2026-04-13 00:42:08] current cache size: 0, finished: 0
[2026-04-13 00:42:08] current cache size: 0, finished: 0
[2026-04-13 00:42:09] current cache size: 0, finished: 0
[2026-04-13 00:42:09] current cache size: 0, finished: 0
[2026-04-13 00:42:09] current cache size: 0, finished: 0
[2026-04-13 00:42:09] current cache size: 0, finished: 0
[2026-04-13 00:42:09] current cache size: 0, finished: 0
[2026-04-13 00:42:09] current cache size: 0, finished: 0
[2026-04-13 00:42:09] current cache size: 0, finished: 0
[2026-04-13 00:42:10] current cache size: 0, finished: 0
[2026-04-13 00:42:10] current cache size: 0, finished: 0
[2026-04-13 00:42:10] current cache size: 0, finished: 0
[2026-04-13 00:42:10] current cache size: 0, finished: 0
[2026-04-13 00:42:10] current cache size: 0, finished: 0
[2026-04-13 00:42:10] current cache size: 0, finished: 0
[2026-04-13 00:42:11] current cache size: 0, finished: 0
[2026-04-13 00:42:11] current cache size: 0, finished: 0
[2026-04-13 00:42:11] current cache size: 0, finished: 0
[2026-04-13 00:42:11] current cache size: 0, finished: 0
[2026-04-13 00:42:11] current cache size: 0, finished: 0
[2026-04-13 00:42:11] current cache size: 0, finished: 0
[2026-04-13 00:42:12] current cache size: 0, finished: 0
[2026-04-13 00:42:12] current cache size: 0, finished: 0
[2026-04-13 00:42:12] current cache size: 0, finished: 0
[2026-04-13 00:42:12] current cache size: 0, finished: 0
[2026-04-13 00:42:12] current cache size: 0, finished: 0
[2026-04-13 00:42:12] current cache size: 0, finished: 0
[2026-04-13 00:42:13] current cache size: 0, finished: 0
[2026-04-13 00:42:13] current cache size: 0, finished: 0
[2026-04-13 00:42:13] current cache size: 0, finished: 0
[2026-04-13 00:42:13] current cache size: 0, finished: 0
[2026-04-13 00:42:13] current cache size: 0, finished: 0
[2026-04-13 00:42:13] current cache size: 0, finished: 0
[2026-04-13 00:42:13] current cache size: 0, finished: 0
[2026-04-13 00:42:14] current cache size: 0, finished: 0
[2026-04-13 00:42:14] current cache size: 0, finished: 0
[2026-04-13 00:42:14] current cache size: 0, finished: 0
[2026-04-13 00:42:14] current cache size: 0, finished: 0
[2026-04-13 00:42:14] current cache size: 0, finished: 0
[2026-04-13 00:42:14] current cache size: 0, finished: 0
[2026-04-13 00:42:15] current cache size: 0, finished: 0
[2026-04-13 00:42:15] current cache size: 0, finished: 0
[2026-04-13 00:42:15] current cache size: 0, finished: 0
[2026-04-13 00:42:15] current cache size: 0, finished: 0
[2026-04-13 00:42:15] current cache size: 0, finished: 0
[2026-04-13 00:42:15] current cache size: 0, finished: 0
[2026-04-13 00:42:16] current cache size: 0, finished: 0
[2026-04-13 00:42:16] current cache size: 0, finished: 0
[2026-04-13 00:42:16] current cache size: 0, finished: 0
[2026-04-13 00:42:16] current cache size: 0, finished: 0
[2026-04-13 00:42:16] current cache size: 0, finished: 0
[2026-04-13 00:42:16] current cache size: 0, finished: 0
[2026-04-13 00:42:17] current cache size: 0, finished: 0
[2026-04-13 00:42:17] current cache size: 0, finished: 0
[2026-04-13 00:42:17] current cache size: 0, finished: 0
[2026-04-13 00:42:17] current cache size: 0, finished: 0
[2026-04-13 00:42:17] current cache size: 0, finished: 0
[2026-04-13 00:42:17] current cache size: 0, finished: 0
[2026-04-13 00:42:17] current cache size: 0, finished: 0
[2026-04-13 00:42:18] current cache size: 0, finished: 0
[2026-04-13 00:42:18] current cache size: 0, finished: 0
[2026-04-13 00:42:18] current cache size: 0, finished: 0
[2026-04-13 00:42:18] current cache size: 0, finished: 0
[2026-04-13 00:42:18] current cache size: 0, finished: 0
[2026-04-13 00:42:18] current cache size: 0, finished: 0
[2026-04-13 00:42:19] current cache size: 0, finished: 0
[2026-04-13 00:42:19] current cache size: 0, finished: 0
[2026-04-13 00:42:19] current cache size: 0, finished: 0
[2026-04-13 00:42:19] current cache size: 0, finished: 0
[2026-04-13 00:42:19] current cache size: 0, finished: 0
[2026-04-13 00:42:19] current cache size: 0, finished: 0
[2026-04-13 00:42:20] current cache size: 0, finished: 0
[2026-04-13 00:42:20] current cache size: 0, finished: 0
[2026-04-13 00:42:20] current cache size: 0, finished: 0
[2026-04-13 00:42:20] current cache size: 0, finished: 0
[2026-04-13 00:42:20] current cache size: 0, finished: 0
[2026-04-13 00:42:20] current cache size: 0, finished: 0
[2026-04-13 00:42:20] current cache size: 0, finished: 0
[2026-04-13 00:42:21] current cache size: 0, finished: 0
[2026-04-13 00:42:21] current cache size: 0, finished: 0
[2026-04-13 00:42:21] current cache size: 0, finished: 0
[2026-04-13 00:42:21] current cache size: 0, finished: 0
[2026-04-13 00:42:21] current cache size: 0, finished: 0
[2026-04-13 00:42:21] current cache size: 0, finished: 0
[2026-04-13 00:42:22] current cache size: 0, finished: 0
[2026-04-13 00:42:22] current cache size: 0, finished: 0
[2026-04-13 00:42:22] current cache size: 0, finished: 0
[2026-04-13 00:42:22] current cache size: 0, finished: 0
[2026-04-13 00:42:22] current cache size: 0, finished: 0
[2026-04-13 00:42:22] current cache size: 0, finished: 0
[2026-04-13 00:42:23] current cache size: 0, finished: 0
[2026-04-13 00:42:23] current cache size: 0, finished: 0
[2026-04-13 00:42:23] current cache size: 0, finished: 0
[2026-04-13 00:42:23] current cache size: 0, finished: 0
[2026-04-13 00:42:23] current cache size: 0, finished: 0
[2026-04-13 00:42:23] current cache size: 0, finished: 0
[2026-04-13 00:42:23] current cache size: 0, finished: 0
[2026-04-13 00:42:24] current cache size: 0, finished: 0
[2026-04-13 00:42:24] current cache size: 0, finished: 0
[2026-04-13 00:42:24] current cache size: 0, finished: 0
[2026-04-13 00:42:24] current cache size: 0, finished: 0
[2026-04-13 00:42:24] current cache size: 0, finished: 0
[2026-04-13 00:42:24] current cache size: 0, finished: 0
[2026-04-13 00:42:25] current cache size: 0, finished: 0
[2026-04-13 00:42:25] current cache size: 0, finished: 0
[2026-04-13 00:42:25] current cache size: 0, finished: 0
[2026-04-13 00:42:25] current cache size: 0, finished: 0
[2026-04-13 00:42:25] current cache size: 0, finished: 0
[2026-04-13 00:42:25] current cache size: 0, finished: 0
[2026-04-13 00:42:26] current cache size: 0, finished: 0
[2026-04-13 00:42:26] current cache size: 0, finished: 0
[2026-04-13 00:42:26] current cache size: 0, finished: 0
[2026-04-13 00:42:26] current cache size: 0, finished: 0
[2026-04-13 00:42:26] current cache size: 0, finished: 0
[2026-04-13 00:42:26] current cache size: 0, finished: 0
[2026-04-13 00:42:27] current cache size: 0, finished: 0
[2026-04-13 00:42:27] current cache size: 0, finished: 0
[2026-04-13 00:42:27] current cache size: 0, finished: 0
[2026-04-13 00:42:27] current cache size: 0, finished: 0
[2026-04-13 00:42:27] current cache size: 0, finished: 0
[2026-04-13 00:42:27] current cache size: 0, finished: 0
[2026-04-13 00:42:27] current cache size: 0, finished: 0
[2026-04-13 00:42:28] current cache size: 0, finished: 0
[2026-04-13 00:42:28] current cache size: 0, finished: 0
[2026-04-13 00:42:28] current cache size: 0, finished: 0
[2026-04-13 00:42:28] current cache size: 0, finished: 0
[2026-04-13 00:42:28] current cache size: 0, finished: 0
[2026-04-13 00:42:28] current cache size: 0, finished: 0
[2026-04-13 00:42:29] current cache size: 0, finished: 0
[2026-04-13 00:42:29] current cache size: 0, finished: 0
[2026-04-13 00:42:29] current cache size: 0, finished: 0
[2026-04-13 00:42:29] current cache size: 0, finished: 0
[2026-04-13 00:42:29] current cache size: 0, finished: 0
[2026-04-13 00:42:29] current cache size: 0, finished: 0
[2026-04-13 00:42:30] current cache size: 0, finished: 0
[2026-04-13 00:42:30] current cache size: 0, finished: 0
[2026-04-13 00:42:30] current cache size: 0, finished: 0
[2026-04-13 00:42:30] current cache size: 0, finished: 0
[2026-04-13 00:42:30] current cache size: 0, finished: 0
[2026-04-13 00:42:30] current cache size: 0, finished: 0
[2026-04-13 00:42:31] current cache size: 0, finished: 0
[2026-04-13 00:42:31] current cache size: 0, finished: 0
[2026-04-13 00:42:31] current cache size: 0, finished: 0
[2026-04-13 00:42:31] current cache size: 0, finished: 0
[2026-04-13 00:42:31] current cache size: 0, finished: 0
[2026-04-13 00:42:31] current cache size: 0, finished: 0
[2026-04-13 00:42:32] current cache size: 0, finished: 0
[2026-04-13 00:42:32] current cache size: 0, finished: 0
[2026-04-13 00:42:32] current cache size: 0, finished: 0
[2026-04-13 00:42:32] current cache size: 0, finished: 0
[2026-04-13 00:42:32] current cache size: 0, finished: 0
[2026-04-13 00:42:32] current cache size: 0, finished: 0
[2026-04-13 00:42:32] current cache size: 0, finished: 0
[2026-04-13 00:42:33] current cache size: 0, finished: 0
[2026-04-13 00:42:33] current cache size: 0, finished: 0
[2026-04-13 00:42:33] current cache size: 0, finished: 0
[2026-04-13 00:42:33] current cache size: 0, finished: 0
[2026-04-13 00:42:33] current cache size: 0, finished: 0
[2026-04-13 00:42:33] current cache size: 0, finished: 0
[2026-04-13 00:42:34] current cache size: 0, finished: 0
[2026-04-13 00:42:34] current cache size: 0, finished: 0
[2026-04-13 00:42:34] current cache size: 0, finished: 0
[2026-04-13 00:42:34] current cache size: 0, finished: 0
[2026-04-13 00:42:34] current cache size: 0, finished: 0
[2026-04-13 00:42:34] current cache size: 0, finished: 0
[2026-04-13 00:42:35] current cache size: 0, finished: 0
[2026-04-13 00:42:35] current cache size: 0, finished: 0
[2026-04-13 00:42:35] current cache size: 0, finished: 0
[2026-04-13 00:42:35] current cache size: 0, finished: 0
[2026-04-13 00:42:35] current cache size: 0, finished: 0
[2026-04-13 00:42:35] current cache size: 0, finished: 0
[2026-04-13 00:42:36] current cache size: 0, finished: 0
[2026-04-13 00:42:36] current cache size: 0, finished: 0
[2026-04-13 00:42:36] current cache size: 0, finished: 0
[2026-04-13 00:42:36] current cache size: 0, finished: 0
[2026-04-13 00:42:36] current cache size: 0, finished: 0
[2026-04-13 00:42:36] current cache size: 0, finished: 0
[2026-04-13 00:42:37] current cache size: 0, finished: 0
[2026-04-13 00:42:37] current cache size: 0, finished: 0
[2026-04-13 00:42:37] current cache size: 0, finished: 0
[2026-04-13 00:42:37] current cache size: 0, finished: 0
[2026-04-13 00:42:37] current cache size: 0, finished: 0
[2026-04-13 00:42:37] current cache size: 0, finished: 0
[2026-04-13 00:42:38] current cache size: 0, finished: 0
[2026-04-13 00:42:38] current cache size: 0, finished: 0
[2026-04-13 00:42:38] current cache size: 0, finished: 0
[2026-04-13 00:42:38] current cache size: 0, finished: 0
[2026-04-13 00:42:38] current cache size: 0, finished: 0
[2026-04-13 00:42:38] current cache size: 0, finished: 0
[2026-04-13 00:42:39] current cache size: 0, finished: 0
[2026-04-13 00:42:39] current cache size: 0, finished: 0
[2026-04-13 00:42:39] current cache size: 0, finished: 0
[2026-04-13 00:42:39] current cache size: 0, finished: 0
[2026-04-13 00:42:39] current cache size: 0, finished: 0
[2026-04-13 00:42:39] current cache size: 0, finished: 0
[2026-04-13 00:42:39] current cache size: 0, finished: 0
[2026-04-13 00:42:40] current cache size: 0, finished: 0
[2026-04-13 00:42:40] current cache size: 0, finished: 0
[2026-04-13 00:42:40] current cache size: 0, finished: 0
[2026-04-13 00:42:40] current cache size: 0, finished: 0
[2026-04-13 00:42:40] current cache size: 0, finished: 0
[2026-04-13 00:42:40] current cache size: 0, finished: 0
[2026-04-13 00:42:41] current cache size: 0, finished: 0
[2026-04-13 00:42:41] current cache size: 0, finished: 0
[2026-04-13 00:42:41] current cache size: 0, finished: 0
[2026-04-13 00:42:41] current cache size: 0, finished: 0
[2026-04-13 00:42:41] current cache size: 0, finished: 0
[2026-04-13 00:42:41] current cache size: 0, finished: 0
[2026-04-13 00:42:42] current cache size: 0, finished: 0
[2026-04-13 00:42:42] current cache size: 0, finished: 0
[2026-04-13 00:42:42] current cache size: 0, finished: 0
[2026-04-13 00:42:42] current cache size: 0, finished: 0
[2026-04-13 00:42:42] current cache size: 0, finished: 0
[2026-04-13 00:42:42] current cache size: 0, finished: 0
[2026-04-13 00:42:43] current cache size: 0, finished: 0
[2026-04-13 00:42:43] current cache size: 0, finished: 0
[2026-04-13 00:42:43] current cache size: 0, finished: 0
[2026-04-13 00:42:43] current cache size: 0, finished: 0
[2026-04-13 00:42:43] current cache size: 0, finished: 0
[2026-04-13 00:42:43] current cache size: 0, finished: 0
[2026-04-13 00:42:44] current cache size: 0, finished: 0
[2026-04-13 00:42:44] current cache size: 0, finished: 0
[2026-04-13 00:42:44] current cache size: 0, finished: 0
[2026-04-13 00:42:44] current cache size: 0, finished: 0
[2026-04-13 00:42:44] current cache size: 0, finished: 0
[2026-04-13 00:42:44] current cache size: 0, finished: 0
[2026-04-13 00:42:45] current cache size: 0, finished: 0
[2026-04-13 00:42:45] current cache size: 0, finished: 0
[2026-04-13 00:42:45] current cache size: 0, finished: 0
[2026-04-13 00:42:45] current cache size: 0, finished: 0
[2026-04-13 00:42:45] current cache size: 0, finished: 0
[2026-04-13 00:42:45] current cache size: 0, finished: 0
[2026-04-13 00:42:46] current cache size: 0, finished: 0
[2026-04-13 00:42:46] current cache size: 0, finished: 0
[2026-04-13 00:42:46] current cache size: 0, finished: 0
[2026-04-13 00:42:46] current cache size: 0, finished: 0
[2026-04-13 00:42:46] current cache size: 0, finished: 0
[2026-04-13 00:42:46] current cache size: 0, finished: 0
[2026-04-13 00:42:47] current cache size: 0, finished: 0
[2026-04-13 00:42:47] current cache size: 0, finished: 0
[2026-04-13 00:42:47] current cache size: 0, finished: 0
[2026-04-13 00:42:47] current cache size: 0, finished: 0
[2026-04-13 00:42:47] current cache size: 0, finished: 0
[2026-04-13 00:42:47] current cache size: 0, finished: 0
[2026-04-13 00:42:48] current cache size: 0, finished: 0
[2026-04-13 00:42:48] current cache size: 0, finished: 0
[2026-04-13 00:42:48] current cache size: 0, finished: 0
[2026-04-13 00:42:48] current cache size: 0, finished: 0
[2026-04-13 00:42:48] current cache size: 0, finished: 0
[2026-04-13 00:42:48] current cache size: 0, finished: 0
[2026-04-13 00:42:48] current cache size: 0, finished: 0
[2026-04-13 00:42:49] current cache size: 0, finished: 0
[2026-04-13 00:42:49] current cache size: 0, finished: 0
[2026-04-13 00:42:49] current cache size: 0, finished: 0
[2026-04-13 00:42:49] current cache size: 0, finished: 0
[2026-04-13 00:42:49] current cache size: 0, finished: 0
[2026-04-13 00:42:49] current cache size: 0, finished: 0
[2026-04-13 00:42:50] current cache size: 0, finished: 0
[2026-04-13 00:42:50] current cache size: 0, finished: 0
[2026-04-13 00:42:50] current cache size: 0, finished: 0
[2026-04-13 00:42:50] current cache size: 0, finished: 0
[2026-04-13 00:42:50] current cache size: 0, finished: 0
[2026-04-13 00:42:50] current cache size: 0, finished: 0
[2026-04-13 00:42:51] current cache size: 0, finished: 0
[2026-04-13 00:42:51] current cache size: 0, finished: 0
[2026-04-13 00:42:51] current cache size: 0, finished: 0
[2026-04-13 00:42:51] current cache size: 0, finished: 0
[2026-04-13 00:42:51] current cache size: 0, finished: 0
[2026-04-13 00:42:51] current cache size: 0, finished: 0
[2026-04-13 00:42:52] current cache size: 0, finished: 0
[2026-04-13 00:42:52] current cache size: 0, finished: 0
[2026-04-13 00:42:52] current cache size: 0, finished: 0
[2026-04-13 00:42:52] current cache size: 0, finished: 0
[2026-04-13 00:42:52] current cache size: 0, finished: 0
[2026-04-13 00:42:52] current cache size: 0, finished: 0
[2026-04-13 00:42:52] current cache size: 0, finished: 0
[2026-04-13 00:42:53] current cache size: 0, finished: 0
[2026-04-13 00:42:53] current cache size: 0, finished: 0
[2026-04-13 00:42:53] current cache size: 0, finished: 0
[2026-04-13 00:42:53] current cache size: 0, finished: 0
[2026-04-13 00:42:53] current cache size: 0, finished: 0
[2026-04-13 00:42:53] current cache size: 0, finished: 0
[2026-04-13 00:42:54] current cache size: 0, finished: 0
[2026-04-13 00:42:54] current cache size: 0, finished: 0
[2026-04-13 00:42:54] current cache size: 0, finished: 0
[2026-04-13 00:42:54] current cache size: 0, finished: 0
[2026-04-13 00:42:54] current cache size: 0, finished: 0
[2026-04-13 00:42:54] current cache size: 0, finished: 0
[2026-04-13 00:42:55] current cache size: 0, finished: 0
[2026-04-13 00:42:55] current cache size: 0, finished: 0
[2026-04-13 00:42:55] current cache size: 0, finished: 0
[2026-04-13 00:42:55] current cache size: 0, finished: 0
[2026-04-13 00:42:55] current cache size: 0, finished: 0
[2026-04-13 00:42:55] current cache size: 0, finished: 0
[2026-04-13 00:42:55] current cache size: 0, finished: 0
[2026-04-13 00:42:56] current cache size: 0, finished: 0
[2026-04-13 00:42:56] current cache size: 0, finished: 0
[2026-04-13 00:42:56] current cache size: 0, finished: 0
[2026-04-13 00:42:56] current cache size: 0, finished: 0
[2026-04-13 00:42:56] current cache size: 0, finished: 0
[2026-04-13 00:42:56] current cache size: 0, finished: 0
[2026-04-13 00:42:57] current cache size: 0, finished: 0
[2026-04-13 00:42:57] current cache size: 0, finished: 0
[2026-04-13 00:42:57] current cache size: 0, finished: 0
[2026-04-13 00:42:57] current cache size: 0, finished: 0
[2026-04-13 00:42:57] current cache size: 0, finished: 0
[2026-04-13 00:42:57] current cache size: 0, finished: 0
[2026-04-13 00:42:58] current cache size: 0, finished: 0
[2026-04-13 00:42:58] current cache size: 0, finished: 0
[2026-04-13 00:42:58] current cache size: 0, finished: 0
[2026-04-13 00:42:58] current cache size: 0, finished: 0
[2026-04-13 00:42:58] current cache size: 0, finished: 0
[2026-04-13 00:42:58] current cache size: 0, finished: 0
[2026-04-13 00:42:58] current cache size: 0, finished: 0
[2026-04-13 00:42:59] current cache size: 0, finished: 0
[2026-04-13 00:42:59] current cache size: 0, finished: 0
[2026-04-13 00:42:59] current cache size: 0, finished: 0
[2026-04-13 00:42:59] current cache size: 0, finished: 0
[2026-04-13 00:42:59] current cache size: 0, finished: 0
[2026-04-13 00:42:59] current cache size: 0, finished: 0
[2026-04-13 00:43:00] current cache size: 0, finished: 0
[2026-04-13 00:43:00] current cache size: 0, finished: 0
[2026-04-13 00:43:00] current cache size: 0, finished: 0
[2026-04-13 00:43:00] current cache size: 0, finished: 0
[2026-04-13 00:43:00] current cache size: 0, finished: 0
[2026-04-13 00:43:00] current cache size: 0, finished: 0
[2026-04-13 00:43:01] current cache size: 0, finished: 0
[2026-04-13 00:43:01] current cache size: 0, finished: 0
[2026-04-13 00:43:01] current cache size: 0, finished: 0
[2026-04-13 00:43:01] current cache size: 0, finished: 0
[2026-04-13 00:43:01] current cache size: 0, finished: 0
[2026-04-13 00:43:01] current cache size: 0, finished: 0
[2026-04-13 00:43:02] current cache size: 0, finished: 0
[2026-04-13 00:43:02] current cache size: 0, finished: 0
[2026-04-13 00:43:02] current cache size: 0, finished: 0
[2026-04-13 00:43:02] current cache size: 0, finished: 0
[2026-04-13 00:43:02] current cache size: 0, finished: 0
[2026-04-13 00:43:02] current cache size: 0, finished: 0
[2026-04-13 00:43:02] current cache size: 0, finished: 0
[2026-04-13 00:43:03] current cache size: 0, finished: 0
[2026-04-13 00:43:03] current cache size: 0, finished: 0
[2026-04-13 00:43:03] current cache size: 0, finished: 0
[2026-04-13 00:43:03] current cache size: 0, finished: 0
[2026-04-13 00:43:03] current cache size: 0, finished: 0
[2026-04-13 00:43:03] current cache size: 0, finished: 0
[2026-04-13 00:43:04] current cache size: 0, finished: 0
[2026-04-13 00:43:04] current cache size: 0, finished: 0
[2026-04-13 00:43:04] current cache size: 0, finished: 0
[2026-04-13 00:43:04] current cache size: 0, finished: 0
[2026-04-13 00:43:04] current cache size: 0, finished: 0
[2026-04-13 00:43:04] current cache size: 0, finished: 0
[2026-04-13 00:43:05] current cache size: 0, finished: 0
[2026-04-13 00:43:05] current cache size: 0, finished: 0
[2026-04-13 00:43:05] current cache size: 0, finished: 0
[2026-04-13 00:43:05] current cache size: 0, finished: 0
[2026-04-13 00:43:05] current cache size: 0, finished: 0
[2026-04-13 00:43:05] current cache size: 0, finished: 0
[2026-04-13 00:43:06] current cache size: 0, finished: 0
[2026-04-13 00:43:06] current cache size: 0, finished: 0
[2026-04-13 00:43:06] current cache size: 0, finished: 0
[2026-04-13 00:43:06] current cache size: 0, finished: 0
[2026-04-13 00:43:06] current cache size: 0, finished: 0
[2026-04-13 00:43:06] current cache size: 0, finished: 0
[2026-04-13 00:43:06] current cache size: 0, finished: 0
[2026-04-13 00:43:07] current cache size: 0, finished: 0
[2026-04-13 00:43:07] current cache size: 0, finished: 0
[2026-04-13 00:43:07] current cache size: 0, finished: 0
[2026-04-13 00:43:07] current cache size: 0, finished: 0
[2026-04-13 00:43:07] current cache size: 0, finished: 0
[2026-04-13 00:43:07] current cache size: 0, finished: 0
[2026-04-13 00:43:08] current cache size: 0, finished: 0
[2026-04-13 00:43:08] current cache size: 0, finished: 0
[2026-04-13 00:43:08] current cache size: 0, finished: 0
[2026-04-13 00:43:08] current cache size: 0, finished: 0
[2026-04-13 00:43:08] current cache size: 0, finished: 0
[2026-04-13 00:43:08] current cache size: 0, finished: 0
[2026-04-13 00:43:09] current cache size: 0, finished: 0
[2026-04-13 00:43:09] current cache size: 0, finished: 0
[2026-04-13 00:43:09] current cache size: 0, finished: 0
[2026-04-13 00:43:09] current cache size: 0, finished: 0
[2026-04-13 00:43:09] current cache size: 0, finished: 0
[2026-04-13 00:43:09] current cache size: 0, finished: 0
[2026-04-13 00:43:10] current cache size: 0, finished: 0
[2026-04-13 00:43:10] current cache size: 0, finished: 0
[2026-04-13 00:43:10] current cache size: 0, finished: 0
[2026-04-13 00:43:10] current cache size: 0, finished: 0
[2026-04-13 00:43:10] current cache size: 0, finished: 0
[2026-04-13 00:43:10] current cache size: 0, finished: 0
[2026-04-13 00:43:11] current cache size: 0, finished: 0
[2026-04-13 00:43:11] current cache size: 0, finished: 0
[2026-04-13 00:43:11] current cache size: 0, finished: 0
[2026-04-13 00:43:11] current cache size: 0, finished: 0
[2026-04-13 00:43:11] current cache size: 0, finished: 0
[2026-04-13 00:43:11] current cache size: 0, finished: 0
[2026-04-13 00:43:11] current cache size: 0, finished: 0
[2026-04-13 00:43:12] current cache size: 0, finished: 0
[2026-04-13 00:43:12] current cache size: 0, finished: 0
[2026-04-13 00:43:12] current cache size: 0, finished: 0
[2026-04-13 00:43:12] current cache size: 0, finished: 0
[2026-04-13 00:43:12] current cache size: 0, finished: 0
[2026-04-13 00:43:12] current cache size: 0, finished: 0
[2026-04-13 00:43:13] current cache size: 0, finished: 0
[2026-04-13 00:43:13] current cache size: 0, finished: 0
[2026-04-13 00:43:13] current cache size: 0, finished: 0
[2026-04-13 00:43:13] current cache size: 0, finished: 0
[2026-04-13 00:43:13] current cache size: 0, finished: 0
[2026-04-13 00:43:13] current cache size: 0, finished: 0
[2026-04-13 00:43:14] current cache size: 0, finished: 0
[2026-04-13 00:43:14] current cache size: 0, finished: 0
[2026-04-13 00:43:14] current cache size: 0, finished: 0
[2026-04-13 00:43:14] current cache size: 0, finished: 0
[2026-04-13 00:43:14] current cache size: 0, finished: 0
[2026-04-13 00:43:14] current cache size: 0, finished: 0
[2026-04-13 00:43:15] current cache size: 0, finished: 0
[2026-04-13 00:43:15] current cache size: 0, finished: 0
[2026-04-13 00:43:15] current cache size: 0, finished: 0
[2026-04-13 00:43:15] current cache size: 0, finished: 0
[2026-04-13 00:43:15] current cache size: 0, finished: 0
[2026-04-13 00:43:15] current cache size: 0, finished: 0
[2026-04-13 00:43:16] current cache size: 0, finished: 0
[2026-04-13 00:43:16] current cache size: 0, finished: 0
[2026-04-13 00:43:16] current cache size: 0, finished: 0
[2026-04-13 00:43:16] current cache size: 0, finished: 0
[2026-04-13 00:43:16] current cache size: 0, finished: 0
[2026-04-13 00:43:16] current cache size: 0, finished: 0
[2026-04-13 00:43:17] current cache size: 0, finished: 0
[2026-04-13 00:43:17] current cache size: 0, finished: 0
[2026-04-13 00:43:17] current cache size: 0, finished: 0
[2026-04-13 00:43:17] current cache size: 0, finished: 0
[2026-04-13 00:43:17] current cache size: 0, finished: 0
[2026-04-13 00:43:17] current cache size: 0, finished: 0
[2026-04-13 00:43:18] current cache size: 0, finished: 0
[2026-04-13 00:43:18] current cache size: 0, finished: 0
[2026-04-13 00:43:18] current cache size: 0, finished: 0
[2026-04-13 00:43:18] current cache size: 0, finished: 0
[2026-04-13 00:43:18] current cache size: 0, finished: 0
[2026-04-13 00:43:18] current cache size: 0, finished: 0
[2026-04-13 00:43:18] current cache size: 0, finished: 0
[2026-04-13 00:43:19] current cache size: 0, finished: 0
[2026-04-13 00:43:19] current cache size: 0, finished: 0
[2026-04-13 00:43:19] current cache size: 0, finished: 0
[2026-04-13 00:43:19] current cache size: 0, finished: 0
[2026-04-13 00:43:19] current cache size: 0, finished: 0
[2026-04-13 00:43:19] current cache size: 0, finished: 0
[2026-04-13 00:43:20] current cache size: 0, finished: 0
[2026-04-13 00:43:20] current cache size: 0, finished: 0
[2026-04-13 00:43:20] current cache size: 0, finished: 0
[2026-04-13 00:43:20] current cache size: 0, finished: 0
[2026-04-13 00:43:20] current cache size: 0, finished: 0
[2026-04-13 00:43:20] current cache size: 0, finished: 0
[2026-04-13 00:43:21] current cache size: 0, finished: 0
[2026-04-13 00:43:21] current cache size: 0, finished: 0
[2026-04-13 00:43:21] current cache size: 0, finished: 0
[2026-04-13 00:43:21] current cache size: 0, finished: 0
[2026-04-13 00:43:21] current cache size: 0, finished: 0
[2026-04-13 00:43:21] current cache size: 0, finished: 0
[2026-04-13 00:43:22] current cache size: 0, finished: 0
[2026-04-13 00:43:22] current cache size: 0, finished: 0
[2026-04-13 00:43:22] current cache size: 0, finished: 0
[2026-04-13 00:43:22] current cache size: 0, finished: 0
[2026-04-13 00:43:22] current cache size: 0, finished: 0
[2026-04-13 00:43:22] current cache size: 0, finished: 0
[2026-04-13 00:43:23] current cache size: 0, finished: 0
[2026-04-13 00:43:23] current cache size: 0, finished: 0
[2026-04-13 00:43:23] current cache size: 0, finished: 0
[2026-04-13 00:43:23] current cache size: 0, finished: 0
[2026-04-13 00:43:23] current cache size: 0, finished: 0
[2026-04-13 00:43:23] current cache size: 0, finished: 0
[2026-04-13 00:43:24] current cache size: 0, finished: 0
[2026-04-13 00:43:24] current cache size: 0, finished: 0
[2026-04-13 00:43:24] current cache size: 0, finished: 0
[2026-04-13 00:43:24] current cache size: 0, finished: 0
[2026-04-13 00:43:24] current cache size: 0, finished: 0
[2026-04-13 00:43:24] current cache size: 0, finished: 0
[2026-04-13 00:43:25] current cache size: 0, finished: 0
[2026-04-13 00:43:25] current cache size: 0, finished: 0
[2026-04-13 00:43:25] current cache size: 0, finished: 0
[2026-04-13 00:43:25] current cache size: 0, finished: 0
[2026-04-13 00:43:25] current cache size: 0, finished: 0
[2026-04-13 00:43:25] current cache size: 0, finished: 0
[2026-04-13 00:43:26] current cache size: 0, finished: 0
[2026-04-13 00:43:26] current cache size: 0, finished: 0
[2026-04-13 00:43:26] current cache size: 0, finished: 0
[2026-04-13 00:43:26] current cache size: 0, finished: 0
[2026-04-13 00:43:26] current cache size: 0, finished: 0
[2026-04-13 00:43:26] current cache size: 0, finished: 0
[2026-04-13 00:43:27] current cache size: 0, finished: 0
[2026-04-13 00:43:27] current cache size: 0, finished: 0
[2026-04-13 00:43:27] current cache size: 0, finished: 0
[2026-04-13 00:43:27] current cache size: 0, finished: 0
[2026-04-13 00:43:27] current cache size: 0, finished: 0
[2026-04-13 00:43:27] current cache size: 0, finished: 0
[2026-04-13 00:43:28] current cache size: 0, finished: 0
[2026-04-13 00:43:28] current cache size: 0, finished: 0
[2026-04-13 00:43:28] current cache size: 0, finished: 0
[2026-04-13 00:43:28] current cache size: 0, finished: 0
[2026-04-13 00:43:28] current cache size: 0, finished: 0
[2026-04-13 00:43:28] current cache size: 0, finished: 0
[2026-04-13 00:43:28] current cache size: 0, finished: 0
[2026-04-13 00:43:29] current cache size: 0, finished: 0
[2026-04-13 00:43:29] current cache size: 0, finished: 0
[2026-04-13 00:43:29] current cache size: 0, finished: 0
[2026-04-13 00:43:29] current cache size: 0, finished: 0
[2026-04-13 00:43:29] current cache size: 0, finished: 0
[2026-04-13 00:43:29] current cache size: 0, finished: 0
[2026-04-13 00:43:30] current cache size: 0, finished: 0
[2026-04-13 00:43:30] current cache size: 0, finished: 0
[2026-04-13 00:43:30] current cache size: 0, finished: 0
[2026-04-13 00:43:30] current cache size: 0, finished: 0
[2026-04-13 00:43:30] current cache size: 0, finished: 0
[2026-04-13 00:43:30] current cache size: 0, finished: 0
[2026-04-13 00:43:31] current cache size: 0, finished: 0
[2026-04-13 00:43:31] current cache size: 0, finished: 0
[2026-04-13 00:43:31] current cache size: 0, finished: 0
[2026-04-13 00:43:31] current cache size: 0, finished: 0
[2026-04-13 00:43:31] current cache size: 0, finished: 0
[2026-04-13 00:43:31] current cache size: 0, finished: 0
[2026-04-13 00:43:32] current cache size: 0, finished: 0
[2026-04-13 00:43:32] current cache size: 0, finished: 0
[2026-04-13 00:43:32] current cache size: 0, finished: 0
[2026-04-13 00:43:32] current cache size: 0, finished: 0
[2026-04-13 00:43:32] current cache size: 0, finished: 0
[2026-04-13 00:43:32] current cache size: 0, finished: 0
[2026-04-13 00:43:33] current cache size: 0, finished: 0
[2026-04-13 00:43:33] current cache size: 0, finished: 0
[2026-04-13 00:43:33] current cache size: 0, finished: 0
[2026-04-13 00:43:33] current cache size: 0, finished: 0
[2026-04-13 00:43:33] current cache size: 0, finished: 0
[2026-04-13 00:43:33] current cache size: 0, finished: 0
[2026-04-13 00:43:33] current cache size: 0, finished: 0
[2026-04-13 00:43:34] current cache size: 0, finished: 0
[2026-04-13 00:43:34] current cache size: 0, finished: 0
[2026-04-13 00:43:34] current cache size: 0, finished: 0
[2026-04-13 00:43:34] current cache size: 0, finished: 0
[2026-04-13 00:43:34] current cache size: 0, finished: 0
[2026-04-13 00:43:34] current cache size: 0, finished: 0
[2026-04-13 00:43:35] current cache size: 0, finished: 0
[2026-04-13 00:43:35] current cache size: 0, finished: 0
[2026-04-13 00:43:35] current cache size: 0, finished: 0
[2026-04-13 00:43:35] current cache size: 0, finished: 0
[2026-04-13 00:43:35] current cache size: 0, finished: 0
[2026-04-13 00:43:35] current cache size: 0, finished: 0
[2026-04-13 00:43:36] current cache size: 0, finished: 0
[2026-04-13 00:43:36] current cache size: 0, finished: 0
[2026-04-13 00:43:36] current cache size: 0, finished: 0
[2026-04-13 00:43:36] current cache size: 0, finished: 0
[2026-04-13 00:43:36] current cache size: 0, finished: 0
[2026-04-13 00:43:36] current cache size: 0, finished: 0
[2026-04-13 00:43:36] current cache size: 0, finished: 0
[2026-04-13 00:43:37] current cache size: 0, finished: 0
[2026-04-13 00:43:37] current cache size: 0, finished: 0
[2026-04-13 00:43:37] current cache size: 0, finished: 0
[2026-04-13 00:43:37] current cache size: 0, finished: 0
[2026-04-13 00:43:37] current cache size: 0, finished: 0
[2026-04-13 00:43:37] current cache size: 0, finished: 0
[2026-04-13 00:43:38] current cache size: 0, finished: 0
[2026-04-13 00:43:38] current cache size: 0, finished: 0
[2026-04-13 00:43:38] current cache size: 0, finished: 0
[2026-04-13 00:43:38] current cache size: 0, finished: 0
[2026-04-13 00:43:38] current cache size: 0, finished: 0
[2026-04-13 00:43:38] current cache size: 0, finished: 0
[2026-04-13 00:43:39] current cache size: 0, finished: 0
[2026-04-13 00:43:39] current cache size: 0, finished: 0
[2026-04-13 00:43:39] current cache size: 0, finished: 0
[2026-04-13 00:43:39] current cache size: 0, finished: 0
[2026-04-13 00:43:39] current cache size: 0, finished: 0
[2026-04-13 00:43:39] current cache size: 0, finished: 0
[2026-04-13 00:43:40] current cache size: 0, finished: 0
[2026-04-13 00:43:40] current cache size: 0, finished: 0
[2026-04-13 00:43:40] current cache size: 0, finished: 0
[2026-04-13 00:43:40] current cache size: 0, finished: 0
[2026-04-13 00:43:40] current cache size: 0, finished: 0
[2026-04-13 00:43:40] current cache size: 0, finished: 0
[2026-04-13 00:43:40] current cache size: 0, finished: 0
[2026-04-13 00:43:41] current cache size: 0, finished: 0
[2026-04-13 00:43:41] current cache size: 0, finished: 0
[2026-04-13 00:43:41] current cache size: 0, finished: 0
[2026-04-13 00:43:41] current cache size: 0, finished: 0
[2026-04-13 00:43:41] current cache size: 0, finished: 0
[2026-04-13 00:43:41] current cache size: 0, finished: 0
[2026-04-13 00:43:42] current cache size: 0, finished: 0
[2026-04-13 00:43:42] current cache size: 0, finished: 0
[2026-04-13 00:43:42] current cache size: 0, finished: 0
[2026-04-13 00:43:42] current cache size: 0, finished: 0
[2026-04-13 00:43:42] current cache size: 0, finished: 0
[2026-04-13 00:43:42] current cache size: 0, finished: 0
[2026-04-13 00:43:43] current cache size: 0, finished: 0
[2026-04-13 00:43:43] current cache size: 0, finished: 0
[2026-04-13 00:43:43] current cache size: 0, finished: 0
[2026-04-13 00:43:43] current cache size: 0, finished: 0
[2026-04-13 00:43:43] current cache size: 0, finished: 0
[2026-04-13 00:43:43] current cache size: 0, finished: 0
[2026-04-13 00:43:44] current cache size: 0, finished: 0
[2026-04-13 00:43:44] current cache size: 0, finished: 0
[2026-04-13 00:43:44] current cache size: 0, finished: 0
[2026-04-13 00:43:44] current cache size: 0, finished: 0
[2026-04-13 00:43:44] current cache size: 0, finished: 0
[2026-04-13 00:43:44] current cache size: 0, finished: 0
[2026-04-13 00:43:44] current cache size: 0, finished: 0
[2026-04-13 00:43:45] current cache size: 0, finished: 0
[2026-04-13 00:43:45] current cache size: 0, finished: 0
[2026-04-13 00:43:45] current cache size: 0, finished: 0
[2026-04-13 00:43:45] current cache size: 0, finished: 0
[2026-04-13 00:43:45] current cache size: 0, finished: 0
[2026-04-13 00:43:45] current cache size: 0, finished: 0
[2026-04-13 00:43:46] current cache size: 0, finished: 0
[2026-04-13 00:43:46] current cache size: 0, finished: 0
[2026-04-13 00:43:46] current cache size: 0, finished: 0
[2026-04-13 00:43:46] current cache size: 0, finished: 0
[2026-04-13 00:43:46] current cache size: 0, finished: 0
[2026-04-13 00:43:46] current cache size: 0, finished: 0
[2026-04-13 00:43:47] current cache size: 0, finished: 0
[2026-04-13 00:43:47] current cache size: 0, finished: 0
[2026-04-13 00:43:47] current cache size: 0, finished: 0
[2026-04-13 00:43:47] current cache size: 0, finished: 0
[2026-04-13 00:43:47] current cache size: 0, finished: 0
[2026-04-13 00:43:47] current cache size: 0, finished: 0
[2026-04-13 00:43:48] current cache size: 0, finished: 0
[2026-04-13 00:43:48] current cache size: 0, finished: 0
[2026-04-13 00:43:48] current cache size: 0, finished: 0
[2026-04-13 00:43:48] current cache size: 0, finished: 0
[2026-04-13 00:43:48] current cache size: 0, finished: 0
[2026-04-13 00:43:48] current cache size: 0, finished: 0
[2026-04-13 00:43:49] current cache size: 0, finished: 0
[2026-04-13 00:43:49] current cache size: 0, finished: 0
[2026-04-13 00:43:49] current cache size: 0, finished: 0
[2026-04-13 00:43:49] current cache size: 0, finished: 0
[2026-04-13 00:43:49] current cache size: 0, finished: 0
[2026-04-13 00:43:49] current cache size: 0, finished: 0
[2026-04-13 00:43:49] current cache size: 0, finished: 0
[2026-04-13 00:43:50] current cache size: 0, finished: 0
[2026-04-13 00:43:50] current cache size: 0, finished: 0
[2026-04-13 00:43:50] current cache size: 0, finished: 0
[2026-04-13 00:43:50] current cache size: 0, finished: 0
[2026-04-13 00:43:50] current cache size: 0, finished: 0
[2026-04-13 00:43:50] current cache size: 0, finished: 0
[2026-04-13 00:43:51] current cache size: 0, finished: 0
[2026-04-13 00:43:51] current cache size: 0, finished: 0
[2026-04-13 00:43:51] current cache size: 0, finished: 0
[2026-04-13 00:43:51] current cache size: 0, finished: 0
[2026-04-13 00:43:51] current cache size: 0, finished: 0
[2026-04-13 00:43:51] current cache size: 0, finished: 0
[2026-04-13 00:43:52] current cache size: 0, finished: 0
[2026-04-13 00:43:52] current cache size: 0, finished: 0
[2026-04-13 00:43:52] current cache size: 0, finished: 0
[2026-04-13 00:43:52] current cache size: 0, finished: 0
[2026-04-13 00:43:52] current cache size: 0, finished: 0
[2026-04-13 00:43:52] current cache size: 0, finished: 0
[2026-04-13 00:43:53] current cache size: 0, finished: 0
[2026-04-13 00:43:53] current cache size: 0, finished: 0
[2026-04-13 00:43:53] current cache size: 0, finished: 0
[2026-04-13 00:43:53] current cache size: 0, finished: 0
[2026-04-13 00:43:53] current cache size: 0, finished: 0
[2026-04-13 00:43:53] current cache size: 0, finished: 0
[2026-04-13 00:43:54] current cache size: 0, finished: 0
[2026-04-13 00:43:54] current cache size: 0, finished: 0
[2026-04-13 00:43:54] current cache size: 0, finished: 0
[2026-04-13 00:43:54] current cache size: 0, finished: 0
[2026-04-13 00:43:54] current cache size: 0, finished: 0
[2026-04-13 00:43:54] current cache size: 0, finished: 0
[2026-04-13 00:43:55] current cache size: 0, finished: 0
[2026-04-13 00:43:55] current cache size: 0, finished: 0
[2026-04-13 00:43:55] current cache size: 0, finished: 0
[2026-04-13 00:43:55] current cache size: 0, finished: 0
[2026-04-13 00:43:55] current cache size: 0, finished: 0
[2026-04-13 00:43:55] current cache size: 0, finished: 0
[2026-04-13 00:43:56] current cache size: 0, finished: 0
[2026-04-13 00:43:56] current cache size: 0, finished: 0
[2026-04-13 00:43:56] current cache size: 0, finished: 0
[2026-04-13 00:43:56] current cache size: 0, finished: 0
[2026-04-13 00:43:56] current cache size: 0, finished: 0
[2026-04-13 00:43:56] current cache size: 0, finished: 0
[2026-04-13 00:43:57] current cache size: 0, finished: 0
[2026-04-13 00:43:57] current cache size: 0, finished: 0
[2026-04-13 00:43:57] current cache size: 0, finished: 0
[2026-04-13 00:43:57] current cache size: 0, finished: 0
[2026-04-13 00:43:57] current cache size: 0, finished: 0
[2026-04-13 00:43:57] current cache size: 0, finished: 0
[2026-04-13 00:43:58] current cache size: 0, finished: 0
[2026-04-13 00:43:58] current cache size: 0, finished: 0
[2026-04-13 00:43:58] current cache size: 0, finished: 0
[2026-04-13 00:43:58] current cache size: 0, finished: 0
[2026-04-13 00:43:58] current cache size: 0, finished: 0
[2026-04-13 00:43:58] current cache size: 0, finished: 0
[2026-04-13 00:43:59] current cache size: 0, finished: 0
[2026-04-13 00:43:59] current cache size: 0, finished: 0
[2026-04-13 00:43:59] current cache size: 0, finished: 0
[2026-04-13 00:43:59] current cache size: 0, finished: 0
[2026-04-13 00:43:59] current cache size: 0, finished: 0
[2026-04-13 00:43:59] current cache size: 0, finished: 0
[2026-04-13 00:44:00] current cache size: 0, finished: 0
[2026-04-13 00:44:00] current cache size: 0, finished: 0
[2026-04-13 00:44:00] current cache size: 0, finished: 0
[2026-04-13 00:44:00] current cache size: 0, finished: 0
[2026-04-13 00:44:00] current cache size: 0, finished: 0
[2026-04-13 00:44:00] current cache size: 0, finished: 0
[2026-04-13 00:44:01] current cache size: 0, finished: 0
[2026-04-13 00:44:01] current cache size: 0, finished: 0
[2026-04-13 00:44:01] current cache size: 0, finished: 0
[2026-04-13 00:44:01] current cache size: 0, finished: 0
[2026-04-13 00:44:01] current cache size: 0, finished: 0
[2026-04-13 00:44:01] current cache size: 0, finished: 0
[2026-04-13 00:44:01] current cache size: 0, finished: 0
[2026-04-13 00:44:02] current cache size: 0, finished: 0
[2026-04-13 00:44:02] current cache size: 0, finished: 0
[2026-04-13 00:44:02] current cache size: 0, finished: 0
[2026-04-13 00:44:02] current cache size: 0, finished: 0
[2026-04-13 00:44:02] current cache size: 0, finished: 0
[2026-04-13 00:44:02] current cache size: 0, finished: 0
[2026-04-13 00:44:03] current cache size: 0, finished: 0
[2026-04-13 00:44:03] current cache size: 0, finished: 0
[2026-04-13 00:44:03] current cache size: 0, finished: 0
[2026-04-13 00:44:03] current cache size: 0, finished: 0
[2026-04-13 00:44:03] current cache size: 0, finished: 0
[2026-04-13 00:44:04] current cache size: 0, finished: 0
[2026-04-13 00:44:04] current cache size: 0, finished: 0
[2026-04-13 00:44:04] current cache size: 0, finished: 0
[2026-04-13 00:44:04] current cache size: 0, finished: 0
[2026-04-13 00:44:04] current cache size: 0, finished: 0
[2026-04-13 00:44:04] current cache size: 0, finished: 0
[2026-04-13 00:44:05] current cache size: 0, finished: 0
[2026-04-13 00:44:05] current cache size: 0, finished: 0
[2026-04-13 00:44:05] current cache size: 0, finished: 0
[2026-04-13 00:44:05] current cache size: 0, finished: 0
[2026-04-13 00:44:05] current cache size: 0, finished: 0
[2026-04-13 00:44:05] current cache size: 0, finished: 0
[2026-04-13 00:44:06] current cache size: 0, finished: 0
[2026-04-13 00:44:06] current cache size: 0, finished: 0
[2026-04-13 00:44:06] current cache size: 0, finished: 0
[2026-04-13 00:44:06] current cache size: 0, finished: 0
[2026-04-13 00:44:06] current cache size: 0, finished: 0
[2026-04-13 00:44:06] current cache size: 0, finished: 0
[2026-04-13 00:44:06] current cache size: 0, finished: 0
[2026-04-13 00:44:07] current cache size: 0, finished: 0
[2026-04-13 00:44:07] current cache size: 0, finished: 0
[2026-04-13 00:44:07] current cache size: 0, finished: 0
[2026-04-13 00:44:07] current cache size: 0, finished: 0
[2026-04-13 00:44:07] current cache size: 0, finished: 0
[2026-04-13 00:44:07] current cache size: 0, finished: 0
[2026-04-13 00:44:08] current cache size: 0, finished: 0
[2026-04-13 00:44:08] current cache size: 0, finished: 0
[2026-04-13 00:44:08] current cache size: 0, finished: 0
[2026-04-13 00:44:08] current cache size: 0, finished: 0
[2026-04-13 00:44:08] current cache size: 0, finished: 0
[2026-04-13 00:44:08] current cache size: 0, finished: 0
[2026-04-13 00:44:09] current cache size: 0, finished: 0
[2026-04-13 00:44:09] current cache size: 0, finished: 0
[2026-04-13 00:44:09] current cache size: 0, finished: 0
[2026-04-13 00:44:09] current cache size: 0, finished: 0
[2026-04-13 00:44:09] current cache size: 0, finished: 0
[2026-04-13 00:44:09] current cache size: 0, finished: 0
[2026-04-13 00:44:10] current cache size: 0, finished: 0
[2026-04-13 00:44:10] current cache size: 0, finished: 0
[2026-04-13 00:44:10] current cache size: 0, finished: 0
[2026-04-13 00:44:10] current cache size: 0, finished: 0
[2026-04-13 00:44:10] current cache size: 0, finished: 0
[2026-04-13 00:44:10] current cache size: 0, finished: 0
[2026-04-13 00:44:11] current cache size: 0, finished: 0
[2026-04-13 00:44:11] current cache size: 0, finished: 0
[2026-04-13 00:44:11] current cache size: 0, finished: 0
[2026-04-13 00:44:11] current cache size: 0, finished: 0
[2026-04-13 00:44:11] current cache size: 0, finished: 0
[2026-04-13 00:44:11] current cache size: 0, finished: 0
[2026-04-13 00:44:11] current cache size: 0, finished: 0
[2026-04-13 00:44:12] current cache size: 0, finished: 0
[2026-04-13 00:44:12] current cache size: 0, finished: 0
[2026-04-13 00:44:12] current cache size: 0, finished: 0
[2026-04-13 00:44:12] current cache size: 0, finished: 0
[2026-04-13 00:44:12] current cache size: 0, finished: 0
[2026-04-13 00:44:12] current cache size: 0, finished: 0
[2026-04-13 00:44:13] current cache size: 0, finished: 0
[2026-04-13 00:44:13] current cache size: 0, finished: 0
[2026-04-13 00:44:13] current cache size: 0, finished: 0
[2026-04-13 00:44:13] current cache size: 0, finished: 0
[2026-04-13 00:44:13] current cache size: 0, finished: 0
[2026-04-13 00:44:13] current cache size: 0, finished: 0
[2026-04-13 00:44:14] current cache size: 0, finished: 0
[2026-04-13 00:44:14] current cache size: 0, finished: 0
[2026-04-13 00:44:14] current cache size: 0, finished: 0
[2026-04-13 00:44:14] current cache size: 0, finished: 0
[2026-04-13 00:44:14] current cache size: 0, finished: 0
[2026-04-13 00:44:14] current cache size: 0, finished: 0
[2026-04-13 00:44:14] current cache size: 0, finished: 0
[2026-04-13 00:44:15] current cache size: 0, finished: 0
[2026-04-13 00:44:15] current cache size: 0, finished: 0
[2026-04-13 00:44:15] current cache size: 0, finished: 0
[2026-04-13 00:44:15] current cache size: 0, finished: 0
[2026-04-13 00:44:15] current cache size: 0, finished: 0
[2026-04-13 00:44:15] current cache size: 0, finished: 0
[2026-04-13 00:44:16] current cache size: 0, finished: 0
[2026-04-13 00:44:16] current cache size: 0, finished: 0
[2026-04-13 00:44:16] current cache size: 0, finished: 0
[2026-04-13 00:44:16] current cache size: 0, finished: 0
[2026-04-13 00:44:16] current cache size: 0, finished: 0
[2026-04-13 00:44:16] current cache size: 0, finished: 0
[2026-04-13 00:44:17] current cache size: 0, finished: 0
[2026-04-13 00:44:17] current cache size: 0, finished: 0
[2026-04-13 00:44:17] current cache size: 0, finished: 0
[2026-04-13 00:44:17] current cache size: 0, finished: 0
[2026-04-13 00:44:17] current cache size: 0, finished: 0
[2026-04-13 00:44:17] current cache size: 0, finished: 0
[2026-04-13 00:44:17] current cache size: 0, finished: 0
[2026-04-13 00:44:18] current cache size: 0, finished: 0
[2026-04-13 00:44:18] current cache size: 0, finished: 0
[2026-04-13 00:44:18] current cache size: 0, finished: 0
[2026-04-13 00:44:18] current cache size: 0, finished: 0
[2026-04-13 00:44:18] current cache size: 0, finished: 0
[2026-04-13 00:44:18] current cache size: 0, finished: 0
[2026-04-13 00:44:19] current cache size: 0, finished: 0
[2026-04-13 00:44:19] current cache size: 0, finished: 0
[2026-04-13 00:44:19] current cache size: 0, finished: 0
[2026-04-13 00:44:19] current cache size: 0, finished: 0
[2026-04-13 00:44:19] current cache size: 0, finished: 0
[2026-04-13 00:44:19] current cache size: 0, finished: 0
[2026-04-13 00:44:20] current cache size: 0, finished: 0
[2026-04-13 00:44:20] current cache size: 0, finished: 0
[2026-04-13 00:44:20] current cache size: 0, finished: 0
[2026-04-13 00:44:20] current cache size: 0, finished: 0
[2026-04-13 00:44:20] current cache size: 0, finished: 0
[2026-04-13 00:44:20] current cache size: 0, finished: 0
[2026-04-13 00:44:21] current cache size: 0, finished: 0
[2026-04-13 00:44:21] current cache size: 0, finished: 0
[2026-04-13 00:44:21] current cache size: 0, finished: 0
[2026-04-13 00:44:21] current cache size: 0, finished: 0
[2026-04-13 00:44:21] current cache size: 0, finished: 0
[2026-04-13 00:44:21] current cache size: 0, finished: 0
[2026-04-13 00:44:22] current cache size: 0, finished: 0
[2026-04-13 00:44:22] current cache size: 0, finished: 0
[2026-04-13 00:44:22] current cache size: 0, finished: 0
[2026-04-13 00:44:22] current cache size: 0, finished: 0
[2026-04-13 00:44:22] current cache size: 0, finished: 0
[2026-04-13 00:44:22] current cache size: 0, finished: 0
[2026-04-13 00:44:23] current cache size: 0, finished: 0
[2026-04-13 00:44:23] current cache size: 0, finished: 0
[2026-04-13 00:44:23] current cache size: 0, finished: 0
[2026-04-13 00:44:23] current cache size: 0, finished: 0
[2026-04-13 00:44:23] current cache size: 0, finished: 0
[2026-04-13 00:44:23] current cache size: 0, finished: 0
[2026-04-13 00:44:23] current cache size: 0, finished: 0
[2026-04-13 00:44:24] current cache size: 0, finished: 0
[2026-04-13 00:44:24] current cache size: 0, finished: 0
[2026-04-13 00:44:24] current cache size: 0, finished: 0
[2026-04-13 00:44:24] current cache size: 0, finished: 0
[2026-04-13 00:44:25] current cache size: 0, finished: 0
[2026-04-13 00:44:25] current cache size: 0, finished: 0
[2026-04-13 00:44:25] current cache size: 0, finished: 0
[2026-04-13 00:44:25] current cache size: 0, finished: 0
[2026-04-13 00:44:25] current cache size: 0, finished: 0
[2026-04-13 00:44:25] current cache size: 0, finished: 0
[2026-04-13 00:44:26] current cache size: 0, finished: 0
[2026-04-13 00:44:26] current cache size: 0, finished: 0
[2026-04-13 00:44:26] current cache size: 0, finished: 0
[2026-04-13 00:44:26] current cache size: 0, finished: 0
[2026-04-13 00:44:26] current cache size: 0, finished: 0
[2026-04-13 00:44:26] current cache size: 0, finished: 0
[2026-04-13 00:44:27] current cache size: 0, finished: 0
[2026-04-13 00:44:27] current cache size: 0, finished: 0
[2026-04-13 00:44:27] current cache size: 0, finished: 0
[2026-04-13 00:44:27] current cache size: 0, finished: 0
[2026-04-13 00:44:27] current cache size: 0, finished: 0
[2026-04-13 00:44:27] current cache size: 0, finished: 0
[2026-04-13 00:44:28] current cache size: 0, finished: 0
[2026-04-13 00:44:28] current cache size: 0, finished: 0
[2026-04-13 00:44:28] current cache size: 0, finished: 0
[2026-04-13 00:44:28] current cache size: 0, finished: 0
[2026-04-13 00:44:28] current cache size: 0, finished: 0
[2026-04-13 00:44:28] current cache size: 0, finished: 0
[2026-04-13 00:44:29] current cache size: 0, finished: 0
[2026-04-13 00:44:29] current cache size: 0, finished: 0
[2026-04-13 00:44:29] current cache size: 0, finished: 0
[2026-04-13 00:44:29] current cache size: 0, finished: 0
[2026-04-13 00:44:29] current cache size: 0, finished: 0
[2026-04-13 00:44:29] current cache size: 0, finished: 0
[2026-04-13 00:44:29] current cache size: 0, finished: 0
[2026-04-13 00:44:30] current cache size: 0, finished: 0
[2026-04-13 00:44:30] current cache size: 0, finished: 0
[2026-04-13 00:44:30] current cache size: 0, finished: 0
[2026-04-13 00:44:30] current cache size: 0, finished: 0
[2026-04-13 00:44:30] current cache size: 0, finished: 0
[2026-04-13 00:44:30] current cache size: 0, finished: 0
[2026-04-13 00:44:31] current cache size: 0, finished: 0
[2026-04-13 00:44:31] current cache size: 0, finished: 0
[2026-04-13 00:44:31] current cache size: 0, finished: 0
[2026-04-13 00:44:31] current cache size: 0, finished: 0
[2026-04-13 00:44:31] current cache size: 0, finished: 0
[2026-04-13 00:44:31] current cache size: 0, finished: 0
[2026-04-13 00:44:32] current cache size: 0, finished: 0
[2026-04-13 00:44:32] current cache size: 0, finished: 0
[2026-04-13 00:44:32] current cache size: 0, finished: 0
[2026-04-13 00:44:32] current cache size: 0, finished: 0
[2026-04-13 00:44:32] current cache size: 0, finished: 0
[2026-04-13 00:44:32] current cache size: 0, finished: 0
[2026-04-13 00:44:33] current cache size: 0, finished: 0
[2026-04-13 00:44:33] current cache size: 0, finished: 0
[2026-04-13 00:44:33] current cache size: 0, finished: 0
[2026-04-13 00:44:33] current cache size: 0, finished: 0
[2026-04-13 00:44:33] current cache size: 0, finished: 0
[2026-04-13 00:44:33] current cache size: 0, finished: 0
[2026-04-13 00:44:34] current cache size: 0, finished: 0
[2026-04-13 00:44:34] current cache size: 0, finished: 0
[2026-04-13 00:44:34] current cache size: 0, finished: 0
[2026-04-13 00:44:34] current cache size: 0, finished: 0
[2026-04-13 00:44:34] current cache size: 0, finished: 0
[2026-04-13 00:44:34] current cache size: 0, finished: 0
[2026-04-13 00:44:35] current cache size: 0, finished: 0
[2026-04-13 00:44:35] current cache size: 0, finished: 0
[2026-04-13 00:44:35] current cache size: 0, finished: 0
[2026-04-13 00:44:35] current cache size: 0, finished: 0
[2026-04-13 00:44:35] current cache size: 0, finished: 0
[2026-04-13 00:44:35] current cache size: 0, finished: 0
[2026-04-13 00:44:36] current cache size: 0, finished: 0
[2026-04-13 00:44:36] current cache size: 0, finished: 0
[2026-04-13 00:44:36] current cache size: 0, finished: 0
[2026-04-13 00:44:36] current cache size: 0, finished: 0
[2026-04-13 00:44:36] current cache size: 0, finished: 0
[2026-04-13 00:44:36] current cache size: 0, finished: 0
[2026-04-13 00:44:37] current cache size: 0, finished: 0
[2026-04-13 00:44:37] current cache size: 0, finished: 0
[2026-04-13 00:44:37] current cache size: 0, finished: 0
[2026-04-13 00:44:37] current cache size: 0, finished: 0
[2026-04-13 00:44:37] current cache size: 0, finished: 0
[2026-04-13 00:44:37] current cache size: 0, finished: 0
[2026-04-13 00:44:38] current cache size: 0, finished: 0
[2026-04-13 00:44:38] current cache size: 0, finished: 0
[2026-04-13 00:44:38] current cache size: 0, finished: 0