[INFO][AppLauncher]: Using device: cuda:0
[INFO][AppLauncher]: Loading experience file: /home/lingfeng/playground/sharpa-rl-lab/.pixi/envs/default/lib/python3.11/site-packages/isaaclab/apps/isaaclab.python.headless.kit
[INFO]: Parsing configuration from: rl_isaaclab.tasks.inhand_rotate.xhand_env_cfg:XhandEnvCfg
[INFO]: Parsing configuration from: /home/lingfeng/playground/sharpa-rl-lab/rl_isaaclab/tasks/inhand_rotate/agents/ppo_cfg.yaml
[INFO] Logging experiment in directory: /home/lingfeng/playground/sharpa-rl-lab/logs/debug
Exact experiment name requested from command line: /home/lingfeng/playground/sharpa-rl-lab/logs/debug/2026-04-14_10-32-06

[36m======================================================================================[0m
[36m[1m[INFO][IsaacLab]: Logging to file: /tmp/isaaclab/logs/isaaclab_2026-04-14_10-32-06.log[0m
[36m======================================================================================[0m

[33m10:32:06 [simulation_context.py] WARNING: The `enable_external_forces_every_iteration` parameter in the PhysxCfg is set to False. If you are experiencing noisy velocities, consider enabling this flag. You may need to slightly increase the number of velocity iterations (setting it to 1 or 2 rather than 0), together with this flag, to improve the accuracy of velocity updates.[0m
[INFO]: Base environment:
	Environment device    : cuda:0
	Environment seed      : 42
	Physics step-size     : 0.004166666666666667
	Rendering step-size   : 0.008333333333333333
	Environment step-size : 0.05
[33m10:32:06 [direct_rl_env.py] WARNING: The render interval (2) is smaller than the decimation (12). Multiple render calls will happen for each environment step.If this is not intended, set the render interval to be equal to the decimation.[0m
[33m10:32:07 [prims.py] WARNING: Could not perform 'modify_collision_properties' on any prims under: '/World/envs/env_0/Robot'. This might be because of the following reasons:
	(1) The desired attribute does not exist on any of the prims.
	(2) The desired attribute exists on an instanced prim.
		Discovered list of instanced prim paths: ['/World/envs/env_0/Robot/right_hand_link/visuals', '/World/envs/env_0/Robot/right_hand_link/collisions', '/World/envs/env_0/Robot/right_hand_back_link/visuals', '/World/envs/env_0/Robot/right_hand_back_link/collisions', '/World/envs/env_0/Robot/right_hand_ee_link/visuals', '/World/envs/env_0/Robot/right_hand_ee_link/collisions', '/World/envs/env_0/Robot/right_hand_index_bend_link/visuals', '/World/envs/env_0/Robot/right_hand_index_bend_link/collisions', '/World/envs/env_0/Robot/right_hand_index_rota_link1/visuals', '/World/envs/env_0/Robot/right_hand_index_rota_link1/collisions', '/World/envs/env_0/Robot/right_hand_index_rota_link2/visuals', '/World/envs/env_0/Robot/right_hand_index_rota_link2/collisions', '/World/envs/env_0/Robot/right_hand_index_rota_tip/visuals', '/World/envs/env_0/Robot/right_hand_index_rota_tip/collisions', '/World/envs/env_0/Robot/right_hand_index_rotaback_link2/visuals', '/World/envs/env_0/Robot/right_hand_index_rotaback_link2/collisions', '/World/envs/env_0/Robot/right_hand_index_rotaback_link1/visuals', '/World/envs/env_0/Robot/right_hand_index_rotaback_link1/collisions', '/World/envs/env_0/Robot/right_hand_mid_link1/visuals', '/World/envs/env_0/Robot/right_hand_mid_link1/collisions', '/World/envs/env_0/Robot/right_hand_mid_link2/visuals', '/World/envs/env_0/Robot/right_hand_mid_link2/collisions', '/World/envs/env_0/Robot/right_hand_mid_tip/visuals', '/World/envs/env_0/Robot/right_hand_mid_tip/collisions', '/World/envs/env_0/Robot/right_hand_midback_link2/visuals', '/World/envs/env_0/Robot/right_hand_midback_link2/collisions', '/World/envs/env_0/Robot/right_hand_midback_link1/visuals', '/World/envs/env_0/Robot/right_hand_midback_link1/collisions', '/World/envs/env_0/Robot/right_hand_pinky_link1/visuals', '/World/envs/env_0/Robot/right_hand_pinky_link1/collisions', '/World/envs/env_0/Robot/right_hand_pinky_link2/visuals', '/World/envs/env_0/Robot/right_hand_pinky_link2/collisions', '/World/envs/env_0/Robot/right_hand_pinky_tip/visuals', '/World/envs/env_0/Robot/right_hand_pinky_tip/collisions', '/World/envs/env_0/Robot/right_hand_pinkyback_link2/visuals', '/World/envs/env_0/Robot/right_hand_pinkyback_link2/collisions', '/World/envs/env_0/Robot/right_hand_pinkyback_link1/visuals', '/World/envs/env_0/Robot/right_hand_pinkyback_link1/collisions', '/World/envs/env_0/Robot/right_hand_ring_link1/visuals', '/World/envs/env_0/Robot/right_hand_ring_link1/collisions', '/World/envs/env_0/Robot/right_hand_ring_link2/visuals', '/World/envs/env_0/Robot/right_hand_ring_link2/collisions', '/World/envs/env_0/Robot/right_hand_ring_tip/visuals', '/World/envs/env_0/Robot/right_hand_ring_tip/collisions', '/World/envs/env_0/Robot/right_hand_ringback_link2/visuals', '/World/envs/env_0/Robot/right_hand_ringback_link2/collisions', '/World/envs/env_0/Robot/right_hand_ringback_link1/visuals', '/World/envs/env_0/Robot/right_hand_ringback_link1/collisions', '/World/envs/env_0/Robot/right_hand_thumb_bend_link/visuals', '/World/envs/env_0/Robot/right_hand_thumb_bend_link/collisions', '/World/envs/env_0/Robot/right_hand_thumb_rota_link1/visuals', '/World/envs/env_0/Robot/right_hand_thumb_rota_link1/collisions', '/World/envs/env_0/Robot/right_hand_thumb_rota_link2/visuals', '/World/envs/env_0/Robot/right_hand_thumb_rota_link2/collisions', '/World/envs/env_0/Robot/right_hand_thumb_rota_tip/visuals', '/World/envs/env_0/Robot/right_hand_thumb_rota_tip/collisions', '/World/envs/env_0/Robot/right_hand_thumb_rotaback_link2/visuals', '/World/envs/env_0/Robot/right_hand_thumb_rotaback_link2/collisions', '/World/envs/env_0/Robot/right_hand_thumb_rotaback_link1/visuals', '/World/envs/env_0/Robot/right_hand_thumb_rotaback_link1/collisions'][0m
[33m10:32:20 [interactive_scene.py] WARNING: Collision filtering can only be automatically enabled when replicate_physics=True and using GPU simulation. Please call scene.filter_collisions(global_prim_paths) to filter collisions across environments.[0m
[INFO]: Time taken for scene creation : 13.883439 seconds
[INFO]: Scene manager:  <class InteractiveScene>
	Number of environments: 4096
	Environment spacing   : 0.75
	Source prim name      : /World/envs/env_0
	Global prim paths     : []
	Replicate physics     : False
[INFO]: Starting the simulation. This may take a few seconds. Please wait...
[INFO]: Time taken for simulation start : 18.752351 seconds
[INFO] Event Manager:  <EventManager> contains 1 active terms.
+----------------------------------------+
| Active Event Terms in Mode: 'prestartup' |
+-----------+----------------------------+
|   Index   | Name                       |
+-----------+----------------------------+
|     0     | randomize_scale            |
+-----------+----------------------------+

[INFO]: Completed setting up the environment...
[env init] sim gravity cfg: (0.0, 0.0, -0.05)
[env init] gravity_curriculum: False
[env init] gravity_schedule: [[0, 0.0], [2000, 0.0], [10000, -9.81]]
[env init] reward weights: rot=1.0 linvel=-0.02 pos_diff=-0.02 torque=-0.005 work=-0.02 obj_pos=0.5
RunningMeanStd:  (132,)
RunningMeanStd:  (1,)
[33m10:32:41 [rigid_object.py] WARNING: The function 'set_external_force_and_torque' will be deprecated in a future release. Please use 'permanent_wrench_composer.set_forces_and_torques' instead.[0m
save current best reward: -450.02
Agent Steps: 0000M | FPS: 20929.3 | Last FPS: 10464.7 | Collect Time: 0.0 min | Train RL Time: 0.0 min | Mean Rewards: -450.02 | Current Best: -450.02
Agent Steps: 0000M | FPS: 19896.3 | Last FPS: 18108.7 | Collect Time: 0.1 min | Train RL Time: 0.0 min | Mean Rewards: -479.27 | Current Best: -450.02
[33m10:32:46 [rigid_object.py] WARNING: The function 'set_external_force_and_torque' will be deprecated in a future release. Please use 'permanent_wrench_composer.set_forces_and_torques' instead.[0m
Agent Steps: 0000M | FPS: 19531.1 | Last FPS: 18511.8 | Collect Time: 0.1 min | Train RL Time: 0.0 min | Mean Rewards: -493.42 | Current Best: -450.02
Agent Steps: 0000M | FPS: 19232.9 | Last FPS: 18125.8 | Collect Time: 0.1 min | Train RL Time: 0.0 min | Mean Rewards: -474.35 | Current Best: -450.02
Agent Steps: 0000M | FPS: 19073.6 | Last FPS: 18315.1 | Collect Time: 0.2 min | Train RL Time: 0.0 min | Mean Rewards: -479.10 | Current Best: -450.02
[33m10:32:51 [rigid_object.py] WARNING: The function 'set_external_force_and_torque' will be deprecated in a future release. Please use 'permanent_wrench_composer.set_forces_and_torques' instead.[0m
Agent Steps: 0000M | FPS: 18908.3 | Last FPS: 17973.5 | Collect Time: 0.2 min | Train RL Time: 0.0 min | Mean Rewards: -452.26 | Current Best: -450.02
Agent Steps: 0000M | FPS: 18770.9 | Last FPS: 17862.3 | Collect Time: 0.2 min | Train RL Time: 0.0 min | Mean Rewards: -456.86 | Current Best: -450.02
[33m10:32:56 [rigid_object.py] WARNING: The function 'set_external_force_and_torque' will be deprecated in a future release. Please use 'permanent_wrench_composer.set_forces_and_torques' instead.[0m
Agent Steps: 0000M | FPS: 18687.7 | Last FPS: 18048.5 | Collect Time: 0.3 min | Train RL Time: 0.0 min | Mean Rewards: -466.68 | Current Best: -450.02
Agent Steps: 0000M | FPS: 18614.6 | Last FPS: 17980.9 | Collect Time: 0.3 min | Train RL Time: 0.0 min | Mean Rewards: -456.46 | Current Best: -450.02
Agent Steps: 0000M | FPS: 18533.5 | Last FPS: 17759.5 | Collect Time: 0.3 min | Train RL Time: 0.0 min | Mean Rewards: -455.35 | Current Best: -450.02
[33m10:33:01 [rigid_object.py] WARNING: The function 'set_external_force_and_torque' will be deprecated in a future release. Please use 'permanent_wrench_composer.set_forces_and_torques' instead.[0m
Agent Steps: 0000M | FPS: 18472.5 | Last FPS: 17827.3 | Collect Time: 0.3 min | Train RL Time: 0.0 min | Mean Rewards: -461.33 | Current Best: -450.02
Agent Steps: 0000M | FPS: 18429.3 | Last FPS: 17926.8 | Collect Time: 0.4 min | Train RL Time: 0.0 min | Mean Rewards: -471.95 | Current Best: -450.02
Agent Steps: 0000M | FPS: 18417.9 | Last FPS: 18270.9 | Collect Time: 0.4 min | Train RL Time: 0.0 min | Mean Rewards: -459.17 | Current Best: -450.02
[33m10:33:06 [rigid_object.py] WARNING: The function 'set_external_force_and_torque' will be deprecated in a future release. Please use 'permanent_wrench_composer.set_forces_and_torques' instead.[0m
save current best reward: -446.57
Agent Steps: 0000M | FPS: 18397.8 | Last FPS: 18120.6 | Collect Time: 0.4 min | Train RL Time: 0.0 min | Mean Rewards: -446.57 | Current Best: -446.57
save current best reward: -434.82
Agent Steps: 0000M | FPS: 18376.4 | Last FPS: 18061.5 | Collect Time: 0.5 min | Train RL Time: 0.0 min | Mean Rewards: -434.82 | Current Best: -434.82
Agent Steps: 0000M | FPS: 18364.2 | Last FPS: 18170.5 | Collect Time: 0.5 min | Train RL Time: 0.0 min | Mean Rewards: -449.26 | Current Best: -434.82
[33m10:33:11 [rigid_object.py] WARNING: The function 'set_external_force_and_torque' will be deprecated in a future release. Please use 'permanent_wrench_composer.set_forces_and_torques' instead.[0m
Agent Steps: 0000M | FPS: 18344.5 | Last FPS: 18015.9 | Collect Time: 0.5 min | Train RL Time: 0.0 min | Mean Rewards: -440.33 | Current Best: -434.82
Agent Steps: 0000M | FPS: 18337.1 | Last FPS: 18205.8 | Collect Time: 0.6 min | Train RL Time: 0.0 min | Mean Rewards: -446.18 | Current Best: -434.82
Agent Steps: 0000M | FPS: 18319.9 | Last FPS: 17999.2 | Collect Time: 0.6 min | Train RL Time: 0.0 min | Mean Rewards: -441.82 | Current Best: -434.82
[33m10:33:17 [rigid_object.py] WARNING: The function 'set_external_force_and_torque' will be deprecated in a future release. Please use 'permanent_wrench_composer.set_forces_and_torques' instead.[0m
Agent Steps: 0000M | FPS: 18308.3 | Last FPS: 18078.8 | Collect Time: 0.6 min | Train RL Time: 0.0 min | Mean Rewards: -446.16 | Current Best: -434.82
Agent Steps: 0000M | FPS: 18315.5 | Last FPS: 18467.3 | Collect Time: 0.6 min | Train RL Time: 0.0 min | Mean Rewards: -436.11 | Current Best: -434.82
Agent Steps: 0000M | FPS: 18306.5 | Last FPS: 18112.2 | Collect Time: 0.7 min | Train RL Time: 0.0 min | Mean Rewards: -437.13 | Current Best: -434.82
[33m10:33:22 [rigid_object.py] WARNING: The function 'set_external_force_and_torque' will be deprecated in a future release. Please use 'permanent_wrench_composer.set_forces_and_torques' instead.[0m
Agent Steps: 0000M | FPS: 18307.2 | Last FPS: 18322.8 | Collect Time: 0.7 min | Train RL Time: 0.0 min | Mean Rewards: -435.16 | Current Best: -434.82
save current best reward: -427.07
Agent Steps: 0000M | FPS: 18305.1 | Last FPS: 18255.9 | Collect Time: 0.7 min | Train RL Time: 0.0 min | Mean Rewards: -427.07 | Current Best: -427.07
[33m10:33:27 [rigid_object.py] WARNING: The function 'set_external_force_and_torque' will be deprecated in a future release. Please use 'permanent_wrench_composer.set_forces_and_torques' instead.[0m
[gravity schedule] step=200 target_z=0.0000 actual_z=0.0000
Agent Steps: 0000M | FPS: 18307.9 | Last FPS: 18376.8 | Collect Time: 0.8 min | Train RL Time: 0.0 min | Mean Rewards: -441.54 | Current Best: -427.07
Agent Steps: 0000M | FPS: 18302.7 | Last FPS: 18169.4 | Collect Time: 0.8 min | Train RL Time: 0.0 min | Mean Rewards: -434.72 | Current Best: -427.07
save current best reward: -426.18
Agent Steps: 0000M | FPS: 18296.1 | Last FPS: 18118.7 | Collect Time: 0.8 min | Train RL Time: 0.0 min | Mean Rewards: -426.18 | Current Best: -426.18
[33m10:33:32 [rigid_object.py] WARNING: The function 'set_external_force_and_torque' will be deprecated in a future release. Please use 'permanent_wrench_composer.set_forces_and_torques' instead.[0m
save current best reward: -409.47
Agent Steps: 0000M | FPS: 18280.1 | Last FPS: 17842.4 | Collect Time: 0.9 min | Train RL Time: 0.0 min | Mean Rewards: -409.47 | Current Best: -409.47
Agent Steps: 0000M | FPS: 18268.8 | Last FPS: 17947.5 | Collect Time: 0.9 min | Train RL Time: 0.0 min | Mean Rewards: -425.52 | Current Best: -409.47
Agent Steps: 0001M | FPS: 18257.7 | Last FPS: 17931.1 | Collect Time: 0.9 min | Train RL Time: 0.0 min | Mean Rewards: -421.30 | Current Best: -409.47
[33m10:33:37 [rigid_object.py] WARNING: The function 'set_external_force_and_torque' will be deprecated in a future release. Please use 'permanent_wrench_composer.set_forces_and_torques' instead.[0m
Agent Steps: 0001M | FPS: 18252.5 | Last FPS: 18093.4 | Collect Time: 0.9 min | Train RL Time: 0.0 min | Mean Rewards: -409.92 | Current Best: -409.47
save current best reward: -400.88
Agent Steps: 0001M | FPS: 18242.2 | Last FPS: 17919.8 | Collect Time: 1.0 min | Train RL Time: 0.0 min | Mean Rewards: -400.88 | Current Best: -400.88
Agent Steps: 0001M | FPS: 18226.9 | Last FPS: 17736.3 | Collect Time: 1.0 min | Train RL Time: 0.0 min | Mean Rewards: -420.28 | Current Best: -400.88
[33m10:33:42 [rigid_object.py] WARNING: The function 'set_external_force_and_torque' will be deprecated in a future release. Please use 'permanent_wrench_composer.set_forces_and_torques' instead.[0m
Agent Steps: 0001M | FPS: 18230.6 | Last FPS: 18354.7 | Collect Time: 1.0 min | Train RL Time: 0.0 min | Mean Rewards: -441.62 | Current Best: -400.88
Agent Steps: 0001M | FPS: 18226.0 | Last FPS: 18067.2 | Collect Time: 1.1 min | Train RL Time: 0.0 min | Mean Rewards: -439.54 | Current Best: -400.88
Agent Steps: 0001M | FPS: 18223.8 | Last FPS: 18144.9 | Collect Time: 1.1 min | Train RL Time: 0.0 min | Mean Rewards: -425.43 | Current Best: -400.88
[33m10:33:47 [rigid_object.py] WARNING: The function 'set_external_force_and_torque' will be deprecated in a future release. Please use 'permanent_wrench_composer.set_forces_and_torques' instead.[0m
Agent Steps: 0001M | FPS: 18217.1 | Last FPS: 17974.1 | Collect Time: 1.1 min | Train RL Time: 0.0 min | Mean Rewards: -436.66 | Current Best: -400.88
Agent Steps: 0001M | FPS: 18218.4 | Last FPS: 18267.9 | Collect Time: 1.2 min | Train RL Time: 0.0 min | Mean Rewards: -441.76 | Current Best: -400.88
Agent Steps: 0001M | FPS: 18210.9 | Last FPS: 17921.6 | Collect Time: 1.2 min | Train RL Time: 0.0 min | Mean Rewards: -433.28 | Current Best: -400.88
[33m10:33:53 [rigid_object.py] WARNING: The function 'set_external_force_and_torque' will be deprecated in a future release. Please use 'permanent_wrench_composer.set_forces_and_torques' instead.[0m
Agent Steps: 0001M | FPS: 18210.5 | Last FPS: 18196.2 | Collect Time: 1.2 min | Train RL Time: 0.0 min | Mean Rewards: -417.39 | Current Best: -400.88
Agent Steps: 0001M | FPS: 18212.2 | Last FPS: 18279.7 | Collect Time: 1.2 min | Train RL Time: 0.0 min | Mean Rewards: -416.78 | Current Best: -400.88
[33m10:33:58 [rigid_object.py] WARNING: The function 'set_external_force_and_torque' will be deprecated in a future release. Please use 'permanent_wrench_composer.set_forces_and_torques' instead.[0m
Agent Steps: 0001M | FPS: 18207.2 | Last FPS: 17999.0 | Collect Time: 1.3 min | Train RL Time: 0.0 min | Mean Rewards: -439.95 | Current Best: -400.88
Agent Steps: 0001M | FPS: 18208.7 | Last FPS: 18274.9 | Collect Time: 1.3 min | Train RL Time: 0.0 min | Mean Rewards: -412.24 | Current Best: -400.88
Agent Steps: 0001M | FPS: 18201.0 | Last FPS: 17869.8 | Collect Time: 1.3 min | Train RL Time: 0.0 min | Mean Rewards: -427.58 | Current Best: -400.88
[33m10:34:03 [rigid_object.py] WARNING: The function 'set_external_force_and_torque' will be deprecated in a future release. Please use 'permanent_wrench_composer.set_forces_and_torques' instead.[0m
Agent Steps: 0001M | FPS: 18195.3 | Last FPS: 17941.0 | Collect Time: 1.4 min | Train RL Time: 0.0 min | Mean Rewards: -419.80 | Current Best: -400.88
Agent Steps: 0001M | FPS: 18188.4 | Last FPS: 17877.3 | Collect Time: 1.4 min | Train RL Time: 0.0 min | Mean Rewards: -411.58 | Current Best: -400.88
Agent Steps: 0001M | FPS: 18181.0 | Last FPS: 17840.2 | Collect Time: 1.4 min | Train RL Time: 0.0 min | Mean Rewards: -410.00 | Current Best: -400.88
[33m10:34:08 [rigid_object.py] WARNING: The function 'set_external_force_and_torque' will be deprecated in a future release. Please use 'permanent_wrench_composer.set_forces_and_torques' instead.[0m
Agent Steps: 0001M | FPS: 18175.5 | Last FPS: 17914.9 | Collect Time: 1.5 min | Train RL Time: 0.0 min | Mean Rewards: -401.81 | Current Best: -400.88
Agent Steps: 0001M | FPS: 18168.2 | Last FPS: 17817.3 | Collect Time: 1.5 min | Train RL Time: 0.0 min | Mean Rewards: -414.41 | Current Best: -400.88
[gravity schedule] step=400 target_z=0.0000 actual_z=0.0000
Agent Steps: 0001M | FPS: 18161.5 | Last FPS: 17831.5 | Collect Time: 1.5 min | Train RL Time: 0.0 min | Mean Rewards: -405.84 | Current Best: -400.88
[33m10:34:13 [rigid_object.py] WARNING: The function 'set_external_force_and_torque' will be deprecated in a future release. Please use 'permanent_wrench_composer.set_forces_and_torques' instead.[0m
Agent Steps: 0001M | FPS: 18157.2 | Last FPS: 17942.9 | Collect Time: 1.5 min | Train RL Time: 0.0 min | Mean Rewards: -412.89 | Current Best: -400.88
Agent Steps: 0001M | FPS: 18152.6 | Last FPS: 17916.2 | Collect Time: 1.6 min | Train RL Time: 0.0 min | Mean Rewards: -414.84 | Current Best: -400.88
Agent Steps: 0001M | FPS: 18145.9 | Last FPS: 17798.3 | Collect Time: 1.6 min | Train RL Time: 0.0 min | Mean Rewards: -403.37 | Current Best: -400.88
[33m10:34:18 [rigid_object.py] WARNING: The function 'set_external_force_and_torque' will be deprecated in a future release. Please use 'permanent_wrench_composer.set_forces_and_torques' instead.[0m
save current best reward: -386.96
Agent Steps: 0001M | FPS: 18136.0 | Last FPS: 17616.0 | Collect Time: 1.6 min | Train RL Time: 0.0 min | Mean Rewards: -386.96 | Current Best: -386.96
Agent Steps: 0001M | FPS: 18129.8 | Last FPS: 17793.3 | Collect Time: 1.7 min | Train RL Time: 0.0 min | Mean Rewards: -421.01 | Current Best: -386.96
[33m10:34:23 [rigid_object.py] WARNING: The function 'set_external_force_and_torque' will be deprecated in a future release. Please use 'permanent_wrench_composer.set_forces_and_torques' instead.[0m
Agent Steps: 0001M | FPS: 18125.3 | Last FPS: 17878.3 | Collect Time: 1.7 min | Train RL Time: 0.0 min | Mean Rewards: -406.51 | Current Best: -386.96
Agent Steps: 0001M | FPS: 18121.0 | Last FPS: 17877.1 | Collect Time: 1.7 min | Train RL Time: 0.0 min | Mean Rewards: -419.15 | Current Best: -386.96
Agent Steps: 0001M | FPS: 18113.4 | Last FPS: 17687.8 | Collect Time: 1.8 min | Train RL Time: 0.0 min | Mean Rewards: -405.77 | Current Best: -386.96
[33m10:34:28 [rigid_object.py] WARNING: The function 'set_external_force_and_torque' will be deprecated in a future release. Please use 'permanent_wrench_composer.set_forces_and_torques' instead.[0m
Agent Steps: 0001M | FPS: 18105.3 | Last FPS: 17635.5 | Collect Time: 1.8 min | Train RL Time: 0.0 min | Mean Rewards: -403.47 | Current Best: -386.96
Agent Steps: 0001M | FPS: 18098.3 | Last FPS: 17688.6 | Collect Time: 1.8 min | Train RL Time: 0.0 min | Mean Rewards: -400.15 | Current Best: -386.96
Agent Steps: 0002M | FPS: 18092.9 | Last FPS: 17768.2 | Collect Time: 1.9 min | Train RL Time: 0.0 min | Mean Rewards: -393.05 | Current Best: -386.96
[33m10:34:33 [rigid_object.py] WARNING: The function 'set_external_force_and_torque' will be deprecated in a future release. Please use 'permanent_wrench_composer.set_forces_and_torques' instead.[0m
Agent Steps: 0002M | FPS: 18085.4 | Last FPS: 17634.3 | Collect Time: 1.9 min | Train RL Time: 0.0 min | Mean Rewards: -403.75 | Current Best: -386.96
Agent Steps: 0002M | FPS: 18079.1 | Last FPS: 17689.5 | Collect Time: 1.9 min | Train RL Time: 0.0 min | Mean Rewards: -395.58 | Current Best: -386.96
Agent Steps: 0002M | FPS: 18073.0 | Last FPS: 17693.4 | Collect Time: 1.9 min | Train RL Time: 0.0 min | Mean Rewards: -388.42 | Current Best: -386.96
[33m10:34:38 [rigid_object.py] WARNING: The function 'set_external_force_and_torque' will be deprecated in a future release. Please use 'permanent_wrench_composer.set_forces_and_torques' instead.[0m
Agent Steps: 0002M | FPS: 18067.7 | Last FPS: 17732.3 | Collect Time: 2.0 min | Train RL Time: 0.0 min | Mean Rewards: -406.27 | Current Best: -386.96
Agent Steps: 0002M | FPS: 18065.0 | Last FPS: 17886.5 | Collect Time: 2.0 min | Train RL Time: 0.0 min | Mean Rewards: -405.60 | Current Best: -386.96
[33m10:34:43 [rigid_object.py] WARNING: The function 'set_external_force_and_torque' will be deprecated in a future release. Please use 'permanent_wrench_composer.set_forces_and_torques' instead.[0m
Agent Steps: 0002M | FPS: 18061.6 | Last FPS: 17832.8 | Collect Time: 2.0 min | Train RL Time: 0.0 min | Mean Rewards: -408.31 | Current Best: -386.96
Agent Steps: 0002M | FPS: 18059.3 | Last FPS: 17905.5 | Collect Time: 2.1 min | Train RL Time: 0.0 min | Mean Rewards: -389.45 | Current Best: -386.96
Agent Steps: 0002M | FPS: 18053.4 | Last FPS: 17659.6 | Collect Time: 2.1 min | Train RL Time: 0.0 min | Mean Rewards: -411.10 | Current Best: -386.96
[33m10:34:49 [rigid_object.py] WARNING: The function 'set_external_force_and_torque' will be deprecated in a future release. Please use 'permanent_wrench_composer.set_forces_and_torques' instead.[0m
save current best reward: -386.56
Agent Steps: 0002M | FPS: 18051.4 | Last FPS: 17909.6 | Collect Time: 2.1 min | Train RL Time: 0.0 min | Mean Rewards: -386.56 | Current Best: -386.56
Agent Steps: 0002M | FPS: 18045.3 | Last FPS: 17619.4 | Collect Time: 2.2 min | Train RL Time: 0.0 min | Mean Rewards: -406.27 | Current Best: -386.56
Agent Steps: 0002M | FPS: 18041.4 | Last FPS: 17769.1 | Collect Time: 2.2 min | Train RL Time: 0.0 min | Mean Rewards: -414.05 | Current Best: -386.56
[33m10:34:54 [rigid_object.py] WARNING: The function 'set_external_force_and_torque' will be deprecated in a future release. Please use 'permanent_wrench_composer.set_forces_and_torques' instead.[0m
Agent Steps: 0002M | FPS: 18040.7 | Last FPS: 17991.7 | Collect Time: 2.2 min | Train RL Time: 0.0 min | Mean Rewards: -413.60 | Current Best: -386.56
Agent Steps: 0002M | FPS: 18039.1 | Last FPS: 17918.2 | Collect Time: 2.2 min | Train RL Time: 0.0 min | Mean Rewards: -397.97 | Current Best: -386.56
[gravity schedule] step=600 target_z=0.0000 actual_z=0.0000
Agent Steps: 0002M | FPS: 18037.4 | Last FPS: 17912.6 | Collect Time: 2.3 min | Train RL Time: 0.0 min | Mean Rewards: -413.17 | Current Best: -386.56
[33m10:34:59 [rigid_object.py] WARNING: The function 'set_external_force_and_torque' will be deprecated in a future release. Please use 'permanent_wrench_composer.set_forces_and_torques' instead.[0m
Agent Steps: 0002M | FPS: 18030.1 | Last FPS: 17492.1 | Collect Time: 2.3 min | Train RL Time: 0.0 min | Mean Rewards: -394.84 | Current Best: -386.56
Agent Steps: 0002M | FPS: 18025.5 | Last FPS: 17675.6 | Collect Time: 2.3 min | Train RL Time: 0.0 min | Mean Rewards: -408.16 | Current Best: -386.56
[33m10:35:04 [rigid_object.py] WARNING: The function 'set_external_force_and_torque' will be deprecated in a future release. Please use 'permanent_wrench_composer.set_forces_and_torques' instead.[0m
Agent Steps: 0002M | FPS: 18022.3 | Last FPS: 17779.0 | Collect Time: 2.4 min | Train RL Time: 0.0 min | Mean Rewards: -411.53 | Current Best: -386.56
Agent Steps: 0002M | FPS: 18017.1 | Last FPS: 17617.4 | Collect Time: 2.4 min | Train RL Time: 0.0 min | Mean Rewards: -408.39 | Current Best: -386.56
Agent Steps: 0002M | FPS: 18016.0 | Last FPS: 17923.6 | Collect Time: 2.4 min | Train RL Time: 0.0 min | Mean Rewards: -410.92 | Current Best: -386.56
[33m10:35:09 [rigid_object.py] WARNING: The function 'set_external_force_and_torque' will be deprecated in a future release. Please use 'permanent_wrench_composer.set_forces_and_torques' instead.[0m
Agent Steps: 0002M | FPS: 18015.5 | Last FPS: 17973.6 | Collect Time: 2.5 min | Train RL Time: 0.0 min | Mean Rewards: -400.77 | Current Best: -386.56
Agent Steps: 0002M | FPS: 18015.8 | Last FPS: 18043.1 | Collect Time: 2.5 min | Train RL Time: 0.0 min | Mean Rewards: -403.15 | Current Best: -386.56
Agent Steps: 0002M | FPS: 18017.8 | Last FPS: 18184.6 | Collect Time: 2.5 min | Train RL Time: 0.0 min | Mean Rewards: -420.29 | Current Best: -386.56
[33m10:35:14 [rigid_object.py] WARNING: The function 'set_external_force_and_torque' will be deprecated in a future release. Please use 'permanent_wrench_composer.set_forces_and_torques' instead.[0m
Agent Steps: 0002M | FPS: 18017.5 | Last FPS: 17991.5 | Collect Time: 2.5 min | Train RL Time: 0.0 min | Mean Rewards: -391.24 | Current Best: -386.56
Agent Steps: 0002M | FPS: 18017.4 | Last FPS: 18008.9 | Collect Time: 2.6 min | Train RL Time: 0.0 min | Mean Rewards: -401.88 | Current Best: -386.56
Agent Steps: 0002M | FPS: 18017.1 | Last FPS: 17989.2 | Collect Time: 2.6 min | Train RL Time: 0.0 min | Mean Rewards: -399.46 | Current Best: -386.56
[33m10:35:19 [rigid_object.py] WARNING: The function 'set_external_force_and_torque' will be deprecated in a future release. Please use 'permanent_wrench_composer.set_forces_and_torques' instead.[0m
Agent Steps: 0002M | FPS: 18017.0 | Last FPS: 18013.3 | Collect Time: 2.6 min | Train RL Time: 0.0 min | Mean Rewards: -406.34 | Current Best: -386.56
Agent Steps: 0002M | FPS: 18015.5 | Last FPS: 17880.9 | Collect Time: 2.7 min | Train RL Time: 0.0 min | Mean Rewards: -398.01 | Current Best: -386.56
Agent Steps: 0002M | FPS: 18016.7 | Last FPS: 18128.0 | Collect Time: 2.7 min | Train RL Time: 0.0 min | Mean Rewards: -399.91 | Current Best: -386.56
[33m10:35:24 [rigid_object.py] WARNING: The function 'set_external_force_and_torque' will be deprecated in a future release. Please use 'permanent_wrench_composer.set_forces_and_torques' instead.[0m
Agent Steps: 0002M | FPS: 18015.8 | Last FPS: 17935.5 | Collect Time: 2.7 min | Train RL Time: 0.0 min | Mean Rewards: -389.86 | Current Best: -386.56
Agent Steps: 0003M | FPS: 18016.3 | Last FPS: 18061.9 | Collect Time: 2.8 min | Train RL Time: 0.0 min | Mean Rewards: -405.49 | Current Best: -386.56
[33m10:35:29 [rigid_object.py] WARNING: The function 'set_external_force_and_torque' will be deprecated in a future release. Please use 'permanent_wrench_composer.set_forces_and_torques' instead.[0m
Agent Steps: 0003M | FPS: 18015.8 | Last FPS: 17969.8 | Collect Time: 2.8 min | Train RL Time: 0.0 min | Mean Rewards: -413.14 | Current Best: -386.56
Agent Steps: 0003M | FPS: 18015.5 | Last FPS: 17988.0 | Collect Time: 2.8 min | Train RL Time: 0.0 min | Mean Rewards: -402.16 | Current Best: -386.56
Agent Steps: 0003M | FPS: 18015.4 | Last FPS: 18004.2 | Collect Time: 2.9 min | Train RL Time: 0.0 min | Mean Rewards: -396.04 | Current Best: -386.56
[33m10:35:34 [rigid_object.py] WARNING: The function 'set_external_force_and_torque' will be deprecated in a future release. Please use 'permanent_wrench_composer.set_forces_and_torques' instead.[0m
Agent Steps: 0003M | FPS: 18014.9 | Last FPS: 17964.4 | Collect Time: 2.9 min | Train RL Time: 0.0 min | Mean Rewards: -402.26 | Current Best: -386.56
Agent Steps: 0003M | FPS: 18017.2 | Last FPS: 18243.4 | Collect Time: 2.9 min | Train RL Time: 0.0 min | Mean Rewards: -400.09 | Current Best: -386.56
Agent Steps: 0003M | FPS: 18017.9 | Last FPS: 18090.7 | Collect Time: 2.9 min | Train RL Time: 0.0 min | Mean Rewards: -396.73 | Current Best: -386.56
[33m10:35:40 [rigid_object.py] WARNING: The function 'set_external_force_and_torque' will be deprecated in a future release. Please use 'permanent_wrench_composer.set_forces_and_torques' instead.[0m
Agent Steps: 0003M | FPS: 18018.9 | Last FPS: 18110.4 | Collect Time: 3.0 min | Train RL Time: 0.0 min | Mean Rewards: -403.75 | Current Best: -386.56
Agent Steps: 0003M | FPS: 18019.2 | Last FPS: 18055.1 | Collect Time: 3.0 min | Train RL Time: 0.0 min | Mean Rewards: -392.57 | Current Best: -386.56
[gravity schedule] step=800 target_z=0.0000 actual_z=0.0000
Agent Steps: 0003M | FPS: 18020.0 | Last FPS: 18101.1 | Collect Time: 3.0 min | Train RL Time: 0.0 min | Mean Rewards: -401.98 | Current Best: -386.56
[33m10:35:45 [rigid_object.py] WARNING: The function 'set_external_force_and_torque' will be deprecated in a future release. Please use 'permanent_wrench_composer.set_forces_and_torques' instead.[0m
Agent Steps: 0003M | FPS: 18018.5 | Last FPS: 17859.3 | Collect Time: 3.1 min | Train RL Time: 0.0 min | Mean Rewards: -397.27 | Current Best: -386.56
Agent Steps: 0003M | FPS: 18016.4 | Last FPS: 17808.0 | Collect Time: 3.1 min | Train RL Time: 0.0 min | Mean Rewards: -399.12 | Current Best: -386.56
Agent Steps: 0003M | FPS: 18014.5 | Last FPS: 17826.7 | Collect Time: 3.1 min | Train RL Time: 0.0 min | Mean Rewards: -387.65 | Current Best: -386.56
[33m10:35:50 [rigid_object.py] WARNING: The function 'set_external_force_and_torque' will be deprecated in a future release. Please use 'permanent_wrench_composer.set_forces_and_torques' instead.[0m
Agent Steps: 0003M | FPS: 18015.8 | Last FPS: 18145.0 | Collect Time: 3.2 min | Train RL Time: 0.0 min | Mean Rewards: -393.30 | Current Best: -386.56
Agent Steps: 0003M | FPS: 18013.2 | Last FPS: 17748.5 | Collect Time: 3.2 min | Train RL Time: 0.0 min | Mean Rewards: -399.20 | Current Best: -386.56
[33m10:35:55 [rigid_object.py] WARNING: The function 'set_external_force_and_torque' will be deprecated in a future release. Please use 'permanent_wrench_composer.set_forces_and_torques' instead.[0m
save current best reward: -383.99
Agent Steps: 0003M | FPS: 18012.0 | Last FPS: 17879.3 | Collect Time: 3.2 min | Train RL Time: 0.0 min | Mean Rewards: -383.99 | Current Best: -383.99
Agent Steps: 0003M | FPS: 18012.8 | Last FPS: 18100.2 | Collect Time: 3.2 min | Train RL Time: 0.0 min | Mean Rewards: -390.36 | Current Best: -383.99
save current best reward: -381.95
Agent Steps: 0003M | FPS: 18010.7 | Last FPS: 17794.9 | Collect Time: 3.3 min | Train RL Time: 0.0 min | Mean Rewards: -381.95 | Current Best: -381.95
[33m10:36:00 [rigid_object.py] WARNING: The function 'set_external_force_and_torque' will be deprecated in a future release. Please use 'permanent_wrench_composer.set_forces_and_torques' instead.[0m
save current best reward: -380.78
Agent Steps: 0003M | FPS: 18006.7 | Last FPS: 17579.0 | Collect Time: 3.3 min | Train RL Time: 0.0 min | Mean Rewards: -380.78 | Current Best: -380.78
Agent Steps: 0003M | FPS: 18004.6 | Last FPS: 17777.8 | Collect Time: 3.3 min | Train RL Time: 0.0 min | Mean Rewards: -391.52 | Current Best: -380.78
Agent Steps: 0003M | FPS: 18005.7 | Last FPS: 18128.0 | Collect Time: 3.4 min | Train RL Time: 0.0 min | Mean Rewards: -388.23 | Current Best: -380.78
[33m10:36:05 [rigid_object.py] WARNING: The function 'set_external_force_and_torque' will be deprecated in a future release. Please use 'permanent_wrench_composer.set_forces_and_torques' instead.[0m
Agent Steps: 0003M | FPS: 18006.9 | Last FPS: 18137.1 | Collect Time: 3.4 min | Train RL Time: 0.0 min | Mean Rewards: -393.36 | Current Best: -380.78
Agent Steps: 0003M | FPS: 18006.2 | Last FPS: 17930.0 | Collect Time: 3.4 min | Train RL Time: 0.0 min | Mean Rewards: -395.40 | Current Best: -380.78
Agent Steps: 0003M | FPS: 18008.7 | Last FPS: 18294.5 | Collect Time: 3.5 min | Train RL Time: 0.0 min | Mean Rewards: -396.15 | Current Best: -380.78
[33m10:36:10 [rigid_object.py] WARNING: The function 'set_external_force_and_torque' will be deprecated in a future release. Please use 'permanent_wrench_composer.set_forces_and_torques' instead.[0m
Agent Steps: 0003M | FPS: 18006.4 | Last FPS: 17747.9 | Collect Time: 3.5 min | Train RL Time: 0.0 min | Mean Rewards: -394.49 | Current Best: -380.78
Agent Steps: 0003M | FPS: 18005.1 | Last FPS: 17861.4 | Collect Time: 3.5 min | Train RL Time: 0.0 min | Mean Rewards: -388.15 | Current Best: -380.78
Agent Steps: 0003M | FPS: 18005.4 | Last FPS: 18037.5 | Collect Time: 3.5 min | Train RL Time: 0.0 min | Mean Rewards: -391.40 | Current Best: -380.78
[33m10:36:15 [rigid_object.py] WARNING: The function 'set_external_force_and_torque' will be deprecated in a future release. Please use 'permanent_wrench_composer.set_forces_and_torques' instead.[0m
Agent Steps: 0003M | FPS: 18004.8 | Last FPS: 17928.0 | Collect Time: 3.6 min | Train RL Time: 0.0 min | Mean Rewards: -401.73 | Current Best: -380.78
save current best reward: -377.65
Agent Steps: 0003M | FPS: 18005.7 | Last FPS: 18116.8 | Collect Time: 3.6 min | Train RL Time: 0.0 min | Mean Rewards: -377.65 | Current Best: -377.65
[33m10:36:20 [rigid_object.py] WARNING: The function 'set_external_force_and_torque' will be deprecated in a future release. Please use 'permanent_wrench_composer.set_forces_and_torques' instead.[0m
Agent Steps: 0003M | FPS: 18003.7 | Last FPS: 17767.5 | Collect Time: 3.6 min | Train RL Time: 0.0 min | Mean Rewards: -380.18 | Current Best: -377.65
Agent Steps: 0003M | FPS: 18004.3 | Last FPS: 18080.4 | Collect Time: 3.7 min | Train RL Time: 0.0 min | Mean Rewards: -399.18 | Current Best: -377.65
Agent Steps: 0004M | FPS: 18003.9 | Last FPS: 17950.0 | Collect Time: 3.7 min | Train RL Time: 0.0 min | Mean Rewards: -395.56 | Current Best: -377.65
[33m10:36:25 [rigid_object.py] WARNING: The function 'set_external_force_and_torque' will be deprecated in a future release. Please use 'permanent_wrench_composer.set_forces_and_torques' instead.[0m
Agent Steps: 0004M | FPS: 18002.5 | Last FPS: 17830.6 | Collect Time: 3.7 min | Train RL Time: 0.0 min | Mean Rewards: -395.60 | Current Best: -377.65
save current best reward: -376.29
Agent Steps: 0004M | FPS: 17999.9 | Last FPS: 17681.9 | Collect Time: 3.8 min | Train RL Time: 0.0 min | Mean Rewards: -376.29 | Current Best: -376.29
[gravity schedule] step=1000 target_z=0.0000 actual_z=0.0000
Agent Steps: 0004M | FPS: 17997.3 | Last FPS: 17684.6 | Collect Time: 3.8 min | Train RL Time: 0.0 min | Mean Rewards: -385.43 | Current Best: -376.29
[33m10:36:30 [rigid_object.py] WARNING: The function 'set_external_force_and_torque' will be deprecated in a future release. Please use 'permanent_wrench_composer.set_forces_and_torques' instead.[0m
Agent Steps: 0004M | FPS: 17996.8 | Last FPS: 17933.1 | Collect Time: 3.8 min | Train RL Time: 0.0 min | Mean Rewards: -386.51 | Current Best: -376.29
Agent Steps: 0004M | FPS: 17993.5 | Last FPS: 17587.7 | Collect Time: 3.8 min | Train RL Time: 0.0 min | Mean Rewards: -381.02 | Current Best: -376.29
Agent Steps: 0004M | FPS: 17992.7 | Last FPS: 17885.1 | Collect Time: 3.9 min | Train RL Time: 0.0 min | Mean Rewards: -387.09 | Current Best: -376.29
[33m10:36:36 [rigid_object.py] WARNING: The function 'set_external_force_and_torque' will be deprecated in a future release. Please use 'permanent_wrench_composer.set_forces_and_torques' instead.[0m
Agent Steps: 0004M | FPS: 17991.8 | Last FPS: 17876.7 | Collect Time: 3.9 min | Train RL Time: 0.0 min | Mean Rewards: -390.80 | Current Best: -376.29
Agent Steps: 0004M | FPS: 17990.4 | Last FPS: 17817.1 | Collect Time: 3.9 min | Train RL Time: 0.0 min | Mean Rewards: -392.69 | Current Best: -376.29
[33m10:36:41 [rigid_object.py] WARNING: The function 'set_external_force_and_torque' will be deprecated in a future release. Please use 'permanent_wrench_composer.set_forces_and_torques' instead.[0m
Agent Steps: 0004M | FPS: 17988.7 | Last FPS: 17767.8 | Collect Time: 4.0 min | Train RL Time: 0.0 min | Mean Rewards: -388.39 | Current Best: -376.29
Agent Steps: 0004M | FPS: 17989.4 | Last FPS: 18081.7 | Collect Time: 4.0 min | Train RL Time: 0.0 min | Mean Rewards: -382.83 | Current Best: -376.29
Agent Steps: 0004M | FPS: 17989.4 | Last FPS: 17982.2 | Collect Time: 4.0 min | Train RL Time: 0.0 min | Mean Rewards: -403.24 | Current Best: -376.29
[33m10:36:46 [rigid_object.py] WARNING: The function 'set_external_force_and_torque' will be deprecated in a future release. Please use 'permanent_wrench_composer.set_forces_and_torques' instead.[0m
Agent Steps: 0004M | FPS: 17988.4 | Last FPS: 17863.9 | Collect Time: 4.1 min | Train RL Time: 0.0 min | Mean Rewards: -397.02 | Current Best: -376.29
Agent Steps: 0004M | FPS: 17987.5 | Last FPS: 17866.0 | Collect Time: 4.1 min | Train RL Time: 0.0 min | Mean Rewards: -404.87 | Current Best: -376.29
Agent Steps: 0004M | FPS: 17987.2 | Last FPS: 17935.0 | Collect Time: 4.1 min | Train RL Time: 0.0 min | Mean Rewards: -393.83 | Current Best: -376.29
[33m10:36:51 [rigid_object.py] WARNING: The function 'set_external_force_and_torque' will be deprecated in a future release. Please use 'permanent_wrench_composer.set_forces_and_torques' instead.[0m
Agent Steps: 0004M | FPS: 17986.2 | Last FPS: 17862.8 | Collect Time: 4.1 min | Train RL Time: 0.0 min | Mean Rewards: -393.22 | Current Best: -376.29
Agent Steps: 0004M | FPS: 17986.3 | Last FPS: 17991.2 | Collect Time: 4.2 min | Train RL Time: 0.0 min | Mean Rewards: -392.56 | Current Best: -376.29
Agent Steps: 0004M | FPS: 17986.0 | Last FPS: 17948.9 | Collect Time: 4.2 min | Train RL Time: 0.0 min | Mean Rewards: -382.39 | Current Best: -376.29
[33m10:36:56 [rigid_object.py] WARNING: The function 'set_external_force_and_torque' will be deprecated in a future release. Please use 'permanent_wrench_composer.set_forces_and_torques' instead.[0m
Agent Steps: 0004M | FPS: 17984.9 | Last FPS: 17833.0 | Collect Time: 4.2 min | Train RL Time: 0.0 min | Mean Rewards: -426.81 | Current Best: -376.29
Agent Steps: 0004M | FPS: 17984.5 | Last FPS: 17931.6 | Collect Time: 4.3 min | Train RL Time: 0.0 min | Mean Rewards: -400.72 | Current Best: -376.29
[33m10:37:01 [rigid_object.py] WARNING: The function 'set_external_force_and_torque' will be deprecated in a future release. Please use 'permanent_wrench_composer.set_forces_and_torques' instead.[0m
Agent Steps: 0004M | FPS: 17984.3 | Last FPS: 17954.6 | Collect Time: 4.3 min | Train RL Time: 0.0 min | Mean Rewards: -400.93 | Current Best: -376.29
Agent Steps: 0004M | FPS: 17983.8 | Last FPS: 17904.7 | Collect Time: 4.3 min | Train RL Time: 0.0 min | Mean Rewards: -390.61 | Current Best: -376.29
Agent Steps: 0004M | FPS: 17983.7 | Last FPS: 17973.1 | Collect Time: 4.4 min | Train RL Time: 0.0 min | Mean Rewards: -391.34 | Current Best: -376.29
[33m10:37:06 [rigid_object.py] WARNING: The function 'set_external_force_and_torque' will be deprecated in a future release. Please use 'permanent_wrench_composer.set_forces_and_torques' instead.[0m
Agent Steps: 0004M | FPS: 17985.5 | Last FPS: 18246.7 | Collect Time: 4.4 min | Train RL Time: 0.0 min | Mean Rewards: -415.29 | Current Best: -376.29
Agent Steps: 0004M | FPS: 17985.7 | Last FPS: 18016.0 | Collect Time: 4.4 min | Train RL Time: 0.0 min | Mean Rewards: -390.65 | Current Best: -376.29
Agent Steps: 0004M | FPS: 17985.0 | Last FPS: 17884.9 | Collect Time: 4.4 min | Train RL Time: 0.0 min | Mean Rewards: -403.40 | Current Best: -376.29
[33m10:37:11 [rigid_object.py] WARNING: The function 'set_external_force_and_torque' will be deprecated in a future release. Please use 'permanent_wrench_composer.set_forces_and_torques' instead.[0m
Agent Steps: 0004M | FPS: 17986.7 | Last FPS: 18247.3 | Collect Time: 4.5 min | Train RL Time: 0.0 min | Mean Rewards: -407.64 | Current Best: -376.29
Agent Steps: 0004M | FPS: 17988.0 | Last FPS: 18183.5 | Collect Time: 4.5 min | Train RL Time: 0.0 min | Mean Rewards: -415.75 | Current Best: -376.29
[gravity schedule] step=1200 target_z=0.0000 actual_z=0.0000
Agent Steps: 0004M | FPS: 17988.8 | Last FPS: 18101.1 | Collect Time: 4.5 min | Train RL Time: 0.0 min | Mean Rewards: -399.20 | Current Best: -376.29
[33m10:37:16 [rigid_object.py] WARNING: The function 'set_external_force_and_torque' will be deprecated in a future release. Please use 'permanent_wrench_composer.set_forces_and_torques' instead.[0m
Agent Steps: 0004M | FPS: 17989.1 | Last FPS: 18042.5 | Collect Time: 4.6 min | Train RL Time: 0.0 min | Mean Rewards: -402.83 | Current Best: -376.29
Agent Steps: 0005M | FPS: 17989.6 | Last FPS: 18055.2 | Collect Time: 4.6 min | Train RL Time: 0.0 min | Mean Rewards: -396.80 | Current Best: -376.29
Agent Steps: 0005M | FPS: 17989.2 | Last FPS: 17936.4 | Collect Time: 4.6 min | Train RL Time: 0.0 min | Mean Rewards: -408.78 | Current Best: -376.29
[33m10:37:21 [rigid_object.py] WARNING: The function 'set_external_force_and_torque' will be deprecated in a future release. Please use 'permanent_wrench_composer.set_forces_and_torques' instead.[0m
Agent Steps: 0005M | FPS: 17990.4 | Last FPS: 18177.1 | Collect Time: 4.7 min | Train RL Time: 0.0 min | Mean Rewards: -406.80 | Current Best: -376.29
Agent Steps: 0005M | FPS: 17990.4 | Last FPS: 17995.4 | Collect Time: 4.7 min | Train RL Time: 0.0 min | Mean Rewards: -399.45 | Current Best: -376.29
[33m10:37:26 [rigid_object.py] WARNING: The function 'set_external_force_and_torque' will be deprecated in a future release. Please use 'permanent_wrench_composer.set_forces_and_torques' instead.[0m
Agent Steps: 0005M | FPS: 17988.5 | Last FPS: 17685.2 | Collect Time: 4.7 min | Train RL Time: 0.0 min | Mean Rewards: -399.55 | Current Best: -376.29
Agent Steps: 0005M | FPS: 17988.7 | Last FPS: 18029.0 | Collect Time: 4.7 min | Train RL Time: 0.0 min | Mean Rewards: -394.14 | Current Best: -376.29
Agent Steps: 0005M | FPS: 17988.8 | Last FPS: 18001.6 | Collect Time: 4.8 min | Train RL Time: 0.0 min | Mean Rewards: -414.19 | Current Best: -376.29
[33m10:37:31 [rigid_object.py] WARNING: The function 'set_external_force_and_torque' will be deprecated in a future release. Please use 'permanent_wrench_composer.set_forces_and_torques' instead.[0m
Agent Steps: 0005M | FPS: 17989.7 | Last FPS: 18135.0 | Collect Time: 4.8 min | Train RL Time: 0.0 min | Mean Rewards: -392.95 | Current Best: -376.29
Agent Steps: 0005M | FPS: 17989.2 | Last FPS: 17913.3 | Collect Time: 4.8 min | Train RL Time: 0.0 min | Mean Rewards: -392.18 | Current Best: -376.29
Agent Steps: 0005M | FPS: 17989.6 | Last FPS: 18053.4 | Collect Time: 4.9 min | Train RL Time: 0.0 min | Mean Rewards: -401.44 | Current Best: -376.29
[33m10:37:36 [rigid_object.py] WARNING: The function 'set_external_force_and_torque' will be deprecated in a future release. Please use 'permanent_wrench_composer.set_forces_and_torques' instead.[0m
Agent Steps: 0005M | FPS: 17989.9 | Last FPS: 18034.9 | Collect Time: 4.9 min | Train RL Time: 0.0 min | Mean Rewards: -404.51 | Current Best: -376.29
Agent Steps: 0005M | FPS: 17990.8 | Last FPS: 18131.4 | Collect Time: 4.9 min | Train RL Time: 0.0 min | Mean Rewards: -386.24 | Current Best: -376.29
Agent Steps: 0005M | FPS: 17991.0 | Last FPS: 18034.3 | Collect Time: 5.0 min | Train RL Time: 0.0 min | Mean Rewards: -403.66 | Current Best: -376.29
[33m10:37:41 [rigid_object.py] WARNING: The function 'set_external_force_and_torque' will be deprecated in a future release. Please use 'permanent_wrench_composer.set_forces_and_torques' instead.[0m
Agent Steps: 0005M | FPS: 17991.0 | Last FPS: 17993.7 | Collect Time: 5.0 min | Train RL Time: 0.0 min | Mean Rewards: -403.37 | Current Best: -376.29
Agent Steps: 0005M | FPS: 17990.8 | Last FPS: 17950.8 | Collect Time: 5.0 min | Train RL Time: 0.0 min | Mean Rewards: -402.47 | Current Best: -376.29
[33m10:37:46 [rigid_object.py] WARNING: The function 'set_external_force_and_torque' will be deprecated in a future release. Please use 'permanent_wrench_composer.set_forces_and_torques' instead.[0m
Agent Steps: 0005M | FPS: 17991.1 | Last FPS: 18048.7 | Collect Time: 5.1 min | Train RL Time: 0.0 min | Mean Rewards: -393.29 | Current Best: -376.29
Agent Steps: 0005M | FPS: 17990.8 | Last FPS: 17940.8 | Collect Time: 5.1 min | Train RL Time: 0.0 min | Mean Rewards: -417.92 | Current Best: -376.29
Agent Steps: 0005M | FPS: 17990.8 | Last FPS: 17974.8 | Collect Time: 5.1 min | Train RL Time: 0.0 min | Mean Rewards: -403.33 | Current Best: -376.29
[33m10:37:52 [rigid_object.py] WARNING: The function 'set_external_force_and_torque' will be deprecated in a future release. Please use 'permanent_wrench_composer.set_forces_and_torques' instead.[0m
Agent Steps: 0005M | FPS: 17991.5 | Last FPS: 18111.9 | Collect Time: 5.1 min | Train RL Time: 0.0 min | Mean Rewards: -404.35 | Current Best: -376.29
Agent Steps: 0005M | FPS: 17991.6 | Last FPS: 18023.0 | Collect Time: 5.2 min | Train RL Time: 0.0 min | Mean Rewards: -388.49 | Current Best: -376.29
Agent Steps: 0005M | FPS: 17991.7 | Last FPS: 18010.6 | Collect Time: 5.2 min | Train RL Time: 0.0 min | Mean Rewards: -399.15 | Current Best: -376.29
[33m10:37:57 [rigid_object.py] WARNING: The function 'set_external_force_and_torque' will be deprecated in a future release. Please use 'permanent_wrench_composer.set_forces_and_torques' instead.[0m
Agent Steps: 0005M | FPS: 17993.3 | Last FPS: 18268.6 | Collect Time: 5.2 min | Train RL Time: 0.0 min | Mean Rewards: -385.72 | Current Best: -376.29
Agent Steps: 0005M | FPS: 17992.4 | Last FPS: 17830.0 | Collect Time: 5.3 min | Train RL Time: 0.0 min | Mean Rewards: -411.27 | Current Best: -376.29
[gravity schedule] step=1400 target_z=0.0000 actual_z=0.0000
Agent Steps: 0005M | FPS: 17991.7 | Last FPS: 17866.4 | Collect Time: 5.3 min | Train RL Time: 0.0 min | Mean Rewards: -391.57 | Current Best: -376.29
[33m10:38:02 [rigid_object.py] WARNING: The function 'set_external_force_and_torque' will be deprecated in a future release. Please use 'permanent_wrench_composer.set_forces_and_torques' instead.[0m
Agent Steps: 0005M | FPS: 17991.4 | Last FPS: 17953.6 | Collect Time: 5.3 min | Train RL Time: 0.0 min | Mean Rewards: -380.74 | Current Best: -376.29
Agent Steps: 0005M | FPS: 17991.5 | Last FPS: 18009.4 | Collect Time: 5.4 min | Train RL Time: 0.0 min | Mean Rewards: -393.93 | Current Best: -376.29
Agent Steps: 0005M | FPS: 17992.2 | Last FPS: 18112.8 | Collect Time: 5.4 min | Train RL Time: 0.0 min | Mean Rewards: -407.00 | Current Best: -376.29
[33m10:38:07 [rigid_object.py] WARNING: The function 'set_external_force_and_torque' will be deprecated in a future release. Please use 'permanent_wrench_composer.set_forces_and_torques' instead.[0m
Agent Steps: 0005M | FPS: 17992.8 | Last FPS: 18094.6 | Collect Time: 5.4 min | Train RL Time: 0.0 min | Mean Rewards: -401.34 | Current Best: -376.29
Agent Steps: 0005M | FPS: 17993.3 | Last FPS: 18092.0 | Collect Time: 5.4 min | Train RL Time: 0.0 min | Mean Rewards: -394.27 | Current Best: -376.29
Agent Steps: 0005M | FPS: 17994.0 | Last FPS: 18122.2 | Collect Time: 5.5 min | Train RL Time: 0.0 min | Mean Rewards: -394.71 | Current Best: -376.29
[33m10:38:12 [rigid_object.py] WARNING: The function 'set_external_force_and_torque' will be deprecated in a future release. Please use 'permanent_wrench_composer.set_forces_and_torques' instead.[0m
Agent Steps: 0005M | FPS: 17994.8 | Last FPS: 18143.7 | Collect Time: 5.5 min | Train RL Time: 0.0 min | Mean Rewards: -403.48 | Current Best: -376.29
Agent Steps: 0006M | FPS: 17994.1 | Last FPS: 17853.4 | Collect Time: 5.5 min | Train RL Time: 0.0 min | Mean Rewards: -397.02 | Current Best: -376.29
Agent Steps: 0006M | FPS: 17995.6 | Last FPS: 18284.6 | Collect Time: 5.6 min | Train RL Time: 0.0 min | Mean Rewards: -402.13 | Current Best: -376.29
[33m10:38:17 [rigid_object.py] WARNING: The function 'set_external_force_and_torque' will be deprecated in a future release. Please use 'permanent_wrench_composer.set_forces_and_torques' instead.[0m
Agent Steps: 0006M | FPS: 17996.7 | Last FPS: 18208.0 | Collect Time: 5.6 min | Train RL Time: 0.0 min | Mean Rewards: -387.84 | Current Best: -376.29
Agent Steps: 0006M | FPS: 17995.6 | Last FPS: 17787.0 | Collect Time: 5.6 min | Train RL Time: 0.0 min | Mean Rewards: -403.14 | Current Best: -376.29
[33m10:38:23 [rigid_object.py] WARNING: The function 'set_external_force_and_torque' will be deprecated in a future release. Please use 'permanent_wrench_composer.set_forces_and_torques' instead.[0m
Agent Steps: 0006M | FPS: 17997.1 | Last FPS: 18285.3 | Collect Time: 5.7 min | Train RL Time: 0.0 min | Mean Rewards: -393.97 | Current Best: -376.29
Agent Steps: 0006M | FPS: 17995.8 | Last FPS: 17759.1 | Collect Time: 5.7 min | Train RL Time: 0.0 min | Mean Rewards: -380.09 | Current Best: -376.29
Agent Steps: 0006M | FPS: 17995.6 | Last FPS: 17950.4 | Collect Time: 5.7 min | Train RL Time: 0.0 min | Mean Rewards: -398.12 | Current Best: -376.29
[33m10:38:28 [rigid_object.py] WARNING: The function 'set_external_force_and_torque' will be deprecated in a future release. Please use 'permanent_wrench_composer.set_forces_and_torques' instead.[0m
Agent Steps: 0006M | FPS: 17993.9 | Last FPS: 17684.3 | Collect Time: 5.7 min | Train RL Time: 0.0 min | Mean Rewards: -382.94 | Current Best: -376.29
Agent Steps: 0006M | FPS: 17994.3 | Last FPS: 18057.7 | Collect Time: 5.8 min | Train RL Time: 0.0 min | Mean Rewards: -416.83 | Current Best: -376.29
Agent Steps: 0006M | FPS: 17995.5 | Last FPS: 18227.9 | Collect Time: 5.8 min | Train RL Time: 0.0 min | Mean Rewards: -390.94 | Current Best: -376.29
[33m10:38:33 [rigid_object.py] WARNING: The function 'set_external_force_and_torque' will be deprecated in a future release. Please use 'permanent_wrench_composer.set_forces_and_torques' instead.[0m
Agent Steps: 0006M | FPS: 17995.4 | Last FPS: 17979.3 | Collect Time: 5.8 min | Train RL Time: 0.0 min | Mean Rewards: -397.85 | Current Best: -376.29
Agent Steps: 0006M | FPS: 17996.1 | Last FPS: 18132.4 | Collect Time: 5.9 min | Train RL Time: 0.0 min | Mean Rewards: -384.50 | Current Best: -376.29
Agent Steps: 0006M | FPS: 17995.0 | Last FPS: 17788.7 | Collect Time: 5.9 min | Train RL Time: 0.0 min | Mean Rewards: -386.24 | Current Best: -376.29
[33m10:38:38 [rigid_object.py] WARNING: The function 'set_external_force_and_torque' will be deprecated in a future release. Please use 'permanent_wrench_composer.set_forces_and_torques' instead.[0m
Agent Steps: 0006M | FPS: 17996.1 | Last FPS: 18221.0 | Collect Time: 5.9 min | Train RL Time: 0.0 min | Mean Rewards: -412.71 | Current Best: -376.29
Agent Steps: 0006M | FPS: 17996.1 | Last FPS: 17990.7 | Collect Time: 6.0 min | Train RL Time: 0.0 min | Mean Rewards: -390.57 | Current Best: -376.29
Agent Steps: 0006M | FPS: 17996.1 | Last FPS: 17988.9 | Collect Time: 6.0 min | Train RL Time: 0.0 min | Mean Rewards: -400.26 | Current Best: -376.29
[33m10:38:43 [rigid_object.py] WARNING: The function 'set_external_force_and_torque' will be deprecated in a future release. Please use 'permanent_wrench_composer.set_forces_and_torques' instead.[0m
Agent Steps: 0006M | FPS: 17997.0 | Last FPS: 18181.1 | Collect Time: 6.0 min | Train RL Time: 0.0 min | Mean Rewards: -389.19 | Current Best: -376.29
[gravity schedule] step=1600 target_z=0.0000 actual_z=0.0000
Agent Steps: 0006M | FPS: 17996.5 | Last FPS: 17896.6 | Collect Time: 6.0 min | Train RL Time: 0.0 min | Mean Rewards: -399.75 | Current Best: -376.29
Agent Steps: 0006M | FPS: 17995.9 | Last FPS: 17885.6 | Collect Time: 6.1 min | Train RL Time: 0.0 min | Mean Rewards: -408.73 | Current Best: -376.29
[33m10:38:48 [rigid_object.py] WARNING: The function 'set_external_force_and_torque' will be deprecated in a future release. Please use 'permanent_wrench_composer.set_forces_and_torques' instead.[0m
Agent Steps: 0006M | FPS: 17996.2 | Last FPS: 18046.5 | Collect Time: 6.1 min | Train RL Time: 0.0 min | Mean Rewards: -395.02 | Current Best: -376.29
Agent Steps: 0006M | FPS: 17996.5 | Last FPS: 18068.5 | Collect Time: 6.1 min | Train RL Time: 0.0 min | Mean Rewards: -390.02 | Current Best: -376.29
[33m10:38:54 [rigid_object.py] WARNING: The function 'set_external_force_and_torque' will be deprecated in a future release. Please use 'permanent_wrench_composer.set_forces_and_torques' instead.[0m
Agent Steps: 0006M | FPS: 17997.5 | Last FPS: 18202.0 | Collect Time: 6.2 min | Train RL Time: 0.0 min | Mean Rewards: -401.43 | Current Best: -376.29
Agent Steps: 0006M | FPS: 17997.3 | Last FPS: 17951.2 | Collect Time: 6.2 min | Train RL Time: 0.0 min | Mean Rewards: -392.64 | Current Best: -376.29
Agent Steps: 0006M | FPS: 17997.6 | Last FPS: 18062.4 | Collect Time: 6.2 min | Train RL Time: 0.0 min | Mean Rewards: -382.05 | Current Best: -376.29
[33m10:38:59 [rigid_object.py] WARNING: The function 'set_external_force_and_torque' will be deprecated in a future release. Please use 'permanent_wrench_composer.set_forces_and_torques' instead.[0m
Agent Steps: 0006M | FPS: 17997.0 | Last FPS: 17873.2 | Collect Time: 6.3 min | Train RL Time: 0.0 min | Mean Rewards: -390.63 | Current Best: -376.29
Agent Steps: 0006M | FPS: 17994.7 | Last FPS: 17525.0 | Collect Time: 6.3 min | Train RL Time: 0.0 min | Mean Rewards: -398.75 | Current Best: -376.29
Agent Steps: 0006M | FPS: 17994.0 | Last FPS: 17841.7 | Collect Time: 6.3 min | Train RL Time: 0.1 min | Mean Rewards: -396.85 | Current Best: -376.29
[33m10:39:04 [rigid_object.py] WARNING: The function 'set_external_force_and_torque' will be deprecated in a future release. Please use 'permanent_wrench_composer.set_forces_and_torques' instead.[0m
Agent Steps: 0006M | FPS: 17992.6 | Last FPS: 17708.2 | Collect Time: 6.3 min | Train RL Time: 0.1 min | Mean Rewards: -390.47 | Current Best: -376.29
Agent Steps: 0006M | FPS: 17993.3 | Last FPS: 18142.5 | Collect Time: 6.4 min | Train RL Time: 0.1 min | Mean Rewards: -383.10 | Current Best: -376.29
Agent Steps: 0006M | FPS: 17992.9 | Last FPS: 17901.1 | Collect Time: 6.4 min | Train RL Time: 0.1 min | Mean Rewards: -392.05 | Current Best: -376.29
[33m10:39:09 [rigid_object.py] WARNING: The function 'set_external_force_and_torque' will be deprecated in a future release. Please use 'permanent_wrench_composer.set_forces_and_torques' instead.[0m
Agent Steps: 0007M | FPS: 17993.8 | Last FPS: 18193.5 | Collect Time: 6.4 min | Train RL Time: 0.1 min | Mean Rewards: -410.27 | Current Best: -376.29
Agent Steps: 0007M | FPS: 17994.3 | Last FPS: 18100.0 | Collect Time: 6.5 min | Train RL Time: 0.1 min | Mean Rewards: -392.29 | Current Best: -376.29
Agent Steps: 0007M | FPS: 17993.3 | Last FPS: 17789.8 | Collect Time: 6.5 min | Train RL Time: 0.1 min | Mean Rewards: -376.49 | Current Best: -376.29
[33m10:39:14 [rigid_object.py] WARNING: The function 'set_external_force_and_torque' will be deprecated in a future release. Please use 'permanent_wrench_composer.set_forces_and_torques' instead.[0m
Agent Steps: 0007M | FPS: 17993.2 | Last FPS: 17973.2 | Collect Time: 6.5 min | Train RL Time: 0.1 min | Mean Rewards: -392.51 | Current Best: -376.29
Agent Steps: 0007M | FPS: 17993.9 | Last FPS: 18142.3 | Collect Time: 6.6 min | Train RL Time: 0.1 min | Mean Rewards: -385.26 | Current Best: -376.29
[33m10:39:19 [rigid_object.py] WARNING: The function 'set_external_force_and_torque' will be deprecated in a future release. Please use 'permanent_wrench_composer.set_forces_and_torques' instead.[0m
Agent Steps: 0007M | FPS: 17994.9 | Last FPS: 18211.3 | Collect Time: 6.6 min | Train RL Time: 0.1 min | Mean Rewards: -397.14 | Current Best: -376.29
Agent Steps: 0007M | FPS: 17994.9 | Last FPS: 17988.0 | Collect Time: 6.6 min | Train RL Time: 0.1 min | Mean Rewards: -393.25 | Current Best: -376.29
Agent Steps: 0007M | FPS: 17995.0 | Last FPS: 18037.8 | Collect Time: 6.6 min | Train RL Time: 0.1 min | Mean Rewards: -395.15 | Current Best: -376.29
[33m10:39:24 [rigid_object.py] WARNING: The function 'set_external_force_and_torque' will be deprecated in a future release. Please use 'permanent_wrench_composer.set_forces_and_torques' instead.[0m
Agent Steps: 0007M | FPS: 17991.8 | Last FPS: 17311.4 | Collect Time: 6.7 min | Train RL Time: 0.1 min | Mean Rewards: -385.67 | Current Best: -376.29
Agent Steps: 0007M | FPS: 17991.9 | Last FPS: 18005.6 | Collect Time: 6.7 min | Train RL Time: 0.1 min | Mean Rewards: -409.69 | Current Best: -376.29
Agent Steps: 0007M | FPS: 17992.7 | Last FPS: 18164.0 | Collect Time: 6.7 min | Train RL Time: 0.1 min | Mean Rewards: -405.19 | Current Best: -376.29
[33m10:39:29 [rigid_object.py] WARNING: The function 'set_external_force_and_torque' will be deprecated in a future release. Please use 'permanent_wrench_composer.set_forces_and_torques' instead.[0m
Agent Steps: 0007M | FPS: 17994.0 | Last FPS: 18300.0 | Collect Time: 6.8 min | Train RL Time: 0.1 min | Mean Rewards: -380.25 | Current Best: -376.29
[gravity schedule] step=1800 target_z=0.0000 actual_z=0.0000
Agent Steps: 0007M | FPS: 17994.0 | Last FPS: 17992.3 | Collect Time: 6.8 min | Train RL Time: 0.1 min | Mean Rewards: -377.95 | Current Best: -376.29
Agent Steps: 0007M | FPS: 17995.0 | Last FPS: 18229.8 | Collect Time: 6.8 min | Train RL Time: 0.1 min | Mean Rewards: -402.38 | Current Best: -376.29
[33m10:39:34 [rigid_object.py] WARNING: The function 'set_external_force_and_torque' will be deprecated in a future release. Please use 'permanent_wrench_composer.set_forces_and_torques' instead.[0m
Agent Steps: 0007M | FPS: 17996.4 | Last FPS: 18305.7 | Collect Time: 6.9 min | Train RL Time: 0.1 min | Mean Rewards: -398.40 | Current Best: -376.29
Agent Steps: 0007M | FPS: 17996.7 | Last FPS: 18066.0 | Collect Time: 6.9 min | Train RL Time: 0.1 min | Mean Rewards: -398.06 | Current Best: -376.29
Agent Steps: 0007M | FPS: 17997.2 | Last FPS: 18118.6 | Collect Time: 6.9 min | Train RL Time: 0.1 min | Mean Rewards: -393.14 | Current Best: -376.29
[33m10:39:40 [rigid_object.py] WARNING: The function 'set_external_force_and_torque' will be deprecated in a future release. Please use 'permanent_wrench_composer.set_forces_and_torques' instead.[0m
Agent Steps: 0007M | FPS: 17997.6 | Last FPS: 18093.2 | Collect Time: 6.9 min | Train RL Time: 0.1 min | Mean Rewards: -400.64 | Current Best: -376.29
Agent Steps: 0007M | FPS: 17998.7 | Last FPS: 18250.8 | Collect Time: 7.0 min | Train RL Time: 0.1 min | Mean Rewards: -383.08 | Current Best: -376.29
Agent Steps: 0007M | FPS: 17999.6 | Last FPS: 18216.4 | Collect Time: 7.0 min | Train RL Time: 0.1 min | Mean Rewards: -387.25 | Current Best: -376.29
[33m10:39:45 [rigid_object.py] WARNING: The function 'set_external_force_and_torque' will be deprecated in a future release. Please use 'permanent_wrench_composer.set_forces_and_torques' instead.[0m
Agent Steps: 0007M | FPS: 17999.7 | Last FPS: 18013.7 | Collect Time: 7.0 min | Train RL Time: 0.1 min | Mean Rewards: -380.85 | Current Best: -376.29
Agent Steps: 0007M | FPS: 18000.4 | Last FPS: 18172.6 | Collect Time: 7.1 min | Train RL Time: 0.1 min | Mean Rewards: -392.62 | Current Best: -376.29
[33m10:39:50 [rigid_object.py] WARNING: The function 'set_external_force_and_torque' will be deprecated in a future release. Please use 'permanent_wrench_composer.set_forces_and_torques' instead.[0m
Agent Steps: 0007M | FPS: 18002.3 | Last FPS: 18465.0 | Collect Time: 7.1 min | Train RL Time: 0.1 min | Mean Rewards: -399.87 | Current Best: -376.29
Agent Steps: 0007M | FPS: 18004.3 | Last FPS: 18493.0 | Collect Time: 7.1 min | Train RL Time: 0.1 min | Mean Rewards: -399.10 | Current Best: -376.29
Agent Steps: 0007M | FPS: 18005.6 | Last FPS: 18319.1 | Collect Time: 7.2 min | Train RL Time: 0.1 min | Mean Rewards: -396.25 | Current Best: -376.29
[33m10:39:55 [rigid_object.py] WARNING: The function 'set_external_force_and_torque' will be deprecated in a future release. Please use 'permanent_wrench_composer.set_forces_and_torques' instead.[0m
Agent Steps: 0007M | FPS: 18007.4 | Last FPS: 18440.4 | Collect Time: 7.2 min | Train RL Time: 0.1 min | Mean Rewards: -379.99 | Current Best: -376.29
Agent Steps: 0007M | FPS: 18008.5 | Last FPS: 18278.4 | Collect Time: 7.2 min | Train RL Time: 0.1 min | Mean Rewards: -389.68 | Current Best: -376.29
Agent Steps: 0007M | FPS: 18010.0 | Last FPS: 18382.6 | Collect Time: 7.2 min | Train RL Time: 0.1 min | Mean Rewards: -394.43 | Current Best: -376.29
[33m10:40:00 [rigid_object.py] WARNING: The function 'set_external_force_and_torque' will be deprecated in a future release. Please use 'permanent_wrench_composer.set_forces_and_torques' instead.[0m
Agent Steps: 0007M | FPS: 18011.1 | Last FPS: 18257.1 | Collect Time: 7.3 min | Train RL Time: 0.1 min | Mean Rewards: -400.39 | Current Best: -376.29
Agent Steps: 0007M | FPS: 18012.5 | Last FPS: 18363.2 | Collect Time: 7.3 min | Train RL Time: 0.1 min | Mean Rewards: -393.00 | Current Best: -376.29
Agent Steps: 0007M | FPS: 18012.8 | Last FPS: 18082.1 | Collect Time: 7.3 min | Train RL Time: 0.1 min | Mean Rewards: -390.91 | Current Best: -376.29
[33m10:40:05 [rigid_object.py] WARNING: The function 'set_external_force_and_torque' will be deprecated in a future release. Please use 'permanent_wrench_composer.set_forces_and_torques' instead.[0m
save current best reward: -375.29
Agent Steps: 0008M | FPS: 18015.3 | Last FPS: 18650.9 | Collect Time: 7.4 min | Train RL Time: 0.1 min | Mean Rewards: -375.29 | Current Best: -375.29
Agent Steps: 0008M | FPS: 18016.5 | Last FPS: 18324.1 | Collect Time: 7.4 min | Train RL Time: 0.1 min | Mean Rewards: -388.79 | Current Best: -375.29
Agent Steps: 0008M | FPS: 18017.5 | Last FPS: 18255.9 | Collect Time: 7.4 min | Train RL Time: 0.1 min | Mean Rewards: -378.48 | Current Best: -375.29
[33m10:40:10 [rigid_object.py] WARNING: The function 'set_external_force_and_torque' will be deprecated in a future release. Please use 'permanent_wrench_composer.set_forces_and_torques' instead.[0m
Agent Steps: 0008M | FPS: 18018.2 | Last FPS: 18203.9 | Collect Time: 7.4 min | Train RL Time: 0.1 min | Mean Rewards: -397.35 | Current Best: -375.29
save current best reward: -373.66
Agent Steps: 0008M | FPS: 18018.6 | Last FPS: 18128.1 | Collect Time: 7.5 min | Train RL Time: 0.1 min | Mean Rewards: -373.66 | Current Best: -373.66
Agent Steps: 0008M | FPS: 18019.3 | Last FPS: 18182.8 | Collect Time: 7.5 min | Train RL Time: 0.1 min | Mean Rewards: -392.39 | Current Best: -373.66
[33m10:40:16 [rigid_object.py] WARNING: The function 'set_external_force_and_torque' will be deprecated in a future release. Please use 'permanent_wrench_composer.set_forces_and_torques' instead.[0m
[gravity schedule] step=2000 target_z=0.0000 actual_z=0.0000
Agent Steps: 0008M | FPS: 18020.2 | Last FPS: 18253.0 | Collect Time: 7.5 min | Train RL Time: 0.1 min | Mean Rewards: -380.02 | Current Best: -373.66
Agent Steps: 0008M | FPS: 18022.2 | Last FPS: 18529.9 | Collect Time: 7.6 min | Train RL Time: 0.1 min | Mean Rewards: -378.57 | Current Best: -373.66
Agent Steps: 0008M | FPS: 18023.4 | Last FPS: 18338.4 | Collect Time: 7.6 min | Train RL Time: 0.1 min | Mean Rewards: -379.01 | Current Best: -373.66
[33m10:40:21 [rigid_object.py] WARNING: The function 'set_external_force_and_torque' will be deprecated in a future release. Please use 'permanent_wrench_composer.set_forces_and_torques' instead.[0m
Agent Steps: 0008M | FPS: 18025.1 | Last FPS: 18464.7 | Collect Time: 7.6 min | Train RL Time: 0.1 min | Mean Rewards: -399.91 | Current Best: -373.66
Agent Steps: 0008M | FPS: 18027.3 | Last FPS: 18612.6 | Collect Time: 7.7 min | Train RL Time: 0.1 min | Mean Rewards: -397.78 | Current Best: -373.66
Agent Steps: 0008M | FPS: 18030.0 | Last FPS: 18724.1 | Collect Time: 7.7 min | Train RL Time: 0.1 min | Mean Rewards: -405.65 | Current Best: -373.66
[33m10:40:26 [rigid_object.py] WARNING: The function 'set_external_force_and_torque' will be deprecated in a future release. Please use 'permanent_wrench_composer.set_forces_and_torques' instead.[0m
Agent Steps: 0008M | FPS: 18031.3 | Last FPS: 18374.3 | Collect Time: 7.7 min | Train RL Time: 0.1 min | Mean Rewards: -398.63 | Current Best: -373.66
Agent Steps: 0008M | FPS: 18032.5 | Last FPS: 18365.8 | Collect Time: 7.7 min | Train RL Time: 0.1 min | Mean Rewards: -382.86 | Current Best: -373.66
[33m10:40:31 [rigid_object.py] WARNING: The function 'set_external_force_and_torque' will be deprecated in a future release. Please use 'permanent_wrench_composer.set_forces_and_torques' instead.[0m
Agent Steps: 0008M | FPS: 18032.9 | Last FPS: 18133.7 | Collect Time: 7.8 min | Train RL Time: 0.1 min | Mean Rewards: -377.14 | Current Best: -373.66
Agent Steps: 0008M | FPS: 18034.5 | Last FPS: 18461.8 | Collect Time: 7.8 min | Train RL Time: 0.1 min | Mean Rewards: -385.02 | Current Best: -373.66
Agent Steps: 0008M | FPS: 18036.7 | Last FPS: 18614.5 | Collect Time: 7.8 min | Train RL Time: 0.1 min | Mean Rewards: -393.37 | Current Best: -373.66
[33m10:40:36 [rigid_object.py] WARNING: The function 'set_external_force_and_torque' will be deprecated in a future release. Please use 'permanent_wrench_composer.set_forces_and_torques' instead.[0m
Agent Steps: 0008M | FPS: 18039.1 | Last FPS: 18700.6 | Collect Time: 7.9 min | Train RL Time: 0.1 min | Mean Rewards: -391.20 | Current Best: -373.66
Agent Steps: 0008M | FPS: 18041.5 | Last FPS: 18676.0 | Collect Time: 7.9 min | Train RL Time: 0.1 min | Mean Rewards: -407.17 | Current Best: -373.66
Agent Steps: 0008M | FPS: 18043.9 | Last FPS: 18701.0 | Collect Time: 7.9 min | Train RL Time: 0.1 min | Mean Rewards: -397.03 | Current Best: -373.66
[33m10:40:41 [rigid_object.py] WARNING: The function 'set_external_force_and_torque' will be deprecated in a future release. Please use 'permanent_wrench_composer.set_forces_and_torques' instead.[0m
Agent Steps: 0008M | FPS: 18045.1 | Last FPS: 18367.4 | Collect Time: 7.9 min | Train RL Time: 0.1 min | Mean Rewards: -376.75 | Current Best: -373.66
Agent Steps: 0008M | FPS: 18047.2 | Last FPS: 18613.3 | Collect Time: 8.0 min | Train RL Time: 0.1 min | Mean Rewards: -386.76 | Current Best: -373.66
Agent Steps: 0008M | FPS: 18050.0 | Last FPS: 18842.8 | Collect Time: 8.0 min | Train RL Time: 0.1 min | Mean Rewards: -391.81 | Current Best: -373.66
[33m10:40:46 [rigid_object.py] WARNING: The function 'set_external_force_and_torque' will be deprecated in a future release. Please use 'permanent_wrench_composer.set_forces_and_torques' instead.[0m
Agent Steps: 0008M | FPS: 18053.1 | Last FPS: 18913.2 | Collect Time: 8.0 min | Train RL Time: 0.1 min | Mean Rewards: -415.47 | Current Best: -373.66
Agent Steps: 0008M | FPS: 18055.4 | Last FPS: 18684.0 | Collect Time: 8.1 min | Train RL Time: 0.1 min | Mean Rewards: -393.11 | Current Best: -373.66
Agent Steps: 0008M | FPS: 18057.4 | Last FPS: 18617.8 | Collect Time: 8.1 min | Train RL Time: 0.1 min | Mean Rewards: -391.76 | Current Best: -373.66
[33m10:40:51 [rigid_object.py] WARNING: The function 'set_external_force_and_torque' will be deprecated in a future release. Please use 'permanent_wrench_composer.set_forces_and_torques' instead.[0m
Agent Steps: 0008M | FPS: 18059.6 | Last FPS: 18691.4 | Collect Time: 8.1 min | Train RL Time: 0.1 min | Mean Rewards: -394.47 | Current Best: -373.66
Agent Steps: 0008M | FPS: 18061.0 | Last FPS: 18429.1 | Collect Time: 8.1 min | Train RL Time: 0.1 min | Mean Rewards: -404.43 | Current Best: -373.66
Agent Steps: 0008M | FPS: 18063.4 | Last FPS: 18738.3 | Collect Time: 8.2 min | Train RL Time: 0.1 min | Mean Rewards: -403.66 | Current Best: -373.66
[33m10:40:56 [rigid_object.py] WARNING: The function 'set_external_force_and_torque' will be deprecated in a future release. Please use 'permanent_wrench_composer.set_forces_and_torques' instead.[0m
Agent Steps: 0008M | FPS: 18065.2 | Last FPS: 18582.2 | Collect Time: 8.2 min | Train RL Time: 0.1 min | Mean Rewards: -390.88 | Current Best: -373.66
Agent Steps: 0009M | FPS: 18067.3 | Last FPS: 18658.9 | Collect Time: 8.2 min | Train RL Time: 0.1 min | Mean Rewards: -400.89 | Current Best: -373.66
[gravity schedule] step=2200 target_z=-0.2453 actual_z=-0.2428
Agent Steps: 0009M | FPS: 18068.4 | Last FPS: 18381.6 | Collect Time: 8.3 min | Train RL Time: 0.1 min | Mean Rewards: -405.54 | Current Best: -373.66
[33m10:41:01 [rigid_object.py] WARNING: The function 'set_external_force_and_torque' will be deprecated in a future release. Please use 'permanent_wrench_composer.set_forces_and_torques' instead.[0m
Agent Steps: 0009M | FPS: 18069.8 | Last FPS: 18471.1 | Collect Time: 8.3 min | Train RL Time: 0.1 min | Mean Rewards: -403.54 | Current Best: -373.66
Agent Steps: 0009M | FPS: 18071.7 | Last FPS: 18588.9 | Collect Time: 8.3 min | Train RL Time: 0.1 min | Mean Rewards: -392.43 | Current Best: -373.66
Agent Steps: 0009M | FPS: 18074.2 | Last FPS: 18800.2 | Collect Time: 8.4 min | Train RL Time: 0.1 min | Mean Rewards: -390.09 | Current Best: -373.66
[33m10:41:06 [rigid_object.py] WARNING: The function 'set_external_force_and_torque' will be deprecated in a future release. Please use 'permanent_wrench_composer.set_forces_and_torques' instead.[0m
Agent Steps: 0009M | FPS: 18076.4 | Last FPS: 18737.8 | Collect Time: 8.4 min | Train RL Time: 0.1 min | Mean Rewards: -393.01 | Current Best: -373.66
Agent Steps: 0009M | FPS: 18078.2 | Last FPS: 18586.7 | Collect Time: 8.4 min | Train RL Time: 0.1 min | Mean Rewards: -394.25 | Current Best: -373.66
[33m10:41:11 [rigid_object.py] WARNING: The function 'set_external_force_and_torque' will be deprecated in a future release. Please use 'permanent_wrench_composer.set_forces_and_torques' instead.[0m
Agent Steps: 0009M | FPS: 18080.5 | Last FPS: 18755.5 | Collect Time: 8.4 min | Train RL Time: 0.1 min | Mean Rewards: -431.75 | Current Best: -373.66
Agent Steps: 0009M | FPS: 18083.1 | Last FPS: 18842.0 | Collect Time: 8.5 min | Train RL Time: 0.1 min | Mean Rewards: -415.64 | Current Best: -373.66
Agent Steps: 0009M | FPS: 18085.5 | Last FPS: 18794.1 | Collect Time: 8.5 min | Train RL Time: 0.1 min | Mean Rewards: -414.40 | Current Best: -373.66
[33m10:41:16 [rigid_object.py] WARNING: The function 'set_external_force_and_torque' will be deprecated in a future release. Please use 'permanent_wrench_composer.set_forces_and_torques' instead.[0m
Agent Steps: 0009M | FPS: 18087.9 | Last FPS: 18799.0 | Collect Time: 8.5 min | Train RL Time: 0.1 min | Mean Rewards: -410.13 | Current Best: -373.66
Agent Steps: 0009M | FPS: 18091.3 | Last FPS: 19115.3 | Collect Time: 8.6 min | Train RL Time: 0.1 min | Mean Rewards: -407.23 | Current Best: -373.66
Agent Steps: 0009M | FPS: 18093.7 | Last FPS: 18799.2 | Collect Time: 8.6 min | Train RL Time: 0.1 min | Mean Rewards: -405.31 | Current Best: -373.66
[33m10:41:22 [rigid_object.py] WARNING: The function 'set_external_force_and_torque' will be deprecated in a future release. Please use 'permanent_wrench_composer.set_forces_and_torques' instead.[0m
Agent Steps: 0009M | FPS: 18095.8 | Last FPS: 18714.8 | Collect Time: 8.6 min | Train RL Time: 0.1 min | Mean Rewards: -413.63 | Current Best: -373.66
Agent Steps: 0009M | FPS: 18098.8 | Last FPS: 19014.3 | Collect Time: 8.6 min | Train RL Time: 0.1 min | Mean Rewards: -396.93 | Current Best: -373.66
Agent Steps: 0009M | FPS: 18100.5 | Last FPS: 18591.5 | Collect Time: 8.7 min | Train RL Time: 0.1 min | Mean Rewards: -404.39 | Current Best: -373.66
[33m10:41:27 [rigid_object.py] WARNING: The function 'set_external_force_and_torque' will be deprecated in a future release. Please use 'permanent_wrench_composer.set_forces_and_torques' instead.[0m
Agent Steps: 0009M | FPS: 18102.9 | Last FPS: 18827.6 | Collect Time: 8.7 min | Train RL Time: 0.1 min | Mean Rewards: -417.36 | Current Best: -373.66
Agent Steps: 0009M | FPS: 18105.3 | Last FPS: 18845.7 | Collect Time: 8.7 min | Train RL Time: 0.1 min | Mean Rewards: -405.20 | Current Best: -373.66
Agent Steps: 0009M | FPS: 18107.2 | Last FPS: 18666.4 | Collect Time: 8.8 min | Train RL Time: 0.1 min | Mean Rewards: -419.32 | Current Best: -373.66
[33m10:41:32 [rigid_object.py] WARNING: The function 'set_external_force_and_torque' will be deprecated in a future release. Please use 'permanent_wrench_composer.set_forces_and_torques' instead.[0m
Agent Steps: 0009M | FPS: 18110.3 | Last FPS: 19084.1 | Collect Time: 8.8 min | Train RL Time: 0.1 min | Mean Rewards: -419.33 | Current Best: -373.66
Agent Steps: 0009M | FPS: 18110.9 | Last FPS: 18285.0 | Collect Time: 8.8 min | Train RL Time: 0.1 min | Mean Rewards: -406.65 | Current Best: -373.66
Agent Steps: 0009M | FPS: 18112.9 | Last FPS: 18720.7 | Collect Time: 8.8 min | Train RL Time: 0.1 min | Mean Rewards: -412.08 | Current Best: -373.66
[33m10:41:37 [rigid_object.py] WARNING: The function 'set_external_force_and_torque' will be deprecated in a future release. Please use 'permanent_wrench_composer.set_forces_and_torques' instead.[0m
Agent Steps: 0009M | FPS: 18114.9 | Last FPS: 18737.5 | Collect Time: 8.9 min | Train RL Time: 0.1 min | Mean Rewards: -406.29 | Current Best: -373.66
Agent Steps: 0009M | FPS: 18117.2 | Last FPS: 18801.6 | Collect Time: 8.9 min | Train RL Time: 0.1 min | Mean Rewards: -418.03 | Current Best: -373.66
Agent Steps: 0009M | FPS: 18119.6 | Last FPS: 18870.8 | Collect Time: 8.9 min | Train RL Time: 0.1 min | Mean Rewards: -416.48 | Current Best: -373.66
[33m10:41:42 [rigid_object.py] WARNING: The function 'set_external_force_and_torque' will be deprecated in a future release. Please use 'permanent_wrench_composer.set_forces_and_torques' instead.[0m
Agent Steps: 0009M | FPS: 18120.9 | Last FPS: 18512.5 | Collect Time: 9.0 min | Train RL Time: 0.1 min | Mean Rewards: -415.60 | Current Best: -373.66
[gravity schedule] step=2400 target_z=-0.4905 actual_z=-0.4856
Agent Steps: 0009M | FPS: 18122.3 | Last FPS: 18552.5 | Collect Time: 9.0 min | Train RL Time: 0.1 min | Mean Rewards: -406.79 | Current Best: -373.66
Agent Steps: 0009M | FPS: 18123.7 | Last FPS: 18562.8 | Collect Time: 9.0 min | Train RL Time: 0.1 min | Mean Rewards: -417.03 | Current Best: -373.66
[33m10:41:47 [rigid_object.py] WARNING: The function 'set_external_force_and_torque' will be deprecated in a future release. Please use 'permanent_wrench_composer.set_forces_and_torques' instead.[0m
Agent Steps: 0009M | FPS: 18125.9 | Last FPS: 18824.9 | Collect Time: 9.0 min | Train RL Time: 0.1 min | Mean Rewards: -416.44 | Current Best: -373.66
Agent Steps: 0009M | FPS: 18128.6 | Last FPS: 18969.4 | Collect Time: 9.1 min | Train RL Time: 0.1 min | Mean Rewards: -434.90 | Current Best: -373.66
Agent Steps: 0009M | FPS: 18130.6 | Last FPS: 18764.8 | Collect Time: 9.1 min | Train RL Time: 0.1 min | Mean Rewards: -420.62 | Current Best: -373.66
[33m10:41:52 [rigid_object.py] WARNING: The function 'set_external_force_and_torque' will be deprecated in a future release. Please use 'permanent_wrench_composer.set_forces_and_torques' instead.[0m
Agent Steps: 0010M | FPS: 18133.2 | Last FPS: 18981.4 | Collect Time: 9.1 min | Train RL Time: 0.1 min | Mean Rewards: -425.84 | Current Best: -373.66
Agent Steps: 0010M | FPS: 18135.0 | Last FPS: 18686.1 | Collect Time: 9.2 min | Train RL Time: 0.1 min | Mean Rewards: -432.64 | Current Best: -373.66
Agent Steps: 0010M | FPS: 18137.2 | Last FPS: 18842.8 | Collect Time: 9.2 min | Train RL Time: 0.1 min | Mean Rewards: -428.02 | Current Best: -373.66
[33m10:41:57 [rigid_object.py] WARNING: The function 'set_external_force_and_torque' will be deprecated in a future release. Please use 'permanent_wrench_composer.set_forces_and_torques' instead.[0m
Agent Steps: 0010M | FPS: 18139.8 | Last FPS: 18987.4 | Collect Time: 9.2 min | Train RL Time: 0.1 min | Mean Rewards: -431.84 | Current Best: -373.66
Agent Steps: 0010M | FPS: 18142.4 | Last FPS: 18981.4 | Collect Time: 9.2 min | Train RL Time: 0.1 min | Mean Rewards: -435.43 | Current Best: -373.66
Agent Steps: 0010M | FPS: 18144.5 | Last FPS: 18807.0 | Collect Time: 9.3 min | Train RL Time: 0.1 min | Mean Rewards: -429.12 | Current Best: -373.66
[33m10:42:02 [rigid_object.py] WARNING: The function 'set_external_force_and_torque' will be deprecated in a future release. Please use 'permanent_wrench_composer.set_forces_and_torques' instead.[0m
Agent Steps: 0010M | FPS: 18147.0 | Last FPS: 18951.0 | Collect Time: 9.3 min | Train RL Time: 0.1 min | Mean Rewards: -432.81 | Current Best: -373.66
Agent Steps: 0010M | FPS: 18149.2 | Last FPS: 18869.1 | Collect Time: 9.3 min | Train RL Time: 0.1 min | Mean Rewards: -412.92 | Current Best: -373.66
Agent Steps: 0010M | FPS: 18151.0 | Last FPS: 18736.2 | Collect Time: 9.4 min | Train RL Time: 0.1 min | Mean Rewards: -427.92 | Current Best: -373.66
[33m10:42:08 [rigid_object.py] WARNING: The function 'set_external_force_and_torque' will be deprecated in a future release. Please use 'permanent_wrench_composer.set_forces_and_torques' instead.[0m
Agent Steps: 0010M | FPS: 18152.5 | Last FPS: 18635.0 | Collect Time: 9.4 min | Train RL Time: 0.1 min | Mean Rewards: -422.75 | Current Best: -373.66
Agent Steps: 0010M | FPS: 18153.5 | Last FPS: 18468.1 | Collect Time: 9.4 min | Train RL Time: 0.1 min | Mean Rewards: -435.79 | Current Best: -373.66
Agent Steps: 0010M | FPS: 18155.2 | Last FPS: 18733.5 | Collect Time: 9.4 min | Train RL Time: 0.1 min | Mean Rewards: -437.75 | Current Best: -373.66
[33m10:42:13 [rigid_object.py] WARNING: The function 'set_external_force_and_torque' will be deprecated in a future release. Please use 'permanent_wrench_composer.set_forces_and_torques' instead.[0m
Agent Steps: 0010M | FPS: 18157.4 | Last FPS: 18874.7 | Collect Time: 9.5 min | Train RL Time: 0.1 min | Mean Rewards: -432.71 | Current Best: -373.66
Agent Steps: 0010M | FPS: 18159.3 | Last FPS: 18780.2 | Collect Time: 9.5 min | Train RL Time: 0.1 min | Mean Rewards: -451.87 | Current Best: -373.66
Agent Steps: 0010M | FPS: 18161.1 | Last FPS: 18762.6 | Collect Time: 9.5 min | Train RL Time: 0.1 min | Mean Rewards: -445.87 | Current Best: -373.66
[33m10:42:18 [rigid_object.py] WARNING: The function 'set_external_force_and_torque' will be deprecated in a future release. Please use 'permanent_wrench_composer.set_forces_and_torques' instead.[0m
Agent Steps: 0010M | FPS: 18162.7 | Last FPS: 18680.9 | Collect Time: 9.6 min | Train RL Time: 0.1 min | Mean Rewards: -433.55 | Current Best: -373.66
Agent Steps: 0010M | FPS: 18165.0 | Last FPS: 18947.3 | Collect Time: 9.6 min | Train RL Time: 0.1 min | Mean Rewards: -438.95 | Current Best: -373.66
Agent Steps: 0010M | FPS: 18167.4 | Last FPS: 18975.4 | Collect Time: 9.6 min | Train RL Time: 0.1 min | Mean Rewards: -431.86 | Current Best: -373.66
[33m10:42:23 [rigid_object.py] WARNING: The function 'set_external_force_and_torque' will be deprecated in a future release. Please use 'permanent_wrench_composer.set_forces_and_torques' instead.[0m
Agent Steps: 0010M | FPS: 18169.7 | Last FPS: 18915.5 | Collect Time: 9.6 min | Train RL Time: 0.1 min | Mean Rewards: -436.89 | Current Best: -373.66
Agent Steps: 0010M | FPS: 18172.0 | Last FPS: 18956.5 | Collect Time: 9.7 min | Train RL Time: 0.1 min | Mean Rewards: -444.03 | Current Best: -373.66
[gravity schedule] step=2600 target_z=-0.7358 actual_z=-0.7284
Agent Steps: 0010M | FPS: 18173.9 | Last FPS: 18814.6 | Collect Time: 9.7 min | Train RL Time: 0.1 min | Mean Rewards: -429.26 | Current Best: -373.66
[33m10:42:28 [rigid_object.py] WARNING: The function 'set_external_force_and_torque' will be deprecated in a future release. Please use 'permanent_wrench_composer.set_forces_and_torques' instead.[0m
Agent Steps: 0010M | FPS: 18176.2 | Last FPS: 18951.5 | Collect Time: 9.7 min | Train RL Time: 0.1 min | Mean Rewards: -447.14 | Current Best: -373.66
Agent Steps: 0010M | FPS: 18178.1 | Last FPS: 18846.1 | Collect Time: 9.8 min | Train RL Time: 0.1 min | Mean Rewards: -443.16 | Current Best: -373.66
Agent Steps: 0010M | FPS: 18179.9 | Last FPS: 18777.3 | Collect Time: 9.8 min | Train RL Time: 0.1 min | Mean Rewards: -427.33 | Current Best: -373.66
[33m10:42:34 [rigid_object.py] WARNING: The function 'set_external_force_and_torque' will be deprecated in a future release. Please use 'permanent_wrench_composer.set_forces_and_torques' instead.[0m
Agent Steps: 0010M | FPS: 18181.8 | Last FPS: 18833.3 | Collect Time: 9.8 min | Train RL Time: 0.1 min | Mean Rewards: -436.79 | Current Best: -373.66
Agent Steps: 0010M | FPS: 18184.0 | Last FPS: 18919.2 | Collect Time: 9.8 min | Train RL Time: 0.1 min | Mean Rewards: -456.34 | Current Best: -373.66
[33m10:42:39 [rigid_object.py] WARNING: The function 'set_external_force_and_torque' will be deprecated in a future release. Please use 'permanent_wrench_composer.set_forces_and_torques' instead.[0m
Agent Steps: 0010M | FPS: 18185.1 | Last FPS: 18581.3 | Collect Time: 9.9 min | Train RL Time: 0.1 min | Mean Rewards: -454.58 | Current Best: -373.66
Agent Steps: 0010M | FPS: 18187.6 | Last FPS: 19039.8 | Collect Time: 9.9 min | Train RL Time: 0.1 min | Mean Rewards: -468.29 | Current Best: -373.66
Agent Steps: 0010M | FPS: 18189.6 | Last FPS: 18881.4 | Collect Time: 9.9 min | Train RL Time: 0.1 min | Mean Rewards: -448.52 | Current Best: -373.66
[33m10:42:44 [rigid_object.py] WARNING: The function 'set_external_force_and_torque' will be deprecated in a future release. Please use 'permanent_wrench_composer.set_forces_and_torques' instead.[0m
Agent Steps: 0010M | FPS: 18192.4 | Last FPS: 19188.0 | Collect Time: 10.0 min | Train RL Time: 0.1 min | Mean Rewards: -462.13 | Current Best: -373.66
Agent Steps: 0011M | FPS: 18194.4 | Last FPS: 18875.1 | Collect Time: 10.0 min | Train RL Time: 0.1 min | Mean Rewards: -457.45 | Current Best: -373.66
Agent Steps: 0011M | FPS: 18196.2 | Last FPS: 18821.5 | Collect Time: 10.0 min | Train RL Time: 0.1 min | Mean Rewards: -448.00 | Current Best: -373.66
[33m10:42:49 [rigid_object.py] WARNING: The function 'set_external_force_and_torque' will be deprecated in a future release. Please use 'permanent_wrench_composer.set_forces_and_torques' instead.[0m
Agent Steps: 0011M | FPS: 18198.4 | Last FPS: 18974.4 | Collect Time: 10.0 min | Train RL Time: 0.1 min | Mean Rewards: -464.74 | Current Best: -373.66
Agent Steps: 0011M | FPS: 18200.5 | Last FPS: 18956.5 | Collect Time: 10.1 min | Train RL Time: 0.1 min | Mean Rewards: -447.74 | Current Best: -373.66
Agent Steps: 0011M | FPS: 18203.2 | Last FPS: 19160.6 | Collect Time: 10.1 min | Train RL Time: 0.1 min | Mean Rewards: -460.24 | Current Best: -373.66
[33m10:42:54 [rigid_object.py] WARNING: The function 'set_external_force_and_torque' will be deprecated in a future release. Please use 'permanent_wrench_composer.set_forces_and_torques' instead.[0m
Agent Steps: 0011M | FPS: 18205.2 | Last FPS: 18919.0 | Collect Time: 10.1 min | Train RL Time: 0.1 min | Mean Rewards: -451.95 | Current Best: -373.66
Agent Steps: 0011M | FPS: 18206.8 | Last FPS: 18746.8 | Collect Time: 10.2 min | Train RL Time: 0.1 min | Mean Rewards: -428.87 | Current Best: -373.66
Agent Steps: 0011M | FPS: 18208.5 | Last FPS: 18832.4 | Collect Time: 10.2 min | Train RL Time: 0.1 min | Mean Rewards: -468.31 | Current Best: -373.66
[33m10:42:59 [rigid_object.py] WARNING: The function 'set_external_force_and_torque' will be deprecated in a future release. Please use 'permanent_wrench_composer.set_forces_and_torques' instead.[0m
Agent Steps: 0011M | FPS: 18209.8 | Last FPS: 18673.3 | Collect Time: 10.2 min | Train RL Time: 0.1 min | Mean Rewards: -467.02 | Current Best: -373.66
Agent Steps: 0011M | FPS: 18211.0 | Last FPS: 18612.7 | Collect Time: 10.2 min | Train RL Time: 0.1 min | Mean Rewards: -457.57 | Current Best: -373.66
Agent Steps: 0011M | FPS: 18212.9 | Last FPS: 18885.0 | Collect Time: 10.3 min | Train RL Time: 0.1 min | Mean Rewards: -465.86 | Current Best: -373.66
[33m10:43:04 [rigid_object.py] WARNING: The function 'set_external_force_and_torque' will be deprecated in a future release. Please use 'permanent_wrench_composer.set_forces_and_torques' instead.[0m
Agent Steps: 0011M | FPS: 18214.5 | Last FPS: 18815.5 | Collect Time: 10.3 min | Train RL Time: 0.1 min | Mean Rewards: -463.95 | Current Best: -373.66
Agent Steps: 0011M | FPS: 18216.6 | Last FPS: 18967.1 | Collect Time: 10.3 min | Train RL Time: 0.1 min | Mean Rewards: -464.78 | Current Best: -373.66
Agent Steps: 0011M | FPS: 18218.2 | Last FPS: 18782.9 | Collect Time: 10.4 min | Train RL Time: 0.1 min | Mean Rewards: -459.18 | Current Best: -373.66
[33m10:43:09 [rigid_object.py] WARNING: The function 'set_external_force_and_torque' will be deprecated in a future release. Please use 'permanent_wrench_composer.set_forces_and_torques' instead.[0m
Agent Steps: 0011M | FPS: 18219.3 | Last FPS: 18618.4 | Collect Time: 10.4 min | Train RL Time: 0.1 min | Mean Rewards: -458.73 | Current Best: -373.66
[gravity schedule] step=2800 target_z=-0.9810 actual_z=-0.9712
Agent Steps: 0011M | FPS: 18221.0 | Last FPS: 18841.0 | Collect Time: 10.4 min | Train RL Time: 0.1 min | Mean Rewards: -468.40 | Current Best: -373.66
Agent Steps: 0011M | FPS: 18222.9 | Last FPS: 18914.0 | Collect Time: 10.5 min | Train RL Time: 0.1 min | Mean Rewards: -469.01 | Current Best: -373.66
[33m10:43:14 [rigid_object.py] WARNING: The function 'set_external_force_and_torque' will be deprecated in a future release. Please use 'permanent_wrench_composer.set_forces_and_torques' instead.[0m
Agent Steps: 0011M | FPS: 18225.7 | Last FPS: 19257.2 | Collect Time: 10.5 min | Train RL Time: 0.1 min | Mean Rewards: -484.71 | Current Best: -373.66
Agent Steps: 0011M | FPS: 18227.0 | Last FPS: 18696.7 | Collect Time: 10.5 min | Train RL Time: 0.1 min | Mean Rewards: -469.28 | Current Best: -373.66
Agent Steps: 0011M | FPS: 18227.9 | Last FPS: 18564.7 | Collect Time: 10.5 min | Train RL Time: 0.1 min | Mean Rewards: -470.71 | Current Best: -373.66
[33m10:43:19 [rigid_object.py] WARNING: The function 'set_external_force_and_torque' will be deprecated in a future release. Please use 'permanent_wrench_composer.set_forces_and_torques' instead.[0m
Agent Steps: 0011M | FPS: 18230.0 | Last FPS: 18997.1 | Collect Time: 10.6 min | Train RL Time: 0.1 min | Mean Rewards: -474.30 | Current Best: -373.66
Agent Steps: 0011M | FPS: 18231.7 | Last FPS: 18877.1 | Collect Time: 10.6 min | Train RL Time: 0.1 min | Mean Rewards: -472.06 | Current Best: -373.66
Agent Steps: 0011M | FPS: 18233.2 | Last FPS: 18783.5 | Collect Time: 10.6 min | Train RL Time: 0.1 min | Mean Rewards: -487.29 | Current Best: -373.66
[33m10:43:25 [rigid_object.py] WARNING: The function 'set_external_force_and_torque' will be deprecated in a future release. Please use 'permanent_wrench_composer.set_forces_and_torques' instead.[0m
Agent Steps: 0011M | FPS: 18236.1 | Last FPS: 19318.9 | Collect Time: 10.7 min | Train RL Time: 0.1 min | Mean Rewards: -501.09 | Current Best: -373.66
Agent Steps: 0011M | FPS: 18238.4 | Last FPS: 19105.9 | Collect Time: 10.7 min | Train RL Time: 0.1 min | Mean Rewards: -468.96 | Current Best: -373.66
Agent Steps: 0011M | FPS: 18239.7 | Last FPS: 18718.6 | Collect Time: 10.7 min | Train RL Time: 0.1 min | Mean Rewards: -495.03 | Current Best: -373.66
[33m10:43:30 [rigid_object.py] WARNING: The function 'set_external_force_and_torque' will be deprecated in a future release. Please use 'permanent_wrench_composer.set_forces_and_torques' instead.[0m
Agent Steps: 0011M | FPS: 18241.8 | Last FPS: 19021.8 | Collect Time: 10.7 min | Train RL Time: 0.1 min | Mean Rewards: -465.10 | Current Best: -373.66
Agent Steps: 0011M | FPS: 18243.8 | Last FPS: 19006.9 | Collect Time: 10.8 min | Train RL Time: 0.1 min | Mean Rewards: -501.59 | Current Best: -373.66
Agent Steps: 0011M | FPS: 18245.7 | Last FPS: 18983.3 | Collect Time: 10.8 min | Train RL Time: 0.1 min | Mean Rewards: -496.88 | Current Best: -373.66
[33m10:43:35 [rigid_object.py] WARNING: The function 'set_external_force_and_torque' will be deprecated in a future release. Please use 'permanent_wrench_composer.set_forces_and_torques' instead.[0m
Agent Steps: 0011M | FPS: 18247.8 | Last FPS: 19035.8 | Collect Time: 10.8 min | Train RL Time: 0.1 min | Mean Rewards: -517.99 | Current Best: -373.66
Agent Steps: 0011M | FPS: 18249.9 | Last FPS: 19040.9 | Collect Time: 10.9 min | Train RL Time: 0.1 min | Mean Rewards: -531.45 | Current Best: -373.66
Agent Steps: 0012M | FPS: 18251.2 | Last FPS: 18758.0 | Collect Time: 10.9 min | Train RL Time: 0.1 min | Mean Rewards: -527.18 | Current Best: -373.66
[33m10:43:40 [rigid_object.py] WARNING: The function 'set_external_force_and_torque' will be deprecated in a future release. Please use 'permanent_wrench_composer.set_forces_and_torques' instead.[0m
Agent Steps: 0012M | FPS: 18253.3 | Last FPS: 19042.2 | Collect Time: 10.9 min | Train RL Time: 0.1 min | Mean Rewards: -516.61 | Current Best: -373.66
Agent Steps: 0012M | FPS: 18255.9 | Last FPS: 19254.1 | Collect Time: 10.9 min | Train RL Time: 0.1 min | Mean Rewards: -494.97 | Current Best: -373.66
Agent Steps: 0012M | FPS: 18258.0 | Last FPS: 19084.5 | Collect Time: 11.0 min | Train RL Time: 0.1 min | Mean Rewards: -506.06 | Current Best: -373.66
[33m10:43:45 [rigid_object.py] WARNING: The function 'set_external_force_and_torque' will be deprecated in a future release. Please use 'permanent_wrench_composer.set_forces_and_torques' instead.[0m
Agent Steps: 0012M | FPS: 18259.2 | Last FPS: 18694.5 | Collect Time: 11.0 min | Train RL Time: 0.1 min | Mean Rewards: -509.36 | Current Best: -373.66
Agent Steps: 0012M | FPS: 18260.5 | Last FPS: 18781.9 | Collect Time: 11.0 min | Train RL Time: 0.1 min | Mean Rewards: -515.00 | Current Best: -373.66
Agent Steps: 0012M | FPS: 18262.6 | Last FPS: 19066.9 | Collect Time: 11.1 min | Train RL Time: 0.1 min | Mean Rewards: -539.87 | Current Best: -373.66
[33m10:43:50 [rigid_object.py] WARNING: The function 'set_external_force_and_torque' will be deprecated in a future release. Please use 'permanent_wrench_composer.set_forces_and_torques' instead.[0m
Agent Steps: 0012M | FPS: 18265.0 | Last FPS: 19220.0 | Collect Time: 11.1 min | Train RL Time: 0.1 min | Mean Rewards: -508.63 | Current Best: -373.66
Agent Steps: 0012M | FPS: 18267.5 | Last FPS: 19246.6 | Collect Time: 11.1 min | Train RL Time: 0.1 min | Mean Rewards: -525.01 | Current Best: -373.66
[gravity schedule] step=3000 target_z=-1.2263 actual_z=-1.2250
Agent Steps: 0012M | FPS: 18269.1 | Last FPS: 18867.3 | Collect Time: 11.1 min | Train RL Time: 0.1 min | Mean Rewards: -499.64 | Current Best: -373.66
[33m10:43:56 [rigid_object.py] WARNING: The function 'set_external_force_and_torque' will be deprecated in a future release. Please use 'permanent_wrench_composer.set_forces_and_torques' instead.[0m
Agent Steps: 0012M | FPS: 18271.7 | Last FPS: 19310.3 | Collect Time: 11.2 min | Train RL Time: 0.1 min | Mean Rewards: -492.54 | Current Best: -373.66
Agent Steps: 0012M | FPS: 18273.5 | Last FPS: 18993.6 | Collect Time: 11.2 min | Train RL Time: 0.1 min | Mean Rewards: -528.66 | Current Best: -373.66
Agent Steps: 0012M | FPS: 18275.6 | Last FPS: 19116.1 | Collect Time: 11.2 min | Train RL Time: 0.1 min | Mean Rewards: -542.34 | Current Best: -373.66
[33m10:44:01 [rigid_object.py] WARNING: The function 'set_external_force_and_torque' will be deprecated in a future release. Please use 'permanent_wrench_composer.set_forces_and_torques' instead.[0m
Agent Steps: 0012M | FPS: 18277.9 | Last FPS: 19190.0 | Collect Time: 11.2 min | Train RL Time: 0.1 min | Mean Rewards: -514.85 | Current Best: -373.66
Agent Steps: 0012M | FPS: 18280.4 | Last FPS: 19280.3 | Collect Time: 11.3 min | Train RL Time: 0.1 min | Mean Rewards: -518.00 | Current Best: -373.66
Agent Steps: 0012M | FPS: 18283.3 | Last FPS: 19432.8 | Collect Time: 11.3 min | Train RL Time: 0.1 min | Mean Rewards: -533.77 | Current Best: -373.66
[33m10:44:06 [rigid_object.py] WARNING: The function 'set_external_force_and_torque' will be deprecated in a future release. Please use 'permanent_wrench_composer.set_forces_and_torques' instead.[0m
Agent Steps: 0012M | FPS: 18285.8 | Last FPS: 19300.0 | Collect Time: 11.3 min | Train RL Time: 0.1 min | Mean Rewards: -509.92 | Current Best: -373.66
Agent Steps: 0012M | FPS: 18287.2 | Last FPS: 18855.0 | Collect Time: 11.4 min | Train RL Time: 0.1 min | Mean Rewards: -511.13 | Current Best: -373.66
Agent Steps: 0012M | FPS: 18289.5 | Last FPS: 19227.9 | Collect Time: 11.4 min | Train RL Time: 0.1 min | Mean Rewards: -516.22 | Current Best: -373.66
[33m10:44:11 [rigid_object.py] WARNING: The function 'set_external_force_and_torque' will be deprecated in a future release. Please use 'permanent_wrench_composer.set_forces_and_torques' instead.[0m
Agent Steps: 0012M | FPS: 18291.7 | Last FPS: 19147.7 | Collect Time: 11.4 min | Train RL Time: 0.1 min | Mean Rewards: -536.71 | Current Best: -373.66
Agent Steps: 0012M | FPS: 18294.1 | Last FPS: 19281.1 | Collect Time: 11.4 min | Train RL Time: 0.1 min | Mean Rewards: -553.69 | Current Best: -373.66
Agent Steps: 0012M | FPS: 18296.4 | Last FPS: 19226.5 | Collect Time: 11.5 min | Train RL Time: 0.1 min | Mean Rewards: -536.26 | Current Best: -373.66
[33m10:44:16 [rigid_object.py] WARNING: The function 'set_external_force_and_torque' will be deprecated in a future release. Please use 'permanent_wrench_composer.set_forces_and_torques' instead.[0m
Agent Steps: 0012M | FPS: 18299.7 | Last FPS: 19675.4 | Collect Time: 11.5 min | Train RL Time: 0.1 min | Mean Rewards: -535.23 | Current Best: -373.66
Agent Steps: 0012M | FPS: 18302.1 | Last FPS: 19296.8 | Collect Time: 11.5 min | Train RL Time: 0.1 min | Mean Rewards: -541.60 | Current Best: -373.66
Agent Steps: 0012M | FPS: 18304.8 | Last FPS: 19441.3 | Collect Time: 11.6 min | Train RL Time: 0.1 min | Mean Rewards: -554.99 | Current Best: -373.66
[33m10:44:21 [rigid_object.py] WARNING: The function 'set_external_force_and_torque' will be deprecated in a future release. Please use 'permanent_wrench_composer.set_forces_and_torques' instead.[0m
Agent Steps: 0012M | FPS: 18307.0 | Last FPS: 19198.9 | Collect Time: 11.6 min | Train RL Time: 0.1 min | Mean Rewards: -542.85 | Current Best: -373.66
Agent Steps: 0012M | FPS: 18308.9 | Last FPS: 19094.9 | Collect Time: 11.6 min | Train RL Time: 0.1 min | Mean Rewards: -540.19 | Current Best: -373.66
Agent Steps: 0012M | FPS: 18310.9 | Last FPS: 19128.4 | Collect Time: 11.6 min | Train RL Time: 0.1 min | Mean Rewards: -557.20 | Current Best: -373.66
[33m10:44:26 [rigid_object.py] WARNING: The function 'set_external_force_and_torque' will be deprecated in a future release. Please use 'permanent_wrench_composer.set_forces_and_torques' instead.[0m
Agent Steps: 0012M | FPS: 18313.4 | Last FPS: 19354.0 | Collect Time: 11.7 min | Train RL Time: 0.1 min | Mean Rewards: -548.17 | Current Best: -373.66
Agent Steps: 0012M | FPS: 18315.3 | Last FPS: 19089.8 | Collect Time: 11.7 min | Train RL Time: 0.1 min | Mean Rewards: -538.48 | Current Best: -373.66
Agent Steps: 0013M | FPS: 18317.6 | Last FPS: 19263.6 | Collect Time: 11.7 min | Train RL Time: 0.1 min | Mean Rewards: -525.79 | Current Best: -373.66
[33m10:44:31 [rigid_object.py] WARNING: The function 'set_external_force_and_torque' will be deprecated in a future release. Please use 'permanent_wrench_composer.set_forces_and_torques' instead.[0m
Agent Steps: 0013M | FPS: 18319.5 | Last FPS: 19115.2 | Collect Time: 11.8 min | Train RL Time: 0.1 min | Mean Rewards: -553.03 | Current Best: -373.66
Agent Steps: 0013M | FPS: 18321.4 | Last FPS: 19108.1 | Collect Time: 11.8 min | Train RL Time: 0.1 min | Mean Rewards: -524.57 | Current Best: -373.66
Agent Steps: 0013M | FPS: 18323.1 | Last FPS: 19030.7 | Collect Time: 11.8 min | Train RL Time: 0.1 min | Mean Rewards: -518.71 | Current Best: -373.66
[33m10:44:37 [rigid_object.py] WARNING: The function 'set_external_force_and_torque' will be deprecated in a future release. Please use 'permanent_wrench_composer.set_forces_and_torques' instead.[0m
[gravity schedule] step=3200 target_z=-1.4715 actual_z=-1.4678
Agent Steps: 0013M | FPS: 18324.6 | Last FPS: 18945.8 | Collect Time: 11.8 min | Train RL Time: 0.1 min | Mean Rewards: -526.51 | Current Best: -373.66
Agent Steps: 0013M | FPS: 18325.8 | Last FPS: 18831.7 | Collect Time: 11.9 min | Train RL Time: 0.1 min | Mean Rewards: -530.61 | Current Best: -373.66
Agent Steps: 0013M | FPS: 18327.5 | Last FPS: 18999.9 | Collect Time: 11.9 min | Train RL Time: 0.1 min | Mean Rewards: -534.00 | Current Best: -373.66
[33m10:44:42 [rigid_object.py] WARNING: The function 'set_external_force_and_torque' will be deprecated in a future release. Please use 'permanent_wrench_composer.set_forces_and_torques' instead.[0m
Agent Steps: 0013M | FPS: 18329.3 | Last FPS: 19100.4 | Collect Time: 11.9 min | Train RL Time: 0.1 min | Mean Rewards: -540.79 | Current Best: -373.66
Agent Steps: 0013M | FPS: 18330.3 | Last FPS: 18740.0 | Collect Time: 12.0 min | Train RL Time: 0.1 min | Mean Rewards: -548.57 | Current Best: -373.66
Agent Steps: 0013M | FPS: 18331.3 | Last FPS: 18773.5 | Collect Time: 12.0 min | Train RL Time: 0.1 min | Mean Rewards: -542.97 | Current Best: -373.66
[33m10:44:47 [rigid_object.py] WARNING: The function 'set_external_force_and_torque' will be deprecated in a future release. Please use 'permanent_wrench_composer.set_forces_and_torques' instead.[0m
Agent Steps: 0013M | FPS: 18333.0 | Last FPS: 19036.9 | Collect Time: 12.0 min | Train RL Time: 0.1 min | Mean Rewards: -557.62 | Current Best: -373.66
Agent Steps: 0013M | FPS: 18333.7 | Last FPS: 18634.6 | Collect Time: 12.0 min | Train RL Time: 0.1 min | Mean Rewards: -548.86 | Current Best: -373.66
Agent Steps: 0013M | FPS: 18335.0 | Last FPS: 18874.8 | Collect Time: 12.1 min | Train RL Time: 0.1 min | Mean Rewards: -561.71 | Current Best: -373.66
[33m10:44:52 [rigid_object.py] WARNING: The function 'set_external_force_and_torque' will be deprecated in a future release. Please use 'permanent_wrench_composer.set_forces_and_torques' instead.[0m
Agent Steps: 0013M | FPS: 18336.7 | Last FPS: 19053.9 | Collect Time: 12.1 min | Train RL Time: 0.1 min | Mean Rewards: -559.65 | Current Best: -373.66
Agent Steps: 0013M | FPS: 18338.3 | Last FPS: 19034.2 | Collect Time: 12.1 min | Train RL Time: 0.1 min | Mean Rewards: -538.24 | Current Best: -373.66
Agent Steps: 0013M | FPS: 18340.3 | Last FPS: 19164.1 | Collect Time: 12.2 min | Train RL Time: 0.1 min | Mean Rewards: -549.92 | Current Best: -373.66
[33m10:44:57 [rigid_object.py] WARNING: The function 'set_external_force_and_torque' will be deprecated in a future release. Please use 'permanent_wrench_composer.set_forces_and_torques' instead.[0m
Agent Steps: 0013M | FPS: 18342.3 | Last FPS: 19234.0 | Collect Time: 12.2 min | Train RL Time: 0.1 min | Mean Rewards: -553.38 | Current Best: -373.66
Agent Steps: 0013M | FPS: 18343.4 | Last FPS: 18807.0 | Collect Time: 12.2 min | Train RL Time: 0.1 min | Mean Rewards: -559.96 | Current Best: -373.66
Agent Steps: 0013M | FPS: 18344.7 | Last FPS: 18877.3 | Collect Time: 12.2 min | Train RL Time: 0.1 min | Mean Rewards: -565.87 | Current Best: -373.66
[33m10:45:02 [rigid_object.py] WARNING: The function 'set_external_force_and_torque' will be deprecated in a future release. Please use 'permanent_wrench_composer.set_forces_and_torques' instead.[0m
Agent Steps: 0013M | FPS: 18346.0 | Last FPS: 18899.5 | Collect Time: 12.3 min | Train RL Time: 0.1 min | Mean Rewards: -583.17 | Current Best: -373.66
Agent Steps: 0013M | FPS: 18347.4 | Last FPS: 18952.0 | Collect Time: 12.3 min | Train RL Time: 0.1 min | Mean Rewards: -572.96 | Current Best: -373.66
Agent Steps: 0013M | FPS: 18348.9 | Last FPS: 19015.7 | Collect Time: 12.3 min | Train RL Time: 0.1 min | Mean Rewards: -579.15 | Current Best: -373.66
[33m10:45:08 [rigid_object.py] WARNING: The function 'set_external_force_and_torque' will be deprecated in a future release. Please use 'permanent_wrench_composer.set_forces_and_torques' instead.[0m
Agent Steps: 0013M | FPS: 18350.7 | Last FPS: 19108.3 | Collect Time: 12.4 min | Train RL Time: 0.1 min | Mean Rewards: -547.89 | Current Best: -373.66
Agent Steps: 0013M | FPS: 18352.4 | Last FPS: 19115.6 | Collect Time: 12.4 min | Train RL Time: 0.1 min | Mean Rewards: -596.58 | Current Best: -373.66
Agent Steps: 0013M | FPS: 18354.0 | Last FPS: 19027.7 | Collect Time: 12.4 min | Train RL Time: 0.1 min | Mean Rewards: -589.10 | Current Best: -373.66
[33m10:45:13 [rigid_object.py] WARNING: The function 'set_external_force_and_torque' will be deprecated in a future release. Please use 'permanent_wrench_composer.set_forces_and_torques' instead.[0m
Agent Steps: 0013M | FPS: 18355.6 | Last FPS: 19085.7 | Collect Time: 12.4 min | Train RL Time: 0.1 min | Mean Rewards: -580.50 | Current Best: -373.66
Agent Steps: 0013M | FPS: 18357.2 | Last FPS: 19069.5 | Collect Time: 12.5 min | Train RL Time: 0.1 min | Mean Rewards: -578.29 | Current Best: -373.66
Agent Steps: 0013M | FPS: 18358.8 | Last FPS: 19040.3 | Collect Time: 12.5 min | Train RL Time: 0.1 min | Mean Rewards: -546.43 | Current Best: -373.66
[33m10:45:18 [rigid_object.py] WARNING: The function 'set_external_force_and_torque' will be deprecated in a future release. Please use 'permanent_wrench_composer.set_forces_and_torques' instead.[0m
Agent Steps: 0013M | FPS: 18360.5 | Last FPS: 19103.9 | Collect Time: 12.5 min | Train RL Time: 0.1 min | Mean Rewards: -566.61 | Current Best: -373.66
[gravity schedule] step=3400 target_z=-1.7167 actual_z=-1.7106
Agent Steps: 0013M | FPS: 18362.2 | Last FPS: 19117.4 | Collect Time: 12.6 min | Train RL Time: 0.1 min | Mean Rewards: -574.80 | Current Best: -373.66
Agent Steps: 0013M | FPS: 18363.6 | Last FPS: 18997.1 | Collect Time: 12.6 min | Train RL Time: 0.1 min | Mean Rewards: -558.22 | Current Best: -373.66
[33m10:45:23 [rigid_object.py] WARNING: The function 'set_external_force_and_torque' will be deprecated in a future release. Please use 'permanent_wrench_composer.set_forces_and_torques' instead.[0m
Agent Steps: 0014M | FPS: 18364.8 | Last FPS: 18900.4 | Collect Time: 12.6 min | Train RL Time: 0.1 min | Mean Rewards: -573.15 | Current Best: -373.66
Agent Steps: 0014M | FPS: 18366.1 | Last FPS: 18923.2 | Collect Time: 12.6 min | Train RL Time: 0.1 min | Mean Rewards: -556.13 | Current Best: -373.66
Agent Steps: 0014M | FPS: 18367.6 | Last FPS: 19051.4 | Collect Time: 12.7 min | Train RL Time: 0.1 min | Mean Rewards: -548.73 | Current Best: -373.66
[33m10:45:28 [rigid_object.py] WARNING: The function 'set_external_force_and_torque' will be deprecated in a future release. Please use 'permanent_wrench_composer.set_forces_and_torques' instead.[0m
Agent Steps: 0014M | FPS: 18369.2 | Last FPS: 19039.0 | Collect Time: 12.7 min | Train RL Time: 0.1 min | Mean Rewards: -537.52 | Current Best: -373.66
Agent Steps: 0014M | FPS: 18370.5 | Last FPS: 18961.1 | Collect Time: 12.7 min | Train RL Time: 0.1 min | Mean Rewards: -568.35 | Current Best: -373.66
Agent Steps: 0014M | FPS: 18372.3 | Last FPS: 19210.2 | Collect Time: 12.8 min | Train RL Time: 0.1 min | Mean Rewards: -552.37 | Current Best: -373.66
[33m10:45:34 [rigid_object.py] WARNING: The function 'set_external_force_and_torque' will be deprecated in a future release. Please use 'permanent_wrench_composer.set_forces_and_torques' instead.[0m
Agent Steps: 0014M | FPS: 18373.1 | Last FPS: 18731.7 | Collect Time: 12.8 min | Train RL Time: 0.1 min | Mean Rewards: -574.17 | Current Best: -373.66
Agent Steps: 0014M | FPS: 18374.2 | Last FPS: 18837.0 | Collect Time: 12.8 min | Train RL Time: 0.1 min | Mean Rewards: -551.99 | Current Best: -373.66
Agent Steps: 0014M | FPS: 18375.5 | Last FPS: 18944.5 | Collect Time: 12.8 min | Train RL Time: 0.1 min | Mean Rewards: -559.07 | Current Best: -373.66
[33m10:45:39 [rigid_object.py] WARNING: The function 'set_external_force_and_torque' will be deprecated in a future release. Please use 'permanent_wrench_composer.set_forces_and_torques' instead.[0m
Agent Steps: 0014M | FPS: 18376.6 | Last FPS: 18905.0 | Collect Time: 12.9 min | Train RL Time: 0.1 min | Mean Rewards: -540.07 | Current Best: -373.66
Agent Steps: 0014M | FPS: 18377.6 | Last FPS: 18794.1 | Collect Time: 12.9 min | Train RL Time: 0.1 min | Mean Rewards: -561.83 | Current Best: -373.66
Agent Steps: 0014M | FPS: 18379.3 | Last FPS: 19160.4 | Collect Time: 12.9 min | Train RL Time: 0.1 min | Mean Rewards: -541.38 | Current Best: -373.66
[33m10:45:44 [rigid_object.py] WARNING: The function 'set_external_force_and_torque' will be deprecated in a future release. Please use 'permanent_wrench_composer.set_forces_and_torques' instead.[0m
Agent Steps: 0014M | FPS: 18380.1 | Last FPS: 18766.0 | Collect Time: 13.0 min | Train RL Time: 0.1 min | Mean Rewards: -539.90 | Current Best: -373.66
Agent Steps: 0014M | FPS: 18382.1 | Last FPS: 19276.8 | Collect Time: 13.0 min | Train RL Time: 0.1 min | Mean Rewards: -562.34 | Current Best: -373.66
Agent Steps: 0014M | FPS: 18383.4 | Last FPS: 18990.0 | Collect Time: 13.0 min | Train RL Time: 0.1 min | Mean Rewards: -548.22 | Current Best: -373.66
[33m10:45:49 [rigid_object.py] WARNING: The function 'set_external_force_and_torque' will be deprecated in a future release. Please use 'permanent_wrench_composer.set_forces_and_torques' instead.[0m
Agent Steps: 0014M | FPS: 18384.3 | Last FPS: 18797.2 | Collect Time: 13.0 min | Train RL Time: 0.1 min | Mean Rewards: -555.65 | Current Best: -373.66
Agent Steps: 0014M | FPS: 18385.6 | Last FPS: 18957.0 | Collect Time: 13.1 min | Train RL Time: 0.1 min | Mean Rewards: -544.22 | Current Best: -373.66
Agent Steps: 0014M | FPS: 18386.7 | Last FPS: 18897.1 | Collect Time: 13.1 min | Train RL Time: 0.1 min | Mean Rewards: -544.87 | Current Best: -373.66
[33m10:45:54 [rigid_object.py] WARNING: The function 'set_external_force_and_torque' will be deprecated in a future release. Please use 'permanent_wrench_composer.set_forces_and_torques' instead.[0m
Agent Steps: 0014M | FPS: 18387.7 | Last FPS: 18871.9 | Collect Time: 13.1 min | Train RL Time: 0.1 min | Mean Rewards: -542.49 | Current Best: -373.66
Agent Steps: 0014M | FPS: 18388.8 | Last FPS: 18872.7 | Collect Time: 13.2 min | Train RL Time: 0.1 min | Mean Rewards: -550.58 | Current Best: -373.66
Agent Steps: 0014M | FPS: 18390.3 | Last FPS: 19087.8 | Collect Time: 13.2 min | Train RL Time: 0.1 min | Mean Rewards: -576.55 | Current Best: -373.66
[33m10:45:59 [rigid_object.py] WARNING: The function 'set_external_force_and_torque' will be deprecated in a future release. Please use 'permanent_wrench_composer.set_forces_and_torques' instead.[0m
Agent Steps: 0014M | FPS: 18391.2 | Last FPS: 18812.4 | Collect Time: 13.2 min | Train RL Time: 0.1 min | Mean Rewards: -556.75 | Current Best: -373.66
Agent Steps: 0014M | FPS: 18392.3 | Last FPS: 18879.6 | Collect Time: 13.2 min | Train RL Time: 0.1 min | Mean Rewards: -541.75 | Current Best: -373.66
[gravity schedule] step=3600 target_z=-1.9620 actual_z=-1.9534
Agent Steps: 0014M | FPS: 18393.4 | Last FPS: 18891.4 | Collect Time: 13.3 min | Train RL Time: 0.1 min | Mean Rewards: -557.57 | Current Best: -373.66
[33m10:46:05 [rigid_object.py] WARNING: The function 'set_external_force_and_torque' will be deprecated in a future release. Please use 'permanent_wrench_composer.set_forces_and_torques' instead.[0m
Agent Steps: 0014M | FPS: 18394.5 | Last FPS: 18940.9 | Collect Time: 13.3 min | Train RL Time: 0.1 min | Mean Rewards: -561.01 | Current Best: -373.66
Agent Steps: 0014M | FPS: 18395.6 | Last FPS: 18902.2 | Collect Time: 13.3 min | Train RL Time: 0.1 min | Mean Rewards: -554.65 | Current Best: -373.66
Agent Steps: 0014M | FPS: 18397.0 | Last FPS: 19060.4 | Collect Time: 13.4 min | Train RL Time: 0.1 min | Mean Rewards: -553.29 | Current Best: -373.66
[33m10:46:10 [rigid_object.py] WARNING: The function 'set_external_force_and_torque' will be deprecated in a future release. Please use 'permanent_wrench_composer.set_forces_and_torques' instead.[0m
Agent Steps: 0014M | FPS: 18397.7 | Last FPS: 18700.2 | Collect Time: 13.4 min | Train RL Time: 0.1 min | Mean Rewards: -561.93 | Current Best: -373.66
Agent Steps: 0014M | FPS: 18398.8 | Last FPS: 18898.0 | Collect Time: 13.4 min | Train RL Time: 0.1 min | Mean Rewards: -564.09 | Current Best: -373.66
Agent Steps: 0014M | FPS: 18400.0 | Last FPS: 19000.1 | Collect Time: 13.4 min | Train RL Time: 0.1 min | Mean Rewards: -543.77 | Current Best: -373.66
[33m10:46:15 [rigid_object.py] WARNING: The function 'set_external_force_and_torque' will be deprecated in a future release. Please use 'permanent_wrench_composer.set_forces_and_torques' instead.[0m
Agent Steps: 0015M | FPS: 18401.9 | Last FPS: 19279.2 | Collect Time: 13.5 min | Train RL Time: 0.1 min | Mean Rewards: -549.95 | Current Best: -373.66
Agent Steps: 0015M | FPS: 18403.4 | Last FPS: 19111.1 | Collect Time: 13.5 min | Train RL Time: 0.1 min | Mean Rewards: -566.28 | Current Best: -373.66
Agent Steps: 0015M | FPS: 18404.1 | Last FPS: 18763.5 | Collect Time: 13.5 min | Train RL Time: 0.1 min | Mean Rewards: -538.12 | Current Best: -373.66
[33m10:46:20 [rigid_object.py] WARNING: The function 'set_external_force_and_torque' will be deprecated in a future release. Please use 'permanent_wrench_composer.set_forces_and_torques' instead.[0m
Agent Steps: 0015M | FPS: 18405.2 | Last FPS: 18909.4 | Collect Time: 13.6 min | Train RL Time: 0.1 min | Mean Rewards: -538.12 | Current Best: -373.66
Agent Steps: 0015M | FPS: 18406.6 | Last FPS: 19055.5 | Collect Time: 13.6 min | Train RL Time: 0.1 min | Mean Rewards: -530.87 | Current Best: -373.66
Agent Steps: 0015M | FPS: 18407.4 | Last FPS: 18818.7 | Collect Time: 13.6 min | Train RL Time: 0.1 min | Mean Rewards: -536.68 | Current Best: -373.66
[33m10:46:25 [rigid_object.py] WARNING: The function 'set_external_force_and_torque' will be deprecated in a future release. Please use 'permanent_wrench_composer.set_forces_and_torques' instead.[0m
Agent Steps: 0015M | FPS: 18409.1 | Last FPS: 19230.0 | Collect Time: 13.6 min | Train RL Time: 0.1 min | Mean Rewards: -563.88 | Current Best: -373.66
Agent Steps: 0015M | FPS: 18410.5 | Last FPS: 19057.0 | Collect Time: 13.7 min | Train RL Time: 0.1 min | Mean Rewards: -540.26 | Current Best: -373.66
Agent Steps: 0015M | FPS: 18411.7 | Last FPS: 18995.1 | Collect Time: 13.7 min | Train RL Time: 0.1 min | Mean Rewards: -560.24 | Current Best: -373.66
[33m10:46:31 [rigid_object.py] WARNING: The function 'set_external_force_and_torque' will be deprecated in a future release. Please use 'permanent_wrench_composer.set_forces_and_torques' instead.[0m
Agent Steps: 0015M | FPS: 18413.2 | Last FPS: 19167.7 | Collect Time: 13.7 min | Train RL Time: 0.1 min | Mean Rewards: -554.21 | Current Best: -373.66
Agent Steps: 0015M | FPS: 18414.4 | Last FPS: 18979.8 | Collect Time: 13.8 min | Train RL Time: 0.1 min | Mean Rewards: -529.73 | Current Best: -373.66
Agent Steps: 0015M | FPS: 18415.8 | Last FPS: 19087.4 | Collect Time: 13.8 min | Train RL Time: 0.1 min | Mean Rewards: -574.65 | Current Best: -373.66
[33m10:46:36 [rigid_object.py] WARNING: The function 'set_external_force_and_torque' will be deprecated in a future release. Please use 'permanent_wrench_composer.set_forces_and_torques' instead.[0m
Agent Steps: 0015M | FPS: 18417.0 | Last FPS: 19020.3 | Collect Time: 13.8 min | Train RL Time: 0.1 min | Mean Rewards: -572.56 | Current Best: -373.66
Agent Steps: 0015M | FPS: 18417.8 | Last FPS: 18763.3 | Collect Time: 13.8 min | Train RL Time: 0.1 min | Mean Rewards: -561.98 | Current Best: -373.66
Agent Steps: 0015M | FPS: 18418.7 | Last FPS: 18850.7 | Collect Time: 13.9 min | Train RL Time: 0.1 min | Mean Rewards: -579.55 | Current Best: -373.66
[33m10:46:41 [rigid_object.py] WARNING: The function 'set_external_force_and_torque' will be deprecated in a future release. Please use 'permanent_wrench_composer.set_forces_and_torques' instead.[0m
Agent Steps: 0015M | FPS: 18419.3 | Last FPS: 18723.8 | Collect Time: 13.9 min | Train RL Time: 0.1 min | Mean Rewards: -591.91 | Current Best: -373.66
Agent Steps: 0015M | FPS: 18420.4 | Last FPS: 18973.0 | Collect Time: 13.9 min | Train RL Time: 0.1 min | Mean Rewards: -563.04 | Current Best: -373.66
Agent Steps: 0015M | FPS: 18421.4 | Last FPS: 18897.0 | Collect Time: 14.0 min | Train RL Time: 0.1 min | Mean Rewards: -545.04 | Current Best: -373.66
[33m10:46:46 [rigid_object.py] WARNING: The function 'set_external_force_and_torque' will be deprecated in a future release. Please use 'permanent_wrench_composer.set_forces_and_torques' instead.[0m
[gravity schedule] step=3800 target_z=-2.2073 actual_z=-2.1962
Agent Steps: 0015M | FPS: 18422.2 | Last FPS: 18793.0 | Collect Time: 14.0 min | Train RL Time: 0.1 min | Mean Rewards: -559.10 | Current Best: -373.66
Agent Steps: 0015M | FPS: 18423.3 | Last FPS: 18967.8 | Collect Time: 14.0 min | Train RL Time: 0.1 min | Mean Rewards: -581.56 | Current Best: -373.66
Agent Steps: 0015M | FPS: 18424.0 | Last FPS: 18775.0 | Collect Time: 14.0 min | Train RL Time: 0.1 min | Mean Rewards: -561.00 | Current Best: -373.66
[33m10:46:51 [rigid_object.py] WARNING: The function 'set_external_force_and_torque' will be deprecated in a future release. Please use 'permanent_wrench_composer.set_forces_and_torques' instead.[0m
Agent Steps: 0015M | FPS: 18424.8 | Last FPS: 18806.2 | Collect Time: 14.1 min | Train RL Time: 0.1 min | Mean Rewards: -543.88 | Current Best: -373.66
Agent Steps: 0015M | FPS: 18426.2 | Last FPS: 19142.4 | Collect Time: 14.1 min | Train RL Time: 0.1 min | Mean Rewards: -563.50 | Current Best: -373.66
Agent Steps: 0015M | FPS: 18426.9 | Last FPS: 18749.3 | Collect Time: 14.1 min | Train RL Time: 0.1 min | Mean Rewards: -540.09 | Current Best: -373.66
[33m10:46:56 [rigid_object.py] WARNING: The function 'set_external_force_and_torque' will be deprecated in a future release. Please use 'permanent_wrench_composer.set_forces_and_torques' instead.[0m
Agent Steps: 0015M | FPS: 18427.7 | Last FPS: 18829.6 | Collect Time: 14.2 min | Train RL Time: 0.1 min | Mean Rewards: -547.77 | Current Best: -373.66
Agent Steps: 0015M | FPS: 18428.7 | Last FPS: 18924.9 | Collect Time: 14.2 min | Train RL Time: 0.1 min | Mean Rewards: -536.84 | Current Best: -373.66
Agent Steps: 0015M | FPS: 18429.3 | Last FPS: 18699.8 | Collect Time: 14.2 min | Train RL Time: 0.1 min | Mean Rewards: -565.72 | Current Best: -373.66
[33m10:47:01 [rigid_object.py] WARNING: The function 'set_external_force_and_torque' will be deprecated in a future release. Please use 'permanent_wrench_composer.set_forces_and_torques' instead.[0m
Agent Steps: 0015M | FPS: 18429.6 | Last FPS: 18612.3 | Collect Time: 14.2 min | Train RL Time: 0.1 min | Mean Rewards: -554.07 | Current Best: -373.66
Agent Steps: 0015M | FPS: 18430.5 | Last FPS: 18860.1 | Collect Time: 14.3 min | Train RL Time: 0.1 min | Mean Rewards: -553.82 | Current Best: -373.66
Agent Steps: 0015M | FPS: 18432.0 | Last FPS: 19164.0 | Collect Time: 14.3 min | Train RL Time: 0.1 min | Mean Rewards: -558.96 | Current Best: -373.66
[33m10:47:07 [rigid_object.py] WARNING: The function 'set_external_force_and_torque' will be deprecated in a future release. Please use 'permanent_wrench_composer.set_forces_and_torques' instead.[0m
Agent Steps: 0015M | FPS: 18432.9 | Last FPS: 18919.1 | Collect Time: 14.3 min | Train RL Time: 0.1 min | Mean Rewards: -570.42 | Current Best: -373.66
Agent Steps: 0016M | FPS: 18433.8 | Last FPS: 18848.8 | Collect Time: 14.4 min | Train RL Time: 0.1 min | Mean Rewards: -578.65 | Current Best: -373.66
Agent Steps: 0016M | FPS: 18434.0 | Last FPS: 18532.4 | Collect Time: 14.4 min | Train RL Time: 0.1 min | Mean Rewards: -583.73 | Current Best: -373.66
[33m10:47:12 [rigid_object.py] WARNING: The function 'set_external_force_and_torque' will be deprecated in a future release. Please use 'permanent_wrench_composer.set_forces_and_torques' instead.[0m
Agent Steps: 0016M | FPS: 18434.5 | Last FPS: 18691.7 | Collect Time: 14.4 min | Train RL Time: 0.1 min | Mean Rewards: -572.91 | Current Best: -373.66
Agent Steps: 0016M | FPS: 18435.0 | Last FPS: 18672.5 | Collect Time: 14.4 min | Train RL Time: 0.1 min | Mean Rewards: -583.03 | Current Best: -373.66
[33m10:47:17 [rigid_object.py] WARNING: The function 'set_external_force_and_torque' will be deprecated in a future release. Please use 'permanent_wrench_composer.set_forces_and_torques' instead.[0m
Agent Steps: 0016M | FPS: 18435.8 | Last FPS: 18876.7 | Collect Time: 14.5 min | Train RL Time: 0.1 min | Mean Rewards: -572.62 | Current Best: -373.66
Agent Steps: 0016M | FPS: 18437.0 | Last FPS: 19039.7 | Collect Time: 14.5 min | Train RL Time: 0.1 min | Mean Rewards: -549.70 | Current Best: -373.66
Agent Steps: 0016M | FPS: 18438.0 | Last FPS: 18932.2 | Collect Time: 14.5 min | Train RL Time: 0.1 min | Mean Rewards: -575.24 | Current Best: -373.66
[33m10:47:22 [rigid_object.py] WARNING: The function 'set_external_force_and_torque' will be deprecated in a future release. Please use 'permanent_wrench_composer.set_forces_and_torques' instead.[0m
Agent Steps: 0016M | FPS: 18439.5 | Last FPS: 19244.1 | Collect Time: 14.6 min | Train RL Time: 0.1 min | Mean Rewards: -597.80 | Current Best: -373.66
Agent Steps: 0016M | FPS: 18440.3 | Last FPS: 18829.8 | Collect Time: 14.6 min | Train RL Time: 0.1 min | Mean Rewards: -577.05 | Current Best: -373.66
Agent Steps: 0016M | FPS: 18441.1 | Last FPS: 18857.3 | Collect Time: 14.6 min | Train RL Time: 0.1 min | Mean Rewards: -546.24 | Current Best: -373.66
[33m10:47:27 [rigid_object.py] WARNING: The function 'set_external_force_and_torque' will be deprecated in a future release. Please use 'permanent_wrench_composer.set_forces_and_torques' instead.[0m
Agent Steps: 0016M | FPS: 18442.1 | Last FPS: 18928.2 | Collect Time: 14.6 min | Train RL Time: 0.1 min | Mean Rewards: -576.74 | Current Best: -373.66
Agent Steps: 0016M | FPS: 18443.2 | Last FPS: 19034.0 | Collect Time: 14.7 min | Train RL Time: 0.1 min | Mean Rewards: -592.41 | Current Best: -373.66
[gravity schedule] step=4000 target_z=-2.4525 actual_z=-2.4500
Agent Steps: 0016M | FPS: 18443.9 | Last FPS: 18788.9 | Collect Time: 14.7 min | Train RL Time: 0.1 min | Mean Rewards: -592.76 | Current Best: -373.66
[33m10:47:32 [rigid_object.py] WARNING: The function 'set_external_force_and_torque' will be deprecated in a future release. Please use 'permanent_wrench_composer.set_forces_and_torques' instead.[0m
Agent Steps: 0016M | FPS: 18444.4 | Last FPS: 18674.5 | Collect Time: 14.7 min | Train RL Time: 0.1 min | Mean Rewards: -573.52 | Current Best: -373.66
Agent Steps: 0016M | FPS: 18445.1 | Last FPS: 18811.6 | Collect Time: 14.8 min | Train RL Time: 0.1 min | Mean Rewards: -565.76 | Current Best: -373.66
Agent Steps: 0016M | FPS: 18446.0 | Last FPS: 18909.7 | Collect Time: 14.8 min | Train RL Time: 0.1 min | Mean Rewards: -570.45 | Current Best: -373.66
[33m10:47:37 [rigid_object.py] WARNING: The function 'set_external_force_and_torque' will be deprecated in a future release. Please use 'permanent_wrench_composer.set_forces_and_torques' instead.[0m
Agent Steps: 0016M | FPS: 18446.5 | Last FPS: 18698.0 | Collect Time: 14.8 min | Train RL Time: 0.1 min | Mean Rewards: -565.91 | Current Best: -373.66
Agent Steps: 0016M | FPS: 18446.6 | Last FPS: 18504.2 | Collect Time: 14.8 min | Train RL Time: 0.1 min | Mean Rewards: -566.24 | Current Best: -373.66
Agent Steps: 0016M | FPS: 18447.1 | Last FPS: 18691.0 | Collect Time: 14.9 min | Train RL Time: 0.1 min | Mean Rewards: -562.19 | Current Best: -373.66
[33m10:47:42 [rigid_object.py] WARNING: The function 'set_external_force_and_torque' will be deprecated in a future release. Please use 'permanent_wrench_composer.set_forces_and_torques' instead.[0m
Agent Steps: 0016M | FPS: 18447.9 | Last FPS: 18868.7 | Collect Time: 14.9 min | Train RL Time: 0.1 min | Mean Rewards: -555.10 | Current Best: -373.66
Agent Steps: 0016M | FPS: 18448.4 | Last FPS: 18740.4 | Collect Time: 14.9 min | Train RL Time: 0.1 min | Mean Rewards: -583.48 | Current Best: -373.66
Agent Steps: 0016M | FPS: 18449.8 | Last FPS: 19155.5 | Collect Time: 15.0 min | Train RL Time: 0.1 min | Mean Rewards: -557.65 | Current Best: -373.66
[33m10:47:47 [rigid_object.py] WARNING: The function 'set_external_force_and_torque' will be deprecated in a future release. Please use 'permanent_wrench_composer.set_forces_and_torques' instead.[0m
Agent Steps: 0016M | FPS: 18450.9 | Last FPS: 19055.8 | Collect Time: 15.0 min | Train RL Time: 0.1 min | Mean Rewards: -570.18 | Current Best: -373.66
Agent Steps: 0016M | FPS: 18452.0 | Last FPS: 19017.8 | Collect Time: 15.0 min | Train RL Time: 0.1 min | Mean Rewards: -587.85 | Current Best: -373.66
Agent Steps: 0016M | FPS: 18452.6 | Last FPS: 18764.9 | Collect Time: 15.0 min | Train RL Time: 0.1 min | Mean Rewards: -564.90 | Current Best: -373.66
[33m10:47:52 [rigid_object.py] WARNING: The function 'set_external_force_and_torque' will be deprecated in a future release. Please use 'permanent_wrench_composer.set_forces_and_torques' instead.[0m
Agent Steps: 0016M | FPS: 18452.8 | Last FPS: 18543.8 | Collect Time: 15.1 min | Train RL Time: 0.1 min | Mean Rewards: -563.83 | Current Best: -373.66
Agent Steps: 0016M | FPS: 18453.7 | Last FPS: 18943.5 | Collect Time: 15.1 min | Train RL Time: 0.1 min | Mean Rewards: -587.88 | Current Best: -373.66
Agent Steps: 0016M | FPS: 18454.2 | Last FPS: 18741.2 | Collect Time: 15.1 min | Train RL Time: 0.1 min | Mean Rewards: -575.14 | Current Best: -373.66
[33m10:47:57 [rigid_object.py] WARNING: The function 'set_external_force_and_torque' will be deprecated in a future release. Please use 'permanent_wrench_composer.set_forces_and_torques' instead.[0m
Agent Steps: 0016M | FPS: 18455.4 | Last FPS: 19095.6 | Collect Time: 15.2 min | Train RL Time: 0.1 min | Mean Rewards: -571.37 | Current Best: -373.66
Agent Steps: 0016M | FPS: 18456.6 | Last FPS: 19067.8 | Collect Time: 15.2 min | Train RL Time: 0.1 min | Mean Rewards: -566.60 | Current Best: -373.66
Agent Steps: 0017M | FPS: 18457.4 | Last FPS: 18890.2 | Collect Time: 15.2 min | Train RL Time: 0.1 min | Mean Rewards: -579.63 | Current Best: -373.66
[33m10:48:03 [rigid_object.py] WARNING: The function 'set_external_force_and_torque' will be deprecated in a future release. Please use 'permanent_wrench_composer.set_forces_and_torques' instead.[0m
Agent Steps: 0017M | FPS: 18458.6 | Last FPS: 19114.8 | Collect Time: 15.2 min | Train RL Time: 0.1 min | Mean Rewards: -598.73 | Current Best: -373.66
Agent Steps: 0017M | FPS: 18459.7 | Last FPS: 19036.5 | Collect Time: 15.3 min | Train RL Time: 0.1 min | Mean Rewards: -591.75 | Current Best: -373.66
Agent Steps: 0017M | FPS: 18460.4 | Last FPS: 18824.4 | Collect Time: 15.3 min | Train RL Time: 0.1 min | Mean Rewards: -574.48 | Current Best: -373.66
[33m10:48:08 [rigid_object.py] WARNING: The function 'set_external_force_and_torque' will be deprecated in a future release. Please use 'permanent_wrench_composer.set_forces_and_torques' instead.[0m
Agent Steps: 0017M | FPS: 18461.1 | Last FPS: 18837.2 | Collect Time: 15.3 min | Train RL Time: 0.1 min | Mean Rewards: -599.84 | Current Best: -373.66
Agent Steps: 0017M | FPS: 18461.5 | Last FPS: 18690.1 | Collect Time: 15.4 min | Train RL Time: 0.1 min | Mean Rewards: -592.09 | Current Best: -373.66
Agent Steps: 0017M | FPS: 18461.9 | Last FPS: 18655.4 | Collect Time: 15.4 min | Train RL Time: 0.1 min | Mean Rewards: -599.59 | Current Best: -373.66
[33m10:48:13 [rigid_object.py] WARNING: The function 'set_external_force_and_torque' will be deprecated in a future release. Please use 'permanent_wrench_composer.set_forces_and_torques' instead.[0m
[gravity schedule] step=4200 target_z=-2.6978 actual_z=-2.6928
Agent Steps: 0017M | FPS: 18462.4 | Last FPS: 18760.2 | Collect Time: 15.4 min | Train RL Time: 0.1 min | Mean Rewards: -573.67 | Current Best: -373.66
Agent Steps: 0017M | FPS: 18463.4 | Last FPS: 18953.8 | Collect Time: 15.4 min | Train RL Time: 0.1 min | Mean Rewards: -617.92 | Current Best: -373.66
Agent Steps: 0017M | FPS: 18464.1 | Last FPS: 18855.5 | Collect Time: 15.5 min | Train RL Time: 0.1 min | Mean Rewards: -588.42 | Current Best: -373.66
[33m10:48:18 [rigid_object.py] WARNING: The function 'set_external_force_and_torque' will be deprecated in a future release. Please use 'permanent_wrench_composer.set_forces_and_torques' instead.[0m
Agent Steps: 0017M | FPS: 18464.5 | Last FPS: 18693.6 | Collect Time: 15.5 min | Train RL Time: 0.1 min | Mean Rewards: -582.16 | Current Best: -373.66
Agent Steps: 0017M | FPS: 18465.4 | Last FPS: 18932.6 | Collect Time: 15.5 min | Train RL Time: 0.1 min | Mean Rewards: -571.61 | Current Best: -373.66
Agent Steps: 0017M | FPS: 18466.1 | Last FPS: 18841.6 | Collect Time: 15.6 min | Train RL Time: 0.1 min | Mean Rewards: -571.20 | Current Best: -373.66
[33m10:48:23 [rigid_object.py] WARNING: The function 'set_external_force_and_torque' will be deprecated in a future release. Please use 'permanent_wrench_composer.set_forces_and_torques' instead.[0m
Agent Steps: 0017M | FPS: 18467.0 | Last FPS: 18991.9 | Collect Time: 15.6 min | Train RL Time: 0.1 min | Mean Rewards: -577.17 | Current Best: -373.66
Agent Steps: 0017M | FPS: 18467.8 | Last FPS: 18864.0 | Collect Time: 15.6 min | Train RL Time: 0.1 min | Mean Rewards: -592.80 | Current Best: -373.66
Agent Steps: 0017M | FPS: 18468.7 | Last FPS: 18960.3 | Collect Time: 15.6 min | Train RL Time: 0.1 min | Mean Rewards: -584.34 | Current Best: -373.66
[33m10:48:28 [rigid_object.py] WARNING: The function 'set_external_force_and_torque' will be deprecated in a future release. Please use 'permanent_wrench_composer.set_forces_and_torques' instead.[0m
Agent Steps: 0017M | FPS: 18469.3 | Last FPS: 18827.9 | Collect Time: 15.7 min | Train RL Time: 0.1 min | Mean Rewards: -580.10 | Current Best: -373.66
Agent Steps: 0017M | FPS: 18469.8 | Last FPS: 18733.9 | Collect Time: 15.7 min | Train RL Time: 0.1 min | Mean Rewards: -562.78 | Current Best: -373.66
Agent Steps: 0017M | FPS: 18470.7 | Last FPS: 18983.3 | Collect Time: 15.7 min | Train RL Time: 0.1 min | Mean Rewards: -580.94 | Current Best: -373.66
[33m10:48:33 [rigid_object.py] WARNING: The function 'set_external_force_and_torque' will be deprecated in a future release. Please use 'permanent_wrench_composer.set_forces_and_torques' instead.[0m
Agent Steps: 0017M | FPS: 18471.2 | Last FPS: 18750.9 | Collect Time: 15.8 min | Train RL Time: 0.1 min | Mean Rewards: -573.11 | Current Best: -373.66
Agent Steps: 0017M | FPS: 18471.6 | Last FPS: 18679.7 | Collect Time: 15.8 min | Train RL Time: 0.1 min | Mean Rewards: -551.47 | Current Best: -373.66
[33m10:48:38 [rigid_object.py] WARNING: The function 'set_external_force_and_torque' will be deprecated in a future release. Please use 'permanent_wrench_composer.set_forces_and_torques' instead.[0m
Agent Steps: 0017M | FPS: 18471.9 | Last FPS: 18604.2 | Collect Time: 15.8 min | Train RL Time: 0.1 min | Mean Rewards: -607.72 | Current Best: -373.66
Agent Steps: 0017M | FPS: 18472.7 | Last FPS: 18910.9 | Collect Time: 15.8 min | Train RL Time: 0.1 min | Mean Rewards: -569.59 | Current Best: -373.66
Agent Steps: 0017M | FPS: 18473.4 | Last FPS: 18891.1 | Collect Time: 15.9 min | Train RL Time: 0.1 min | Mean Rewards: -591.90 | Current Best: -373.66
[33m10:48:43 [rigid_object.py] WARNING: The function 'set_external_force_and_torque' will be deprecated in a future release. Please use 'permanent_wrench_composer.set_forces_and_torques' instead.[0m
Agent Steps: 0017M | FPS: 18473.7 | Last FPS: 18615.8 | Collect Time: 15.9 min | Train RL Time: 0.1 min | Mean Rewards: -564.15 | Current Best: -373.66
Agent Steps: 0017M | FPS: 18474.3 | Last FPS: 18819.0 | Collect Time: 15.9 min | Train RL Time: 0.1 min | Mean Rewards: -580.21 | Current Best: -373.66
Agent Steps: 0017M | FPS: 18474.7 | Last FPS: 18678.1 | Collect Time: 16.0 min | Train RL Time: 0.1 min | Mean Rewards: -574.44 | Current Best: -373.66
[33m10:48:49 [rigid_object.py] WARNING: The function 'set_external_force_and_torque' will be deprecated in a future release. Please use 'permanent_wrench_composer.set_forces_and_torques' instead.[0m
Agent Steps: 0017M | FPS: 18474.9 | Last FPS: 18627.4 | Collect Time: 16.0 min | Train RL Time: 0.1 min | Mean Rewards: -580.25 | Current Best: -373.66
Agent Steps: 0017M | FPS: 18475.3 | Last FPS: 18684.5 | Collect Time: 16.0 min | Train RL Time: 0.1 min | Mean Rewards: -585.25 | Current Best: -373.66
Agent Steps: 0017M | FPS: 18475.6 | Last FPS: 18612.7 | Collect Time: 16.0 min | Train RL Time: 0.1 min | Mean Rewards: -578.95 | Current Best: -373.66
[33m10:48:54 [rigid_object.py] WARNING: The function 'set_external_force_and_torque' will be deprecated in a future release. Please use 'permanent_wrench_composer.set_forces_and_torques' instead.[0m
Agent Steps: 0017M | FPS: 18476.5 | Last FPS: 19012.4 | Collect Time: 16.1 min | Train RL Time: 0.1 min | Mean Rewards: -580.73 | Current Best: -373.66
Agent Steps: 0018M | FPS: 18476.9 | Last FPS: 18690.1 | Collect Time: 16.1 min | Train RL Time: 0.1 min | Mean Rewards: -586.34 | Current Best: -373.66
[gravity schedule] step=4400 target_z=-2.9430 actual_z=-2.9356
Agent Steps: 0018M | FPS: 18477.6 | Last FPS: 18868.6 | Collect Time: 16.1 min | Train RL Time: 0.1 min | Mean Rewards: -557.58 | Current Best: -373.66
[33m10:48:59 [rigid_object.py] WARNING: The function 'set_external_force_and_torque' will be deprecated in a future release. Please use 'permanent_wrench_composer.set_forces_and_torques' instead.[0m
Agent Steps: 0018M | FPS: 18478.2 | Last FPS: 18806.2 | Collect Time: 16.2 min | Train RL Time: 0.1 min | Mean Rewards: -598.49 | Current Best: -373.66
Agent Steps: 0018M | FPS: 18478.4 | Last FPS: 18574.8 | Collect Time: 16.2 min | Train RL Time: 0.1 min | Mean Rewards: -578.72 | Current Best: -373.66
Agent Steps: 0018M | FPS: 18478.6 | Last FPS: 18621.0 | Collect Time: 16.2 min | Train RL Time: 0.1 min | Mean Rewards: -594.26 | Current Best: -373.66
[33m10:49:04 [rigid_object.py] WARNING: The function 'set_external_force_and_torque' will be deprecated in a future release. Please use 'permanent_wrench_composer.set_forces_and_torques' instead.[0m
Agent Steps: 0018M | FPS: 18479.0 | Last FPS: 18693.3 | Collect Time: 16.3 min | Train RL Time: 0.1 min | Mean Rewards: -628.46 | Current Best: -373.66
Agent Steps: 0018M | FPS: 18479.4 | Last FPS: 18723.1 | Collect Time: 16.3 min | Train RL Time: 0.1 min | Mean Rewards: -582.57 | Current Best: -373.66
Agent Steps: 0018M | FPS: 18479.9 | Last FPS: 18770.2 | Collect Time: 16.3 min | Train RL Time: 0.1 min | Mean Rewards: -557.01 | Current Best: -373.66
[33m10:49:09 [rigid_object.py] WARNING: The function 'set_external_force_and_torque' will be deprecated in a future release. Please use 'permanent_wrench_composer.set_forces_and_torques' instead.[0m
Agent Steps: 0018M | FPS: 18480.0 | Last FPS: 18535.3 | Collect Time: 16.3 min | Train RL Time: 0.1 min | Mean Rewards: -604.33 | Current Best: -373.66
Agent Steps: 0018M | FPS: 18480.8 | Last FPS: 18885.8 | Collect Time: 16.4 min | Train RL Time: 0.1 min | Mean Rewards: -570.74 | Current Best: -373.66
Agent Steps: 0018M | FPS: 18480.9 | Last FPS: 18573.0 | Collect Time: 16.4 min | Train RL Time: 0.1 min | Mean Rewards: -603.26 | Current Best: -373.66
[33m10:49:14 [rigid_object.py] WARNING: The function 'set_external_force_and_torque' will be deprecated in a future release. Please use 'permanent_wrench_composer.set_forces_and_torques' instead.[0m
Agent Steps: 0018M | FPS: 18481.6 | Last FPS: 18891.3 | Collect Time: 16.4 min | Train RL Time: 0.1 min | Mean Rewards: -610.83 | Current Best: -373.66
Agent Steps: 0018M | FPS: 18482.1 | Last FPS: 18763.6 | Collect Time: 16.5 min | Train RL Time: 0.1 min | Mean Rewards: -615.42 | Current Best: -373.66
Agent Steps: 0018M | FPS: 18482.6 | Last FPS: 18747.2 | Collect Time: 16.5 min | Train RL Time: 0.1 min | Mean Rewards: -579.48 | Current Best: -373.66
[33m10:49:19 [rigid_object.py] WARNING: The function 'set_external_force_and_torque' will be deprecated in a future release. Please use 'permanent_wrench_composer.set_forces_and_torques' instead.[0m
Agent Steps: 0018M | FPS: 18482.8 | Last FPS: 18575.2 | Collect Time: 16.5 min | Train RL Time: 0.1 min | Mean Rewards: -584.49 | Current Best: -373.66
Agent Steps: 0018M | FPS: 18483.7 | Last FPS: 19019.2 | Collect Time: 16.5 min | Train RL Time: 0.1 min | Mean Rewards: -601.50 | Current Best: -373.66
[33m10:49:24 [rigid_object.py] WARNING: The function 'set_external_force_and_torque' will be deprecated in a future release. Please use 'permanent_wrench_composer.set_forces_and_torques' instead.[0m
Agent Steps: 0018M | FPS: 18483.8 | Last FPS: 18553.8 | Collect Time: 16.6 min | Train RL Time: 0.1 min | Mean Rewards: -588.44 | Current Best: -373.66
Agent Steps: 0018M | FPS: 18484.3 | Last FPS: 18760.5 | Collect Time: 16.6 min | Train RL Time: 0.1 min | Mean Rewards: -573.72 | Current Best: -373.66
Agent Steps: 0018M | FPS: 18484.9 | Last FPS: 18824.2 | Collect Time: 16.6 min | Train RL Time: 0.1 min | Mean Rewards: -575.27 | Current Best: -373.66
[33m10:49:29 [rigid_object.py] WARNING: The function 'set_external_force_and_torque' will be deprecated in a future release. Please use 'permanent_wrench_composer.set_forces_and_torques' instead.[0m
Agent Steps: 0018M | FPS: 18485.3 | Last FPS: 18726.1 | Collect Time: 16.7 min | Train RL Time: 0.1 min | Mean Rewards: -586.34 | Current Best: -373.66
Agent Steps: 0018M | FPS: 18486.0 | Last FPS: 18889.0 | Collect Time: 16.7 min | Train RL Time: 0.1 min | Mean Rewards: -579.24 | Current Best: -373.66
Agent Steps: 0018M | FPS: 18486.5 | Last FPS: 18793.0 | Collect Time: 16.7 min | Train RL Time: 0.1 min | Mean Rewards: -572.36 | Current Best: -373.66
[33m10:49:34 [rigid_object.py] WARNING: The function 'set_external_force_and_torque' will be deprecated in a future release. Please use 'permanent_wrench_composer.set_forces_and_torques' instead.[0m
Agent Steps: 0018M | FPS: 18487.0 | Last FPS: 18760.1 | Collect Time: 16.7 min | Train RL Time: 0.1 min | Mean Rewards: -576.11 | Current Best: -373.66
Agent Steps: 0018M | FPS: 18487.5 | Last FPS: 18805.7 | Collect Time: 16.8 min | Train RL Time: 0.1 min | Mean Rewards: -568.92 | Current Best: -373.66
Agent Steps: 0018M | FPS: 18487.4 | Last FPS: 18419.3 | Collect Time: 16.8 min | Train RL Time: 0.1 min | Mean Rewards: -598.23 | Current Best: -373.66
[33m10:49:39 [rigid_object.py] WARNING: The function 'set_external_force_and_torque' will be deprecated in a future release. Please use 'permanent_wrench_composer.set_forces_and_torques' instead.[0m
Agent Steps: 0018M | FPS: 18488.3 | Last FPS: 19008.1 | Collect Time: 16.8 min | Train RL Time: 0.1 min | Mean Rewards: -600.63 | Current Best: -373.66
[gravity schedule] step=4600 target_z=-3.1883 actual_z=-3.1784
Agent Steps: 0018M | FPS: 18488.5 | Last FPS: 18614.6 | Collect Time: 16.9 min | Train RL Time: 0.1 min | Mean Rewards: -594.95 | Current Best: -373.66
Agent Steps: 0018M | FPS: 18489.2 | Last FPS: 18864.9 | Collect Time: 16.9 min | Train RL Time: 0.1 min | Mean Rewards: -579.75 | Current Best: -373.66
[33m10:49:44 [rigid_object.py] WARNING: The function 'set_external_force_and_torque' will be deprecated in a future release. Please use 'permanent_wrench_composer.set_forces_and_torques' instead.[0m
Agent Steps: 0018M | FPS: 18489.6 | Last FPS: 18777.2 | Collect Time: 16.9 min | Train RL Time: 0.1 min | Mean Rewards: -567.13 | Current Best: -373.66
Agent Steps: 0018M | FPS: 18490.1 | Last FPS: 18743.1 | Collect Time: 16.9 min | Train RL Time: 0.1 min | Mean Rewards: -578.37 | Current Best: -373.66
Agent Steps: 0019M | FPS: 18490.2 | Last FPS: 18569.1 | Collect Time: 17.0 min | Train RL Time: 0.1 min | Mean Rewards: -567.81 | Current Best: -373.66
[33m10:49:49 [rigid_object.py] WARNING: The function 'set_external_force_and_torque' will be deprecated in a future release. Please use 'permanent_wrench_composer.set_forces_and_torques' instead.[0m
Agent Steps: 0019M | FPS: 18490.6 | Last FPS: 18712.4 | Collect Time: 17.0 min | Train RL Time: 0.1 min | Mean Rewards: -570.03 | Current Best: -373.66
Agent Steps: 0019M | FPS: 18491.2 | Last FPS: 18828.6 | Collect Time: 17.0 min | Train RL Time: 0.1 min | Mean Rewards: -596.21 | Current Best: -373.66
Agent Steps: 0019M | FPS: 18491.6 | Last FPS: 18760.9 | Collect Time: 17.1 min | Train RL Time: 0.1 min | Mean Rewards: -556.26 | Current Best: -373.66
[33m10:49:54 [rigid_object.py] WARNING: The function 'set_external_force_and_torque' will be deprecated in a future release. Please use 'permanent_wrench_composer.set_forces_and_torques' instead.[0m
Agent Steps: 0019M | FPS: 18492.0 | Last FPS: 18719.0 | Collect Time: 17.1 min | Train RL Time: 0.1 min | Mean Rewards: -587.63 | Current Best: -373.66
Agent Steps: 0019M | FPS: 18492.6 | Last FPS: 18835.7 | Collect Time: 17.1 min | Train RL Time: 0.1 min | Mean Rewards: -597.36 | Current Best: -373.66
Agent Steps: 0019M | FPS: 18493.4 | Last FPS: 18983.1 | Collect Time: 17.1 min | Train RL Time: 0.1 min | Mean Rewards: -574.67 | Current Best: -373.66
[33m10:49:59 [rigid_object.py] WARNING: The function 'set_external_force_and_torque' will be deprecated in a future release. Please use 'permanent_wrench_composer.set_forces_and_torques' instead.[0m
Agent Steps: 0019M | FPS: 18494.3 | Last FPS: 19012.6 | Collect Time: 17.2 min | Train RL Time: 0.1 min | Mean Rewards: -578.11 | Current Best: -373.66
Agent Steps: 0019M | FPS: 18494.9 | Last FPS: 18892.2 | Collect Time: 17.2 min | Train RL Time: 0.1 min | Mean Rewards: -591.43 | Current Best: -373.66
Agent Steps: 0019M | FPS: 18495.4 | Last FPS: 18790.4 | Collect Time: 17.2 min | Train RL Time: 0.1 min | Mean Rewards: -580.82 | Current Best: -373.66
[33m10:50:04 [rigid_object.py] WARNING: The function 'set_external_force_and_torque' will be deprecated in a future release. Please use 'permanent_wrench_composer.set_forces_and_torques' instead.[0m
Agent Steps: 0019M | FPS: 18495.9 | Last FPS: 18776.0 | Collect Time: 17.3 min | Train RL Time: 0.1 min | Mean Rewards: -609.24 | Current Best: -373.66
Agent Steps: 0019M | FPS: 18496.7 | Last FPS: 18973.4 | Collect Time: 17.3 min | Train RL Time: 0.1 min | Mean Rewards: -587.21 | Current Best: -373.66
Agent Steps: 0019M | FPS: 18497.3 | Last FPS: 18854.9 | Collect Time: 17.3 min | Train RL Time: 0.1 min | Mean Rewards: -606.32 | Current Best: -373.66
[33m10:50:10 [rigid_object.py] WARNING: The function 'set_external_force_and_torque' will be deprecated in a future release. Please use 'permanent_wrench_composer.set_forces_and_torques' instead.[0m
Agent Steps: 0019M | FPS: 18497.7 | Last FPS: 18768.6 | Collect Time: 17.3 min | Train RL Time: 0.1 min | Mean Rewards: -594.27 | Current Best: -373.66
Agent Steps: 0019M | FPS: 18497.8 | Last FPS: 18547.0 | Collect Time: 17.4 min | Train RL Time: 0.1 min | Mean Rewards: -616.72 | Current Best: -373.66
Agent Steps: 0019M | FPS: 18498.3 | Last FPS: 18834.3 | Collect Time: 17.4 min | Train RL Time: 0.1 min | Mean Rewards: -585.87 | Current Best: -373.66
[33m10:50:15 [rigid_object.py] WARNING: The function 'set_external_force_and_torque' will be deprecated in a future release. Please use 'permanent_wrench_composer.set_forces_and_torques' instead.[0m
Agent Steps: 0019M | FPS: 18498.4 | Last FPS: 18555.2 | Collect Time: 17.4 min | Train RL Time: 0.1 min | Mean Rewards: -605.42 | Current Best: -373.66
Agent Steps: 0019M | FPS: 18499.1 | Last FPS: 18930.1 | Collect Time: 17.5 min | Train RL Time: 0.1 min | Mean Rewards: -592.47 | Current Best: -373.66
[33m10:50:20 [rigid_object.py] WARNING: The function 'set_external_force_and_torque' will be deprecated in a future release. Please use 'permanent_wrench_composer.set_forces_and_torques' instead.[0m
Agent Steps: 0019M | FPS: 18499.6 | Last FPS: 18766.4 | Collect Time: 17.5 min | Train RL Time: 0.1 min | Mean Rewards: -583.87 | Current Best: -373.66
Agent Steps: 0019M | FPS: 18499.7 | Last FPS: 18547.8 | Collect Time: 17.5 min | Train RL Time: 0.1 min | Mean Rewards: -612.02 | Current Best: -373.66
Agent Steps: 0019M | FPS: 18499.9 | Last FPS: 18636.6 | Collect Time: 17.6 min | Train RL Time: 0.1 min | Mean Rewards: -619.89 | Current Best: -373.66
[33m10:50:25 [rigid_object.py] WARNING: The function 'set_external_force_and_torque' will be deprecated in a future release. Please use 'permanent_wrench_composer.set_forces_and_torques' instead.[0m
[gravity schedule] step=4800 target_z=-3.4335 actual_z=-3.4323
Agent Steps: 0019M | FPS: 18500.3 | Last FPS: 18765.4 | Collect Time: 17.6 min | Train RL Time: 0.1 min | Mean Rewards: -592.69 | Current Best: -373.66
Agent Steps: 0019M | FPS: 18500.5 | Last FPS: 18619.4 | Collect Time: 17.6 min | Train RL Time: 0.1 min | Mean Rewards: -586.09 | Current Best: -373.66
Agent Steps: 0019M | FPS: 18500.9 | Last FPS: 18730.9 | Collect Time: 17.6 min | Train RL Time: 0.1 min | Mean Rewards: -592.20 | Current Best: -373.66
[33m10:50:30 [rigid_object.py] WARNING: The function 'set_external_force_and_torque' will be deprecated in a future release. Please use 'permanent_wrench_composer.set_forces_and_torques' instead.[0m
Agent Steps: 0019M | FPS: 18501.0 | Last FPS: 18583.7 | Collect Time: 17.7 min | Train RL Time: 0.1 min | Mean Rewards: -584.97 | Current Best: -373.66
Agent Steps: 0019M | FPS: 18501.2 | Last FPS: 18585.4 | Collect Time: 17.7 min | Train RL Time: 0.1 min | Mean Rewards: -579.91 | Current Best: -373.66
Agent Steps: 0019M | FPS: 18501.0 | Last FPS: 18369.3 | Collect Time: 17.7 min | Train RL Time: 0.1 min | Mean Rewards: -613.36 | Current Best: -373.66
[33m10:50:35 [rigid_object.py] WARNING: The function 'set_external_force_and_torque' will be deprecated in a future release. Please use 'permanent_wrench_composer.set_forces_and_torques' instead.[0m
Agent Steps: 0019M | FPS: 18501.1 | Last FPS: 18568.6 | Collect Time: 17.8 min | Train RL Time: 0.1 min | Mean Rewards: -587.51 | Current Best: -373.66
Agent Steps: 0019M | FPS: 18501.5 | Last FPS: 18781.7 | Collect Time: 17.8 min | Train RL Time: 0.1 min | Mean Rewards: -580.80 | Current Best: -373.66
Agent Steps: 0019M | FPS: 18501.8 | Last FPS: 18655.6 | Collect Time: 17.8 min | Train RL Time: 0.1 min | Mean Rewards: -603.35 | Current Best: -373.66
[33m10:50:40 [rigid_object.py] WARNING: The function 'set_external_force_and_torque' will be deprecated in a future release. Please use 'permanent_wrench_composer.set_forces_and_torques' instead.[0m
Agent Steps: 0019M | FPS: 18501.9 | Last FPS: 18557.1 | Collect Time: 17.8 min | Train RL Time: 0.1 min | Mean Rewards: -602.42 | Current Best: -373.66
Agent Steps: 0020M | FPS: 18501.7 | Last FPS: 18405.0 | Collect Time: 17.9 min | Train RL Time: 0.1 min | Mean Rewards: -614.87 | Current Best: -373.66
Agent Steps: 0020M | FPS: 18501.8 | Last FPS: 18536.9 | Collect Time: 17.9 min | Train RL Time: 0.1 min | Mean Rewards: -610.18 | Current Best: -373.66
[33m10:50:45 [rigid_object.py] WARNING: The function 'set_external_force_and_torque' will be deprecated in a future release. Please use 'permanent_wrench_composer.set_forces_and_torques' instead.[0m
Agent Steps: 0020M | FPS: 18501.8 | Last FPS: 18520.3 | Collect Time: 17.9 min | Train RL Time: 0.1 min | Mean Rewards: -602.79 | Current Best: -373.66
Agent Steps: 0020M | FPS: 18501.8 | Last FPS: 18475.8 | Collect Time: 18.0 min | Train RL Time: 0.1 min | Mean Rewards: -591.10 | Current Best: -373.66
Agent Steps: 0020M | FPS: 18502.1 | Last FPS: 18736.9 | Collect Time: 18.0 min | Train RL Time: 0.1 min | Mean Rewards: -585.97 | Current Best: -373.66
[33m10:50:50 [rigid_object.py] WARNING: The function 'set_external_force_and_torque' will be deprecated in a future release. Please use 'permanent_wrench_composer.set_forces_and_torques' instead.[0m
Agent Steps: 0020M | FPS: 18501.9 | Last FPS: 18349.9 | Collect Time: 18.0 min | Train RL Time: 0.1 min | Mean Rewards: -592.33 | Current Best: -373.66
Agent Steps: 0020M | FPS: 18501.9 | Last FPS: 18491.3 | Collect Time: 18.0 min | Train RL Time: 0.1 min | Mean Rewards: -567.56 | Current Best: -373.66
Agent Steps: 0020M | FPS: 18501.8 | Last FPS: 18444.3 | Collect Time: 18.1 min | Train RL Time: 0.1 min | Mean Rewards: -609.61 | Current Best: -373.66
[33m10:50:55 [rigid_object.py] WARNING: The function 'set_external_force_and_torque' will be deprecated in a future release. Please use 'permanent_wrench_composer.set_forces_and_torques' instead.[0m
Agent Steps: 0020M | FPS: 18501.7 | Last FPS: 18487.3 | Collect Time: 18.1 min | Train RL Time: 0.1 min | Mean Rewards: -575.42 | Current Best: -373.66
Agent Steps: 0020M | FPS: 18502.1 | Last FPS: 18719.1 | Collect Time: 18.1 min | Train RL Time: 0.1 min | Mean Rewards: -590.54 | Current Best: -373.66
[33m10:51:00 [rigid_object.py] WARNING: The function 'set_external_force_and_torque' will be deprecated in a future release. Please use 'permanent_wrench_composer.set_forces_and_torques' instead.[0m
Agent Steps: 0020M | FPS: 18502.0 | Last FPS: 18415.9 | Collect Time: 18.2 min | Train RL Time: 0.1 min | Mean Rewards: -584.96 | Current Best: -373.66
Agent Steps: 0020M | FPS: 18501.7 | Last FPS: 18349.5 | Collect Time: 18.2 min | Train RL Time: 0.1 min | Mean Rewards: -606.20 | Current Best: -373.66
Agent Steps: 0020M | FPS: 18501.6 | Last FPS: 18445.2 | Collect Time: 18.2 min | Train RL Time: 0.1 min | Mean Rewards: -588.15 | Current Best: -373.66
[33m10:51:05 [rigid_object.py] WARNING: The function 'set_external_force_and_torque' will be deprecated in a future release. Please use 'permanent_wrench_composer.set_forces_and_torques' instead.[0m
Agent Steps: 0020M | FPS: 18501.3 | Last FPS: 18284.3 | Collect Time: 18.3 min | Train RL Time: 0.1 min | Mean Rewards: -583.77 | Current Best: -373.66
Agent Steps: 0020M | FPS: 18500.8 | Last FPS: 18220.4 | Collect Time: 18.3 min | Train RL Time: 0.1 min | Mean Rewards: -608.95 | Current Best: -373.66
[gravity schedule] step=5000 target_z=-3.6787 actual_z=-3.6751
Agent Steps: 0020M | FPS: 18500.5 | Last FPS: 18295.2 | Collect Time: 18.3 min | Train RL Time: 0.1 min | Mean Rewards: -590.08 | Current Best: -373.66
[33m10:51:10 [rigid_object.py] WARNING: The function 'set_external_force_and_torque' will be deprecated in a future release. Please use 'permanent_wrench_composer.set_forces_and_torques' instead.[0m
Agent Steps: 0020M | FPS: 18500.0 | Last FPS: 18220.0 | Collect Time: 18.3 min | Train RL Time: 0.1 min | Mean Rewards: -573.59 | Current Best: -373.66
Agent Steps: 0020M | FPS: 18499.9 | Last FPS: 18408.6 | Collect Time: 18.4 min | Train RL Time: 0.1 min | Mean Rewards: -577.74 | Current Best: -373.66
Agent Steps: 0020M | FPS: 18499.6 | Last FPS: 18323.0 | Collect Time: 18.4 min | Train RL Time: 0.1 min | Mean Rewards: -589.94 | Current Best: -373.66
[33m10:51:16 [rigid_object.py] WARNING: The function 'set_external_force_and_torque' will be deprecated in a future release. Please use 'permanent_wrench_composer.set_forces_and_torques' instead.[0m
