[INFO][AppLauncher]: Using device: cuda:0
[INFO][AppLauncher]: Loading experience file: /home/lingfeng/playground/sharpa-rl-lab/.pixi/envs/default/lib/python3.11/site-packages/isaaclab/apps/isaaclab.python.headless.kit
[INFO]: Parsing configuration from: rl_isaaclab.tasks.inhand_rotate.xhand_env_cfg:XhandEnvCfg
[INFO]: Parsing configuration from: /home/lingfeng/playground/sharpa-rl-lab/rl_isaaclab/tasks/inhand_rotate/agents/ppo_cfg.yaml
[INFO] Logging experiment in directory: /home/lingfeng/playground/sharpa-rl-lab/logs/debug
Exact experiment name requested from command line: /home/lingfeng/playground/sharpa-rl-lab/logs/debug/2026-04-14_10-51-45

[36m======================================================================================[0m
[36m[1m[INFO][IsaacLab]: Logging to file: /tmp/isaaclab/logs/isaaclab_2026-04-14_10-51-45.log[0m
[36m======================================================================================[0m

[33m10:51:45 [simulation_context.py] WARNING: The `enable_external_forces_every_iteration` parameter in the PhysxCfg is set to False. If you are experiencing noisy velocities, consider enabling this flag. You may need to slightly increase the number of velocity iterations (setting it to 1 or 2 rather than 0), together with this flag, to improve the accuracy of velocity updates.[0m
[INFO]: Base environment:
	Environment device    : cuda:0
	Environment seed      : 42
	Physics step-size     : 0.004166666666666667
	Rendering step-size   : 0.008333333333333333
	Environment step-size : 0.05
[33m10:51:45 [direct_rl_env.py] WARNING: The render interval (2) is smaller than the decimation (12). Multiple render calls will happen for each environment step.If this is not intended, set the render interval to be equal to the decimation.[0m
[33m10:51:46 [prims.py] WARNING: Could not perform 'modify_collision_properties' on any prims under: '/World/envs/env_0/Robot'. This might be because of the following reasons:
	(1) The desired attribute does not exist on any of the prims.
	(2) The desired attribute exists on an instanced prim.
		Discovered list of instanced prim paths: ['/World/envs/env_0/Robot/right_hand_link/visuals', '/World/envs/env_0/Robot/right_hand_link/collisions', '/World/envs/env_0/Robot/right_hand_back_link/visuals', '/World/envs/env_0/Robot/right_hand_back_link/collisions', '/World/envs/env_0/Robot/right_hand_ee_link/visuals', '/World/envs/env_0/Robot/right_hand_ee_link/collisions', '/World/envs/env_0/Robot/right_hand_index_bend_link/visuals', '/World/envs/env_0/Robot/right_hand_index_bend_link/collisions', '/World/envs/env_0/Robot/right_hand_index_rota_link1/visuals', '/World/envs/env_0/Robot/right_hand_index_rota_link1/collisions', '/World/envs/env_0/Robot/right_hand_index_rota_link2/visuals', '/World/envs/env_0/Robot/right_hand_index_rota_link2/collisions', '/World/envs/env_0/Robot/right_hand_index_rota_tip/visuals', '/World/envs/env_0/Robot/right_hand_index_rota_tip/collisions', '/World/envs/env_0/Robot/right_hand_index_rotaback_link2/visuals', '/World/envs/env_0/Robot/right_hand_index_rotaback_link2/collisions', '/World/envs/env_0/Robot/right_hand_index_rotaback_link1/visuals', '/World/envs/env_0/Robot/right_hand_index_rotaback_link1/collisions', '/World/envs/env_0/Robot/right_hand_mid_link1/visuals', '/World/envs/env_0/Robot/right_hand_mid_link1/collisions', '/World/envs/env_0/Robot/right_hand_mid_link2/visuals', '/World/envs/env_0/Robot/right_hand_mid_link2/collisions', '/World/envs/env_0/Robot/right_hand_mid_tip/visuals', '/World/envs/env_0/Robot/right_hand_mid_tip/collisions', '/World/envs/env_0/Robot/right_hand_midback_link2/visuals', '/World/envs/env_0/Robot/right_hand_midback_link2/collisions', '/World/envs/env_0/Robot/right_hand_midback_link1/visuals', '/World/envs/env_0/Robot/right_hand_midback_link1/collisions', '/World/envs/env_0/Robot/right_hand_pinky_link1/visuals', '/World/envs/env_0/Robot/right_hand_pinky_link1/collisions', '/World/envs/env_0/Robot/right_hand_pinky_link2/visuals', '/World/envs/env_0/Robot/right_hand_pinky_link2/collisions', '/World/envs/env_0/Robot/right_hand_pinky_tip/visuals', '/World/envs/env_0/Robot/right_hand_pinky_tip/collisions', '/World/envs/env_0/Robot/right_hand_pinkyback_link2/visuals', '/World/envs/env_0/Robot/right_hand_pinkyback_link2/collisions', '/World/envs/env_0/Robot/right_hand_pinkyback_link1/visuals', '/World/envs/env_0/Robot/right_hand_pinkyback_link1/collisions', '/World/envs/env_0/Robot/right_hand_ring_link1/visuals', '/World/envs/env_0/Robot/right_hand_ring_link1/collisions', '/World/envs/env_0/Robot/right_hand_ring_link2/visuals', '/World/envs/env_0/Robot/right_hand_ring_link2/collisions', '/World/envs/env_0/Robot/right_hand_ring_tip/visuals', '/World/envs/env_0/Robot/right_hand_ring_tip/collisions', '/World/envs/env_0/Robot/right_hand_ringback_link2/visuals', '/World/envs/env_0/Robot/right_hand_ringback_link2/collisions', '/World/envs/env_0/Robot/right_hand_ringback_link1/visuals', '/World/envs/env_0/Robot/right_hand_ringback_link1/collisions', '/World/envs/env_0/Robot/right_hand_thumb_bend_link/visuals', '/World/envs/env_0/Robot/right_hand_thumb_bend_link/collisions', '/World/envs/env_0/Robot/right_hand_thumb_rota_link1/visuals', '/World/envs/env_0/Robot/right_hand_thumb_rota_link1/collisions', '/World/envs/env_0/Robot/right_hand_thumb_rota_link2/visuals', '/World/envs/env_0/Robot/right_hand_thumb_rota_link2/collisions', '/World/envs/env_0/Robot/right_hand_thumb_rota_tip/visuals', '/World/envs/env_0/Robot/right_hand_thumb_rota_tip/collisions', '/World/envs/env_0/Robot/right_hand_thumb_rotaback_link2/visuals', '/World/envs/env_0/Robot/right_hand_thumb_rotaback_link2/collisions', '/World/envs/env_0/Robot/right_hand_thumb_rotaback_link1/visuals', '/World/envs/env_0/Robot/right_hand_thumb_rotaback_link1/collisions'][0m
[33m10:51:59 [interactive_scene.py] WARNING: Collision filtering can only be automatically enabled when replicate_physics=True and using GPU simulation. Please call scene.filter_collisions(global_prim_paths) to filter collisions across environments.[0m
[INFO]: Time taken for scene creation : 13.875290 seconds
[INFO]: Scene manager:  <class InteractiveScene>
	Number of environments: 4096
	Environment spacing   : 0.75
	Source prim name      : /World/envs/env_0
	Global prim paths     : []
	Replicate physics     : False
[INFO]: Starting the simulation. This may take a few seconds. Please wait...
[INFO]: Time taken for simulation start : 18.369127 seconds
[INFO] Event Manager:  <EventManager> contains 1 active terms.
+----------------------------------------+
| Active Event Terms in Mode: 'prestartup' |
+-----------+----------------------------+
|   Index   | Name                       |
+-----------+----------------------------+
|     0     | randomize_scale            |
+-----------+----------------------------+

[INFO]: Completed setting up the environment...
[env init] sim gravity cfg: (0.0, 0.0, -0.05)
[env init] gravity_curriculum: False
[env init] gravity_schedule: [[0, 0.0], [3000, 0.0], [50000, -9.81]]
[env init] reward weights: rot=1.0 linvel=-0.02 pos_diff=-0.02 torque=-0.005 work=-0.02 obj_pos=0.5
RunningMeanStd:  (132,)
RunningMeanStd:  (1,)
[33m10:52:19 [rigid_object.py] WARNING: The function 'set_external_force_and_torque' will be deprecated in a future release. Please use 'permanent_wrench_composer.set_forces_and_torques' instead.[0m
save current best reward: -450.02
Agent Steps: 0000M | FPS: 21691.9 | Last FPS: 10846.0 | Collect Time: 0.0 min | Train RL Time: 0.0 min | Mean Rewards: -450.02 | Current Best: -450.02
Agent Steps: 0000M | FPS: 20401.0 | Last FPS: 18231.0 | Collect Time: 0.1 min | Train RL Time: 0.0 min | Mean Rewards: -479.27 | Current Best: -450.02
[33m10:52:24 [rigid_object.py] WARNING: The function 'set_external_force_and_torque' will be deprecated in a future release. Please use 'permanent_wrench_composer.set_forces_and_torques' instead.[0m
Agent Steps: 0000M | FPS: 19896.5 | Last FPS: 18522.4 | Collect Time: 0.1 min | Train RL Time: 0.0 min | Mean Rewards: -493.42 | Current Best: -450.02
Agent Steps: 0000M | FPS: 19530.9 | Last FPS: 18193.8 | Collect Time: 0.1 min | Train RL Time: 0.0 min | Mean Rewards: -474.35 | Current Best: -450.02
Agent Steps: 0000M | FPS: 19369.1 | Last FPS: 18598.4 | Collect Time: 0.2 min | Train RL Time: 0.0 min | Mean Rewards: -479.10 | Current Best: -450.02
[33m10:52:29 [rigid_object.py] WARNING: The function 'set_external_force_and_torque' will be deprecated in a future release. Please use 'permanent_wrench_composer.set_forces_and_torques' instead.[0m
Agent Steps: 0000M | FPS: 19255.0 | Last FPS: 18597.7 | Collect Time: 0.2 min | Train RL Time: 0.0 min | Mean Rewards: -452.26 | Current Best: -450.02
Agent Steps: 0000M | FPS: 19139.1 | Last FPS: 18365.6 | Collect Time: 0.2 min | Train RL Time: 0.0 min | Mean Rewards: -456.86 | Current Best: -450.02
Agent Steps: 0000M | FPS: 19058.4 | Last FPS: 18436.2 | Collect Time: 0.3 min | Train RL Time: 0.0 min | Mean Rewards: -466.68 | Current Best: -450.02
[33m10:52:34 [rigid_object.py] WARNING: The function 'set_external_force_and_torque' will be deprecated in a future release. Please use 'permanent_wrench_composer.set_forces_and_torques' instead.[0m
Agent Steps: 0000M | FPS: 18980.3 | Last FPS: 18305.7 | Collect Time: 0.3 min | Train RL Time: 0.0 min | Mean Rewards: -456.46 | Current Best: -450.02
Agent Steps: 0000M | FPS: 18925.9 | Last FPS: 18398.6 | Collect Time: 0.3 min | Train RL Time: 0.0 min | Mean Rewards: -455.35 | Current Best: -450.02
[33m10:52:40 [rigid_object.py] WARNING: The function 'set_external_force_and_torque' will be deprecated in a future release. Please use 'permanent_wrench_composer.set_forces_and_torques' instead.[0m
Agent Steps: 0000M | FPS: 18859.0 | Last FPS: 18152.6 | Collect Time: 0.3 min | Train RL Time: 0.0 min | Mean Rewards: -461.33 | Current Best: -450.02
Agent Steps: 0000M | FPS: 18836.0 | Last FPS: 18563.8 | Collect Time: 0.4 min | Train RL Time: 0.0 min | Mean Rewards: -471.95 | Current Best: -450.02
Agent Steps: 0000M | FPS: 18791.7 | Last FPS: 18235.1 | Collect Time: 0.4 min | Train RL Time: 0.0 min | Mean Rewards: -459.17 | Current Best: -450.02
[33m10:52:45 [rigid_object.py] WARNING: The function 'set_external_force_and_torque' will be deprecated in a future release. Please use 'permanent_wrench_composer.set_forces_and_torques' instead.[0m
save current best reward: -446.57
Agent Steps: 0000M | FPS: 18754.8 | Last FPS: 18253.2 | Collect Time: 0.4 min | Train RL Time: 0.0 min | Mean Rewards: -446.57 | Current Best: -446.57
save current best reward: -434.82
Agent Steps: 0000M | FPS: 18735.0 | Last FPS: 18442.4 | Collect Time: 0.5 min | Train RL Time: 0.0 min | Mean Rewards: -434.82 | Current Best: -434.82
Agent Steps: 0000M | FPS: 18703.8 | Last FPS: 18217.7 | Collect Time: 0.5 min | Train RL Time: 0.0 min | Mean Rewards: -449.26 | Current Best: -434.82
[33m10:52:50 [rigid_object.py] WARNING: The function 'set_external_force_and_torque' will be deprecated in a future release. Please use 'permanent_wrench_composer.set_forces_and_torques' instead.[0m
Agent Steps: 0000M | FPS: 18669.9 | Last FPS: 18112.4 | Collect Time: 0.5 min | Train RL Time: 0.0 min | Mean Rewards: -440.33 | Current Best: -434.82
Agent Steps: 0000M | FPS: 18663.7 | Last FPS: 18552.3 | Collect Time: 0.5 min | Train RL Time: 0.0 min | Mean Rewards: -446.18 | Current Best: -434.82
Agent Steps: 0000M | FPS: 18643.0 | Last FPS: 18259.6 | Collect Time: 0.6 min | Train RL Time: 0.0 min | Mean Rewards: -441.82 | Current Best: -434.82
[33m10:52:55 [rigid_object.py] WARNING: The function 'set_external_force_and_torque' will be deprecated in a future release. Please use 'permanent_wrench_composer.set_forces_and_torques' instead.[0m
Agent Steps: 0000M | FPS: 18617.8 | Last FPS: 18127.6 | Collect Time: 0.6 min | Train RL Time: 0.0 min | Mean Rewards: -446.16 | Current Best: -434.82
Agent Steps: 0000M | FPS: 18608.2 | Last FPS: 18407.7 | Collect Time: 0.6 min | Train RL Time: 0.0 min | Mean Rewards: -436.11 | Current Best: -434.82
Agent Steps: 0000M | FPS: 18591.8 | Last FPS: 18238.9 | Collect Time: 0.7 min | Train RL Time: 0.0 min | Mean Rewards: -437.13 | Current Best: -434.82
[33m10:53:00 [rigid_object.py] WARNING: The function 'set_external_force_and_torque' will be deprecated in a future release. Please use 'permanent_wrench_composer.set_forces_and_torques' instead.[0m
Agent Steps: 0000M | FPS: 18579.0 | Last FPS: 18288.9 | Collect Time: 0.7 min | Train RL Time: 0.0 min | Mean Rewards: -435.16 | Current Best: -434.82
save current best reward: -427.07
Agent Steps: 0000M | FPS: 18564.2 | Last FPS: 18217.1 | Collect Time: 0.7 min | Train RL Time: 0.0 min | Mean Rewards: -427.07 | Current Best: -427.07
[gravity schedule] step=200 target_z=0.0000 actual_z=0.0000
Agent Steps: 0000M | FPS: 18557.4 | Last FPS: 18386.9 | Collect Time: 0.8 min | Train RL Time: 0.0 min | Mean Rewards: -441.54 | Current Best: -427.07
[33m10:53:05 [rigid_object.py] WARNING: The function 'set_external_force_and_torque' will be deprecated in a future release. Please use 'permanent_wrench_composer.set_forces_and_torques' instead.[0m
Agent Steps: 0000M | FPS: 18545.8 | Last FPS: 18249.3 | Collect Time: 0.8 min | Train RL Time: 0.0 min | Mean Rewards: -434.72 | Current Best: -427.07
save current best reward: -426.18
Agent Steps: 0000M | FPS: 18536.6 | Last FPS: 18292.6 | Collect Time: 0.8 min | Train RL Time: 0.0 min | Mean Rewards: -426.18 | Current Best: -426.18
save current best reward: -409.47
Agent Steps: 0000M | FPS: 18502.4 | Last FPS: 17592.4 | Collect Time: 0.8 min | Train RL Time: 0.0 min | Mean Rewards: -409.47 | Current Best: -409.47
[33m10:53:10 [rigid_object.py] WARNING: The function 'set_external_force_and_torque' will be deprecated in a future release. Please use 'permanent_wrench_composer.set_forces_and_torques' instead.[0m
Agent Steps: 0000M | FPS: 18486.5 | Last FPS: 18038.5 | Collect Time: 0.9 min | Train RL Time: 0.0 min | Mean Rewards: -425.52 | Current Best: -409.47
Agent Steps: 0001M | FPS: 18473.2 | Last FPS: 18082.9 | Collect Time: 0.9 min | Train RL Time: 0.0 min | Mean Rewards: -421.30 | Current Best: -409.47
[33m10:53:16 [rigid_object.py] WARNING: The function 'set_external_force_and_torque' will be deprecated in a future release. Please use 'permanent_wrench_composer.set_forces_and_torques' instead.[0m
Agent Steps: 0001M | FPS: 18459.1 | Last FPS: 18033.4 | Collect Time: 0.9 min | Train RL Time: 0.0 min | Mean Rewards: -409.92 | Current Best: -409.47
save current best reward: -400.88
Agent Steps: 0001M | FPS: 18447.0 | Last FPS: 18065.4 | Collect Time: 1.0 min | Train RL Time: 0.0 min | Mean Rewards: -400.88 | Current Best: -400.88
Agent Steps: 0001M | FPS: 18431.0 | Last FPS: 17918.9 | Collect Time: 1.0 min | Train RL Time: 0.0 min | Mean Rewards: -420.28 | Current Best: -400.88
[33m10:53:21 [rigid_object.py] WARNING: The function 'set_external_force_and_torque' will be deprecated in a future release. Please use 'permanent_wrench_composer.set_forces_and_torques' instead.[0m
Agent Steps: 0001M | FPS: 18427.2 | Last FPS: 18299.5 | Collect Time: 1.0 min | Train RL Time: 0.0 min | Mean Rewards: -441.62 | Current Best: -400.88
Agent Steps: 0001M | FPS: 18424.5 | Last FPS: 18330.1 | Collect Time: 1.1 min | Train RL Time: 0.0 min | Mean Rewards: -439.54 | Current Best: -400.88
Agent Steps: 0001M | FPS: 18415.8 | Last FPS: 18107.4 | Collect Time: 1.1 min | Train RL Time: 0.0 min | Mean Rewards: -425.43 | Current Best: -400.88
[33m10:53:26 [rigid_object.py] WARNING: The function 'set_external_force_and_torque' will be deprecated in a future release. Please use 'permanent_wrench_composer.set_forces_and_torques' instead.[0m
Agent Steps: 0001M | FPS: 18412.2 | Last FPS: 18281.8 | Collect Time: 1.1 min | Train RL Time: 0.0 min | Mean Rewards: -436.66 | Current Best: -400.88
Agent Steps: 0001M | FPS: 18410.1 | Last FPS: 18328.7 | Collect Time: 1.1 min | Train RL Time: 0.0 min | Mean Rewards: -441.76 | Current Best: -400.88
Agent Steps: 0001M | FPS: 18409.2 | Last FPS: 18377.5 | Collect Time: 1.2 min | Train RL Time: 0.0 min | Mean Rewards: -433.28 | Current Best: -400.88
[33m10:53:31 [rigid_object.py] WARNING: The function 'set_external_force_and_torque' will be deprecated in a future release. Please use 'permanent_wrench_composer.set_forces_and_torques' instead.[0m
Agent Steps: 0001M | FPS: 18405.8 | Last FPS: 18267.5 | Collect Time: 1.2 min | Train RL Time: 0.0 min | Mean Rewards: -417.39 | Current Best: -400.88
Agent Steps: 0001M | FPS: 18398.5 | Last FPS: 18106.6 | Collect Time: 1.2 min | Train RL Time: 0.0 min | Mean Rewards: -416.78 | Current Best: -400.88
Agent Steps: 0001M | FPS: 18384.9 | Last FPS: 17831.7 | Collect Time: 1.3 min | Train RL Time: 0.0 min | Mean Rewards: -439.95 | Current Best: -400.88
[33m10:53:36 [rigid_object.py] WARNING: The function 'set_external_force_and_torque' will be deprecated in a future release. Please use 'permanent_wrench_composer.set_forces_and_torques' instead.[0m
Agent Steps: 0001M | FPS: 18372.8 | Last FPS: 17865.6 | Collect Time: 1.3 min | Train RL Time: 0.0 min | Mean Rewards: -412.24 | Current Best: -400.88
Agent Steps: 0001M | FPS: 18361.4 | Last FPS: 17875.4 | Collect Time: 1.3 min | Train RL Time: 0.0 min | Mean Rewards: -427.58 | Current Best: -400.88
Agent Steps: 0001M | FPS: 18349.0 | Last FPS: 17804.0 | Collect Time: 1.4 min | Train RL Time: 0.0 min | Mean Rewards: -419.80 | Current Best: -400.88
[33m10:53:41 [rigid_object.py] WARNING: The function 'set_external_force_and_torque' will be deprecated in a future release. Please use 'permanent_wrench_composer.set_forces_and_torques' instead.[0m
Agent Steps: 0001M | FPS: 18334.4 | Last FPS: 17688.0 | Collect Time: 1.4 min | Train RL Time: 0.0 min | Mean Rewards: -411.58 | Current Best: -400.88
Agent Steps: 0001M | FPS: 18325.0 | Last FPS: 17892.7 | Collect Time: 1.4 min | Train RL Time: 0.0 min | Mean Rewards: -410.00 | Current Best: -400.88
[33m10:53:46 [rigid_object.py] WARNING: The function 'set_external_force_and_torque' will be deprecated in a future release. Please use 'permanent_wrench_composer.set_forces_and_torques' instead.[0m
Agent Steps: 0001M | FPS: 18318.6 | Last FPS: 18018.7 | Collect Time: 1.4 min | Train RL Time: 0.0 min | Mean Rewards: -401.81 | Current Best: -400.88
Agent Steps: 0001M | FPS: 18311.1 | Last FPS: 17952.8 | Collect Time: 1.5 min | Train RL Time: 0.0 min | Mean Rewards: -414.41 | Current Best: -400.88
[gravity schedule] step=400 target_z=0.0000 actual_z=0.0000
Agent Steps: 0001M | FPS: 18304.9 | Last FPS: 17998.9 | Collect Time: 1.5 min | Train RL Time: 0.0 min | Mean Rewards: -405.84 | Current Best: -400.88
[33m10:53:51 [rigid_object.py] WARNING: The function 'set_external_force_and_torque' will be deprecated in a future release. Please use 'permanent_wrench_composer.set_forces_and_torques' instead.[0m
Agent Steps: 0001M | FPS: 18296.4 | Last FPS: 17873.1 | Collect Time: 1.5 min | Train RL Time: 0.0 min | Mean Rewards: -412.89 | Current Best: -400.88
Agent Steps: 0001M | FPS: 18291.6 | Last FPS: 18043.7 | Collect Time: 1.6 min | Train RL Time: 0.0 min | Mean Rewards: -414.84 | Current Best: -400.88
Agent Steps: 0001M | FPS: 18284.1 | Last FPS: 17894.3 | Collect Time: 1.6 min | Train RL Time: 0.0 min | Mean Rewards: -403.37 | Current Best: -400.88
[33m10:53:56 [rigid_object.py] WARNING: The function 'set_external_force_and_torque' will be deprecated in a future release. Please use 'permanent_wrench_composer.set_forces_and_torques' instead.[0m
save current best reward: -386.96
Agent Steps: 0001M | FPS: 18268.1 | Last FPS: 17446.3 | Collect Time: 1.6 min | Train RL Time: 0.0 min | Mean Rewards: -386.96 | Current Best: -386.96
Agent Steps: 0001M | FPS: 18261.4 | Last FPS: 17901.6 | Collect Time: 1.7 min | Train RL Time: 0.0 min | Mean Rewards: -421.01 | Current Best: -386.96
Agent Steps: 0001M | FPS: 18254.4 | Last FPS: 17866.3 | Collect Time: 1.7 min | Train RL Time: 0.0 min | Mean Rewards: -406.51 | Current Best: -386.96
[33m10:54:02 [rigid_object.py] WARNING: The function 'set_external_force_and_torque' will be deprecated in a future release. Please use 'permanent_wrench_composer.set_forces_and_torques' instead.[0m
Agent Steps: 0001M | FPS: 18246.6 | Last FPS: 17816.1 | Collect Time: 1.7 min | Train RL Time: 0.0 min | Mean Rewards: -419.15 | Current Best: -386.96
Agent Steps: 0001M | FPS: 18236.5 | Last FPS: 17669.8 | Collect Time: 1.7 min | Train RL Time: 0.0 min | Mean Rewards: -405.77 | Current Best: -386.96
[33m10:54:07 [rigid_object.py] WARNING: The function 'set_external_force_and_torque' will be deprecated in a future release. Please use 'permanent_wrench_composer.set_forces_and_torques' instead.[0m
Agent Steps: 0001M | FPS: 18223.4 | Last FPS: 17478.7 | Collect Time: 1.8 min | Train RL Time: 0.0 min | Mean Rewards: -403.47 | Current Best: -386.96
Agent Steps: 0001M | FPS: 18216.9 | Last FPS: 17838.9 | Collect Time: 1.8 min | Train RL Time: 0.0 min | Mean Rewards: -400.15 | Current Best: -386.96
Agent Steps: 0002M | FPS: 18208.3 | Last FPS: 17698.4 | Collect Time: 1.8 min | Train RL Time: 0.0 min | Mean Rewards: -393.05 | Current Best: -386.96
[33m10:54:12 [rigid_object.py] WARNING: The function 'set_external_force_and_torque' will be deprecated in a future release. Please use 'permanent_wrench_composer.set_forces_and_torques' instead.[0m
Agent Steps: 0002M | FPS: 18200.4 | Last FPS: 17722.2 | Collect Time: 1.9 min | Train RL Time: 0.0 min | Mean Rewards: -403.75 | Current Best: -386.96
Agent Steps: 0002M | FPS: 18194.0 | Last FPS: 17799.2 | Collect Time: 1.9 min | Train RL Time: 0.0 min | Mean Rewards: -395.58 | Current Best: -386.96
Agent Steps: 0002M | FPS: 18189.9 | Last FPS: 17931.2 | Collect Time: 1.9 min | Train RL Time: 0.0 min | Mean Rewards: -388.42 | Current Best: -386.96
[33m10:54:17 [rigid_object.py] WARNING: The function 'set_external_force_and_torque' will be deprecated in a future release. Please use 'permanent_wrench_composer.set_forces_and_torques' instead.[0m
Agent Steps: 0002M | FPS: 18183.5 | Last FPS: 17776.3 | Collect Time: 2.0 min | Train RL Time: 0.0 min | Mean Rewards: -406.27 | Current Best: -386.96
Agent Steps: 0002M | FPS: 18180.0 | Last FPS: 17950.6 | Collect Time: 2.0 min | Train RL Time: 0.0 min | Mean Rewards: -405.60 | Current Best: -386.96
Agent Steps: 0002M | FPS: 18173.8 | Last FPS: 17770.8 | Collect Time: 2.0 min | Train RL Time: 0.0 min | Mean Rewards: -408.31 | Current Best: -386.96
[33m10:54:22 [rigid_object.py] WARNING: The function 'set_external_force_and_torque' will be deprecated in a future release. Please use 'permanent_wrench_composer.set_forces_and_torques' instead.[0m
Agent Steps: 0002M | FPS: 18168.4 | Last FPS: 17810.1 | Collect Time: 2.1 min | Train RL Time: 0.0 min | Mean Rewards: -389.45 | Current Best: -386.96
Agent Steps: 0002M | FPS: 18164.2 | Last FPS: 17879.5 | Collect Time: 2.1 min | Train RL Time: 0.0 min | Mean Rewards: -411.10 | Current Best: -386.96
[33m10:54:27 [rigid_object.py] WARNING: The function 'set_external_force_and_torque' will be deprecated in a future release. Please use 'permanent_wrench_composer.set_forces_and_torques' instead.[0m
save current best reward: -386.56
Agent Steps: 0002M | FPS: 18159.3 | Last FPS: 17822.6 | Collect Time: 2.1 min | Train RL Time: 0.0 min | Mean Rewards: -386.56 | Current Best: -386.56
Agent Steps: 0002M | FPS: 18151.8 | Last FPS: 17632.2 | Collect Time: 2.1 min | Train RL Time: 0.0 min | Mean Rewards: -406.27 | Current Best: -386.56
Agent Steps: 0002M | FPS: 18149.6 | Last FPS: 17991.3 | Collect Time: 2.2 min | Train RL Time: 0.0 min | Mean Rewards: -414.05 | Current Best: -386.56
[33m10:54:32 [rigid_object.py] WARNING: The function 'set_external_force_and_torque' will be deprecated in a future release. Please use 'permanent_wrench_composer.set_forces_and_torques' instead.[0m
Agent Steps: 0002M | FPS: 18148.6 | Last FPS: 18076.4 | Collect Time: 2.2 min | Train RL Time: 0.0 min | Mean Rewards: -413.60 | Current Best: -386.56
Agent Steps: 0002M | FPS: 18146.0 | Last FPS: 17960.9 | Collect Time: 2.2 min | Train RL Time: 0.0 min | Mean Rewards: -397.97 | Current Best: -386.56
[gravity schedule] step=600 target_z=0.0000 actual_z=0.0000
Agent Steps: 0002M | FPS: 18143.5 | Last FPS: 17952.5 | Collect Time: 2.3 min | Train RL Time: 0.0 min | Mean Rewards: -413.17 | Current Best: -386.56
[33m10:54:37 [rigid_object.py] WARNING: The function 'set_external_force_and_torque' will be deprecated in a future release. Please use 'permanent_wrench_composer.set_forces_and_torques' instead.[0m
Agent Steps: 0002M | FPS: 18139.2 | Last FPS: 17817.1 | Collect Time: 2.3 min | Train RL Time: 0.0 min | Mean Rewards: -394.84 | Current Best: -386.56
Agent Steps: 0002M | FPS: 18137.3 | Last FPS: 17999.0 | Collect Time: 2.3 min | Train RL Time: 0.0 min | Mean Rewards: -408.16 | Current Best: -386.56
Agent Steps: 0002M | FPS: 18135.7 | Last FPS: 18010.5 | Collect Time: 2.4 min | Train RL Time: 0.0 min | Mean Rewards: -411.53 | Current Best: -386.56
[33m10:54:42 [rigid_object.py] WARNING: The function 'set_external_force_and_torque' will be deprecated in a future release. Please use 'permanent_wrench_composer.set_forces_and_torques' instead.[0m
Agent Steps: 0002M | FPS: 18133.2 | Last FPS: 17934.4 | Collect Time: 2.4 min | Train RL Time: 0.0 min | Mean Rewards: -408.39 | Current Best: -386.56
Agent Steps: 0002M | FPS: 18131.7 | Last FPS: 18015.0 | Collect Time: 2.4 min | Train RL Time: 0.0 min | Mean Rewards: -410.92 | Current Best: -386.56
Agent Steps: 0002M | FPS: 18131.2 | Last FPS: 18087.7 | Collect Time: 2.4 min | Train RL Time: 0.0 min | Mean Rewards: -400.77 | Current Best: -386.56
[33m10:54:47 [rigid_object.py] WARNING: The function 'set_external_force_and_torque' will be deprecated in a future release. Please use 'permanent_wrench_composer.set_forces_and_torques' instead.[0m
Agent Steps: 0002M | FPS: 18128.5 | Last FPS: 17908.9 | Collect Time: 2.5 min | Train RL Time: 0.0 min | Mean Rewards: -403.15 | Current Best: -386.56
Agent Steps: 0002M | FPS: 18126.3 | Last FPS: 17944.4 | Collect Time: 2.5 min | Train RL Time: 0.0 min | Mean Rewards: -420.29 | Current Best: -386.56
[33m10:54:52 [rigid_object.py] WARNING: The function 'set_external_force_and_torque' will be deprecated in a future release. Please use 'permanent_wrench_composer.set_forces_and_torques' instead.[0m
Agent Steps: 0002M | FPS: 18122.3 | Last FPS: 17796.5 | Collect Time: 2.5 min | Train RL Time: 0.0 min | Mean Rewards: -391.24 | Current Best: -386.56
Agent Steps: 0002M | FPS: 18118.1 | Last FPS: 17765.7 | Collect Time: 2.6 min | Train RL Time: 0.0 min | Mean Rewards: -401.88 | Current Best: -386.56
Agent Steps: 0002M | FPS: 18115.0 | Last FPS: 17854.0 | Collect Time: 2.6 min | Train RL Time: 0.0 min | Mean Rewards: -399.46 | Current Best: -386.56
[33m10:54:57 [rigid_object.py] WARNING: The function 'set_external_force_and_torque' will be deprecated in a future release. Please use 'permanent_wrench_composer.set_forces_and_torques' instead.[0m
Agent Steps: 0002M | FPS: 18107.0 | Last FPS: 17437.6 | Collect Time: 2.6 min | Train RL Time: 0.0 min | Mean Rewards: -406.34 | Current Best: -386.56
Agent Steps: 0002M | FPS: 18104.1 | Last FPS: 17849.2 | Collect Time: 2.7 min | Train RL Time: 0.0 min | Mean Rewards: -398.01 | Current Best: -386.56
Agent Steps: 0002M | FPS: 18103.4 | Last FPS: 18046.2 | Collect Time: 2.7 min | Train RL Time: 0.0 min | Mean Rewards: -399.91 | Current Best: -386.56
[33m10:55:02 [rigid_object.py] WARNING: The function 'set_external_force_and_torque' will be deprecated in a future release. Please use 'permanent_wrench_composer.set_forces_and_torques' instead.[0m
Agent Steps: 0002M | FPS: 18102.1 | Last FPS: 17981.8 | Collect Time: 2.7 min | Train RL Time: 0.0 min | Mean Rewards: -389.86 | Current Best: -386.56
Agent Steps: 0003M | FPS: 18099.5 | Last FPS: 17869.4 | Collect Time: 2.7 min | Train RL Time: 0.0 min | Mean Rewards: -405.49 | Current Best: -386.56
Agent Steps: 0003M | FPS: 18098.1 | Last FPS: 17972.2 | Collect Time: 2.8 min | Train RL Time: 0.0 min | Mean Rewards: -413.14 | Current Best: -386.56
[33m10:55:07 [rigid_object.py] WARNING: The function 'set_external_force_and_torque' will be deprecated in a future release. Please use 'permanent_wrench_composer.set_forces_and_torques' instead.[0m
Agent Steps: 0003M | FPS: 18098.3 | Last FPS: 18117.8 | Collect Time: 2.8 min | Train RL Time: 0.0 min | Mean Rewards: -402.16 | Current Best: -386.56
Agent Steps: 0003M | FPS: 18096.5 | Last FPS: 17920.7 | Collect Time: 2.8 min | Train RL Time: 0.0 min | Mean Rewards: -396.04 | Current Best: -386.56
[33m10:55:13 [rigid_object.py] WARNING: The function 'set_external_force_and_torque' will be deprecated in a future release. Please use 'permanent_wrench_composer.set_forces_and_torques' instead.[0m
Agent Steps: 0003M | FPS: 18094.8 | Last FPS: 17935.6 | Collect Time: 2.9 min | Train RL Time: 0.0 min | Mean Rewards: -402.26 | Current Best: -386.56
Agent Steps: 0003M | FPS: 18094.0 | Last FPS: 18024.2 | Collect Time: 2.9 min | Train RL Time: 0.0 min | Mean Rewards: -400.09 | Current Best: -386.56
Agent Steps: 0003M | FPS: 18094.1 | Last FPS: 18102.4 | Collect Time: 2.9 min | Train RL Time: 0.0 min | Mean Rewards: -396.73 | Current Best: -386.56
[33m10:55:18 [rigid_object.py] WARNING: The function 'set_external_force_and_torque' will be deprecated in a future release. Please use 'permanent_wrench_composer.set_forces_and_torques' instead.[0m
Agent Steps: 0003M | FPS: 18097.7 | Last FPS: 18453.4 | Collect Time: 3.0 min | Train RL Time: 0.0 min | Mean Rewards: -403.75 | Current Best: -386.56
Agent Steps: 0003M | FPS: 18095.9 | Last FPS: 17920.7 | Collect Time: 3.0 min | Train RL Time: 0.0 min | Mean Rewards: -392.57 | Current Best: -386.56
[gravity schedule] step=800 target_z=0.0000 actual_z=0.0000
Agent Steps: 0003M | FPS: 18093.5 | Last FPS: 17856.1 | Collect Time: 3.0 min | Train RL Time: 0.0 min | Mean Rewards: -401.98 | Current Best: -386.56
[33m10:55:23 [rigid_object.py] WARNING: The function 'set_external_force_and_torque' will be deprecated in a future release. Please use 'permanent_wrench_composer.set_forces_and_torques' instead.[0m
Agent Steps: 0003M | FPS: 18091.8 | Last FPS: 17925.3 | Collect Time: 3.0 min | Train RL Time: 0.0 min | Mean Rewards: -397.27 | Current Best: -386.56
Agent Steps: 0003M | FPS: 18087.2 | Last FPS: 17625.8 | Collect Time: 3.1 min | Train RL Time: 0.0 min | Mean Rewards: -399.12 | Current Best: -386.56
Agent Steps: 0003M | FPS: 18082.3 | Last FPS: 17596.3 | Collect Time: 3.1 min | Train RL Time: 0.0 min | Mean Rewards: -387.65 | Current Best: -386.56
[33m10:55:28 [rigid_object.py] WARNING: The function 'set_external_force_and_torque' will be deprecated in a future release. Please use 'permanent_wrench_composer.set_forces_and_torques' instead.[0m
Agent Steps: 0003M | FPS: 18081.3 | Last FPS: 17976.4 | Collect Time: 3.1 min | Train RL Time: 0.0 min | Mean Rewards: -393.30 | Current Best: -386.56
Agent Steps: 0003M | FPS: 18079.4 | Last FPS: 17883.5 | Collect Time: 3.2 min | Train RL Time: 0.0 min | Mean Rewards: -399.20 | Current Best: -386.56
save current best reward: -383.99
Agent Steps: 0003M | FPS: 18076.2 | Last FPS: 17741.5 | Collect Time: 3.2 min | Train RL Time: 0.0 min | Mean Rewards: -383.99 | Current Best: -383.99
[33m10:55:33 [rigid_object.py] WARNING: The function 'set_external_force_and_torque' will be deprecated in a future release. Please use 'permanent_wrench_composer.set_forces_and_torques' instead.[0m
Agent Steps: 0003M | FPS: 18073.2 | Last FPS: 17759.4 | Collect Time: 3.2 min | Train RL Time: 0.0 min | Mean Rewards: -390.36 | Current Best: -383.99
save current best reward: -381.95
Agent Steps: 0003M | FPS: 18070.5 | Last FPS: 17778.1 | Collect Time: 3.3 min | Train RL Time: 0.0 min | Mean Rewards: -381.95 | Current Best: -381.95
[33m10:55:38 [rigid_object.py] WARNING: The function 'set_external_force_and_torque' will be deprecated in a future release. Please use 'permanent_wrench_composer.set_forces_and_torques' instead.[0m
save current best reward: -380.78
Agent Steps: 0003M | FPS: 18066.3 | Last FPS: 17624.1 | Collect Time: 3.3 min | Train RL Time: 0.0 min | Mean Rewards: -380.78 | Current Best: -380.78
Agent Steps: 0003M | FPS: 18065.8 | Last FPS: 18005.1 | Collect Time: 3.3 min | Train RL Time: 0.0 min | Mean Rewards: -391.52 | Current Best: -380.78
Agent Steps: 0003M | FPS: 18062.0 | Last FPS: 17654.9 | Collect Time: 3.4 min | Train RL Time: 0.0 min | Mean Rewards: -388.23 | Current Best: -380.78
[33m10:55:43 [rigid_object.py] WARNING: The function 'set_external_force_and_torque' will be deprecated in a future release. Please use 'permanent_wrench_composer.set_forces_and_torques' instead.[0m
Agent Steps: 0003M | FPS: 18057.8 | Last FPS: 17600.6 | Collect Time: 3.4 min | Train RL Time: 0.0 min | Mean Rewards: -393.36 | Current Best: -380.78
Agent Steps: 0003M | FPS: 18056.2 | Last FPS: 17874.2 | Collect Time: 3.4 min | Train RL Time: 0.0 min | Mean Rewards: -395.40 | Current Best: -380.78
Agent Steps: 0003M | FPS: 18054.7 | Last FPS: 17883.1 | Collect Time: 3.4 min | Train RL Time: 0.0 min | Mean Rewards: -396.15 | Current Best: -380.78
[33m10:55:48 [rigid_object.py] WARNING: The function 'set_external_force_and_torque' will be deprecated in a future release. Please use 'permanent_wrench_composer.set_forces_and_torques' instead.[0m
Agent Steps: 0003M | FPS: 18052.2 | Last FPS: 17769.0 | Collect Time: 3.5 min | Train RL Time: 0.0 min | Mean Rewards: -394.49 | Current Best: -380.78
Agent Steps: 0003M | FPS: 18052.1 | Last FPS: 18039.3 | Collect Time: 3.5 min | Train RL Time: 0.0 min | Mean Rewards: -388.15 | Current Best: -380.78
Agent Steps: 0003M | FPS: 18049.9 | Last FPS: 17806.2 | Collect Time: 3.5 min | Train RL Time: 0.0 min | Mean Rewards: -391.40 | Current Best: -380.78
[33m10:55:53 [rigid_object.py] WARNING: The function 'set_external_force_and_torque' will be deprecated in a future release. Please use 'permanent_wrench_composer.set_forces_and_torques' instead.[0m
Agent Steps: 0003M | FPS: 18048.7 | Last FPS: 17901.2 | Collect Time: 3.6 min | Train RL Time: 0.0 min | Mean Rewards: -401.73 | Current Best: -380.78
save current best reward: -377.65
Agent Steps: 0003M | FPS: 18048.5 | Last FPS: 18032.3 | Collect Time: 3.6 min | Train RL Time: 0.0 min | Mean Rewards: -377.65 | Current Best: -377.65
[33m10:55:58 [rigid_object.py] WARNING: The function 'set_external_force_and_torque' will be deprecated in a future release. Please use 'permanent_wrench_composer.set_forces_and_torques' instead.[0m
Agent Steps: 0003M | FPS: 18047.6 | Last FPS: 17936.3 | Collect Time: 3.6 min | Train RL Time: 0.0 min | Mean Rewards: -380.18 | Current Best: -377.65
Agent Steps: 0003M | FPS: 18046.4 | Last FPS: 17905.8 | Collect Time: 3.7 min | Train RL Time: 0.0 min | Mean Rewards: -399.18 | Current Best: -377.65
Agent Steps: 0004M | FPS: 18043.0 | Last FPS: 17632.4 | Collect Time: 3.7 min | Train RL Time: 0.0 min | Mean Rewards: -395.56 | Current Best: -377.65
[33m10:56:03 [rigid_object.py] WARNING: The function 'set_external_force_and_torque' will be deprecated in a future release. Please use 'permanent_wrench_composer.set_forces_and_torques' instead.[0m
Agent Steps: 0004M | FPS: 18040.2 | Last FPS: 17703.9 | Collect Time: 3.7 min | Train RL Time: 0.0 min | Mean Rewards: -395.60 | Current Best: -377.65
save current best reward: -376.29
Agent Steps: 0004M | FPS: 18038.2 | Last FPS: 17797.4 | Collect Time: 3.7 min | Train RL Time: 0.0 min | Mean Rewards: -376.29 | Current Best: -376.29
[gravity schedule] step=1000 target_z=0.0000 actual_z=0.0000
Agent Steps: 0004M | FPS: 18038.5 | Last FPS: 18064.8 | Collect Time: 3.8 min | Train RL Time: 0.0 min | Mean Rewards: -385.43 | Current Best: -376.29
[33m10:56:08 [rigid_object.py] WARNING: The function 'set_external_force_and_torque' will be deprecated in a future release. Please use 'permanent_wrench_composer.set_forces_and_torques' instead.[0m
Agent Steps: 0004M | FPS: 18037.5 | Last FPS: 17920.7 | Collect Time: 3.8 min | Train RL Time: 0.0 min | Mean Rewards: -386.51 | Current Best: -376.29
Agent Steps: 0004M | FPS: 18033.1 | Last FPS: 17485.8 | Collect Time: 3.8 min | Train RL Time: 0.0 min | Mean Rewards: -381.02 | Current Best: -376.29
Agent Steps: 0004M | FPS: 18033.2 | Last FPS: 18044.6 | Collect Time: 3.9 min | Train RL Time: 0.0 min | Mean Rewards: -387.09 | Current Best: -376.29
[33m10:56:13 [rigid_object.py] WARNING: The function 'set_external_force_and_torque' will be deprecated in a future release. Please use 'permanent_wrench_composer.set_forces_and_torques' instead.[0m
Agent Steps: 0004M | FPS: 18031.3 | Last FPS: 17788.5 | Collect Time: 3.9 min | Train RL Time: 0.0 min | Mean Rewards: -390.80 | Current Best: -376.29
Agent Steps: 0004M | FPS: 18029.5 | Last FPS: 17806.6 | Collect Time: 3.9 min | Train RL Time: 0.0 min | Mean Rewards: -392.69 | Current Best: -376.29
[33m10:56:18 [rigid_object.py] WARNING: The function 'set_external_force_and_torque' will be deprecated in a future release. Please use 'permanent_wrench_composer.set_forces_and_torques' instead.[0m
Agent Steps: 0004M | FPS: 18027.4 | Last FPS: 17750.6 | Collect Time: 4.0 min | Train RL Time: 0.0 min | Mean Rewards: -388.39 | Current Best: -376.29
Agent Steps: 0004M | FPS: 18024.9 | Last FPS: 17709.5 | Collect Time: 4.0 min | Train RL Time: 0.0 min | Mean Rewards: -382.83 | Current Best: -376.29
Agent Steps: 0004M | FPS: 18024.2 | Last FPS: 17926.0 | Collect Time: 4.0 min | Train RL Time: 0.0 min | Mean Rewards: -403.24 | Current Best: -376.29
[33m10:56:23 [rigid_object.py] WARNING: The function 'set_external_force_and_torque' will be deprecated in a future release. Please use 'permanent_wrench_composer.set_forces_and_torques' instead.[0m
Agent Steps: 0004M | FPS: 18022.4 | Last FPS: 17790.1 | Collect Time: 4.1 min | Train RL Time: 0.0 min | Mean Rewards: -397.02 | Current Best: -376.29
Agent Steps: 0004M | FPS: 18021.2 | Last FPS: 17855.5 | Collect Time: 4.1 min | Train RL Time: 0.0 min | Mean Rewards: -404.87 | Current Best: -376.29
Agent Steps: 0004M | FPS: 18019.7 | Last FPS: 17815.2 | Collect Time: 4.1 min | Train RL Time: 0.0 min | Mean Rewards: -393.83 | Current Best: -376.29
[33m10:56:29 [rigid_object.py] WARNING: The function 'set_external_force_and_torque' will be deprecated in a future release. Please use 'permanent_wrench_composer.set_forces_and_torques' instead.[0m
Agent Steps: 0004M | FPS: 18018.7 | Last FPS: 17888.7 | Collect Time: 4.1 min | Train RL Time: 0.0 min | Mean Rewards: -393.22 | Current Best: -376.29
Agent Steps: 0004M | FPS: 18017.2 | Last FPS: 17802.3 | Collect Time: 4.2 min | Train RL Time: 0.0 min | Mean Rewards: -392.56 | Current Best: -376.29
Agent Steps: 0004M | FPS: 18017.4 | Last FPS: 18056.6 | Collect Time: 4.2 min | Train RL Time: 0.0 min | Mean Rewards: -382.39 | Current Best: -376.29
[33m10:56:34 [rigid_object.py] WARNING: The function 'set_external_force_and_torque' will be deprecated in a future release. Please use 'permanent_wrench_composer.set_forces_and_torques' instead.[0m
Agent Steps: 0004M | FPS: 18016.2 | Last FPS: 17845.3 | Collect Time: 4.2 min | Train RL Time: 0.0 min | Mean Rewards: -426.81 | Current Best: -376.29
Agent Steps: 0004M | FPS: 18016.2 | Last FPS: 18015.6 | Collect Time: 4.3 min | Train RL Time: 0.0 min | Mean Rewards: -400.72 | Current Best: -376.29
[33m10:56:39 [rigid_object.py] WARNING: The function 'set_external_force_and_torque' will be deprecated in a future release. Please use 'permanent_wrench_composer.set_forces_and_torques' instead.[0m
Agent Steps: 0004M | FPS: 18017.4 | Last FPS: 18190.5 | Collect Time: 4.3 min | Train RL Time: 0.0 min | Mean Rewards: -400.93 | Current Best: -376.29
Agent Steps: 0004M | FPS: 18017.2 | Last FPS: 17987.7 | Collect Time: 4.3 min | Train RL Time: 0.0 min | Mean Rewards: -390.61 | Current Best: -376.29
Agent Steps: 0004M | FPS: 18018.2 | Last FPS: 18161.3 | Collect Time: 4.4 min | Train RL Time: 0.0 min | Mean Rewards: -391.34 | Current Best: -376.29
[33m10:56:44 [rigid_object.py] WARNING: The function 'set_external_force_and_torque' will be deprecated in a future release. Please use 'permanent_wrench_composer.set_forces_and_torques' instead.[0m
Agent Steps: 0004M | FPS: 18019.8 | Last FPS: 18263.8 | Collect Time: 4.4 min | Train RL Time: 0.0 min | Mean Rewards: -415.29 | Current Best: -376.29
Agent Steps: 0004M | FPS: 18019.9 | Last FPS: 18025.1 | Collect Time: 4.4 min | Train RL Time: 0.0 min | Mean Rewards: -390.65 | Current Best: -376.29
Agent Steps: 0004M | FPS: 18023.2 | Last FPS: 18531.8 | Collect Time: 4.4 min | Train RL Time: 0.0 min | Mean Rewards: -403.40 | Current Best: -376.29
[33m10:56:49 [rigid_object.py] WARNING: The function 'set_external_force_and_torque' will be deprecated in a future release. Please use 'permanent_wrench_composer.set_forces_and_torques' instead.[0m
Agent Steps: 0004M | FPS: 18023.8 | Last FPS: 18113.7 | Collect Time: 4.5 min | Train RL Time: 0.0 min | Mean Rewards: -407.64 | Current Best: -376.29
Agent Steps: 0004M | FPS: 18024.8 | Last FPS: 18168.5 | Collect Time: 4.5 min | Train RL Time: 0.0 min | Mean Rewards: -415.75 | Current Best: -376.29
[gravity schedule] step=1200 target_z=0.0000 actual_z=0.0000
Agent Steps: 0004M | FPS: 18023.5 | Last FPS: 17828.2 | Collect Time: 4.5 min | Train RL Time: 0.0 min | Mean Rewards: -399.20 | Current Best: -376.29
[33m10:56:54 [rigid_object.py] WARNING: The function 'set_external_force_and_torque' will be deprecated in a future release. Please use 'permanent_wrench_composer.set_forces_and_torques' instead.[0m
Agent Steps: 0004M | FPS: 18023.8 | Last FPS: 18069.8 | Collect Time: 4.6 min | Train RL Time: 0.0 min | Mean Rewards: -402.83 | Current Best: -376.29
Agent Steps: 0005M | FPS: 18023.0 | Last FPS: 17904.8 | Collect Time: 4.6 min | Train RL Time: 0.0 min | Mean Rewards: -396.80 | Current Best: -376.29
Agent Steps: 0005M | FPS: 18024.3 | Last FPS: 18227.7 | Collect Time: 4.6 min | Train RL Time: 0.0 min | Mean Rewards: -408.78 | Current Best: -376.29
[33m10:57:00 [rigid_object.py] WARNING: The function 'set_external_force_and_torque' will be deprecated in a future release. Please use 'permanent_wrench_composer.set_forces_and_torques' instead.[0m
Agent Steps: 0005M | FPS: 18025.0 | Last FPS: 18126.6 | Collect Time: 4.7 min | Train RL Time: 0.0 min | Mean Rewards: -406.80 | Current Best: -376.29
Agent Steps: 0005M | FPS: 18025.6 | Last FPS: 18122.7 | Collect Time: 4.7 min | Train RL Time: 0.0 min | Mean Rewards: -399.45 | Current Best: -376.29
Agent Steps: 0005M | FPS: 18025.4 | Last FPS: 17998.2 | Collect Time: 4.7 min | Train RL Time: 0.0 min | Mean Rewards: -399.55 | Current Best: -376.29
[33m10:57:05 [rigid_object.py] WARNING: The function 'set_external_force_and_torque' will be deprecated in a future release. Please use 'permanent_wrench_composer.set_forces_and_torques' instead.[0m
Agent Steps: 0005M | FPS: 18024.6 | Last FPS: 17898.3 | Collect Time: 4.7 min | Train RL Time: 0.0 min | Mean Rewards: -394.14 | Current Best: -376.29
Agent Steps: 0005M | FPS: 18025.5 | Last FPS: 18167.8 | Collect Time: 4.8 min | Train RL Time: 0.0 min | Mean Rewards: -414.19 | Current Best: -376.29
Agent Steps: 0005M | FPS: 18026.6 | Last FPS: 18197.0 | Collect Time: 4.8 min | Train RL Time: 0.0 min | Mean Rewards: -392.95 | Current Best: -376.29
[33m10:57:10 [rigid_object.py] WARNING: The function 'set_external_force_and_torque' will be deprecated in a future release. Please use 'permanent_wrench_composer.set_forces_and_torques' instead.[0m
Agent Steps: 0005M | FPS: 18024.1 | Last FPS: 17643.8 | Collect Time: 4.8 min | Train RL Time: 0.0 min | Mean Rewards: -392.18 | Current Best: -376.29
Agent Steps: 0005M | FPS: 18023.8 | Last FPS: 17961.8 | Collect Time: 4.9 min | Train RL Time: 0.0 min | Mean Rewards: -401.44 | Current Best: -376.29
[33m10:57:15 [rigid_object.py] WARNING: The function 'set_external_force_and_torque' will be deprecated in a future release. Please use 'permanent_wrench_composer.set_forces_and_torques' instead.[0m
Agent Steps: 0005M | FPS: 18022.9 | Last FPS: 17887.9 | Collect Time: 4.9 min | Train RL Time: 0.0 min | Mean Rewards: -404.51 | Current Best: -376.29
Agent Steps: 0005M | FPS: 18023.1 | Last FPS: 18053.5 | Collect Time: 4.9 min | Train RL Time: 0.0 min | Mean Rewards: -386.24 | Current Best: -376.29
Agent Steps: 0005M | FPS: 18021.8 | Last FPS: 17810.5 | Collect Time: 5.0 min | Train RL Time: 0.0 min | Mean Rewards: -403.66 | Current Best: -376.29
[33m10:57:20 [rigid_object.py] WARNING: The function 'set_external_force_and_torque' will be deprecated in a future release. Please use 'permanent_wrench_composer.set_forces_and_torques' instead.[0m
Agent Steps: 0005M | FPS: 18021.8 | Last FPS: 18013.8 | Collect Time: 5.0 min | Train RL Time: 0.0 min | Mean Rewards: -403.37 | Current Best: -376.29
Agent Steps: 0005M | FPS: 18019.3 | Last FPS: 17625.6 | Collect Time: 5.0 min | Train RL Time: 0.0 min | Mean Rewards: -402.47 | Current Best: -376.29
Agent Steps: 0005M | FPS: 18019.5 | Last FPS: 18047.0 | Collect Time: 5.0 min | Train RL Time: 0.0 min | Mean Rewards: -393.29 | Current Best: -376.29
[33m10:57:25 [rigid_object.py] WARNING: The function 'set_external_force_and_torque' will be deprecated in a future release. Please use 'permanent_wrench_composer.set_forces_and_torques' instead.[0m
Agent Steps: 0005M | FPS: 18018.5 | Last FPS: 17847.1 | Collect Time: 5.1 min | Train RL Time: 0.0 min | Mean Rewards: -417.92 | Current Best: -376.29
Agent Steps: 0005M | FPS: 18018.9 | Last FPS: 18097.2 | Collect Time: 5.1 min | Train RL Time: 0.0 min | Mean Rewards: -403.33 | Current Best: -376.29
Agent Steps: 0005M | FPS: 18019.8 | Last FPS: 18165.8 | Collect Time: 5.1 min | Train RL Time: 0.0 min | Mean Rewards: -404.35 | Current Best: -376.29
[33m10:57:30 [rigid_object.py] WARNING: The function 'set_external_force_and_torque' will be deprecated in a future release. Please use 'permanent_wrench_composer.set_forces_and_torques' instead.[0m
Agent Steps: 0005M | FPS: 18020.3 | Last FPS: 18111.1 | Collect Time: 5.2 min | Train RL Time: 0.0 min | Mean Rewards: -388.49 | Current Best: -376.29
Agent Steps: 0005M | FPS: 18020.8 | Last FPS: 18099.0 | Collect Time: 5.2 min | Train RL Time: 0.0 min | Mean Rewards: -399.15 | Current Best: -376.29
Agent Steps: 0005M | FPS: 18021.9 | Last FPS: 18228.5 | Collect Time: 5.2 min | Train RL Time: 0.0 min | Mean Rewards: -385.72 | Current Best: -376.29
[33m10:57:36 [rigid_object.py] WARNING: The function 'set_external_force_and_torque' will be deprecated in a future release. Please use 'permanent_wrench_composer.set_forces_and_torques' instead.[0m
Agent Steps: 0005M | FPS: 18021.3 | Last FPS: 17904.8 | Collect Time: 5.3 min | Train RL Time: 0.0 min | Mean Rewards: -411.27 | Current Best: -376.29
[gravity schedule] step=1400 target_z=0.0000 actual_z=0.0000
Agent Steps: 0005M | FPS: 18021.9 | Last FPS: 18135.3 | Collect Time: 5.3 min | Train RL Time: 0.0 min | Mean Rewards: -391.57 | Current Best: -376.29
Agent Steps: 0005M | FPS: 18023.6 | Last FPS: 18332.7 | Collect Time: 5.3 min | Train RL Time: 0.0 min | Mean Rewards: -380.74 | Current Best: -376.29
[33m10:57:41 [rigid_object.py] WARNING: The function 'set_external_force_and_torque' will be deprecated in a future release. Please use 'permanent_wrench_composer.set_forces_and_torques' instead.[0m
Agent Steps: 0005M | FPS: 18023.6 | Last FPS: 18015.9 | Collect Time: 5.3 min | Train RL Time: 0.0 min | Mean Rewards: -393.93 | Current Best: -376.29
Agent Steps: 0005M | FPS: 18024.2 | Last FPS: 18132.7 | Collect Time: 5.4 min | Train RL Time: 0.0 min | Mean Rewards: -407.00 | Current Best: -376.29
[33m10:57:46 [rigid_object.py] WARNING: The function 'set_external_force_and_torque' will be deprecated in a future release. Please use 'permanent_wrench_composer.set_forces_and_torques' instead.[0m
Agent Steps: 0005M | FPS: 18025.2 | Last FPS: 18214.2 | Collect Time: 5.4 min | Train RL Time: 0.0 min | Mean Rewards: -401.34 | Current Best: -376.29
Agent Steps: 0005M | FPS: 18025.1 | Last FPS: 17991.9 | Collect Time: 5.4 min | Train RL Time: 0.0 min | Mean Rewards: -394.27 | Current Best: -376.29
Agent Steps: 0005M | FPS: 18024.4 | Last FPS: 17904.2 | Collect Time: 5.5 min | Train RL Time: 0.0 min | Mean Rewards: -394.71 | Current Best: -376.29
[33m10:57:51 [rigid_object.py] WARNING: The function 'set_external_force_and_torque' will be deprecated in a future release. Please use 'permanent_wrench_composer.set_forces_and_torques' instead.[0m
Agent Steps: 0005M | FPS: 18025.2 | Last FPS: 18183.9 | Collect Time: 5.5 min | Train RL Time: 0.0 min | Mean Rewards: -403.48 | Current Best: -376.29
Agent Steps: 0006M | FPS: 18024.1 | Last FPS: 17815.6 | Collect Time: 5.5 min | Train RL Time: 0.0 min | Mean Rewards: -397.02 | Current Best: -376.29
Agent Steps: 0006M | FPS: 18024.9 | Last FPS: 18182.7 | Collect Time: 5.6 min | Train RL Time: 0.0 min | Mean Rewards: -402.13 | Current Best: -376.29
[33m10:57:56 [rigid_object.py] WARNING: The function 'set_external_force_and_torque' will be deprecated in a future release. Please use 'permanent_wrench_composer.set_forces_and_torques' instead.[0m
Agent Steps: 0006M | FPS: 18022.0 | Last FPS: 17495.9 | Collect Time: 5.6 min | Train RL Time: 0.0 min | Mean Rewards: -387.84 | Current Best: -376.29
Agent Steps: 0006M | FPS: 18022.4 | Last FPS: 18093.8 | Collect Time: 5.6 min | Train RL Time: 0.0 min | Mean Rewards: -403.14 | Current Best: -376.29
Agent Steps: 0006M | FPS: 18021.9 | Last FPS: 17928.8 | Collect Time: 5.6 min | Train RL Time: 0.0 min | Mean Rewards: -393.97 | Current Best: -376.29
[33m10:58:01 [rigid_object.py] WARNING: The function 'set_external_force_and_torque' will be deprecated in a future release. Please use 'permanent_wrench_composer.set_forces_and_torques' instead.[0m
Agent Steps: 0006M | FPS: 18022.2 | Last FPS: 18087.1 | Collect Time: 5.7 min | Train RL Time: 0.0 min | Mean Rewards: -380.09 | Current Best: -376.29
Agent Steps: 0006M | FPS: 18022.1 | Last FPS: 18003.7 | Collect Time: 5.7 min | Train RL Time: 0.0 min | Mean Rewards: -398.12 | Current Best: -376.29
Agent Steps: 0006M | FPS: 18021.9 | Last FPS: 17983.9 | Collect Time: 5.7 min | Train RL Time: 0.0 min | Mean Rewards: -382.94 | Current Best: -376.29
[33m10:58:06 [rigid_object.py] WARNING: The function 'set_external_force_and_torque' will be deprecated in a future release. Please use 'permanent_wrench_composer.set_forces_and_torques' instead.[0m
Agent Steps: 0006M | FPS: 18021.8 | Last FPS: 18003.0 | Collect Time: 5.8 min | Train RL Time: 0.0 min | Mean Rewards: -416.83 | Current Best: -376.29
Agent Steps: 0006M | FPS: 18021.3 | Last FPS: 17923.4 | Collect Time: 5.8 min | Train RL Time: 0.0 min | Mean Rewards: -390.94 | Current Best: -376.29
[33m10:58:11 [rigid_object.py] WARNING: The function 'set_external_force_and_torque' will be deprecated in a future release. Please use 'permanent_wrench_composer.set_forces_and_torques' instead.[0m
Agent Steps: 0006M | FPS: 18020.1 | Last FPS: 17777.1 | Collect Time: 5.8 min | Train RL Time: 0.0 min | Mean Rewards: -397.85 | Current Best: -376.29
Agent Steps: 0006M | FPS: 18019.9 | Last FPS: 17994.4 | Collect Time: 5.9 min | Train RL Time: 0.0 min | Mean Rewards: -384.50 | Current Best: -376.29
Agent Steps: 0006M | FPS: 18017.8 | Last FPS: 17614.0 | Collect Time: 5.9 min | Train RL Time: 0.0 min | Mean Rewards: -386.24 | Current Best: -376.29
[33m10:58:16 [rigid_object.py] WARNING: The function 'set_external_force_and_torque' will be deprecated in a future release. Please use 'permanent_wrench_composer.set_forces_and_torques' instead.[0m
Agent Steps: 0006M | FPS: 18018.6 | Last FPS: 18169.4 | Collect Time: 5.9 min | Train RL Time: 0.0 min | Mean Rewards: -412.71 | Current Best: -376.29
Agent Steps: 0006M | FPS: 18020.3 | Last FPS: 18370.1 | Collect Time: 5.9 min | Train RL Time: 0.0 min | Mean Rewards: -390.57 | Current Best: -376.29
Agent Steps: 0006M | FPS: 18019.4 | Last FPS: 17844.0 | Collect Time: 6.0 min | Train RL Time: 0.0 min | Mean Rewards: -400.26 | Current Best: -376.29
[33m10:58:22 [rigid_object.py] WARNING: The function 'set_external_force_and_torque' will be deprecated in a future release. Please use 'permanent_wrench_composer.set_forces_and_torques' instead.[0m
Agent Steps: 0006M | FPS: 18018.4 | Last FPS: 17826.9 | Collect Time: 6.0 min | Train RL Time: 0.0 min | Mean Rewards: -389.19 | Current Best: -376.29
[gravity schedule] step=1600 target_z=0.0000 actual_z=0.0000
Agent Steps: 0006M | FPS: 18018.6 | Last FPS: 18055.6 | Collect Time: 6.0 min | Train RL Time: 0.0 min | Mean Rewards: -399.75 | Current Best: -376.29
Agent Steps: 0006M | FPS: 18018.3 | Last FPS: 17958.5 | Collect Time: 6.1 min | Train RL Time: 0.0 min | Mean Rewards: -408.73 | Current Best: -376.29
[33m10:58:27 [rigid_object.py] WARNING: The function 'set_external_force_and_torque' will be deprecated in a future release. Please use 'permanent_wrench_composer.set_forces_and_torques' instead.[0m
Agent Steps: 0006M | FPS: 18018.0 | Last FPS: 17946.8 | Collect Time: 6.1 min | Train RL Time: 0.0 min | Mean Rewards: -395.02 | Current Best: -376.29
Agent Steps: 0006M | FPS: 18018.0 | Last FPS: 18028.8 | Collect Time: 6.1 min | Train RL Time: 0.0 min | Mean Rewards: -390.02 | Current Best: -376.29
Agent Steps: 0006M | FPS: 18018.8 | Last FPS: 18168.9 | Collect Time: 6.2 min | Train RL Time: 0.0 min | Mean Rewards: -401.43 | Current Best: -376.29
[33m10:58:32 [rigid_object.py] WARNING: The function 'set_external_force_and_torque' will be deprecated in a future release. Please use 'permanent_wrench_composer.set_forces_and_torques' instead.[0m
Agent Steps: 0006M | FPS: 18018.1 | Last FPS: 17878.1 | Collect Time: 6.2 min | Train RL Time: 0.0 min | Mean Rewards: -392.64 | Current Best: -376.29
Agent Steps: 0006M | FPS: 18017.3 | Last FPS: 17870.4 | Collect Time: 6.2 min | Train RL Time: 0.0 min | Mean Rewards: -382.05 | Current Best: -376.29
[33m10:58:37 [rigid_object.py] WARNING: The function 'set_external_force_and_torque' will be deprecated in a future release. Please use 'permanent_wrench_composer.set_forces_and_torques' instead.[0m
Agent Steps: 0006M | FPS: 18016.6 | Last FPS: 17860.0 | Collect Time: 6.2 min | Train RL Time: 0.0 min | Mean Rewards: -390.63 | Current Best: -376.29
Agent Steps: 0006M | FPS: 18017.6 | Last FPS: 18230.6 | Collect Time: 6.3 min | Train RL Time: 0.0 min | Mean Rewards: -398.75 | Current Best: -376.29
Agent Steps: 0006M | FPS: 18017.2 | Last FPS: 17932.3 | Collect Time: 6.3 min | Train RL Time: 0.1 min | Mean Rewards: -396.85 | Current Best: -376.29
[33m10:58:42 [rigid_object.py] WARNING: The function 'set_external_force_and_torque' will be deprecated in a future release. Please use 'permanent_wrench_composer.set_forces_and_torques' instead.[0m
Agent Steps: 0006M | FPS: 18016.8 | Last FPS: 17927.9 | Collect Time: 6.3 min | Train RL Time: 0.1 min | Mean Rewards: -390.47 | Current Best: -376.29
Agent Steps: 0006M | FPS: 18015.8 | Last FPS: 17806.7 | Collect Time: 6.4 min | Train RL Time: 0.1 min | Mean Rewards: -383.10 | Current Best: -376.29
Agent Steps: 0006M | FPS: 18015.3 | Last FPS: 17909.3 | Collect Time: 6.4 min | Train RL Time: 0.1 min | Mean Rewards: -392.05 | Current Best: -376.29
[33m10:58:47 [rigid_object.py] WARNING: The function 'set_external_force_and_torque' will be deprecated in a future release. Please use 'permanent_wrench_composer.set_forces_and_torques' instead.[0m
Agent Steps: 0007M | FPS: 18015.1 | Last FPS: 17989.6 | Collect Time: 6.4 min | Train RL Time: 0.1 min | Mean Rewards: -410.27 | Current Best: -376.29
Agent Steps: 0007M | FPS: 18014.5 | Last FPS: 17870.6 | Collect Time: 6.5 min | Train RL Time: 0.1 min | Mean Rewards: -392.29 | Current Best: -376.29
Agent Steps: 0007M | FPS: 18013.2 | Last FPS: 17746.5 | Collect Time: 6.5 min | Train RL Time: 0.1 min | Mean Rewards: -376.49 | Current Best: -376.29
[33m10:58:52 [rigid_object.py] WARNING: The function 'set_external_force_and_torque' will be deprecated in a future release. Please use 'permanent_wrench_composer.set_forces_and_torques' instead.[0m
Agent Steps: 0007M | FPS: 18012.7 | Last FPS: 17904.9 | Collect Time: 6.5 min | Train RL Time: 0.1 min | Mean Rewards: -392.51 | Current Best: -376.29
Agent Steps: 0007M | FPS: 18012.0 | Last FPS: 17856.1 | Collect Time: 6.5 min | Train RL Time: 0.1 min | Mean Rewards: -385.26 | Current Best: -376.29
[33m10:58:57 [rigid_object.py] WARNING: The function 'set_external_force_and_torque' will be deprecated in a future release. Please use 'permanent_wrench_composer.set_forces_and_torques' instead.[0m
Agent Steps: 0007M | FPS: 18011.8 | Last FPS: 17983.6 | Collect Time: 6.6 min | Train RL Time: 0.1 min | Mean Rewards: -397.14 | Current Best: -376.29
Agent Steps: 0007M | FPS: 18012.0 | Last FPS: 18050.1 | Collect Time: 6.6 min | Train RL Time: 0.1 min | Mean Rewards: -393.25 | Current Best: -376.29
Agent Steps: 0007M | FPS: 18012.3 | Last FPS: 18067.1 | Collect Time: 6.6 min | Train RL Time: 0.1 min | Mean Rewards: -395.15 | Current Best: -376.29
[33m10:59:02 [rigid_object.py] WARNING: The function 'set_external_force_and_torque' will be deprecated in a future release. Please use 'permanent_wrench_composer.set_forces_and_torques' instead.[0m
Agent Steps: 0007M | FPS: 18012.2 | Last FPS: 18002.8 | Collect Time: 6.7 min | Train RL Time: 0.1 min | Mean Rewards: -385.67 | Current Best: -376.29
Agent Steps: 0007M | FPS: 18011.6 | Last FPS: 17873.8 | Collect Time: 6.7 min | Train RL Time: 0.1 min | Mean Rewards: -409.69 | Current Best: -376.29
Agent Steps: 0007M | FPS: 18012.3 | Last FPS: 18164.1 | Collect Time: 6.7 min | Train RL Time: 0.1 min | Mean Rewards: -405.19 | Current Best: -376.29
[33m10:59:07 [rigid_object.py] WARNING: The function 'set_external_force_and_torque' will be deprecated in a future release. Please use 'permanent_wrench_composer.set_forces_and_torques' instead.[0m
Agent Steps: 0007M | FPS: 18011.9 | Last FPS: 17926.6 | Collect Time: 6.8 min | Train RL Time: 0.1 min | Mean Rewards: -380.25 | Current Best: -376.29
[gravity schedule] step=1800 target_z=0.0000 actual_z=0.0000
Agent Steps: 0007M | FPS: 18011.3 | Last FPS: 17888.3 | Collect Time: 6.8 min | Train RL Time: 0.1 min | Mean Rewards: -377.95 | Current Best: -376.29
Agent Steps: 0007M | FPS: 18011.6 | Last FPS: 18069.9 | Collect Time: 6.8 min | Train RL Time: 0.1 min | Mean Rewards: -402.38 | Current Best: -376.29
[33m10:59:12 [rigid_object.py] WARNING: The function 'set_external_force_and_torque' will be deprecated in a future release. Please use 'permanent_wrench_composer.set_forces_and_torques' instead.[0m
Agent Steps: 0007M | FPS: 18011.9 | Last FPS: 18080.6 | Collect Time: 6.8 min | Train RL Time: 0.1 min | Mean Rewards: -398.40 | Current Best: -376.29
Agent Steps: 0007M | FPS: 18011.7 | Last FPS: 17955.1 | Collect Time: 6.9 min | Train RL Time: 0.1 min | Mean Rewards: -398.06 | Current Best: -376.29
Agent Steps: 0007M | FPS: 18011.7 | Last FPS: 18013.1 | Collect Time: 6.9 min | Train RL Time: 0.1 min | Mean Rewards: -393.14 | Current Best: -376.29
[33m10:59:17 [rigid_object.py] WARNING: The function 'set_external_force_and_torque' will be deprecated in a future release. Please use 'permanent_wrench_composer.set_forces_and_torques' instead.[0m
Agent Steps: 0007M | FPS: 18012.1 | Last FPS: 18114.8 | Collect Time: 6.9 min | Train RL Time: 0.1 min | Mean Rewards: -400.64 | Current Best: -376.29
Agent Steps: 0007M | FPS: 18012.4 | Last FPS: 18085.8 | Collect Time: 7.0 min | Train RL Time: 0.1 min | Mean Rewards: -383.08 | Current Best: -376.29
[33m10:59:23 [rigid_object.py] WARNING: The function 'set_external_force_and_torque' will be deprecated in a future release. Please use 'permanent_wrench_composer.set_forces_and_torques' instead.[0m
Agent Steps: 0007M | FPS: 18013.5 | Last FPS: 18270.4 | Collect Time: 7.0 min | Train RL Time: 0.1 min | Mean Rewards: -387.25 | Current Best: -376.29
Agent Steps: 0007M | FPS: 18014.4 | Last FPS: 18222.0 | Collect Time: 7.0 min | Train RL Time: 0.1 min | Mean Rewards: -380.85 | Current Best: -376.29
Agent Steps: 0007M | FPS: 18015.0 | Last FPS: 18166.5 | Collect Time: 7.1 min | Train RL Time: 0.1 min | Mean Rewards: -392.62 | Current Best: -376.29
[33m10:59:28 [rigid_object.py] WARNING: The function 'set_external_force_and_torque' will be deprecated in a future release. Please use 'permanent_wrench_composer.set_forces_and_torques' instead.[0m
Agent Steps: 0007M | FPS: 18016.1 | Last FPS: 18261.1 | Collect Time: 7.1 min | Train RL Time: 0.1 min | Mean Rewards: -399.87 | Current Best: -376.29
Agent Steps: 0007M | FPS: 18017.9 | Last FPS: 18467.1 | Collect Time: 7.1 min | Train RL Time: 0.1 min | Mean Rewards: -399.10 | Current Best: -376.29
Agent Steps: 0007M | FPS: 18020.2 | Last FPS: 18579.8 | Collect Time: 7.1 min | Train RL Time: 0.1 min | Mean Rewards: -396.25 | Current Best: -376.29
[33m10:59:33 [rigid_object.py] WARNING: The function 'set_external_force_and_torque' will be deprecated in a future release. Please use 'permanent_wrench_composer.set_forces_and_torques' instead.[0m
Agent Steps: 0007M | FPS: 18020.8 | Last FPS: 18153.5 | Collect Time: 7.2 min | Train RL Time: 0.1 min | Mean Rewards: -379.99 | Current Best: -376.29
Agent Steps: 0007M | FPS: 18022.0 | Last FPS: 18334.6 | Collect Time: 7.2 min | Train RL Time: 0.1 min | Mean Rewards: -389.68 | Current Best: -376.29
Agent Steps: 0007M | FPS: 18023.3 | Last FPS: 18332.7 | Collect Time: 7.2 min | Train RL Time: 0.1 min | Mean Rewards: -394.43 | Current Best: -376.29
[33m10:59:38 [rigid_object.py] WARNING: The function 'set_external_force_and_torque' will be deprecated in a future release. Please use 'permanent_wrench_composer.set_forces_and_torques' instead.[0m
Agent Steps: 0007M | FPS: 18024.4 | Last FPS: 18279.9 | Collect Time: 7.3 min | Train RL Time: 0.1 min | Mean Rewards: -400.39 | Current Best: -376.29
Agent Steps: 0007M | FPS: 18025.7 | Last FPS: 18349.0 | Collect Time: 7.3 min | Train RL Time: 0.1 min | Mean Rewards: -393.00 | Current Best: -376.29
Agent Steps: 0007M | FPS: 18027.4 | Last FPS: 18450.8 | Collect Time: 7.3 min | Train RL Time: 0.1 min | Mean Rewards: -390.91 | Current Best: -376.29
[33m10:59:43 [rigid_object.py] WARNING: The function 'set_external_force_and_torque' will be deprecated in a future release. Please use 'permanent_wrench_composer.set_forces_and_torques' instead.[0m
save current best reward: -375.29
Agent Steps: 0008M | FPS: 18028.1 | Last FPS: 18218.5 | Collect Time: 7.4 min | Train RL Time: 0.1 min | Mean Rewards: -375.29 | Current Best: -375.29
Agent Steps: 0008M | FPS: 18028.3 | Last FPS: 18068.0 | Collect Time: 7.4 min | Train RL Time: 0.1 min | Mean Rewards: -388.79 | Current Best: -375.29
Agent Steps: 0008M | FPS: 18028.0 | Last FPS: 17958.1 | Collect Time: 7.4 min | Train RL Time: 0.1 min | Mean Rewards: -378.48 | Current Best: -375.29
[33m10:59:48 [rigid_object.py] WARNING: The function 'set_external_force_and_torque' will be deprecated in a future release. Please use 'permanent_wrench_composer.set_forces_and_torques' instead.[0m
Agent Steps: 0008M | FPS: 18028.8 | Last FPS: 18215.1 | Collect Time: 7.4 min | Train RL Time: 0.1 min | Mean Rewards: -397.35 | Current Best: -375.29
save current best reward: -373.66
Agent Steps: 0008M | FPS: 18029.9 | Last FPS: 18310.4 | Collect Time: 7.5 min | Train RL Time: 0.1 min | Mean Rewards: -373.66 | Current Best: -373.66
Agent Steps: 0008M | FPS: 18028.5 | Last FPS: 17693.4 | Collect Time: 7.5 min | Train RL Time: 0.1 min | Mean Rewards: -392.39 | Current Best: -373.66
[33m10:59:54 [rigid_object.py] WARNING: The function 'set_external_force_and_torque' will be deprecated in a future release. Please use 'permanent_wrench_composer.set_forces_and_torques' instead.[0m
[gravity schedule] step=2000 target_z=0.0000 actual_z=0.0000
Agent Steps: 0008M | FPS: 18029.7 | Last FPS: 18319.4 | Collect Time: 7.5 min | Train RL Time: 0.1 min | Mean Rewards: -380.02 | Current Best: -373.66
Agent Steps: 0008M | FPS: 18030.7 | Last FPS: 18286.7 | Collect Time: 7.6 min | Train RL Time: 0.1 min | Mean Rewards: -378.57 | Current Best: -373.66
Agent Steps: 0008M | FPS: 18032.7 | Last FPS: 18572.5 | Collect Time: 7.6 min | Train RL Time: 0.1 min | Mean Rewards: -382.66 | Current Best: -373.66
[33m10:59:59 [rigid_object.py] WARNING: The function 'set_external_force_and_torque' will be deprecated in a future release. Please use 'permanent_wrench_composer.set_forces_and_torques' instead.[0m
Agent Steps: 0008M | FPS: 18032.8 | Last FPS: 18058.7 | Collect Time: 7.6 min | Train RL Time: 0.1 min | Mean Rewards: -376.25 | Current Best: -373.66
Agent Steps: 0008M | FPS: 18034.7 | Last FPS: 18522.8 | Collect Time: 7.6 min | Train RL Time: 0.1 min | Mean Rewards: -395.59 | Current Best: -373.66
[33m11:00:04 [rigid_object.py] WARNING: The function 'set_external_force_and_torque' will be deprecated in a future release. Please use 'permanent_wrench_composer.set_forces_and_torques' instead.[0m
Agent Steps: 0008M | FPS: 18036.0 | Last FPS: 18380.5 | Collect Time: 7.7 min | Train RL Time: 0.1 min | Mean Rewards: -394.20 | Current Best: -373.66
Agent Steps: 0008M | FPS: 18037.0 | Last FPS: 18290.9 | Collect Time: 7.7 min | Train RL Time: 0.1 min | Mean Rewards: -380.02 | Current Best: -373.66
Agent Steps: 0008M | FPS: 18038.9 | Last FPS: 18526.1 | Collect Time: 7.7 min | Train RL Time: 0.1 min | Mean Rewards: -385.70 | Current Best: -373.66
[33m11:00:09 [rigid_object.py] WARNING: The function 'set_external_force_and_torque' will be deprecated in a future release. Please use 'permanent_wrench_composer.set_forces_and_torques' instead.[0m
Agent Steps: 0008M | FPS: 18040.6 | Last FPS: 18512.6 | Collect Time: 7.8 min | Train RL Time: 0.1 min | Mean Rewards: -408.87 | Current Best: -373.66
Agent Steps: 0008M | FPS: 18041.3 | Last FPS: 18204.6 | Collect Time: 7.8 min | Train RL Time: 0.1 min | Mean Rewards: -376.44 | Current Best: -373.66
Agent Steps: 0008M | FPS: 18042.3 | Last FPS: 18315.5 | Collect Time: 7.8 min | Train RL Time: 0.1 min | Mean Rewards: -399.70 | Current Best: -373.66
[33m11:00:14 [rigid_object.py] WARNING: The function 'set_external_force_and_torque' will be deprecated in a future release. Please use 'permanent_wrench_composer.set_forces_and_torques' instead.[0m
Agent Steps: 0008M | FPS: 18043.8 | Last FPS: 18437.1 | Collect Time: 7.9 min | Train RL Time: 0.1 min | Mean Rewards: -391.07 | Current Best: -373.66
Agent Steps: 0008M | FPS: 18046.4 | Last FPS: 18765.8 | Collect Time: 7.9 min | Train RL Time: 0.1 min | Mean Rewards: -388.99 | Current Best: -373.66
Agent Steps: 0008M | FPS: 18047.6 | Last FPS: 18354.3 | Collect Time: 7.9 min | Train RL Time: 0.1 min | Mean Rewards: -397.72 | Current Best: -373.66
[33m11:00:19 [rigid_object.py] WARNING: The function 'set_external_force_and_torque' will be deprecated in a future release. Please use 'permanent_wrench_composer.set_forces_and_torques' instead.[0m
Agent Steps: 0008M | FPS: 18050.1 | Last FPS: 18731.6 | Collect Time: 7.9 min | Train RL Time: 0.1 min | Mean Rewards: -391.79 | Current Best: -373.66
Agent Steps: 0008M | FPS: 18051.9 | Last FPS: 18568.6 | Collect Time: 8.0 min | Train RL Time: 0.1 min | Mean Rewards: -386.01 | Current Best: -373.66
Agent Steps: 0008M | FPS: 18053.9 | Last FPS: 18597.5 | Collect Time: 8.0 min | Train RL Time: 0.1 min | Mean Rewards: -376.68 | Current Best: -373.66
[33m11:00:24 [rigid_object.py] WARNING: The function 'set_external_force_and_torque' will be deprecated in a future release. Please use 'permanent_wrench_composer.set_forces_and_torques' instead.[0m
Agent Steps: 0008M | FPS: 18053.4 | Last FPS: 17904.7 | Collect Time: 8.0 min | Train RL Time: 0.1 min | Mean Rewards: -386.98 | Current Best: -373.66
Agent Steps: 0008M | FPS: 18054.4 | Last FPS: 18335.7 | Collect Time: 8.1 min | Train RL Time: 0.1 min | Mean Rewards: -388.76 | Current Best: -373.66
Agent Steps: 0008M | FPS: 18056.0 | Last FPS: 18494.6 | Collect Time: 8.1 min | Train RL Time: 0.1 min | Mean Rewards: -393.19 | Current Best: -373.66
[33m11:00:29 [rigid_object.py] WARNING: The function 'set_external_force_and_torque' will be deprecated in a future release. Please use 'permanent_wrench_composer.set_forces_and_torques' instead.[0m
Agent Steps: 0008M | FPS: 18058.5 | Last FPS: 18752.8 | Collect Time: 8.1 min | Train RL Time: 0.1 min | Mean Rewards: -378.05 | Current Best: -373.66
Agent Steps: 0008M | FPS: 18059.8 | Last FPS: 18429.9 | Collect Time: 8.1 min | Train RL Time: 0.1 min | Mean Rewards: -398.56 | Current Best: -373.66
Agent Steps: 0008M | FPS: 18062.2 | Last FPS: 18743.3 | Collect Time: 8.2 min | Train RL Time: 0.1 min | Mean Rewards: -398.08 | Current Best: -373.66
[33m11:00:34 [rigid_object.py] WARNING: The function 'set_external_force_and_torque' will be deprecated in a future release. Please use 'permanent_wrench_composer.set_forces_and_torques' instead.[0m
Agent Steps: 0008M | FPS: 18063.8 | Last FPS: 18492.1 | Collect Time: 8.2 min | Train RL Time: 0.1 min | Mean Rewards: -393.66 | Current Best: -373.66
Agent Steps: 0009M | FPS: 18065.9 | Last FPS: 18685.7 | Collect Time: 8.2 min | Train RL Time: 0.1 min | Mean Rewards: -396.81 | Current Best: -373.66
[gravity schedule] step=2200 target_z=0.0000 actual_z=0.0000
Agent Steps: 0009M | FPS: 18067.8 | Last FPS: 18603.0 | Collect Time: 8.3 min | Train RL Time: 0.1 min | Mean Rewards: -384.20 | Current Best: -373.66
[33m11:00:40 [rigid_object.py] WARNING: The function 'set_external_force_and_torque' will be deprecated in a future release. Please use 'permanent_wrench_composer.set_forces_and_torques' instead.[0m
Agent Steps: 0009M | FPS: 18069.1 | Last FPS: 18432.4 | Collect Time: 8.3 min | Train RL Time: 0.1 min | Mean Rewards: -391.65 | Current Best: -373.66
Agent Steps: 0009M | FPS: 18071.0 | Last FPS: 18600.9 | Collect Time: 8.3 min | Train RL Time: 0.1 min | Mean Rewards: -405.19 | Current Best: -373.66
[33m11:00:45 [rigid_object.py] WARNING: The function 'set_external_force_and_torque' will be deprecated in a future release. Please use 'permanent_wrench_composer.set_forces_and_torques' instead.[0m
Agent Steps: 0009M | FPS: 18071.7 | Last FPS: 18283.6 | Collect Time: 8.4 min | Train RL Time: 0.1 min | Mean Rewards: -385.98 | Current Best: -373.66
Agent Steps: 0009M | FPS: 18073.3 | Last FPS: 18535.0 | Collect Time: 8.4 min | Train RL Time: 0.1 min | Mean Rewards: -397.45 | Current Best: -373.66
Agent Steps: 0009M | FPS: 18074.1 | Last FPS: 18291.6 | Collect Time: 8.4 min | Train RL Time: 0.1 min | Mean Rewards: -405.17 | Current Best: -373.66
[33m11:00:50 [rigid_object.py] WARNING: The function 'set_external_force_and_torque' will be deprecated in a future release. Please use 'permanent_wrench_composer.set_forces_and_torques' instead.[0m
Agent Steps: 0009M | FPS: 18075.3 | Last FPS: 18424.4 | Collect Time: 8.4 min | Train RL Time: 0.1 min | Mean Rewards: -398.23 | Current Best: -373.66
Agent Steps: 0009M | FPS: 18075.0 | Last FPS: 17990.3 | Collect Time: 8.5 min | Train RL Time: 0.1 min | Mean Rewards: -391.29 | Current Best: -373.66
Agent Steps: 0009M | FPS: 18075.6 | Last FPS: 18230.1 | Collect Time: 8.5 min | Train RL Time: 0.1 min | Mean Rewards: -391.45 | Current Best: -373.66
[33m11:00:55 [rigid_object.py] WARNING: The function 'set_external_force_and_torque' will be deprecated in a future release. Please use 'permanent_wrench_composer.set_forces_and_torques' instead.[0m
Agent Steps: 0009M | FPS: 18075.1 | Last FPS: 17929.7 | Collect Time: 8.5 min | Train RL Time: 0.1 min | Mean Rewards: -400.88 | Current Best: -373.66
Agent Steps: 0009M | FPS: 18075.5 | Last FPS: 18205.4 | Collect Time: 8.6 min | Train RL Time: 0.1 min | Mean Rewards: -376.86 | Current Best: -373.66
Agent Steps: 0009M | FPS: 18076.7 | Last FPS: 18415.6 | Collect Time: 8.6 min | Train RL Time: 0.1 min | Mean Rewards: -377.33 | Current Best: -373.66
[33m11:01:00 [rigid_object.py] WARNING: The function 'set_external_force_and_torque' will be deprecated in a future release. Please use 'permanent_wrench_composer.set_forces_and_torques' instead.[0m
Agent Steps: 0009M | FPS: 18077.8 | Last FPS: 18408.8 | Collect Time: 8.6 min | Train RL Time: 0.1 min | Mean Rewards: -408.45 | Current Best: -373.66
Agent Steps: 0009M | FPS: 18078.8 | Last FPS: 18374.2 | Collect Time: 8.6 min | Train RL Time: 0.1 min | Mean Rewards: -384.08 | Current Best: -373.66
Agent Steps: 0009M | FPS: 18080.4 | Last FPS: 18555.4 | Collect Time: 8.7 min | Train RL Time: 0.1 min | Mean Rewards: -394.99 | Current Best: -373.66
[33m11:01:05 [rigid_object.py] WARNING: The function 'set_external_force_and_torque' will be deprecated in a future release. Please use 'permanent_wrench_composer.set_forces_and_torques' instead.[0m
Agent Steps: 0009M | FPS: 18081.9 | Last FPS: 18525.3 | Collect Time: 8.7 min | Train RL Time: 0.1 min | Mean Rewards: -385.79 | Current Best: -373.66
Agent Steps: 0009M | FPS: 18083.0 | Last FPS: 18396.8 | Collect Time: 8.7 min | Train RL Time: 0.1 min | Mean Rewards: -396.97 | Current Best: -373.66
Agent Steps: 0009M | FPS: 18084.4 | Last FPS: 18500.0 | Collect Time: 8.8 min | Train RL Time: 0.1 min | Mean Rewards: -393.90 | Current Best: -373.66
[33m11:01:10 [rigid_object.py] WARNING: The function 'set_external_force_and_torque' will be deprecated in a future release. Please use 'permanent_wrench_composer.set_forces_and_torques' instead.[0m
Agent Steps: 0009M | FPS: 18085.5 | Last FPS: 18441.1 | Collect Time: 8.8 min | Train RL Time: 0.1 min | Mean Rewards: -396.43 | Current Best: -373.66
Agent Steps: 0009M | FPS: 18086.9 | Last FPS: 18501.8 | Collect Time: 8.8 min | Train RL Time: 0.1 min | Mean Rewards: -384.95 | Current Best: -373.66
Agent Steps: 0009M | FPS: 18088.7 | Last FPS: 18630.7 | Collect Time: 8.9 min | Train RL Time: 0.1 min | Mean Rewards: -394.16 | Current Best: -373.66
[33m11:01:15 [rigid_object.py] WARNING: The function 'set_external_force_and_torque' will be deprecated in a future release. Please use 'permanent_wrench_composer.set_forces_and_torques' instead.[0m
Agent Steps: 0009M | FPS: 18090.4 | Last FPS: 18592.1 | Collect Time: 8.9 min | Train RL Time: 0.1 min | Mean Rewards: -401.18 | Current Best: -373.66
Agent Steps: 0009M | FPS: 18091.2 | Last FPS: 18346.6 | Collect Time: 8.9 min | Train RL Time: 0.1 min | Mean Rewards: -398.30 | Current Best: -373.66
Agent Steps: 0009M | FPS: 18092.9 | Last FPS: 18605.1 | Collect Time: 8.9 min | Train RL Time: 0.1 min | Mean Rewards: -387.27 | Current Best: -373.66
[33m11:01:20 [rigid_object.py] WARNING: The function 'set_external_force_and_torque' will be deprecated in a future release. Please use 'permanent_wrench_composer.set_forces_and_torques' instead.[0m
Agent Steps: 0009M | FPS: 18095.5 | Last FPS: 18931.8 | Collect Time: 9.0 min | Train RL Time: 0.1 min | Mean Rewards: -385.95 | Current Best: -373.66
[gravity schedule] step=2400 target_z=0.0000 actual_z=0.0000
Agent Steps: 0009M | FPS: 18097.6 | Last FPS: 18742.7 | Collect Time: 9.0 min | Train RL Time: 0.1 min | Mean Rewards: -385.73 | Current Best: -373.66
Agent Steps: 0009M | FPS: 18099.7 | Last FPS: 18734.2 | Collect Time: 9.0 min | Train RL Time: 0.1 min | Mean Rewards: -391.77 | Current Best: -373.66
[33m11:01:26 [rigid_object.py] WARNING: The function 'set_external_force_and_torque' will be deprecated in a future release. Please use 'permanent_wrench_composer.set_forces_and_torques' instead.[0m
Agent Steps: 0009M | FPS: 18101.0 | Last FPS: 18501.4 | Collect Time: 9.1 min | Train RL Time: 0.1 min | Mean Rewards: -390.67 | Current Best: -373.66
Agent Steps: 0009M | FPS: 18102.6 | Last FPS: 18610.7 | Collect Time: 9.1 min | Train RL Time: 0.1 min | Mean Rewards: -382.98 | Current Best: -373.66
[33m11:01:31 [rigid_object.py] WARNING: The function 'set_external_force_and_torque' will be deprecated in a future release. Please use 'permanent_wrench_composer.set_forces_and_torques' instead.[0m
Agent Steps: 0009M | FPS: 18104.3 | Last FPS: 18636.3 | Collect Time: 9.1 min | Train RL Time: 0.1 min | Mean Rewards: -399.54 | Current Best: -373.66
Agent Steps: 0010M | FPS: 18105.3 | Last FPS: 18406.7 | Collect Time: 9.1 min | Train RL Time: 0.1 min | Mean Rewards: -376.51 | Current Best: -373.66
Agent Steps: 0010M | FPS: 18106.8 | Last FPS: 18605.9 | Collect Time: 9.2 min | Train RL Time: 0.1 min | Mean Rewards: -389.67 | Current Best: -373.66
[33m11:01:36 [rigid_object.py] WARNING: The function 'set_external_force_and_torque' will be deprecated in a future release. Please use 'permanent_wrench_composer.set_forces_and_torques' instead.[0m
Agent Steps: 0010M | FPS: 18108.9 | Last FPS: 18776.6 | Collect Time: 9.2 min | Train RL Time: 0.1 min | Mean Rewards: -378.60 | Current Best: -373.66
Agent Steps: 0010M | FPS: 18110.6 | Last FPS: 18628.8 | Collect Time: 9.2 min | Train RL Time: 0.1 min | Mean Rewards: -374.49 | Current Best: -373.66
Agent Steps: 0010M | FPS: 18112.3 | Last FPS: 18671.2 | Collect Time: 9.3 min | Train RL Time: 0.1 min | Mean Rewards: -374.91 | Current Best: -373.66
[33m11:01:41 [rigid_object.py] WARNING: The function 'set_external_force_and_torque' will be deprecated in a future release. Please use 'permanent_wrench_composer.set_forces_and_torques' instead.[0m
Agent Steps: 0010M | FPS: 18114.5 | Last FPS: 18819.5 | Collect Time: 9.3 min | Train RL Time: 0.1 min | Mean Rewards: -393.08 | Current Best: -373.66
Agent Steps: 0010M | FPS: 18116.1 | Last FPS: 18626.5 | Collect Time: 9.3 min | Train RL Time: 0.1 min | Mean Rewards: -385.77 | Current Best: -373.66
Agent Steps: 0010M | FPS: 18118.0 | Last FPS: 18725.5 | Collect Time: 9.3 min | Train RL Time: 0.1 min | Mean Rewards: -383.21 | Current Best: -373.66
[33m11:01:46 [rigid_object.py] WARNING: The function 'set_external_force_and_torque' will be deprecated in a future release. Please use 'permanent_wrench_composer.set_forces_and_torques' instead.[0m
Agent Steps: 0010M | FPS: 18119.7 | Last FPS: 18680.5 | Collect Time: 9.4 min | Train RL Time: 0.1 min | Mean Rewards: -376.74 | Current Best: -373.66
Agent Steps: 0010M | FPS: 18121.2 | Last FPS: 18596.6 | Collect Time: 9.4 min | Train RL Time: 0.1 min | Mean Rewards: -376.05 | Current Best: -373.66
save current best reward: -363.77
Agent Steps: 0010M | FPS: 18122.4 | Last FPS: 18490.1 | Collect Time: 9.4 min | Train RL Time: 0.1 min | Mean Rewards: -363.77 | Current Best: -363.77
[33m11:01:51 [rigid_object.py] WARNING: The function 'set_external_force_and_torque' will be deprecated in a future release. Please use 'permanent_wrench_composer.set_forces_and_torques' instead.[0m
Agent Steps: 0010M | FPS: 18123.7 | Last FPS: 18544.3 | Collect Time: 9.5 min | Train RL Time: 0.1 min | Mean Rewards: -380.72 | Current Best: -363.77
Agent Steps: 0010M | FPS: 18125.4 | Last FPS: 18707.3 | Collect Time: 9.5 min | Train RL Time: 0.1 min | Mean Rewards: -376.72 | Current Best: -363.77
Agent Steps: 0010M | FPS: 18126.7 | Last FPS: 18537.4 | Collect Time: 9.5 min | Train RL Time: 0.1 min | Mean Rewards: -383.36 | Current Best: -363.77
[33m11:01:56 [rigid_object.py] WARNING: The function 'set_external_force_and_torque' will be deprecated in a future release. Please use 'permanent_wrench_composer.set_forces_and_torques' instead.[0m
Agent Steps: 0010M | FPS: 18128.4 | Last FPS: 18695.5 | Collect Time: 9.5 min | Train RL Time: 0.1 min | Mean Rewards: -404.76 | Current Best: -363.77
Agent Steps: 0010M | FPS: 18130.3 | Last FPS: 18735.7 | Collect Time: 9.6 min | Train RL Time: 0.1 min | Mean Rewards: -374.72 | Current Best: -363.77
Agent Steps: 0010M | FPS: 18131.8 | Last FPS: 18644.4 | Collect Time: 9.6 min | Train RL Time: 0.1 min | Mean Rewards: -385.02 | Current Best: -363.77
[33m11:02:01 [rigid_object.py] WARNING: The function 'set_external_force_and_torque' will be deprecated in a future release. Please use 'permanent_wrench_composer.set_forces_and_torques' instead.[0m
Agent Steps: 0010M | FPS: 18133.0 | Last FPS: 18511.2 | Collect Time: 9.6 min | Train RL Time: 0.1 min | Mean Rewards: -376.49 | Current Best: -363.77
Agent Steps: 0010M | FPS: 18135.7 | Last FPS: 19065.2 | Collect Time: 9.7 min | Train RL Time: 0.1 min | Mean Rewards: -370.29 | Current Best: -363.77
Agent Steps: 0010M | FPS: 18136.3 | Last FPS: 18345.4 | Collect Time: 9.7 min | Train RL Time: 0.1 min | Mean Rewards: -385.43 | Current Best: -363.77
[33m11:02:06 [rigid_object.py] WARNING: The function 'set_external_force_and_torque' will be deprecated in a future release. Please use 'permanent_wrench_composer.set_forces_and_torques' instead.[0m
[gravity schedule] step=2600 target_z=0.0000 actual_z=0.0000
Agent Steps: 0010M | FPS: 18137.9 | Last FPS: 18677.8 | Collect Time: 9.7 min | Train RL Time: 0.1 min | Mean Rewards: -401.48 | Current Best: -363.77
Agent Steps: 0010M | FPS: 18139.7 | Last FPS: 18724.5 | Collect Time: 9.8 min | Train RL Time: 0.1 min | Mean Rewards: -378.60 | Current Best: -363.77
[33m11:02:11 [rigid_object.py] WARNING: The function 'set_external_force_and_torque' will be deprecated in a future release. Please use 'permanent_wrench_composer.set_forces_and_torques' instead.[0m
Agent Steps: 0010M | FPS: 18139.5 | Last FPS: 18084.0 | Collect Time: 9.8 min | Train RL Time: 0.1 min | Mean Rewards: -378.23 | Current Best: -363.77
Agent Steps: 0010M | FPS: 18140.9 | Last FPS: 18617.9 | Collect Time: 9.8 min | Train RL Time: 0.1 min | Mean Rewards: -398.70 | Current Best: -363.77
Agent Steps: 0010M | FPS: 18142.3 | Last FPS: 18609.6 | Collect Time: 9.8 min | Train RL Time: 0.1 min | Mean Rewards: -390.98 | Current Best: -363.77
[33m11:02:16 [rigid_object.py] WARNING: The function 'set_external_force_and_torque' will be deprecated in a future release. Please use 'permanent_wrench_composer.set_forces_and_torques' instead.[0m
Agent Steps: 0010M | FPS: 18144.0 | Last FPS: 18707.1 | Collect Time: 9.9 min | Train RL Time: 0.1 min | Mean Rewards: -375.96 | Current Best: -363.77
Agent Steps: 0010M | FPS: 18145.3 | Last FPS: 18596.9 | Collect Time: 9.9 min | Train RL Time: 0.1 min | Mean Rewards: -371.21 | Current Best: -363.77
Agent Steps: 0010M | FPS: 18147.3 | Last FPS: 18821.0 | Collect Time: 9.9 min | Train RL Time: 0.1 min | Mean Rewards: -379.23 | Current Best: -363.77
[33m11:02:21 [rigid_object.py] WARNING: The function 'set_external_force_and_torque' will be deprecated in a future release. Please use 'permanent_wrench_composer.set_forces_and_torques' instead.[0m
Agent Steps: 0010M | FPS: 18149.1 | Last FPS: 18800.4 | Collect Time: 10.0 min | Train RL Time: 0.1 min | Mean Rewards: -390.39 | Current Best: -363.77
Agent Steps: 0010M | FPS: 18151.6 | Last FPS: 18993.7 | Collect Time: 10.0 min | Train RL Time: 0.1 min | Mean Rewards: -385.75 | Current Best: -363.77
Agent Steps: 0011M | FPS: 18153.0 | Last FPS: 18638.1 | Collect Time: 10.0 min | Train RL Time: 0.1 min | Mean Rewards: -407.54 | Current Best: -363.77
[33m11:02:26 [rigid_object.py] WARNING: The function 'set_external_force_and_torque' will be deprecated in a future release. Please use 'permanent_wrench_composer.set_forces_and_torques' instead.[0m
Agent Steps: 0011M | FPS: 18153.9 | Last FPS: 18474.1 | Collect Time: 10.0 min | Train RL Time: 0.1 min | Mean Rewards: -397.53 | Current Best: -363.77
Agent Steps: 0011M | FPS: 18155.8 | Last FPS: 18834.6 | Collect Time: 10.1 min | Train RL Time: 0.1 min | Mean Rewards: -391.41 | Current Best: -363.77
Agent Steps: 0011M | FPS: 18157.9 | Last FPS: 18879.3 | Collect Time: 10.1 min | Train RL Time: 0.1 min | Mean Rewards: -380.74 | Current Best: -363.77
[33m11:02:31 [rigid_object.py] WARNING: The function 'set_external_force_and_torque' will be deprecated in a future release. Please use 'permanent_wrench_composer.set_forces_and_torques' instead.[0m
Agent Steps: 0011M | FPS: 18159.6 | Last FPS: 18755.0 | Collect Time: 10.1 min | Train RL Time: 0.1 min | Mean Rewards: -395.06 | Current Best: -363.77
Agent Steps: 0011M | FPS: 18161.9 | Last FPS: 18969.3 | Collect Time: 10.2 min | Train RL Time: 0.1 min | Mean Rewards: -381.98 | Current Best: -363.77
Agent Steps: 0011M | FPS: 18163.9 | Last FPS: 18882.4 | Collect Time: 10.2 min | Train RL Time: 0.1 min | Mean Rewards: -402.82 | Current Best: -363.77
[33m11:02:37 [rigid_object.py] WARNING: The function 'set_external_force_and_torque' will be deprecated in a future release. Please use 'permanent_wrench_composer.set_forces_and_torques' instead.[0m
Agent Steps: 0011M | FPS: 18165.3 | Last FPS: 18642.5 | Collect Time: 10.2 min | Train RL Time: 0.1 min | Mean Rewards: -387.99 | Current Best: -363.77
Agent Steps: 0011M | FPS: 18166.8 | Last FPS: 18703.9 | Collect Time: 10.2 min | Train RL Time: 0.1 min | Mean Rewards: -389.16 | Current Best: -363.77
Agent Steps: 0011M | FPS: 18167.8 | Last FPS: 18532.2 | Collect Time: 10.3 min | Train RL Time: 0.1 min | Mean Rewards: -389.86 | Current Best: -363.77
[33m11:02:42 [rigid_object.py] WARNING: The function 'set_external_force_and_torque' will be deprecated in a future release. Please use 'permanent_wrench_composer.set_forces_and_torques' instead.[0m
Agent Steps: 0011M | FPS: 18168.9 | Last FPS: 18543.9 | Collect Time: 10.3 min | Train RL Time: 0.1 min | Mean Rewards: -386.74 | Current Best: -363.77
Agent Steps: 0011M | FPS: 18169.3 | Last FPS: 18306.8 | Collect Time: 10.3 min | Train RL Time: 0.1 min | Mean Rewards: -382.56 | Current Best: -363.77
Agent Steps: 0011M | FPS: 18170.2 | Last FPS: 18485.0 | Collect Time: 10.4 min | Train RL Time: 0.1 min | Mean Rewards: -381.25 | Current Best: -363.77
[33m11:02:47 [rigid_object.py] WARNING: The function 'set_external_force_and_torque' will be deprecated in a future release. Please use 'permanent_wrench_composer.set_forces_and_torques' instead.[0m
Agent Steps: 0011M | FPS: 18171.5 | Last FPS: 18633.1 | Collect Time: 10.4 min | Train RL Time: 0.1 min | Mean Rewards: -383.67 | Current Best: -363.77
Agent Steps: 0011M | FPS: 18172.7 | Last FPS: 18622.4 | Collect Time: 10.4 min | Train RL Time: 0.1 min | Mean Rewards: -382.85 | Current Best: -363.77
[gravity schedule] step=2800 target_z=0.0000 actual_z=0.0000
Agent Steps: 0011M | FPS: 18173.9 | Last FPS: 18603.3 | Collect Time: 10.4 min | Train RL Time: 0.1 min | Mean Rewards: -384.08 | Current Best: -363.77
[33m11:02:52 [rigid_object.py] WARNING: The function 'set_external_force_and_torque' will be deprecated in a future release. Please use 'permanent_wrench_composer.set_forces_and_torques' instead.[0m
Agent Steps: 0011M | FPS: 18175.6 | Last FPS: 18775.1 | Collect Time: 10.5 min | Train RL Time: 0.1 min | Mean Rewards: -389.50 | Current Best: -363.77
Agent Steps: 0011M | FPS: 18176.6 | Last FPS: 18531.3 | Collect Time: 10.5 min | Train RL Time: 0.1 min | Mean Rewards: -397.00 | Current Best: -363.77
[33m11:02:57 [rigid_object.py] WARNING: The function 'set_external_force_and_torque' will be deprecated in a future release. Please use 'permanent_wrench_composer.set_forces_and_torques' instead.[0m
Agent Steps: 0011M | FPS: 18178.4 | Last FPS: 18854.1 | Collect Time: 10.5 min | Train RL Time: 0.1 min | Mean Rewards: -393.33 | Current Best: -363.77
Agent Steps: 0011M | FPS: 18179.5 | Last FPS: 18565.2 | Collect Time: 10.6 min | Train RL Time: 0.1 min | Mean Rewards: -394.21 | Current Best: -363.77
Agent Steps: 0011M | FPS: 18180.5 | Last FPS: 18547.6 | Collect Time: 10.6 min | Train RL Time: 0.1 min | Mean Rewards: -389.76 | Current Best: -363.77
[33m11:03:02 [rigid_object.py] WARNING: The function 'set_external_force_and_torque' will be deprecated in a future release. Please use 'permanent_wrench_composer.set_forces_and_torques' instead.[0m
Agent Steps: 0011M | FPS: 18182.0 | Last FPS: 18723.5 | Collect Time: 10.6 min | Train RL Time: 0.1 min | Mean Rewards: -385.96 | Current Best: -363.77
Agent Steps: 0011M | FPS: 18183.5 | Last FPS: 18768.4 | Collect Time: 10.7 min | Train RL Time: 0.1 min | Mean Rewards: -380.49 | Current Best: -363.77
Agent Steps: 0011M | FPS: 18184.6 | Last FPS: 18568.4 | Collect Time: 10.7 min | Train RL Time: 0.1 min | Mean Rewards: -374.07 | Current Best: -363.77
[33m11:03:07 [rigid_object.py] WARNING: The function 'set_external_force_and_torque' will be deprecated in a future release. Please use 'permanent_wrench_composer.set_forces_and_torques' instead.[0m
Agent Steps: 0011M | FPS: 18186.2 | Last FPS: 18782.6 | Collect Time: 10.7 min | Train RL Time: 0.1 min | Mean Rewards: -374.76 | Current Best: -363.77
Agent Steps: 0011M | FPS: 18187.0 | Last FPS: 18464.4 | Collect Time: 10.7 min | Train RL Time: 0.1 min | Mean Rewards: -393.96 | Current Best: -363.77
Agent Steps: 0011M | FPS: 18188.1 | Last FPS: 18623.0 | Collect Time: 10.8 min | Train RL Time: 0.1 min | Mean Rewards: -391.95 | Current Best: -363.77
[33m11:03:12 [rigid_object.py] WARNING: The function 'set_external_force_and_torque' will be deprecated in a future release. Please use 'permanent_wrench_composer.set_forces_and_torques' instead.[0m
Agent Steps: 0011M | FPS: 18189.2 | Last FPS: 18581.3 | Collect Time: 10.8 min | Train RL Time: 0.1 min | Mean Rewards: -369.98 | Current Best: -363.77
Agent Steps: 0011M | FPS: 18190.7 | Last FPS: 18759.9 | Collect Time: 10.8 min | Train RL Time: 0.1 min | Mean Rewards: -385.48 | Current Best: -363.77
Agent Steps: 0011M | FPS: 18191.8 | Last FPS: 18576.6 | Collect Time: 10.9 min | Train RL Time: 0.1 min | Mean Rewards: -380.61 | Current Best: -363.77
[33m11:03:17 [rigid_object.py] WARNING: The function 'set_external_force_and_torque' will be deprecated in a future release. Please use 'permanent_wrench_composer.set_forces_and_torques' instead.[0m
Agent Steps: 0011M | FPS: 18193.2 | Last FPS: 18727.1 | Collect Time: 10.9 min | Train RL Time: 0.1 min | Mean Rewards: -394.65 | Current Best: -363.77
Agent Steps: 0012M | FPS: 18194.4 | Last FPS: 18668.7 | Collect Time: 10.9 min | Train RL Time: 0.1 min | Mean Rewards: -381.32 | Current Best: -363.77
Agent Steps: 0012M | FPS: 18195.4 | Last FPS: 18561.4 | Collect Time: 10.9 min | Train RL Time: 0.1 min | Mean Rewards: -379.31 | Current Best: -363.77
[33m11:03:22 [rigid_object.py] WARNING: The function 'set_external_force_and_torque' will be deprecated in a future release. Please use 'permanent_wrench_composer.set_forces_and_torques' instead.[0m
Agent Steps: 0012M | FPS: 18197.1 | Last FPS: 18831.0 | Collect Time: 11.0 min | Train RL Time: 0.1 min | Mean Rewards: -371.08 | Current Best: -363.77
Agent Steps: 0012M | FPS: 18198.4 | Last FPS: 18705.1 | Collect Time: 11.0 min | Train RL Time: 0.1 min | Mean Rewards: -382.70 | Current Best: -363.77
Agent Steps: 0012M | FPS: 18199.3 | Last FPS: 18513.7 | Collect Time: 11.0 min | Train RL Time: 0.1 min | Mean Rewards: -384.40 | Current Best: -363.77
[33m11:03:27 [rigid_object.py] WARNING: The function 'set_external_force_and_torque' will be deprecated in a future release. Please use 'permanent_wrench_composer.set_forces_and_torques' instead.[0m
Agent Steps: 0012M | FPS: 18200.6 | Last FPS: 18695.5 | Collect Time: 11.1 min | Train RL Time: 0.1 min | Mean Rewards: -387.75 | Current Best: -363.77
Agent Steps: 0012M | FPS: 18201.9 | Last FPS: 18709.3 | Collect Time: 11.1 min | Train RL Time: 0.1 min | Mean Rewards: -390.89 | Current Best: -363.77
Agent Steps: 0012M | FPS: 18202.7 | Last FPS: 18502.5 | Collect Time: 11.1 min | Train RL Time: 0.1 min | Mean Rewards: -390.08 | Current Best: -363.77
[33m11:03:32 [rigid_object.py] WARNING: The function 'set_external_force_and_torque' will be deprecated in a future release. Please use 'permanent_wrench_composer.set_forces_and_torques' instead.[0m
Agent Steps: 0012M | FPS: 18203.2 | Last FPS: 18412.7 | Collect Time: 11.1 min | Train RL Time: 0.1 min | Mean Rewards: -380.00 | Current Best: -363.77
[gravity schedule] step=3000 target_z=0.0000 actual_z=0.0000
Agent Steps: 0012M | FPS: 18203.9 | Last FPS: 18457.8 | Collect Time: 11.2 min | Train RL Time: 0.1 min | Mean Rewards: -381.05 | Current Best: -363.77
[33m11:03:37 [rigid_object.py] WARNING: The function 'set_external_force_and_torque' will be deprecated in a future release. Please use 'permanent_wrench_composer.set_forces_and_torques' instead.[0m
Agent Steps: 0012M | FPS: 18204.1 | Last FPS: 18282.3 | Collect Time: 11.2 min | Train RL Time: 0.1 min | Mean Rewards: -389.13 | Current Best: -363.77
Agent Steps: 0012M | FPS: 18205.1 | Last FPS: 18574.5 | Collect Time: 11.2 min | Train RL Time: 0.1 min | Mean Rewards: -384.87 | Current Best: -363.77
Agent Steps: 0012M | FPS: 18205.6 | Last FPS: 18411.3 | Collect Time: 11.3 min | Train RL Time: 0.1 min | Mean Rewards: -378.71 | Current Best: -363.77
[33m11:03:42 [rigid_object.py] WARNING: The function 'set_external_force_and_torque' will be deprecated in a future release. Please use 'permanent_wrench_composer.set_forces_and_torques' instead.[0m
Agent Steps: 0012M | FPS: 18206.6 | Last FPS: 18581.7 | Collect Time: 11.3 min | Train RL Time: 0.1 min | Mean Rewards: -373.82 | Current Best: -363.77
Agent Steps: 0012M | FPS: 18207.6 | Last FPS: 18615.5 | Collect Time: 11.3 min | Train RL Time: 0.1 min | Mean Rewards: -381.68 | Current Best: -363.77
Agent Steps: 0012M | FPS: 18207.4 | Last FPS: 18124.8 | Collect Time: 11.4 min | Train RL Time: 0.1 min | Mean Rewards: -396.81 | Current Best: -363.77
[33m11:03:48 [rigid_object.py] WARNING: The function 'set_external_force_and_torque' will be deprecated in a future release. Please use 'permanent_wrench_composer.set_forces_and_torques' instead.[0m
Agent Steps: 0012M | FPS: 18208.4 | Last FPS: 18585.2 | Collect Time: 11.4 min | Train RL Time: 0.1 min | Mean Rewards: -390.51 | Current Best: -363.77
Agent Steps: 0012M | FPS: 18209.5 | Last FPS: 18640.0 | Collect Time: 11.4 min | Train RL Time: 0.1 min | Mean Rewards: -385.99 | Current Best: -363.77
Agent Steps: 0012M | FPS: 18210.3 | Last FPS: 18548.9 | Collect Time: 11.4 min | Train RL Time: 0.1 min | Mean Rewards: -389.79 | Current Best: -363.77
[33m11:03:53 [rigid_object.py] WARNING: The function 'set_external_force_and_torque' will be deprecated in a future release. Please use 'permanent_wrench_composer.set_forces_and_torques' instead.[0m
Agent Steps: 0012M | FPS: 18210.7 | Last FPS: 18367.8 | Collect Time: 11.5 min | Train RL Time: 0.1 min | Mean Rewards: -379.57 | Current Best: -363.77
Agent Steps: 0012M | FPS: 18211.5 | Last FPS: 18500.0 | Collect Time: 11.5 min | Train RL Time: 0.1 min | Mean Rewards: -378.62 | Current Best: -363.77
Agent Steps: 0012M | FPS: 18211.1 | Last FPS: 18064.9 | Collect Time: 11.5 min | Train RL Time: 0.1 min | Mean Rewards: -379.34 | Current Best: -363.77
[33m11:03:58 [rigid_object.py] WARNING: The function 'set_external_force_and_torque' will be deprecated in a future release. Please use 'permanent_wrench_composer.set_forces_and_torques' instead.[0m
Agent Steps: 0012M | FPS: 18211.9 | Last FPS: 18540.3 | Collect Time: 11.6 min | Train RL Time: 0.1 min | Mean Rewards: -376.56 | Current Best: -363.77
Agent Steps: 0012M | FPS: 18212.9 | Last FPS: 18614.5 | Collect Time: 11.6 min | Train RL Time: 0.1 min | Mean Rewards: -373.44 | Current Best: -363.77
Agent Steps: 0012M | FPS: 18214.2 | Last FPS: 18718.3 | Collect Time: 11.6 min | Train RL Time: 0.1 min | Mean Rewards: -384.09 | Current Best: -363.77
[33m11:04:03 [rigid_object.py] WARNING: The function 'set_external_force_and_torque' will be deprecated in a future release. Please use 'permanent_wrench_composer.set_forces_and_torques' instead.[0m
Agent Steps: 0012M | FPS: 18214.9 | Last FPS: 18496.0 | Collect Time: 11.6 min | Train RL Time: 0.1 min | Mean Rewards: -379.49 | Current Best: -363.77
Agent Steps: 0012M | FPS: 18216.2 | Last FPS: 18723.6 | Collect Time: 11.7 min | Train RL Time: 0.1 min | Mean Rewards: -388.49 | Current Best: -363.77
Agent Steps: 0012M | FPS: 18217.0 | Last FPS: 18554.3 | Collect Time: 11.7 min | Train RL Time: 0.1 min | Mean Rewards: -392.64 | Current Best: -363.77
[33m11:04:08 [rigid_object.py] WARNING: The function 'set_external_force_and_torque' will be deprecated in a future release. Please use 'permanent_wrench_composer.set_forces_and_torques' instead.[0m
Agent Steps: 0012M | FPS: 18217.4 | Last FPS: 18394.9 | Collect Time: 11.7 min | Train RL Time: 0.1 min | Mean Rewards: -371.50 | Current Best: -363.77
Agent Steps: 0012M | FPS: 18217.8 | Last FPS: 18363.7 | Collect Time: 11.8 min | Train RL Time: 0.1 min | Mean Rewards: -384.18 | Current Best: -363.77
Agent Steps: 0013M | FPS: 18218.5 | Last FPS: 18495.8 | Collect Time: 11.8 min | Train RL Time: 0.1 min | Mean Rewards: -382.58 | Current Best: -363.77
[33m11:04:13 [rigid_object.py] WARNING: The function 'set_external_force_and_torque' will be deprecated in a future release. Please use 'permanent_wrench_composer.set_forces_and_torques' instead.[0m
Agent Steps: 0013M | FPS: 18218.8 | Last FPS: 18321.0 | Collect Time: 11.8 min | Train RL Time: 0.1 min | Mean Rewards: -380.05 | Current Best: -363.77
Agent Steps: 0013M | FPS: 18218.9 | Last FPS: 18288.2 | Collect Time: 11.8 min | Train RL Time: 0.1 min | Mean Rewards: -380.41 | Current Best: -363.77
[33m11:04:18 [rigid_object.py] WARNING: The function 'set_external_force_and_torque' will be deprecated in a future release. Please use 'permanent_wrench_composer.set_forces_and_torques' instead.[0m
Agent Steps: 0013M | FPS: 18219.5 | Last FPS: 18461.7 | Collect Time: 11.9 min | Train RL Time: 0.1 min | Mean Rewards: -399.04 | Current Best: -363.77
[gravity schedule] step=3200 target_z=-0.0417 actual_z=-0.0401
Agent Steps: 0013M | FPS: 18220.6 | Last FPS: 18670.7 | Collect Time: 11.9 min | Train RL Time: 0.1 min | Mean Rewards: -380.54 | Current Best: -363.77
Agent Steps: 0013M | FPS: 18220.8 | Last FPS: 18293.7 | Collect Time: 11.9 min | Train RL Time: 0.1 min | Mean Rewards: -389.30 | Current Best: -363.77
[33m11:04:23 [rigid_object.py] WARNING: The function 'set_external_force_and_torque' will be deprecated in a future release. Please use 'permanent_wrench_composer.set_forces_and_torques' instead.[0m
Agent Steps: 0013M | FPS: 18221.5 | Last FPS: 18524.2 | Collect Time: 12.0 min | Train RL Time: 0.1 min | Mean Rewards: -393.88 | Current Best: -363.77
Agent Steps: 0013M | FPS: 18222.4 | Last FPS: 18554.3 | Collect Time: 12.0 min | Train RL Time: 0.1 min | Mean Rewards: -387.19 | Current Best: -363.77
Agent Steps: 0013M | FPS: 18222.8 | Last FPS: 18405.9 | Collect Time: 12.0 min | Train RL Time: 0.1 min | Mean Rewards: -381.82 | Current Best: -363.77
[33m11:04:28 [rigid_object.py] WARNING: The function 'set_external_force_and_torque' will be deprecated in a future release. Please use 'permanent_wrench_composer.set_forces_and_torques' instead.[0m
Agent Steps: 0013M | FPS: 18223.4 | Last FPS: 18460.4 | Collect Time: 12.1 min | Train RL Time: 0.1 min | Mean Rewards: -372.27 | Current Best: -363.77
Agent Steps: 0013M | FPS: 18223.5 | Last FPS: 18267.9 | Collect Time: 12.1 min | Train RL Time: 0.1 min | Mean Rewards: -390.94 | Current Best: -363.77
Agent Steps: 0013M | FPS: 18223.6 | Last FPS: 18270.5 | Collect Time: 12.1 min | Train RL Time: 0.1 min | Mean Rewards: -383.67 | Current Best: -363.77
[33m11:04:33 [rigid_object.py] WARNING: The function 'set_external_force_and_torque' will be deprecated in a future release. Please use 'permanent_wrench_composer.set_forces_and_torques' instead.[0m
Agent Steps: 0013M | FPS: 18224.0 | Last FPS: 18382.8 | Collect Time: 12.1 min | Train RL Time: 0.1 min | Mean Rewards: -373.45 | Current Best: -363.77
Agent Steps: 0013M | FPS: 18224.6 | Last FPS: 18464.1 | Collect Time: 12.2 min | Train RL Time: 0.1 min | Mean Rewards: -389.28 | Current Best: -363.77
Agent Steps: 0013M | FPS: 18224.6 | Last FPS: 18236.1 | Collect Time: 12.2 min | Train RL Time: 0.1 min | Mean Rewards: -398.32 | Current Best: -363.77
[33m11:04:39 [rigid_object.py] WARNING: The function 'set_external_force_and_torque' will be deprecated in a future release. Please use 'permanent_wrench_composer.set_forces_and_torques' instead.[0m
Agent Steps: 0013M | FPS: 18224.9 | Last FPS: 18366.5 | Collect Time: 12.2 min | Train RL Time: 0.1 min | Mean Rewards: -389.14 | Current Best: -363.77
Agent Steps: 0013M | FPS: 18225.9 | Last FPS: 18630.7 | Collect Time: 12.3 min | Train RL Time: 0.1 min | Mean Rewards: -392.74 | Current Best: -363.77
Agent Steps: 0013M | FPS: 18226.8 | Last FPS: 18590.5 | Collect Time: 12.3 min | Train RL Time: 0.1 min | Mean Rewards: -403.55 | Current Best: -363.77
[33m11:04:44 [rigid_object.py] WARNING: The function 'set_external_force_and_torque' will be deprecated in a future release. Please use 'permanent_wrench_composer.set_forces_and_torques' instead.[0m
Agent Steps: 0013M | FPS: 18227.7 | Last FPS: 18637.9 | Collect Time: 12.3 min | Train RL Time: 0.1 min | Mean Rewards: -380.73 | Current Best: -363.77
Agent Steps: 0013M | FPS: 18228.1 | Last FPS: 18377.7 | Collect Time: 12.3 min | Train RL Time: 0.1 min | Mean Rewards: -402.16 | Current Best: -363.77
Agent Steps: 0013M | FPS: 18228.7 | Last FPS: 18490.2 | Collect Time: 12.4 min | Train RL Time: 0.1 min | Mean Rewards: -386.65 | Current Best: -363.77
[33m11:04:49 [rigid_object.py] WARNING: The function 'set_external_force_and_torque' will be deprecated in a future release. Please use 'permanent_wrench_composer.set_forces_and_torques' instead.[0m
Agent Steps: 0013M | FPS: 18229.7 | Last FPS: 18667.3 | Collect Time: 12.4 min | Train RL Time: 0.1 min | Mean Rewards: -403.47 | Current Best: -363.77
Agent Steps: 0013M | FPS: 18229.0 | Last FPS: 17912.4 | Collect Time: 12.4 min | Train RL Time: 0.1 min | Mean Rewards: -379.95 | Current Best: -363.77
Agent Steps: 0013M | FPS: 18229.4 | Last FPS: 18394.1 | Collect Time: 12.5 min | Train RL Time: 0.1 min | Mean Rewards: -378.57 | Current Best: -363.77
[33m11:04:54 [rigid_object.py] WARNING: The function 'set_external_force_and_torque' will be deprecated in a future release. Please use 'permanent_wrench_composer.set_forces_and_torques' instead.[0m
Agent Steps: 0013M | FPS: 18229.9 | Last FPS: 18479.8 | Collect Time: 12.5 min | Train RL Time: 0.1 min | Mean Rewards: -378.90 | Current Best: -363.77
Agent Steps: 0013M | FPS: 18230.6 | Last FPS: 18502.6 | Collect Time: 12.5 min | Train RL Time: 0.1 min | Mean Rewards: -387.67 | Current Best: -363.77
[33m11:04:59 [rigid_object.py] WARNING: The function 'set_external_force_and_torque' will be deprecated in a future release. Please use 'permanent_wrench_composer.set_forces_and_torques' instead.[0m
Agent Steps: 0013M | FPS: 18230.9 | Last FPS: 18367.4 | Collect Time: 12.6 min | Train RL Time: 0.1 min | Mean Rewards: -380.96 | Current Best: -363.77
Agent Steps: 0013M | FPS: 18231.5 | Last FPS: 18498.7 | Collect Time: 12.6 min | Train RL Time: 0.1 min | Mean Rewards: -382.26 | Current Best: -363.77
Agent Steps: 0013M | FPS: 18232.1 | Last FPS: 18494.3 | Collect Time: 12.6 min | Train RL Time: 0.1 min | Mean Rewards: -383.34 | Current Best: -363.77
[33m11:05:04 [rigid_object.py] WARNING: The function 'set_external_force_and_torque' will be deprecated in a future release. Please use 'permanent_wrench_composer.set_forces_and_torques' instead.[0m
[gravity schedule] step=3400 target_z=-0.0835 actual_z=-0.0801
Agent Steps: 0013M | FPS: 18233.0 | Last FPS: 18596.8 | Collect Time: 12.6 min | Train RL Time: 0.1 min | Mean Rewards: -378.26 | Current Best: -363.77
Agent Steps: 0013M | FPS: 18232.9 | Last FPS: 18218.2 | Collect Time: 12.7 min | Train RL Time: 0.1 min | Mean Rewards: -395.65 | Current Best: -363.77
Agent Steps: 0014M | FPS: 18233.6 | Last FPS: 18507.5 | Collect Time: 12.7 min | Train RL Time: 0.1 min | Mean Rewards: -387.44 | Current Best: -363.77
[33m11:05:09 [rigid_object.py] WARNING: The function 'set_external_force_and_torque' will be deprecated in a future release. Please use 'permanent_wrench_composer.set_forces_and_torques' instead.[0m
Agent Steps: 0014M | FPS: 18233.9 | Last FPS: 18373.3 | Collect Time: 12.7 min | Train RL Time: 0.1 min | Mean Rewards: -394.64 | Current Best: -363.77
Agent Steps: 0014M | FPS: 18234.5 | Last FPS: 18497.6 | Collect Time: 12.8 min | Train RL Time: 0.1 min | Mean Rewards: -377.54 | Current Best: -363.77
Agent Steps: 0014M | FPS: 18235.2 | Last FPS: 18521.9 | Collect Time: 12.8 min | Train RL Time: 0.1 min | Mean Rewards: -399.57 | Current Best: -363.77
[33m11:05:14 [rigid_object.py] WARNING: The function 'set_external_force_and_torque' will be deprecated in a future release. Please use 'permanent_wrench_composer.set_forces_and_torques' instead.[0m
Agent Steps: 0014M | FPS: 18236.4 | Last FPS: 18786.7 | Collect Time: 12.8 min | Train RL Time: 0.1 min | Mean Rewards: -391.73 | Current Best: -363.77
Agent Steps: 0014M | FPS: 18236.7 | Last FPS: 18374.2 | Collect Time: 12.8 min | Train RL Time: 0.1 min | Mean Rewards: -393.78 | Current Best: -363.77
Agent Steps: 0014M | FPS: 18237.1 | Last FPS: 18388.7 | Collect Time: 12.9 min | Train RL Time: 0.1 min | Mean Rewards: -386.77 | Current Best: -363.77
[33m11:05:19 [rigid_object.py] WARNING: The function 'set_external_force_and_torque' will be deprecated in a future release. Please use 'permanent_wrench_composer.set_forces_and_torques' instead.[0m
Agent Steps: 0014M | FPS: 18237.8 | Last FPS: 18552.8 | Collect Time: 12.9 min | Train RL Time: 0.1 min | Mean Rewards: -373.70 | Current Best: -363.77
Agent Steps: 0014M | FPS: 18237.7 | Last FPS: 18223.7 | Collect Time: 12.9 min | Train RL Time: 0.1 min | Mean Rewards: -395.92 | Current Best: -363.77
Agent Steps: 0014M | FPS: 18238.2 | Last FPS: 18454.7 | Collect Time: 13.0 min | Train RL Time: 0.1 min | Mean Rewards: -379.90 | Current Best: -363.77
[33m11:05:25 [rigid_object.py] WARNING: The function 'set_external_force_and_torque' will be deprecated in a future release. Please use 'permanent_wrench_composer.set_forces_and_torques' instead.[0m
Agent Steps: 0014M | FPS: 18238.2 | Last FPS: 18233.5 | Collect Time: 13.0 min | Train RL Time: 0.1 min | Mean Rewards: -383.97 | Current Best: -363.77
Agent Steps: 0014M | FPS: 18238.2 | Last FPS: 18249.0 | Collect Time: 13.0 min | Train RL Time: 0.1 min | Mean Rewards: -402.24 | Current Best: -363.77
Agent Steps: 0014M | FPS: 18238.9 | Last FPS: 18526.6 | Collect Time: 13.1 min | Train RL Time: 0.1 min | Mean Rewards: -389.14 | Current Best: -363.77
[33m11:05:30 [rigid_object.py] WARNING: The function 'set_external_force_and_torque' will be deprecated in a future release. Please use 'permanent_wrench_composer.set_forces_and_torques' instead.[0m
Agent Steps: 0014M | FPS: 18239.5 | Last FPS: 18498.4 | Collect Time: 13.1 min | Train RL Time: 0.1 min | Mean Rewards: -386.68 | Current Best: -363.77
Agent Steps: 0014M | FPS: 18240.1 | Last FPS: 18544.3 | Collect Time: 13.1 min | Train RL Time: 0.1 min | Mean Rewards: -398.25 | Current Best: -363.77
Agent Steps: 0014M | FPS: 18239.9 | Last FPS: 18113.2 | Collect Time: 13.1 min | Train RL Time: 0.1 min | Mean Rewards: -388.07 | Current Best: -363.77
[33m11:05:35 [rigid_object.py] WARNING: The function 'set_external_force_and_torque' will be deprecated in a future release. Please use 'permanent_wrench_composer.set_forces_and_torques' instead.[0m
Agent Steps: 0014M | FPS: 18240.5 | Last FPS: 18522.7 | Collect Time: 13.2 min | Train RL Time: 0.1 min | Mean Rewards: -410.95 | Current Best: -363.77
Agent Steps: 0014M | FPS: 18240.7 | Last FPS: 18349.7 | Collect Time: 13.2 min | Train RL Time: 0.1 min | Mean Rewards: -392.84 | Current Best: -363.77
[33m11:05:40 [rigid_object.py] WARNING: The function 'set_external_force_and_torque' will be deprecated in a future release. Please use 'permanent_wrench_composer.set_forces_and_torques' instead.[0m
Agent Steps: 0014M | FPS: 18241.0 | Last FPS: 18360.6 | Collect Time: 13.2 min | Train RL Time: 0.1 min | Mean Rewards: -383.04 | Current Best: -363.77
Agent Steps: 0014M | FPS: 18241.3 | Last FPS: 18357.0 | Collect Time: 13.3 min | Train RL Time: 0.1 min | Mean Rewards: -377.70 | Current Best: -363.77
Agent Steps: 0014M | FPS: 18241.8 | Last FPS: 18480.8 | Collect Time: 13.3 min | Train RL Time: 0.1 min | Mean Rewards: -390.67 | Current Best: -363.77
[33m11:05:45 [rigid_object.py] WARNING: The function 'set_external_force_and_torque' will be deprecated in a future release. Please use 'permanent_wrench_composer.set_forces_and_torques' instead.[0m
Agent Steps: 0014M | FPS: 18242.3 | Last FPS: 18470.8 | Collect Time: 13.3 min | Train RL Time: 0.1 min | Mean Rewards: -382.47 | Current Best: -363.77
Agent Steps: 0014M | FPS: 18242.7 | Last FPS: 18414.7 | Collect Time: 13.3 min | Train RL Time: 0.1 min | Mean Rewards: -372.61 | Current Best: -363.77
[gravity schedule] step=3600 target_z=-0.1252 actual_z=-0.1202
Agent Steps: 0014M | FPS: 18243.2 | Last FPS: 18494.8 | Collect Time: 13.4 min | Train RL Time: 0.1 min | Mean Rewards: -390.94 | Current Best: -363.77
[33m11:05:50 [rigid_object.py] WARNING: The function 'set_external_force_and_torque' will be deprecated in a future release. Please use 'permanent_wrench_composer.set_forces_and_torques' instead.[0m
Agent Steps: 0014M | FPS: 18243.2 | Last FPS: 18224.7 | Collect Time: 13.4 min | Train RL Time: 0.1 min | Mean Rewards: -377.13 | Current Best: -363.77
Agent Steps: 0014M | FPS: 18243.5 | Last FPS: 18390.1 | Collect Time: 13.4 min | Train RL Time: 0.1 min | Mean Rewards: -391.31 | Current Best: -363.77
Agent Steps: 0014M | FPS: 18243.8 | Last FPS: 18364.4 | Collect Time: 13.5 min | Train RL Time: 0.1 min | Mean Rewards: -389.87 | Current Best: -363.77
[33m11:05:55 [rigid_object.py] WARNING: The function 'set_external_force_and_torque' will be deprecated in a future release. Please use 'permanent_wrench_composer.set_forces_and_torques' instead.[0m
Agent Steps: 0014M | FPS: 18244.1 | Last FPS: 18406.8 | Collect Time: 13.5 min | Train RL Time: 0.1 min | Mean Rewards: -395.07 | Current Best: -363.77
Agent Steps: 0014M | FPS: 18244.2 | Last FPS: 18284.7 | Collect Time: 13.5 min | Train RL Time: 0.1 min | Mean Rewards: -374.63 | Current Best: -363.77
Agent Steps: 0014M | FPS: 18244.5 | Last FPS: 18368.3 | Collect Time: 13.6 min | Train RL Time: 0.1 min | Mean Rewards: -384.80 | Current Best: -363.77
[33m11:06:00 [rigid_object.py] WARNING: The function 'set_external_force_and_torque' will be deprecated in a future release. Please use 'permanent_wrench_composer.set_forces_and_torques' instead.[0m
Agent Steps: 0015M | FPS: 18245.1 | Last FPS: 18533.4 | Collect Time: 13.6 min | Train RL Time: 0.1 min | Mean Rewards: -378.56 | Current Best: -363.77
Agent Steps: 0015M | FPS: 18245.2 | Last FPS: 18298.3 | Collect Time: 13.6 min | Train RL Time: 0.1 min | Mean Rewards: -397.69 | Current Best: -363.77
Agent Steps: 0015M | FPS: 18245.7 | Last FPS: 18496.6 | Collect Time: 13.6 min | Train RL Time: 0.1 min | Mean Rewards: -385.60 | Current Best: -363.77
[33m11:06:06 [rigid_object.py] WARNING: The function 'set_external_force_and_torque' will be deprecated in a future release. Please use 'permanent_wrench_composer.set_forces_and_torques' instead.[0m
Agent Steps: 0015M | FPS: 18246.7 | Last FPS: 18692.8 | Collect Time: 13.7 min | Train RL Time: 0.1 min | Mean Rewards: -376.30 | Current Best: -363.77
Agent Steps: 0015M | FPS: 18247.7 | Last FPS: 18702.0 | Collect Time: 13.7 min | Train RL Time: 0.1 min | Mean Rewards: -371.55 | Current Best: -363.77
Agent Steps: 0015M | FPS: 18247.6 | Last FPS: 18234.5 | Collect Time: 13.7 min | Train RL Time: 0.1 min | Mean Rewards: -394.24 | Current Best: -363.77
[33m11:06:11 [rigid_object.py] WARNING: The function 'set_external_force_and_torque' will be deprecated in a future release. Please use 'permanent_wrench_composer.set_forces_and_torques' instead.[0m
Agent Steps: 0015M | FPS: 18247.6 | Last FPS: 18215.0 | Collect Time: 13.8 min | Train RL Time: 0.1 min | Mean Rewards: -384.86 | Current Best: -363.77
Agent Steps: 0015M | FPS: 18247.7 | Last FPS: 18293.1 | Collect Time: 13.8 min | Train RL Time: 0.1 min | Mean Rewards: -393.93 | Current Best: -363.77
Agent Steps: 0015M | FPS: 18247.9 | Last FPS: 18339.6 | Collect Time: 13.8 min | Train RL Time: 0.1 min | Mean Rewards: -383.13 | Current Best: -363.77
[33m11:06:16 [rigid_object.py] WARNING: The function 'set_external_force_and_torque' will be deprecated in a future release. Please use 'permanent_wrench_composer.set_forces_and_torques' instead.[0m
Agent Steps: 0015M | FPS: 18248.1 | Last FPS: 18386.0 | Collect Time: 13.8 min | Train RL Time: 0.1 min | Mean Rewards: -408.70 | Current Best: -363.77
Agent Steps: 0015M | FPS: 18248.9 | Last FPS: 18606.1 | Collect Time: 13.9 min | Train RL Time: 0.1 min | Mean Rewards: -379.19 | Current Best: -363.77
[33m11:06:21 [rigid_object.py] WARNING: The function 'set_external_force_and_torque' will be deprecated in a future release. Please use 'permanent_wrench_composer.set_forces_and_torques' instead.[0m
Agent Steps: 0015M | FPS: 18249.4 | Last FPS: 18500.1 | Collect Time: 13.9 min | Train RL Time: 0.1 min | Mean Rewards: -378.42 | Current Best: -363.77
Agent Steps: 0015M | FPS: 18249.8 | Last FPS: 18448.2 | Collect Time: 13.9 min | Train RL Time: 0.1 min | Mean Rewards: -389.08 | Current Best: -363.77
Agent Steps: 0015M | FPS: 18250.7 | Last FPS: 18648.2 | Collect Time: 14.0 min | Train RL Time: 0.1 min | Mean Rewards: -397.63 | Current Best: -363.77
[33m11:06:26 [rigid_object.py] WARNING: The function 'set_external_force_and_torque' will be deprecated in a future release. Please use 'permanent_wrench_composer.set_forces_and_torques' instead.[0m
Agent Steps: 0015M | FPS: 18251.1 | Last FPS: 18461.3 | Collect Time: 14.0 min | Train RL Time: 0.1 min | Mean Rewards: -385.03 | Current Best: -363.77
Agent Steps: 0015M | FPS: 18251.0 | Last FPS: 18193.1 | Collect Time: 14.0 min | Train RL Time: 0.1 min | Mean Rewards: -401.84 | Current Best: -363.77
Agent Steps: 0015M | FPS: 18251.8 | Last FPS: 18631.7 | Collect Time: 14.1 min | Train RL Time: 0.1 min | Mean Rewards: -402.55 | Current Best: -363.77
[33m11:06:31 [rigid_object.py] WARNING: The function 'set_external_force_and_torque' will be deprecated in a future release. Please use 'permanent_wrench_composer.set_forces_and_torques' instead.[0m
Agent Steps: 0015M | FPS: 18252.5 | Last FPS: 18602.7 | Collect Time: 14.1 min | Train RL Time: 0.1 min | Mean Rewards: -400.13 | Current Best: -363.77
[gravity schedule] step=3800 target_z=-0.1670 actual_z=-0.1603
Agent Steps: 0015M | FPS: 18252.6 | Last FPS: 18293.4 | Collect Time: 14.1 min | Train RL Time: 0.1 min | Mean Rewards: -387.76 | Current Best: -363.77
Agent Steps: 0015M | FPS: 18253.6 | Last FPS: 18734.8 | Collect Time: 14.1 min | Train RL Time: 0.1 min | Mean Rewards: -396.03 | Current Best: -363.77
[33m11:06:36 [rigid_object.py] WARNING: The function 'set_external_force_and_torque' will be deprecated in a future release. Please use 'permanent_wrench_composer.set_forces_and_torques' instead.[0m
Agent Steps: 0015M | FPS: 18254.0 | Last FPS: 18455.7 | Collect Time: 14.2 min | Train RL Time: 0.1 min | Mean Rewards: -381.01 | Current Best: -363.77
Agent Steps: 0015M | FPS: 18254.5 | Last FPS: 18526.1 | Collect Time: 14.2 min | Train RL Time: 0.1 min | Mean Rewards: -396.17 | Current Best: -363.77
Agent Steps: 0015M | FPS: 18255.0 | Last FPS: 18493.1 | Collect Time: 14.2 min | Train RL Time: 0.1 min | Mean Rewards: -377.35 | Current Best: -363.77
[33m11:06:41 [rigid_object.py] WARNING: The function 'set_external_force_and_torque' will be deprecated in a future release. Please use 'permanent_wrench_composer.set_forces_and_torques' instead.[0m
Agent Steps: 0015M | FPS: 18255.2 | Last FPS: 18327.3 | Collect Time: 14.3 min | Train RL Time: 0.1 min | Mean Rewards: -400.08 | Current Best: -363.77
Agent Steps: 0015M | FPS: 18255.2 | Last FPS: 18247.6 | Collect Time: 14.3 min | Train RL Time: 0.1 min | Mean Rewards: -395.75 | Current Best: -363.77
Agent Steps: 0015M | FPS: 18255.1 | Last FPS: 18239.1 | Collect Time: 14.3 min | Train RL Time: 0.1 min | Mean Rewards: -376.59 | Current Best: -363.77
[33m11:06:46 [rigid_object.py] WARNING: The function 'set_external_force_and_torque' will be deprecated in a future release. Please use 'permanent_wrench_composer.set_forces_and_torques' instead.[0m
Agent Steps: 0015M | FPS: 18255.6 | Last FPS: 18484.4 | Collect Time: 14.3 min | Train RL Time: 0.1 min | Mean Rewards: -394.93 | Current Best: -363.77
Agent Steps: 0015M | FPS: 18256.6 | Last FPS: 18740.2 | Collect Time: 14.4 min | Train RL Time: 0.1 min | Mean Rewards: -412.18 | Current Best: -363.77
Agent Steps: 0015M | FPS: 18256.8 | Last FPS: 18379.3 | Collect Time: 14.4 min | Train RL Time: 0.1 min | Mean Rewards: -387.99 | Current Best: -363.77
[33m11:06:51 [rigid_object.py] WARNING: The function 'set_external_force_and_torque' will be deprecated in a future release. Please use 'permanent_wrench_composer.set_forces_and_torques' instead.[0m
Agent Steps: 0015M | FPS: 18256.4 | Last FPS: 18040.3 | Collect Time: 14.4 min | Train RL Time: 0.1 min | Mean Rewards: -394.71 | Current Best: -363.77
Agent Steps: 0015M | FPS: 18256.7 | Last FPS: 18415.9 | Collect Time: 14.5 min | Train RL Time: 0.1 min | Mean Rewards: -397.50 | Current Best: -363.77
Agent Steps: 0016M | FPS: 18256.6 | Last FPS: 18185.1 | Collect Time: 14.5 min | Train RL Time: 0.1 min | Mean Rewards: -384.05 | Current Best: -363.77
[33m11:06:57 [rigid_object.py] WARNING: The function 'set_external_force_and_torque' will be deprecated in a future release. Please use 'permanent_wrench_composer.set_forces_and_torques' instead.[0m
Agent Steps: 0016M | FPS: 18256.5 | Last FPS: 18221.6 | Collect Time: 14.5 min | Train RL Time: 0.1 min | Mean Rewards: -387.75 | Current Best: -363.77
Agent Steps: 0016M | FPS: 18257.0 | Last FPS: 18492.0 | Collect Time: 14.6 min | Train RL Time: 0.1 min | Mean Rewards: -394.81 | Current Best: -363.77
[33m11:07:02 [rigid_object.py] WARNING: The function 'set_external_force_and_torque' will be deprecated in a future release. Please use 'permanent_wrench_composer.set_forces_and_torques' instead.[0m
Agent Steps: 0016M | FPS: 18257.3 | Last FPS: 18431.3 | Collect Time: 14.6 min | Train RL Time: 0.1 min | Mean Rewards: -382.34 | Current Best: -363.77
Agent Steps: 0016M | FPS: 18256.9 | Last FPS: 18063.5 | Collect Time: 14.6 min | Train RL Time: 0.1 min | Mean Rewards: -399.74 | Current Best: -363.77
Agent Steps: 0016M | FPS: 18257.0 | Last FPS: 18290.9 | Collect Time: 14.6 min | Train RL Time: 0.1 min | Mean Rewards: -391.15 | Current Best: -363.77
[33m11:07:07 [rigid_object.py] WARNING: The function 'set_external_force_and_torque' will be deprecated in a future release. Please use 'permanent_wrench_composer.set_forces_and_torques' instead.[0m
Agent Steps: 0016M | FPS: 18257.4 | Last FPS: 18452.3 | Collect Time: 14.7 min | Train RL Time: 0.1 min | Mean Rewards: -389.57 | Current Best: -363.77
Agent Steps: 0016M | FPS: 18257.8 | Last FPS: 18464.2 | Collect Time: 14.7 min | Train RL Time: 0.1 min | Mean Rewards: -395.51 | Current Best: -363.77
Agent Steps: 0016M | FPS: 18258.5 | Last FPS: 18601.3 | Collect Time: 14.7 min | Train RL Time: 0.1 min | Mean Rewards: -386.09 | Current Best: -363.77
[33m11:07:12 [rigid_object.py] WARNING: The function 'set_external_force_and_torque' will be deprecated in a future release. Please use 'permanent_wrench_composer.set_forces_and_torques' instead.[0m
Agent Steps: 0016M | FPS: 18259.1 | Last FPS: 18574.3 | Collect Time: 14.8 min | Train RL Time: 0.1 min | Mean Rewards: -389.92 | Current Best: -363.77
Agent Steps: 0016M | FPS: 18259.7 | Last FPS: 18578.7 | Collect Time: 14.8 min | Train RL Time: 0.1 min | Mean Rewards: -386.82 | Current Best: -363.77
Agent Steps: 0016M | FPS: 18260.4 | Last FPS: 18614.6 | Collect Time: 14.8 min | Train RL Time: 0.1 min | Mean Rewards: -410.45 | Current Best: -363.77
[33m11:07:17 [rigid_object.py] WARNING: The function 'set_external_force_and_torque' will be deprecated in a future release. Please use 'permanent_wrench_composer.set_forces_and_torques' instead.[0m
[gravity schedule] step=4000 target_z=-0.2087 actual_z=-0.2004
Agent Steps: 0016M | FPS: 18261.2 | Last FPS: 18649.4 | Collect Time: 14.8 min | Train RL Time: 0.1 min | Mean Rewards: -400.79 | Current Best: -363.77
Agent Steps: 0016M | FPS: 18261.5 | Last FPS: 18425.2 | Collect Time: 14.9 min | Train RL Time: 0.1 min | Mean Rewards: -395.27 | Current Best: -363.77
Agent Steps: 0016M | FPS: 18262.0 | Last FPS: 18536.3 | Collect Time: 14.9 min | Train RL Time: 0.1 min | Mean Rewards: -402.34 | Current Best: -363.77
[33m11:07:22 [rigid_object.py] WARNING: The function 'set_external_force_and_torque' will be deprecated in a future release. Please use 'permanent_wrench_composer.set_forces_and_torques' instead.[0m
Agent Steps: 0016M | FPS: 18262.3 | Last FPS: 18375.3 | Collect Time: 14.9 min | Train RL Time: 0.1 min | Mean Rewards: -386.85 | Current Best: -363.77
Agent Steps: 0016M | FPS: 18262.3 | Last FPS: 18276.9 | Collect Time: 15.0 min | Train RL Time: 0.1 min | Mean Rewards: -397.16 | Current Best: -363.77
Agent Steps: 0016M | FPS: 18262.4 | Last FPS: 18332.1 | Collect Time: 15.0 min | Train RL Time: 0.1 min | Mean Rewards: -395.06 | Current Best: -363.77
[33m11:07:27 [rigid_object.py] WARNING: The function 'set_external_force_and_torque' will be deprecated in a future release. Please use 'permanent_wrench_composer.set_forces_and_torques' instead.[0m
Agent Steps: 0016M | FPS: 18262.6 | Last FPS: 18332.5 | Collect Time: 15.0 min | Train RL Time: 0.1 min | Mean Rewards: -414.94 | Current Best: -363.77
Agent Steps: 0016M | FPS: 18262.6 | Last FPS: 18282.2 | Collect Time: 15.1 min | Train RL Time: 0.1 min | Mean Rewards: -388.31 | Current Best: -363.77
Agent Steps: 0016M | FPS: 18262.6 | Last FPS: 18259.7 | Collect Time: 15.1 min | Train RL Time: 0.1 min | Mean Rewards: -380.63 | Current Best: -363.77
[33m11:07:32 [rigid_object.py] WARNING: The function 'set_external_force_and_torque' will be deprecated in a future release. Please use 'permanent_wrench_composer.set_forces_and_torques' instead.[0m
Agent Steps: 0016M | FPS: 18263.2 | Last FPS: 18578.4 | Collect Time: 15.1 min | Train RL Time: 0.1 min | Mean Rewards: -395.84 | Current Best: -363.77
Agent Steps: 0016M | FPS: 18263.4 | Last FPS: 18345.9 | Collect Time: 15.1 min | Train RL Time: 0.1 min | Mean Rewards: -385.84 | Current Best: -363.77
Agent Steps: 0016M | FPS: 18263.9 | Last FPS: 18549.9 | Collect Time: 15.2 min | Train RL Time: 0.1 min | Mean Rewards: -393.68 | Current Best: -363.77
[33m11:07:38 [rigid_object.py] WARNING: The function 'set_external_force_and_torque' will be deprecated in a future release. Please use 'permanent_wrench_composer.set_forces_and_torques' instead.[0m
Agent Steps: 0016M | FPS: 18264.1 | Last FPS: 18336.8 | Collect Time: 15.2 min | Train RL Time: 0.1 min | Mean Rewards: -393.49 | Current Best: -363.77
Agent Steps: 0016M | FPS: 18264.3 | Last FPS: 18411.5 | Collect Time: 15.2 min | Train RL Time: 0.1 min | Mean Rewards: -391.57 | Current Best: -363.77
[33m11:07:43 [rigid_object.py] WARNING: The function 'set_external_force_and_torque' will be deprecated in a future release. Please use 'permanent_wrench_composer.set_forces_and_torques' instead.[0m
Agent Steps: 0016M | FPS: 18264.4 | Last FPS: 18306.3 | Collect Time: 15.3 min | Train RL Time: 0.1 min | Mean Rewards: -402.75 | Current Best: -363.77
Agent Steps: 0016M | FPS: 18265.0 | Last FPS: 18544.4 | Collect Time: 15.3 min | Train RL Time: 0.1 min | Mean Rewards: -385.26 | Current Best: -363.77
Agent Steps: 0016M | FPS: 18265.2 | Last FPS: 18371.4 | Collect Time: 15.3 min | Train RL Time: 0.1 min | Mean Rewards: -386.23 | Current Best: -363.77
[33m11:07:48 [rigid_object.py] WARNING: The function 'set_external_force_and_torque' will be deprecated in a future release. Please use 'permanent_wrench_composer.set_forces_and_torques' instead.[0m
Agent Steps: 0016M | FPS: 18265.4 | Last FPS: 18393.2 | Collect Time: 15.3 min | Train RL Time: 0.1 min | Mean Rewards: -393.72 | Current Best: -363.77
Agent Steps: 0017M | FPS: 18265.4 | Last FPS: 18270.9 | Collect Time: 15.4 min | Train RL Time: 0.1 min | Mean Rewards: -387.18 | Current Best: -363.77
Agent Steps: 0017M | FPS: 18265.7 | Last FPS: 18395.1 | Collect Time: 15.4 min | Train RL Time: 0.1 min | Mean Rewards: -396.30 | Current Best: -363.77
[33m11:07:53 [rigid_object.py] WARNING: The function 'set_external_force_and_torque' will be deprecated in a future release. Please use 'permanent_wrench_composer.set_forces_and_torques' instead.[0m
Agent Steps: 0017M | FPS: 18265.6 | Last FPS: 18242.8 | Collect Time: 15.4 min | Train RL Time: 0.1 min | Mean Rewards: -395.55 | Current Best: -363.77
Agent Steps: 0017M | FPS: 18265.6 | Last FPS: 18229.5 | Collect Time: 15.5 min | Train RL Time: 0.1 min | Mean Rewards: -378.81 | Current Best: -363.77
Agent Steps: 0017M | FPS: 18265.2 | Last FPS: 18092.1 | Collect Time: 15.5 min | Train RL Time: 0.1 min | Mean Rewards: -409.84 | Current Best: -363.77
[33m11:07:58 [rigid_object.py] WARNING: The function 'set_external_force_and_torque' will be deprecated in a future release. Please use 'permanent_wrench_composer.set_forces_and_torques' instead.[0m
Agent Steps: 0017M | FPS: 18264.9 | Last FPS: 18116.0 | Collect Time: 15.5 min | Train RL Time: 0.1 min | Mean Rewards: -396.74 | Current Best: -363.77
Agent Steps: 0017M | FPS: 18265.1 | Last FPS: 18332.1 | Collect Time: 15.6 min | Train RL Time: 0.1 min | Mean Rewards: -398.02 | Current Best: -363.77
[gravity schedule] step=4200 target_z=-0.2505 actual_z=-0.2404
Agent Steps: 0017M | FPS: 18265.1 | Last FPS: 18304.5 | Collect Time: 15.6 min | Train RL Time: 0.1 min | Mean Rewards: -395.64 | Current Best: -363.77
[33m11:08:03 [rigid_object.py] WARNING: The function 'set_external_force_and_torque' will be deprecated in a future release. Please use 'permanent_wrench_composer.set_forces_and_torques' instead.[0m
Agent Steps: 0017M | FPS: 18265.2 | Last FPS: 18321.4 | Collect Time: 15.6 min | Train RL Time: 0.1 min | Mean Rewards: -406.74 | Current Best: -363.77
Agent Steps: 0017M | FPS: 18265.3 | Last FPS: 18280.6 | Collect Time: 15.6 min | Train RL Time: 0.1 min | Mean Rewards: -390.84 | Current Best: -363.77
Agent Steps: 0017M | FPS: 18265.9 | Last FPS: 18592.4 | Collect Time: 15.7 min | Train RL Time: 0.1 min | Mean Rewards: -392.57 | Current Best: -363.77
[33m11:08:08 [rigid_object.py] WARNING: The function 'set_external_force_and_torque' will be deprecated in a future release. Please use 'permanent_wrench_composer.set_forces_and_torques' instead.[0m
Agent Steps: 0017M | FPS: 18265.8 | Last FPS: 18208.4 | Collect Time: 15.7 min | Train RL Time: 0.1 min | Mean Rewards: -399.56 | Current Best: -363.77
Agent Steps: 0017M | FPS: 18265.8 | Last FPS: 18301.0 | Collect Time: 15.7 min | Train RL Time: 0.1 min | Mean Rewards: -406.32 | Current Best: -363.77
Agent Steps: 0017M | FPS: 18265.4 | Last FPS: 18045.0 | Collect Time: 15.8 min | Train RL Time: 0.1 min | Mean Rewards: -388.89 | Current Best: -363.77
[33m11:08:14 [rigid_object.py] WARNING: The function 'set_external_force_and_torque' will be deprecated in a future release. Please use 'permanent_wrench_composer.set_forces_and_torques' instead.[0m
Agent Steps: 0017M | FPS: 18265.6 | Last FPS: 18345.5 | Collect Time: 15.8 min | Train RL Time: 0.1 min | Mean Rewards: -408.77 | Current Best: -363.77
Agent Steps: 0017M | FPS: 18265.4 | Last FPS: 18186.0 | Collect Time: 15.8 min | Train RL Time: 0.1 min | Mean Rewards: -399.53 | Current Best: -363.77
Agent Steps: 0017M | FPS: 18265.4 | Last FPS: 18237.1 | Collect Time: 15.8 min | Train RL Time: 0.1 min | Mean Rewards: -409.35 | Current Best: -363.77
[33m11:08:19 [rigid_object.py] WARNING: The function 'set_external_force_and_torque' will be deprecated in a future release. Please use 'permanent_wrench_composer.set_forces_and_torques' instead.[0m
Agent Steps: 0017M | FPS: 18265.9 | Last FPS: 18548.9 | Collect Time: 15.9 min | Train RL Time: 0.1 min | Mean Rewards: -392.72 | Current Best: -363.77
Agent Steps: 0017M | FPS: 18265.5 | Last FPS: 18065.8 | Collect Time: 15.9 min | Train RL Time: 0.1 min | Mean Rewards: -399.18 | Current Best: -363.77
[33m11:08:24 [rigid_object.py] WARNING: The function 'set_external_force_and_torque' will be deprecated in a future release. Please use 'permanent_wrench_composer.set_forces_and_torques' instead.[0m
Agent Steps: 0017M | FPS: 18266.0 | Last FPS: 18530.2 | Collect Time: 15.9 min | Train RL Time: 0.1 min | Mean Rewards: -398.48 | Current Best: -363.77
Agent Steps: 0017M | FPS: 18266.0 | Last FPS: 18264.9 | Collect Time: 16.0 min | Train RL Time: 0.1 min | Mean Rewards: -396.76 | Current Best: -363.77
Agent Steps: 0017M | FPS: 18266.3 | Last FPS: 18431.9 | Collect Time: 16.0 min | Train RL Time: 0.1 min | Mean Rewards: -385.48 | Current Best: -363.77
[33m11:08:29 [rigid_object.py] WARNING: The function 'set_external_force_and_torque' will be deprecated in a future release. Please use 'permanent_wrench_composer.set_forces_and_torques' instead.[0m
Agent Steps: 0017M | FPS: 18266.8 | Last FPS: 18547.8 | Collect Time: 16.0 min | Train RL Time: 0.1 min | Mean Rewards: -387.95 | Current Best: -363.77
Agent Steps: 0017M | FPS: 18267.5 | Last FPS: 18667.1 | Collect Time: 16.1 min | Train RL Time: 0.1 min | Mean Rewards: -383.83 | Current Best: -363.77
Agent Steps: 0017M | FPS: 18267.9 | Last FPS: 18476.6 | Collect Time: 16.1 min | Train RL Time: 0.1 min | Mean Rewards: -407.15 | Current Best: -363.77
[33m11:08:34 [rigid_object.py] WARNING: The function 'set_external_force_and_torque' will be deprecated in a future release. Please use 'permanent_wrench_composer.set_forces_and_torques' instead.[0m
Agent Steps: 0017M | FPS: 18268.3 | Last FPS: 18468.7 | Collect Time: 16.1 min | Train RL Time: 0.1 min | Mean Rewards: -402.56 | Current Best: -363.77
Agent Steps: 0017M | FPS: 18268.9 | Last FPS: 18610.6 | Collect Time: 16.1 min | Train RL Time: 0.1 min | Mean Rewards: -384.32 | Current Best: -363.77
Agent Steps: 0017M | FPS: 18268.9 | Last FPS: 18291.1 | Collect Time: 16.2 min | Train RL Time: 0.1 min | Mean Rewards: -416.69 | Current Best: -363.77
[33m11:08:39 [rigid_object.py] WARNING: The function 'set_external_force_and_torque' will be deprecated in a future release. Please use 'permanent_wrench_composer.set_forces_and_torques' instead.[0m
Agent Steps: 0017M | FPS: 18269.3 | Last FPS: 18450.4 | Collect Time: 16.2 min | Train RL Time: 0.1 min | Mean Rewards: -387.48 | Current Best: -363.77
Agent Steps: 0017M | FPS: 18269.6 | Last FPS: 18430.6 | Collect Time: 16.2 min | Train RL Time: 0.1 min | Mean Rewards: -391.97 | Current Best: -363.77
Agent Steps: 0017M | FPS: 18269.7 | Last FPS: 18330.6 | Collect Time: 16.3 min | Train RL Time: 0.1 min | Mean Rewards: -403.32 | Current Best: -363.77
[33m11:08:44 [rigid_object.py] WARNING: The function 'set_external_force_and_torque' will be deprecated in a future release. Please use 'permanent_wrench_composer.set_forces_and_torques' instead.[0m
Agent Steps: 0018M | FPS: 18269.7 | Last FPS: 18308.4 | Collect Time: 16.3 min | Train RL Time: 0.1 min | Mean Rewards: -384.17 | Current Best: -363.77
[gravity schedule] step=4400 target_z=-0.2922 actual_z=-0.2905
Agent Steps: 0018M | FPS: 18269.9 | Last FPS: 18388.3 | Collect Time: 16.3 min | Train RL Time: 0.1 min | Mean Rewards: -392.83 | Current Best: -363.77
Agent Steps: 0018M | FPS: 18270.0 | Last FPS: 18304.1 | Collect Time: 16.3 min | Train RL Time: 0.1 min | Mean Rewards: -387.72 | Current Best: -363.77
[33m11:08:49 [rigid_object.py] WARNING: The function 'set_external_force_and_torque' will be deprecated in a future release. Please use 'permanent_wrench_composer.set_forces_and_torques' instead.[0m
Agent Steps: 0018M | FPS: 18270.4 | Last FPS: 18461.0 | Collect Time: 16.4 min | Train RL Time: 0.1 min | Mean Rewards: -398.90 | Current Best: -363.77
Agent Steps: 0018M | FPS: 18270.2 | Last FPS: 18192.5 | Collect Time: 16.4 min | Train RL Time: 0.1 min | Mean Rewards: -408.05 | Current Best: -363.77
Agent Steps: 0018M | FPS: 18270.6 | Last FPS: 18508.4 | Collect Time: 16.4 min | Train RL Time: 0.1 min | Mean Rewards: -398.56 | Current Best: -363.77
[33m11:08:55 [rigid_object.py] WARNING: The function 'set_external_force_and_torque' will be deprecated in a future release. Please use 'permanent_wrench_composer.set_forces_and_torques' instead.[0m
Agent Steps: 0018M | FPS: 18270.7 | Last FPS: 18309.1 | Collect Time: 16.5 min | Train RL Time: 0.1 min | Mean Rewards: -413.25 | Current Best: -363.77
Agent Steps: 0018M | FPS: 18271.2 | Last FPS: 18552.2 | Collect Time: 16.5 min | Train RL Time: 0.1 min | Mean Rewards: -401.02 | Current Best: -363.77
Agent Steps: 0018M | FPS: 18271.4 | Last FPS: 18398.3 | Collect Time: 16.5 min | Train RL Time: 0.1 min | Mean Rewards: -401.83 | Current Best: -363.77
[33m11:09:00 [rigid_object.py] WARNING: The function 'set_external_force_and_torque' will be deprecated in a future release. Please use 'permanent_wrench_composer.set_forces_and_torques' instead.[0m
Agent Steps: 0018M | FPS: 18271.7 | Last FPS: 18429.5 | Collect Time: 16.6 min | Train RL Time: 0.1 min | Mean Rewards: -414.76 | Current Best: -363.77
Agent Steps: 0018M | FPS: 18272.3 | Last FPS: 18583.0 | Collect Time: 16.6 min | Train RL Time: 0.1 min | Mean Rewards: -399.88 | Current Best: -363.77
[33m11:09:05 [rigid_object.py] WARNING: The function 'set_external_force_and_torque' will be deprecated in a future release. Please use 'permanent_wrench_composer.set_forces_and_torques' instead.[0m
Agent Steps: 0018M | FPS: 18272.9 | Last FPS: 18650.8 | Collect Time: 16.6 min | Train RL Time: 0.1 min | Mean Rewards: -413.93 | Current Best: -363.77
Agent Steps: 0018M | FPS: 18273.2 | Last FPS: 18445.6 | Collect Time: 16.6 min | Train RL Time: 0.1 min | Mean Rewards: -413.23 | Current Best: -363.77
Agent Steps: 0018M | FPS: 18273.2 | Last FPS: 18240.0 | Collect Time: 16.7 min | Train RL Time: 0.1 min | Mean Rewards: -400.17 | Current Best: -363.77
[33m11:09:10 [rigid_object.py] WARNING: The function 'set_external_force_and_torque' will be deprecated in a future release. Please use 'permanent_wrench_composer.set_forces_and_torques' instead.[0m
Agent Steps: 0018M | FPS: 18273.0 | Last FPS: 18197.4 | Collect Time: 16.7 min | Train RL Time: 0.1 min | Mean Rewards: -406.71 | Current Best: -363.77
Agent Steps: 0018M | FPS: 18273.4 | Last FPS: 18505.3 | Collect Time: 16.7 min | Train RL Time: 0.1 min | Mean Rewards: -411.59 | Current Best: -363.77
Agent Steps: 0018M | FPS: 18273.8 | Last FPS: 18473.3 | Collect Time: 16.8 min | Train RL Time: 0.1 min | Mean Rewards: -386.37 | Current Best: -363.77
[33m11:09:15 [rigid_object.py] WARNING: The function 'set_external_force_and_torque' will be deprecated in a future release. Please use 'permanent_wrench_composer.set_forces_and_torques' instead.[0m
Agent Steps: 0018M | FPS: 18273.8 | Last FPS: 18272.5 | Collect Time: 16.8 min | Train RL Time: 0.1 min | Mean Rewards: -406.50 | Current Best: -363.77
Agent Steps: 0018M | FPS: 18273.8 | Last FPS: 18277.3 | Collect Time: 16.8 min | Train RL Time: 0.1 min | Mean Rewards: -403.67 | Current Best: -363.77
Agent Steps: 0018M | FPS: 18274.1 | Last FPS: 18456.3 | Collect Time: 16.8 min | Train RL Time: 0.1 min | Mean Rewards: -401.33 | Current Best: -363.77
[33m11:09:20 [rigid_object.py] WARNING: The function 'set_external_force_and_torque' will be deprecated in a future release. Please use 'permanent_wrench_composer.set_forces_and_torques' instead.[0m
Agent Steps: 0018M | FPS: 18274.1 | Last FPS: 18249.5 | Collect Time: 16.9 min | Train RL Time: 0.1 min | Mean Rewards: -394.76 | Current Best: -363.77
Agent Steps: 0018M | FPS: 18274.0 | Last FPS: 18264.7 | Collect Time: 16.9 min | Train RL Time: 0.1 min | Mean Rewards: -399.47 | Current Best: -363.77
Agent Steps: 0018M | FPS: 18274.6 | Last FPS: 18582.8 | Collect Time: 16.9 min | Train RL Time: 0.1 min | Mean Rewards: -397.27 | Current Best: -363.77
[33m11:09:25 [rigid_object.py] WARNING: The function 'set_external_force_and_torque' will be deprecated in a future release. Please use 'permanent_wrench_composer.set_forces_and_torques' instead.[0m
Agent Steps: 0018M | FPS: 18275.0 | Last FPS: 18503.8 | Collect Time: 17.0 min | Train RL Time: 0.1 min | Mean Rewards: -407.53 | Current Best: -363.77
Agent Steps: 0018M | FPS: 18275.3 | Last FPS: 18491.0 | Collect Time: 17.0 min | Train RL Time: 0.1 min | Mean Rewards: -404.21 | Current Best: -363.77
Agent Steps: 0018M | FPS: 18275.3 | Last FPS: 18249.4 | Collect Time: 17.0 min | Train RL Time: 0.1 min | Mean Rewards: -385.69 | Current Best: -363.77
[33m11:09:30 [rigid_object.py] WARNING: The function 'set_external_force_and_torque' will be deprecated in a future release. Please use 'permanent_wrench_composer.set_forces_and_torques' instead.[0m
[gravity schedule] step=4600 target_z=-0.3340 actual_z=-0.3306
Agent Steps: 0018M | FPS: 18275.1 | Last FPS: 18180.6 | Collect Time: 17.1 min | Train RL Time: 0.1 min | Mean Rewards: -400.38 | Current Best: -363.77
Agent Steps: 0018M | FPS: 18275.4 | Last FPS: 18432.0 | Collect Time: 17.1 min | Train RL Time: 0.1 min | Mean Rewards: -405.38 | Current Best: -363.77
Agent Steps: 0018M | FPS: 18275.7 | Last FPS: 18439.0 | Collect Time: 17.1 min | Train RL Time: 0.1 min | Mean Rewards: -411.98 | Current Best: -363.77
[33m11:09:36 [rigid_object.py] WARNING: The function 'set_external_force_and_torque' will be deprecated in a future release. Please use 'permanent_wrench_composer.set_forces_and_torques' instead.[0m
Agent Steps: 0018M | FPS: 18276.0 | Last FPS: 18467.7 | Collect Time: 17.1 min | Train RL Time: 0.1 min | Mean Rewards: -390.62 | Current Best: -363.77
Agent Steps: 0019M | FPS: 18276.0 | Last FPS: 18242.3 | Collect Time: 17.2 min | Train RL Time: 0.1 min | Mean Rewards: -399.64 | Current Best: -363.77
Agent Steps: 0019M | FPS: 18276.3 | Last FPS: 18494.6 | Collect Time: 17.2 min | Train RL Time: 0.1 min | Mean Rewards: -415.27 | Current Best: -363.77
[33m11:09:41 [rigid_object.py] WARNING: The function 'set_external_force_and_torque' will be deprecated in a future release. Please use 'permanent_wrench_composer.set_forces_and_torques' instead.[0m
Agent Steps: 0019M | FPS: 18276.6 | Last FPS: 18456.5 | Collect Time: 17.2 min | Train RL Time: 0.1 min | Mean Rewards: -405.07 | Current Best: -363.77
Agent Steps: 0019M | FPS: 18276.7 | Last FPS: 18329.2 | Collect Time: 17.3 min | Train RL Time: 0.1 min | Mean Rewards: -388.38 | Current Best: -363.77
[33m11:09:46 [rigid_object.py] WARNING: The function 'set_external_force_and_torque' will be deprecated in a future release. Please use 'permanent_wrench_composer.set_forces_and_torques' instead.[0m
Agent Steps: 0019M | FPS: 18276.9 | Last FPS: 18402.3 | Collect Time: 17.3 min | Train RL Time: 0.1 min | Mean Rewards: -407.51 | Current Best: -363.77
Agent Steps: 0019M | FPS: 18277.1 | Last FPS: 18356.1 | Collect Time: 17.3 min | Train RL Time: 0.1 min | Mean Rewards: -402.60 | Current Best: -363.77
Agent Steps: 0019M | FPS: 18276.9 | Last FPS: 18179.9 | Collect Time: 17.4 min | Train RL Time: 0.1 min | Mean Rewards: -414.21 | Current Best: -363.77
[33m11:09:51 [rigid_object.py] WARNING: The function 'set_external_force_and_torque' will be deprecated in a future release. Please use 'permanent_wrench_composer.set_forces_and_torques' instead.[0m
Agent Steps: 0019M | FPS: 18277.0 | Last FPS: 18350.7 | Collect Time: 17.4 min | Train RL Time: 0.1 min | Mean Rewards: -412.91 | Current Best: -363.77
Agent Steps: 0019M | FPS: 18276.9 | Last FPS: 18231.3 | Collect Time: 17.4 min | Train RL Time: 0.1 min | Mean Rewards: -407.62 | Current Best: -363.77
Agent Steps: 0019M | FPS: 18276.7 | Last FPS: 18131.2 | Collect Time: 17.4 min | Train RL Time: 0.1 min | Mean Rewards: -417.48 | Current Best: -363.77
[33m11:09:56 [rigid_object.py] WARNING: The function 'set_external_force_and_torque' will be deprecated in a future release. Please use 'permanent_wrench_composer.set_forces_and_torques' instead.[0m
Agent Steps: 0019M | FPS: 18276.2 | Last FPS: 18001.9 | Collect Time: 17.5 min | Train RL Time: 0.1 min | Mean Rewards: -400.28 | Current Best: -363.77
Agent Steps: 0019M | FPS: 18276.3 | Last FPS: 18305.7 | Collect Time: 17.5 min | Train RL Time: 0.1 min | Mean Rewards: -396.89 | Current Best: -363.77
Agent Steps: 0019M | FPS: 18276.1 | Last FPS: 18163.0 | Collect Time: 17.5 min | Train RL Time: 0.1 min | Mean Rewards: -413.09 | Current Best: -363.77
[33m11:10:01 [rigid_object.py] WARNING: The function 'set_external_force_and_torque' will be deprecated in a future release. Please use 'permanent_wrench_composer.set_forces_and_torques' instead.[0m
Agent Steps: 0019M | FPS: 18276.5 | Last FPS: 18512.1 | Collect Time: 17.6 min | Train RL Time: 0.1 min | Mean Rewards: -415.22 | Current Best: -363.77
Agent Steps: 0019M | FPS: 18276.6 | Last FPS: 18346.1 | Collect Time: 17.6 min | Train RL Time: 0.1 min | Mean Rewards: -410.10 | Current Best: -363.77
Agent Steps: 0019M | FPS: 18277.0 | Last FPS: 18545.4 | Collect Time: 17.6 min | Train RL Time: 0.1 min | Mean Rewards: -394.30 | Current Best: -363.77
[33m11:10:06 [rigid_object.py] WARNING: The function 'set_external_force_and_torque' will be deprecated in a future release. Please use 'permanent_wrench_composer.set_forces_and_torques' instead.[0m
Agent Steps: 0019M | FPS: 18277.1 | Last FPS: 18319.7 | Collect Time: 17.6 min | Train RL Time: 0.1 min | Mean Rewards: -401.45 | Current Best: -363.77
Agent Steps: 0019M | FPS: 18276.9 | Last FPS: 18181.0 | Collect Time: 17.7 min | Train RL Time: 0.1 min | Mean Rewards: -405.46 | Current Best: -363.77
Agent Steps: 0019M | FPS: 18276.9 | Last FPS: 18263.3 | Collect Time: 17.7 min | Train RL Time: 0.1 min | Mean Rewards: -408.13 | Current Best: -363.77
[33m11:10:12 [rigid_object.py] WARNING: The function 'set_external_force_and_torque' will be deprecated in a future release. Please use 'permanent_wrench_composer.set_forces_and_torques' instead.[0m
Agent Steps: 0019M | FPS: 18277.2 | Last FPS: 18438.0 | Collect Time: 17.7 min | Train RL Time: 0.1 min | Mean Rewards: -406.05 | Current Best: -363.77
Agent Steps: 0019M | FPS: 18277.6 | Last FPS: 18522.7 | Collect Time: 17.8 min | Train RL Time: 0.1 min | Mean Rewards: -418.52 | Current Best: -363.77
[gravity schedule] step=4800 target_z=-0.3757 actual_z=-0.3707
Agent Steps: 0019M | FPS: 18278.1 | Last FPS: 18616.4 | Collect Time: 17.8 min | Train RL Time: 0.1 min | Mean Rewards: -394.24 | Current Best: -363.77
[33m11:10:17 [rigid_object.py] WARNING: The function 'set_external_force_and_torque' will be deprecated in a future release. Please use 'permanent_wrench_composer.set_forces_and_torques' instead.[0m
Agent Steps: 0019M | FPS: 18278.9 | Last FPS: 18751.0 | Collect Time: 17.8 min | Train RL Time: 0.1 min | Mean Rewards: -397.11 | Current Best: -363.77
Agent Steps: 0019M | FPS: 18279.5 | Last FPS: 18610.5 | Collect Time: 17.9 min | Train RL Time: 0.1 min | Mean Rewards: -426.03 | Current Best: -363.77
Agent Steps: 0019M | FPS: 18279.5 | Last FPS: 18297.2 | Collect Time: 17.9 min | Train RL Time: 0.1 min | Mean Rewards: -427.06 | Current Best: -363.77
[33m11:10:22 [rigid_object.py] WARNING: The function 'set_external_force_and_torque' will be deprecated in a future release. Please use 'permanent_wrench_composer.set_forces_and_torques' instead.[0m
Agent Steps: 0019M | FPS: 18280.0 | Last FPS: 18628.3 | Collect Time: 17.9 min | Train RL Time: 0.1 min | Mean Rewards: -422.46 | Current Best: -363.77
Agent Steps: 0019M | FPS: 18280.4 | Last FPS: 18485.6 | Collect Time: 17.9 min | Train RL Time: 0.1 min | Mean Rewards: -407.37 | Current Best: -363.77
[33m11:10:27 [rigid_object.py] WARNING: The function 'set_external_force_and_torque' will be deprecated in a future release. Please use 'permanent_wrench_composer.set_forces_and_torques' instead.[0m
Agent Steps: 0019M | FPS: 18280.3 | Last FPS: 18255.9 | Collect Time: 18.0 min | Train RL Time: 0.1 min | Mean Rewards: -406.27 | Current Best: -363.77
Agent Steps: 0019M | FPS: 18280.4 | Last FPS: 18309.0 | Collect Time: 18.0 min | Train RL Time: 0.1 min | Mean Rewards: -405.98 | Current Best: -363.77
Agent Steps: 0019M | FPS: 18280.5 | Last FPS: 18349.9 | Collect Time: 18.0 min | Train RL Time: 0.1 min | Mean Rewards: -432.80 | Current Best: -363.77
[33m11:10:32 [rigid_object.py] WARNING: The function 'set_external_force_and_torque' will be deprecated in a future release. Please use 'permanent_wrench_composer.set_forces_and_torques' instead.[0m
Agent Steps: 0019M | FPS: 18280.8 | Last FPS: 18457.5 | Collect Time: 18.1 min | Train RL Time: 0.1 min | Mean Rewards: -392.89 | Current Best: -363.77
Agent Steps: 0020M | FPS: 18281.2 | Last FPS: 18520.9 | Collect Time: 18.1 min | Train RL Time: 0.1 min | Mean Rewards: -403.91 | Current Best: -363.77
Agent Steps: 0020M | FPS: 18281.5 | Last FPS: 18466.8 | Collect Time: 18.1 min | Train RL Time: 0.1 min | Mean Rewards: -412.49 | Current Best: -363.77
[33m11:10:37 [rigid_object.py] WARNING: The function 'set_external_force_and_torque' will be deprecated in a future release. Please use 'permanent_wrench_composer.set_forces_and_torques' instead.[0m
Agent Steps: 0020M | FPS: 18281.8 | Last FPS: 18473.1 | Collect Time: 18.1 min | Train RL Time: 0.1 min | Mean Rewards: -418.55 | Current Best: -363.77
Agent Steps: 0020M | FPS: 18281.8 | Last FPS: 18307.8 | Collect Time: 18.2 min | Train RL Time: 0.1 min | Mean Rewards: -411.99 | Current Best: -363.77
Agent Steps: 0020M | FPS: 18282.4 | Last FPS: 18648.0 | Collect Time: 18.2 min | Train RL Time: 0.1 min | Mean Rewards: -411.74 | Current Best: -363.77
[33m11:10:42 [rigid_object.py] WARNING: The function 'set_external_force_and_torque' will be deprecated in a future release. Please use 'permanent_wrench_composer.set_forces_and_torques' instead.[0m
Agent Steps: 0020M | FPS: 18283.0 | Last FPS: 18667.0 | Collect Time: 18.2 min | Train RL Time: 0.1 min | Mean Rewards: -401.13 | Current Best: -363.77
Agent Steps: 0020M | FPS: 18283.4 | Last FPS: 18532.5 | Collect Time: 18.3 min | Train RL Time: 0.1 min | Mean Rewards: -410.38 | Current Best: -363.77
Agent Steps: 0020M | FPS: 18284.0 | Last FPS: 18663.9 | Collect Time: 18.3 min | Train RL Time: 0.1 min | Mean Rewards: -410.13 | Current Best: -363.77
[33m11:10:47 [rigid_object.py] WARNING: The function 'set_external_force_and_torque' will be deprecated in a future release. Please use 'permanent_wrench_composer.set_forces_and_torques' instead.[0m
Agent Steps: 0020M | FPS: 18284.4 | Last FPS: 18522.1 | Collect Time: 18.3 min | Train RL Time: 0.1 min | Mean Rewards: -411.24 | Current Best: -363.77
Agent Steps: 0020M | FPS: 18284.9 | Last FPS: 18596.5 | Collect Time: 18.3 min | Train RL Time: 0.1 min | Mean Rewards: -417.13 | Current Best: -363.77
Agent Steps: 0020M | FPS: 18285.6 | Last FPS: 18751.5 | Collect Time: 18.4 min | Train RL Time: 0.1 min | Mean Rewards: -409.23 | Current Best: -363.77
[33m11:10:52 [rigid_object.py] WARNING: The function 'set_external_force_and_torque' will be deprecated in a future release. Please use 'permanent_wrench_composer.set_forces_and_torques' instead.[0m
Agent Steps: 0020M | FPS: 18286.1 | Last FPS: 18577.1 | Collect Time: 18.4 min | Train RL Time: 0.1 min | Mean Rewards: -402.62 | Current Best: -363.77
Agent Steps: 0020M | FPS: 18286.8 | Last FPS: 18758.0 | Collect Time: 18.4 min | Train RL Time: 0.1 min | Mean Rewards: -406.83 | Current Best: -363.77
Agent Steps: 0020M | FPS: 18287.5 | Last FPS: 18695.4 | Collect Time: 18.5 min | Train RL Time: 0.1 min | Mean Rewards: -403.87 | Current Best: -363.77
[33m11:10:57 [rigid_object.py] WARNING: The function 'set_external_force_and_torque' will be deprecated in a future release. Please use 'permanent_wrench_composer.set_forces_and_torques' instead.[0m
Agent Steps: 0020M | FPS: 18287.5 | Last FPS: 18333.7 | Collect Time: 18.5 min | Train RL Time: 0.1 min | Mean Rewards: -408.73 | Current Best: -363.77
[gravity schedule] step=5000 target_z=-0.4174 actual_z=-0.4108
Agent Steps: 0020M | FPS: 18287.6 | Last FPS: 18344.9 | Collect Time: 18.5 min | Train RL Time: 0.1 min | Mean Rewards: -413.48 | Current Best: -363.77
Agent Steps: 0020M | FPS: 18287.9 | Last FPS: 18465.6 | Collect Time: 18.6 min | Train RL Time: 0.1 min | Mean Rewards: -421.18 | Current Best: -363.77
[33m11:11:02 [rigid_object.py] WARNING: The function 'set_external_force_and_torque' will be deprecated in a future release. Please use 'permanent_wrench_composer.set_forces_and_torques' instead.[0m
Agent Steps: 0020M | FPS: 18288.5 | Last FPS: 18650.1 | Collect Time: 18.6 min | Train RL Time: 0.1 min | Mean Rewards: -409.10 | Current Best: -363.77
Agent Steps: 0020M | FPS: 18289.3 | Last FPS: 18841.8 | Collect Time: 18.6 min | Train RL Time: 0.1 min | Mean Rewards: -392.89 | Current Best: -363.77
[33m11:11:07 [rigid_object.py] WARNING: The function 'set_external_force_and_torque' will be deprecated in a future release. Please use 'permanent_wrench_composer.set_forces_and_torques' instead.[0m
Agent Steps: 0020M | FPS: 18289.6 | Last FPS: 18469.4 | Collect Time: 18.6 min | Train RL Time: 0.1 min | Mean Rewards: -417.98 | Current Best: -363.77
Agent Steps: 0020M | FPS: 18290.4 | Last FPS: 18767.4 | Collect Time: 18.7 min | Train RL Time: 0.1 min | Mean Rewards: -415.15 | Current Best: -363.77
Agent Steps: 0020M | FPS: 18290.7 | Last FPS: 18523.9 | Collect Time: 18.7 min | Train RL Time: 0.1 min | Mean Rewards: -406.95 | Current Best: -363.77
[33m11:11:12 [rigid_object.py] WARNING: The function 'set_external_force_and_torque' will be deprecated in a future release. Please use 'permanent_wrench_composer.set_forces_and_torques' instead.[0m
Agent Steps: 0020M | FPS: 18291.6 | Last FPS: 18836.2 | Collect Time: 18.7 min | Train RL Time: 0.1 min | Mean Rewards: -417.83 | Current Best: -363.77
Agent Steps: 0020M | FPS: 18292.1 | Last FPS: 18668.9 | Collect Time: 18.8 min | Train RL Time: 0.2 min | Mean Rewards: -420.34 | Current Best: -363.77
Agent Steps: 0020M | FPS: 18292.3 | Last FPS: 18374.8 | Collect Time: 18.8 min | Train RL Time: 0.2 min | Mean Rewards: -411.14 | Current Best: -363.77
[33m11:11:18 [rigid_object.py] WARNING: The function 'set_external_force_and_torque' will be deprecated in a future release. Please use 'permanent_wrench_composer.set_forces_and_torques' instead.[0m
Agent Steps: 0020M | FPS: 18292.7 | Last FPS: 18556.3 | Collect Time: 18.8 min | Train RL Time: 0.2 min | Mean Rewards: -421.15 | Current Best: -363.77
Agent Steps: 0020M | FPS: 18293.2 | Last FPS: 18637.7 | Collect Time: 18.8 min | Train RL Time: 0.2 min | Mean Rewards: -403.25 | Current Best: -363.77
Agent Steps: 0020M | FPS: 18293.4 | Last FPS: 18386.4 | Collect Time: 18.9 min | Train RL Time: 0.2 min | Mean Rewards: -389.04 | Current Best: -363.77
[33m11:11:23 [rigid_object.py] WARNING: The function 'set_external_force_and_torque' will be deprecated in a future release. Please use 'permanent_wrench_composer.set_forces_and_torques' instead.[0m
Agent Steps: 0020M | FPS: 18294.1 | Last FPS: 18757.2 | Collect Time: 18.9 min | Train RL Time: 0.2 min | Mean Rewards: -416.81 | Current Best: -363.77
Agent Steps: 0020M | FPS: 18294.7 | Last FPS: 18678.2 | Collect Time: 18.9 min | Train RL Time: 0.2 min | Mean Rewards: -411.18 | Current Best: -363.77
Agent Steps: 0021M | FPS: 18295.4 | Last FPS: 18791.9 | Collect Time: 19.0 min | Train RL Time: 0.2 min | Mean Rewards: -401.94 | Current Best: -363.77
[33m11:11:28 [rigid_object.py] WARNING: The function 'set_external_force_and_torque' will be deprecated in a future release. Please use 'permanent_wrench_composer.set_forces_and_torques' instead.[0m
Agent Steps: 0021M | FPS: 18295.8 | Last FPS: 18551.9 | Collect Time: 19.0 min | Train RL Time: 0.2 min | Mean Rewards: -415.70 | Current Best: -363.77
Agent Steps: 0021M | FPS: 18296.2 | Last FPS: 18554.9 | Collect Time: 19.0 min | Train RL Time: 0.2 min | Mean Rewards: -417.60 | Current Best: -363.77
Agent Steps: 0021M | FPS: 18297.0 | Last FPS: 18838.6 | Collect Time: 19.0 min | Train RL Time: 0.2 min | Mean Rewards: -405.74 | Current Best: -363.77
[33m11:11:33 [rigid_object.py] WARNING: The function 'set_external_force_and_torque' will be deprecated in a future release. Please use 'permanent_wrench_composer.set_forces_and_torques' instead.[0m
Agent Steps: 0021M | FPS: 18297.3 | Last FPS: 18502.7 | Collect Time: 19.1 min | Train RL Time: 0.2 min | Mean Rewards: -418.78 | Current Best: -363.77
Agent Steps: 0021M | FPS: 18297.8 | Last FPS: 18602.6 | Collect Time: 19.1 min | Train RL Time: 0.2 min | Mean Rewards: -406.69 | Current Best: -363.77
Agent Steps: 0021M | FPS: 18298.4 | Last FPS: 18708.0 | Collect Time: 19.1 min | Train RL Time: 0.2 min | Mean Rewards: -415.53 | Current Best: -363.77
[33m11:11:38 [rigid_object.py] WARNING: The function 'set_external_force_and_torque' will be deprecated in a future release. Please use 'permanent_wrench_composer.set_forces_and_torques' instead.[0m
Agent Steps: 0021M | FPS: 18299.3 | Last FPS: 18885.0 | Collect Time: 19.2 min | Train RL Time: 0.2 min | Mean Rewards: -413.21 | Current Best: -363.77
Agent Steps: 0021M | FPS: 18299.8 | Last FPS: 18628.3 | Collect Time: 19.2 min | Train RL Time: 0.2 min | Mean Rewards: -404.80 | Current Best: -363.77
Agent Steps: 0021M | FPS: 18300.1 | Last FPS: 18493.8 | Collect Time: 19.2 min | Train RL Time: 0.2 min | Mean Rewards: -416.27 | Current Best: -363.77
[33m11:11:43 [rigid_object.py] WARNING: The function 'set_external_force_and_torque' will be deprecated in a future release. Please use 'permanent_wrench_composer.set_forces_and_torques' instead.[0m
[gravity schedule] step=5200 target_z=-0.4592 actual_z=-0.4508
Agent Steps: 0021M | FPS: 18300.9 | Last FPS: 18821.0 | Collect Time: 19.3 min | Train RL Time: 0.2 min | Mean Rewards: -417.83 | Current Best: -363.77
Agent Steps: 0021M | FPS: 18301.1 | Last FPS: 18451.2 | Collect Time: 19.3 min | Train RL Time: 0.2 min | Mean Rewards: -398.20 | Current Best: -363.77
[33m11:11:48 [rigid_object.py] WARNING: The function 'set_external_force_and_torque' will be deprecated in a future release. Please use 'permanent_wrench_composer.set_forces_and_torques' instead.[0m
Agent Steps: 0021M | FPS: 18301.8 | Last FPS: 18762.8 | Collect Time: 19.3 min | Train RL Time: 0.2 min | Mean Rewards: -426.03 | Current Best: -363.77
Agent Steps: 0021M | FPS: 18302.1 | Last FPS: 18520.9 | Collect Time: 19.3 min | Train RL Time: 0.2 min | Mean Rewards: -401.65 | Current Best: -363.77
Agent Steps: 0021M | FPS: 18302.1 | Last FPS: 18306.3 | Collect Time: 19.4 min | Train RL Time: 0.2 min | Mean Rewards: -404.87 | Current Best: -363.77
[33m11:11:53 [rigid_object.py] WARNING: The function 'set_external_force_and_torque' will be deprecated in a future release. Please use 'permanent_wrench_composer.set_forces_and_torques' instead.[0m
Agent Steps: 0021M | FPS: 18302.6 | Last FPS: 18629.1 | Collect Time: 19.4 min | Train RL Time: 0.2 min | Mean Rewards: -400.47 | Current Best: -363.77
Agent Steps: 0021M | FPS: 18303.3 | Last FPS: 18745.3 | Collect Time: 19.4 min | Train RL Time: 0.2 min | Mean Rewards: -420.05 | Current Best: -363.77
Agent Steps: 0021M | FPS: 18303.3 | Last FPS: 18311.0 | Collect Time: 19.5 min | Train RL Time: 0.2 min | Mean Rewards: -419.41 | Current Best: -363.77
[33m11:11:58 [rigid_object.py] WARNING: The function 'set_external_force_and_torque' will be deprecated in a future release. Please use 'permanent_wrench_composer.set_forces_and_torques' instead.[0m
Agent Steps: 0021M | FPS: 18303.7 | Last FPS: 18586.9 | Collect Time: 19.5 min | Train RL Time: 0.2 min | Mean Rewards: -402.55 | Current Best: -363.77
Agent Steps: 0021M | FPS: 18303.9 | Last FPS: 18408.4 | Collect Time: 19.5 min | Train RL Time: 0.2 min | Mean Rewards: -410.73 | Current Best: -363.77
Agent Steps: 0021M | FPS: 18304.3 | Last FPS: 18579.8 | Collect Time: 19.5 min | Train RL Time: 0.2 min | Mean Rewards: -413.67 | Current Best: -363.77
[33m11:12:03 [rigid_object.py] WARNING: The function 'set_external_force_and_torque' will be deprecated in a future release. Please use 'permanent_wrench_composer.set_forces_and_torques' instead.[0m
Agent Steps: 0021M | FPS: 18304.6 | Last FPS: 18532.2 | Collect Time: 19.6 min | Train RL Time: 0.2 min | Mean Rewards: -428.10 | Current Best: -363.77
Agent Steps: 0021M | FPS: 18305.0 | Last FPS: 18549.5 | Collect Time: 19.6 min | Train RL Time: 0.2 min | Mean Rewards: -407.92 | Current Best: -363.77
Agent Steps: 0021M | FPS: 18305.3 | Last FPS: 18532.8 | Collect Time: 19.6 min | Train RL Time: 0.2 min | Mean Rewards: -435.90 | Current Best: -363.77
[33m11:12:08 [rigid_object.py] WARNING: The function 'set_external_force_and_torque' will be deprecated in a future release. Please use 'permanent_wrench_composer.set_forces_and_torques' instead.[0m
Agent Steps: 0021M | FPS: 18305.5 | Last FPS: 18428.5 | Collect Time: 19.7 min | Train RL Time: 0.2 min | Mean Rewards: -442.00 | Current Best: -363.77
Agent Steps: 0021M | FPS: 18305.8 | Last FPS: 18473.8 | Collect Time: 19.7 min | Train RL Time: 0.2 min | Mean Rewards: -416.00 | Current Best: -363.77
Agent Steps: 0021M | FPS: 18306.5 | Last FPS: 18801.4 | Collect Time: 19.7 min | Train RL Time: 0.2 min | Mean Rewards: -401.37 | Current Best: -363.77
[33m11:12:13 [rigid_object.py] WARNING: The function 'set_external_force_and_torque' will be deprecated in a future release. Please use 'permanent_wrench_composer.set_forces_and_torques' instead.[0m
Agent Steps: 0021M | FPS: 18307.0 | Last FPS: 18671.6 | Collect Time: 19.7 min | Train RL Time: 0.2 min | Mean Rewards: -419.26 | Current Best: -363.77
Agent Steps: 0021M | FPS: 18307.3 | Last FPS: 18513.5 | Collect Time: 19.8 min | Train RL Time: 0.2 min | Mean Rewards: -420.59 | Current Best: -363.77
Agent Steps: 0021M | FPS: 18307.8 | Last FPS: 18626.1 | Collect Time: 19.8 min | Train RL Time: 0.2 min | Mean Rewards: -411.30 | Current Best: -363.77
[33m11:12:18 [rigid_object.py] WARNING: The function 'set_external_force_and_torque' will be deprecated in a future release. Please use 'permanent_wrench_composer.set_forces_and_torques' instead.[0m
Agent Steps: 0021M | FPS: 18307.6 | Last FPS: 18159.7 | Collect Time: 19.8 min | Train RL Time: 0.2 min | Mean Rewards: -415.04 | Current Best: -363.77
Agent Steps: 0022M | FPS: 18308.0 | Last FPS: 18633.3 | Collect Time: 19.9 min | Train RL Time: 0.2 min | Mean Rewards: -421.87 | Current Best: -363.77
Agent Steps: 0022M | FPS: 18308.8 | Last FPS: 18839.8 | Collect Time: 19.9 min | Train RL Time: 0.2 min | Mean Rewards: -427.84 | Current Best: -363.77
[33m11:12:23 [rigid_object.py] WARNING: The function 'set_external_force_and_torque' will be deprecated in a future release. Please use 'permanent_wrench_composer.set_forces_and_torques' instead.[0m
Agent Steps: 0022M | FPS: 18308.9 | Last FPS: 18342.8 | Collect Time: 19.9 min | Train RL Time: 0.2 min | Mean Rewards: -410.71 | Current Best: -363.77
Agent Steps: 0022M | FPS: 18309.4 | Last FPS: 18671.4 | Collect Time: 20.0 min | Train RL Time: 0.2 min | Mean Rewards: -432.99 | Current Best: -363.77
[33m11:12:29 [rigid_object.py] WARNING: The function 'set_external_force_and_torque' will be deprecated in a future release. Please use 'permanent_wrench_composer.set_forces_and_torques' instead.[0m
[gravity schedule] step=5400 target_z=-0.5009 actual_z=-0.4909
Agent Steps: 0022M | FPS: 18310.0 | Last FPS: 18736.1 | Collect Time: 20.0 min | Train RL Time: 0.2 min | Mean Rewards: -426.47 | Current Best: -363.77
Agent Steps: 0022M | FPS: 18310.6 | Last FPS: 18717.5 | Collect Time: 20.0 min | Train RL Time: 0.2 min | Mean Rewards: -417.99 | Current Best: -363.77
Agent Steps: 0022M | FPS: 18311.2 | Last FPS: 18726.0 | Collect Time: 20.0 min | Train RL Time: 0.2 min | Mean Rewards: -421.04 | Current Best: -363.77
[33m11:12:34 [rigid_object.py] WARNING: The function 'set_external_force_and_torque' will be deprecated in a future release. Please use 'permanent_wrench_composer.set_forces_and_torques' instead.[0m
Agent Steps: 0022M | FPS: 18311.5 | Last FPS: 18524.8 | Collect Time: 20.1 min | Train RL Time: 0.2 min | Mean Rewards: -437.72 | Current Best: -363.77
Agent Steps: 0022M | FPS: 18311.9 | Last FPS: 18572.6 | Collect Time: 20.1 min | Train RL Time: 0.2 min | Mean Rewards: -417.13 | Current Best: -363.77
Agent Steps: 0022M | FPS: 18312.2 | Last FPS: 18516.3 | Collect Time: 20.1 min | Train RL Time: 0.2 min | Mean Rewards: -421.86 | Current Best: -363.77
[33m11:12:39 [rigid_object.py] WARNING: The function 'set_external_force_and_torque' will be deprecated in a future release. Please use 'permanent_wrench_composer.set_forces_and_torques' instead.[0m
Agent Steps: 0022M | FPS: 18312.8 | Last FPS: 18723.5 | Collect Time: 20.2 min | Train RL Time: 0.2 min | Mean Rewards: -439.37 | Current Best: -363.77
Agent Steps: 0022M | FPS: 18313.3 | Last FPS: 18653.4 | Collect Time: 20.2 min | Train RL Time: 0.2 min | Mean Rewards: -429.96 | Current Best: -363.77
Agent Steps: 0022M | FPS: 18313.6 | Last FPS: 18570.0 | Collect Time: 20.2 min | Train RL Time: 0.2 min | Mean Rewards: -415.10 | Current Best: -363.77
[33m11:12:44 [rigid_object.py] WARNING: The function 'set_external_force_and_torque' will be deprecated in a future release. Please use 'permanent_wrench_composer.set_forces_and_torques' instead.[0m
Agent Steps: 0022M | FPS: 18313.8 | Last FPS: 18405.8 | Collect Time: 20.2 min | Train RL Time: 0.2 min | Mean Rewards: -423.60 | Current Best: -363.77
Agent Steps: 0022M | FPS: 18314.0 | Last FPS: 18478.3 | Collect Time: 20.3 min | Train RL Time: 0.2 min | Mean Rewards: -425.57 | Current Best: -363.77
Agent Steps: 0022M | FPS: 18314.2 | Last FPS: 18452.6 | Collect Time: 20.3 min | Train RL Time: 0.2 min | Mean Rewards: -421.30 | Current Best: -363.77
[33m11:12:49 [rigid_object.py] WARNING: The function 'set_external_force_and_torque' will be deprecated in a future release. Please use 'permanent_wrench_composer.set_forces_and_torques' instead.[0m
Agent Steps: 0022M | FPS: 18315.0 | Last FPS: 18887.1 | Collect Time: 20.3 min | Train RL Time: 0.2 min | Mean Rewards: -437.72 | Current Best: -363.77
Agent Steps: 0022M | FPS: 18315.3 | Last FPS: 18500.8 | Collect Time: 20.4 min | Train RL Time: 0.2 min | Mean Rewards: -405.19 | Current Best: -363.77
Agent Steps: 0022M | FPS: 18315.6 | Last FPS: 18514.9 | Collect Time: 20.4 min | Train RL Time: 0.2 min | Mean Rewards: -412.81 | Current Best: -363.77
[33m11:12:54 [rigid_object.py] WARNING: The function 'set_external_force_and_torque' will be deprecated in a future release. Please use 'permanent_wrench_composer.set_forces_and_torques' instead.[0m
Agent Steps: 0022M | FPS: 18315.7 | Last FPS: 18442.8 | Collect Time: 20.4 min | Train RL Time: 0.2 min | Mean Rewards: -425.13 | Current Best: -363.77
Agent Steps: 0022M | FPS: 18315.8 | Last FPS: 18371.7 | Collect Time: 20.4 min | Train RL Time: 0.2 min | Mean Rewards: -434.15 | Current Best: -363.77
Agent Steps: 0022M | FPS: 18316.1 | Last FPS: 18502.5 | Collect Time: 20.5 min | Train RL Time: 0.2 min | Mean Rewards: -425.64 | Current Best: -363.77
[33m11:12:59 [rigid_object.py] WARNING: The function 'set_external_force_and_torque' will be deprecated in a future release. Please use 'permanent_wrench_composer.set_forces_and_torques' instead.[0m
Agent Steps: 0022M | FPS: 18316.7 | Last FPS: 18736.7 | Collect Time: 20.5 min | Train RL Time: 0.2 min | Mean Rewards: -428.17 | Current Best: -363.77
Agent Steps: 0022M | FPS: 18317.0 | Last FPS: 18561.3 | Collect Time: 20.5 min | Train RL Time: 0.2 min | Mean Rewards: -431.63 | Current Best: -363.77
Agent Steps: 0022M | FPS: 18317.7 | Last FPS: 18787.9 | Collect Time: 20.6 min | Train RL Time: 0.2 min | Mean Rewards: -428.58 | Current Best: -363.77
[33m11:13:04 [rigid_object.py] WARNING: The function 'set_external_force_and_torque' will be deprecated in a future release. Please use 'permanent_wrench_composer.set_forces_and_torques' instead.[0m
Agent Steps: 0022M | FPS: 18318.5 | Last FPS: 18921.6 | Collect Time: 20.6 min | Train RL Time: 0.2 min | Mean Rewards: -427.62 | Current Best: -363.77
Agent Steps: 0022M | FPS: 18319.0 | Last FPS: 18679.3 | Collect Time: 20.6 min | Train RL Time: 0.2 min | Mean Rewards: -419.25 | Current Best: -363.77
[33m11:13:09 [rigid_object.py] WARNING: The function 'set_external_force_and_torque' will be deprecated in a future release. Please use 'permanent_wrench_composer.set_forces_and_torques' instead.[0m
Agent Steps: 0022M | FPS: 18319.3 | Last FPS: 18521.5 | Collect Time: 20.6 min | Train RL Time: 0.2 min | Mean Rewards: -421.07 | Current Best: -363.77
Agent Steps: 0022M | FPS: 18319.0 | Last FPS: 18122.8 | Collect Time: 20.7 min | Train RL Time: 0.2 min | Mean Rewards: -431.95 | Current Best: -363.77
[gravity schedule] step=5600 target_z=-0.5427 actual_z=-0.5410
Agent Steps: 0022M | FPS: 18319.3 | Last FPS: 18507.2 | Collect Time: 20.7 min | Train RL Time: 0.2 min | Mean Rewards: -426.05 | Current Best: -363.77
[33m11:13:14 [rigid_object.py] WARNING: The function 'set_external_force_and_torque' will be deprecated in a future release. Please use 'permanent_wrench_composer.set_forces_and_torques' instead.[0m
Agent Steps: 0023M | FPS: 18319.8 | Last FPS: 18696.8 | Collect Time: 20.7 min | Train RL Time: 0.2 min | Mean Rewards: -415.20 | Current Best: -363.77
Agent Steps: 0023M | FPS: 18320.2 | Last FPS: 18557.6 | Collect Time: 20.8 min | Train RL Time: 0.2 min | Mean Rewards: -432.96 | Current Best: -363.77
Agent Steps: 0023M | FPS: 18320.9 | Last FPS: 18856.5 | Collect Time: 20.8 min | Train RL Time: 0.2 min | Mean Rewards: -429.47 | Current Best: -363.77
[33m11:13:19 [rigid_object.py] WARNING: The function 'set_external_force_and_torque' will be deprecated in a future release. Please use 'permanent_wrench_composer.set_forces_and_torques' instead.[0m
Agent Steps: 0023M | FPS: 18321.2 | Last FPS: 18501.6 | Collect Time: 20.8 min | Train RL Time: 0.2 min | Mean Rewards: -417.75 | Current Best: -363.77
Agent Steps: 0023M | FPS: 18321.6 | Last FPS: 18625.0 | Collect Time: 20.9 min | Train RL Time: 0.2 min | Mean Rewards: -428.12 | Current Best: -363.77
Agent Steps: 0023M | FPS: 18321.7 | Last FPS: 18407.9 | Collect Time: 20.9 min | Train RL Time: 0.2 min | Mean Rewards: -409.57 | Current Best: -363.77
[33m11:13:24 [rigid_object.py] WARNING: The function 'set_external_force_and_torque' will be deprecated in a future release. Please use 'permanent_wrench_composer.set_forces_and_torques' instead.[0m
Agent Steps: 0023M | FPS: 18322.1 | Last FPS: 18629.0 | Collect Time: 20.9 min | Train RL Time: 0.2 min | Mean Rewards: -430.47 | Current Best: -363.77
Agent Steps: 0023M | FPS: 18322.7 | Last FPS: 18713.1 | Collect Time: 20.9 min | Train RL Time: 0.2 min | Mean Rewards: -456.92 | Current Best: -363.77
Agent Steps: 0023M | FPS: 18323.2 | Last FPS: 18690.8 | Collect Time: 21.0 min | Train RL Time: 0.2 min | Mean Rewards: -433.26 | Current Best: -363.77
[33m11:13:29 [rigid_object.py] WARNING: The function 'set_external_force_and_torque' will be deprecated in a future release. Please use 'permanent_wrench_composer.set_forces_and_torques' instead.[0m
Agent Steps: 0023M | FPS: 18323.6 | Last FPS: 18610.3 | Collect Time: 21.0 min | Train RL Time: 0.2 min | Mean Rewards: -424.26 | Current Best: -363.77
Agent Steps: 0023M | FPS: 18324.1 | Last FPS: 18704.9 | Collect Time: 21.0 min | Train RL Time: 0.2 min | Mean Rewards: -418.53 | Current Best: -363.77
Agent Steps: 0023M | FPS: 18324.4 | Last FPS: 18541.9 | Collect Time: 21.1 min | Train RL Time: 0.2 min | Mean Rewards: -415.23 | Current Best: -363.77
[33m11:13:34 [rigid_object.py] WARNING: The function 'set_external_force_and_torque' will be deprecated in a future release. Please use 'permanent_wrench_composer.set_forces_and_torques' instead.[0m
Agent Steps: 0023M | FPS: 18324.8 | Last FPS: 18638.0 | Collect Time: 21.1 min | Train RL Time: 0.2 min | Mean Rewards: -424.05 | Current Best: -363.77
Agent Steps: 0023M | FPS: 18325.1 | Last FPS: 18527.9 | Collect Time: 21.1 min | Train RL Time: 0.2 min | Mean Rewards: -424.15 | Current Best: -363.77
Agent Steps: 0023M | FPS: 18325.5 | Last FPS: 18613.7 | Collect Time: 21.1 min | Train RL Time: 0.2 min | Mean Rewards: -412.91 | Current Best: -363.77
[33m11:13:39 [rigid_object.py] WARNING: The function 'set_external_force_and_torque' will be deprecated in a future release. Please use 'permanent_wrench_composer.set_forces_and_torques' instead.[0m
Agent Steps: 0023M | FPS: 18326.2 | Last FPS: 18863.2 | Collect Time: 21.2 min | Train RL Time: 0.2 min | Mean Rewards: -430.18 | Current Best: -363.77
Agent Steps: 0023M | FPS: 18326.7 | Last FPS: 18690.7 | Collect Time: 21.2 min | Train RL Time: 0.2 min | Mean Rewards: -413.04 | Current Best: -363.77
Agent Steps: 0023M | FPS: 18327.4 | Last FPS: 18844.3 | Collect Time: 21.2 min | Train RL Time: 0.2 min | Mean Rewards: -446.60 | Current Best: -363.77
[33m11:13:44 [rigid_object.py] WARNING: The function 'set_external_force_and_torque' will be deprecated in a future release. Please use 'permanent_wrench_composer.set_forces_and_torques' instead.[0m
Agent Steps: 0023M | FPS: 18327.5 | Last FPS: 18375.4 | Collect Time: 21.3 min | Train RL Time: 0.2 min | Mean Rewards: -419.54 | Current Best: -363.77
Agent Steps: 0023M | FPS: 18328.0 | Last FPS: 18704.1 | Collect Time: 21.3 min | Train RL Time: 0.2 min | Mean Rewards: -430.62 | Current Best: -363.77
[33m11:13:50 [rigid_object.py] WARNING: The function 'set_external_force_and_torque' will be deprecated in a future release. Please use 'permanent_wrench_composer.set_forces_and_torques' instead.[0m
Agent Steps: 0023M | FPS: 18328.1 | Last FPS: 18407.8 | Collect Time: 21.3 min | Train RL Time: 0.2 min | Mean Rewards: -419.53 | Current Best: -363.77
Agent Steps: 0023M | FPS: 18328.4 | Last FPS: 18562.4 | Collect Time: 21.3 min | Train RL Time: 0.2 min | Mean Rewards: -431.70 | Current Best: -363.77
Agent Steps: 0023M | FPS: 18328.8 | Last FPS: 18555.0 | Collect Time: 21.4 min | Train RL Time: 0.2 min | Mean Rewards: -416.19 | Current Best: -363.77
[33m11:13:55 [rigid_object.py] WARNING: The function 'set_external_force_and_torque' will be deprecated in a future release. Please use 'permanent_wrench_composer.set_forces_and_torques' instead.[0m
Agent Steps: 0023M | FPS: 18328.9 | Last FPS: 18408.0 | Collect Time: 21.4 min | Train RL Time: 0.2 min | Mean Rewards: -434.96 | Current Best: -363.77
[gravity schedule] step=5800 target_z=-0.5844 actual_z=-0.5811
Agent Steps: 0023M | FPS: 18329.1 | Last FPS: 18485.3 | Collect Time: 21.4 min | Train RL Time: 0.2 min | Mean Rewards: -428.78 | Current Best: -363.77
Agent Steps: 0023M | FPS: 18329.7 | Last FPS: 18794.1 | Collect Time: 21.5 min | Train RL Time: 0.2 min | Mean Rewards: -434.99 | Current Best: -363.77
[33m11:14:00 [rigid_object.py] WARNING: The function 'set_external_force_and_torque' will be deprecated in a future release. Please use 'permanent_wrench_composer.set_forces_and_torques' instead.[0m
Agent Steps: 0023M | FPS: 18330.1 | Last FPS: 18596.3 | Collect Time: 21.5 min | Train RL Time: 0.2 min | Mean Rewards: -424.43 | Current Best: -363.77
Agent Steps: 0023M | FPS: 18330.3 | Last FPS: 18485.0 | Collect Time: 21.5 min | Train RL Time: 0.2 min | Mean Rewards: -437.31 | Current Best: -363.77
Agent Steps: 0023M | FPS: 18330.5 | Last FPS: 18508.0 | Collect Time: 21.6 min | Train RL Time: 0.2 min | Mean Rewards: -432.75 | Current Best: -363.77
[33m11:14:05 [rigid_object.py] WARNING: The function 'set_external_force_and_torque' will be deprecated in a future release. Please use 'permanent_wrench_composer.set_forces_and_torques' instead.[0m
Agent Steps: 0023M | FPS: 18331.0 | Last FPS: 18677.8 | Collect Time: 21.6 min | Train RL Time: 0.2 min | Mean Rewards: -419.47 | Current Best: -363.77
Agent Steps: 0023M | FPS: 18331.1 | Last FPS: 18431.9 | Collect Time: 21.6 min | Train RL Time: 0.2 min | Mean Rewards: -417.72 | Current Best: -363.77
Agent Steps: 0024M | FPS: 18331.4 | Last FPS: 18552.7 | Collect Time: 21.6 min | Train RL Time: 0.2 min | Mean Rewards: -455.97 | Current Best: -363.77
[33m11:14:10 [rigid_object.py] WARNING: The function 'set_external_force_and_torque' will be deprecated in a future release. Please use 'permanent_wrench_composer.set_forces_and_torques' instead.[0m
Agent Steps: 0024M | FPS: 18331.8 | Last FPS: 18587.3 | Collect Time: 21.7 min | Train RL Time: 0.2 min | Mean Rewards: -431.69 | Current Best: -363.77
Agent Steps: 0024M | FPS: 18332.0 | Last FPS: 18505.4 | Collect Time: 21.7 min | Train RL Time: 0.2 min | Mean Rewards: -438.02 | Current Best: -363.77
Agent Steps: 0024M | FPS: 18332.5 | Last FPS: 18731.1 | Collect Time: 21.7 min | Train RL Time: 0.2 min | Mean Rewards: -432.22 | Current Best: -363.77
[33m11:14:15 [rigid_object.py] WARNING: The function 'set_external_force_and_torque' will be deprecated in a future release. Please use 'permanent_wrench_composer.set_forces_and_torques' instead.[0m
Agent Steps: 0024M | FPS: 18332.9 | Last FPS: 18644.8 | Collect Time: 21.8 min | Train RL Time: 0.2 min | Mean Rewards: -432.96 | Current Best: -363.77
Agent Steps: 0024M | FPS: 18333.3 | Last FPS: 18563.4 | Collect Time: 21.8 min | Train RL Time: 0.2 min | Mean Rewards: -412.66 | Current Best: -363.77
Agent Steps: 0024M | FPS: 18333.8 | Last FPS: 18769.6 | Collect Time: 21.8 min | Train RL Time: 0.2 min | Mean Rewards: -429.67 | Current Best: -363.77
[33m11:14:20 [rigid_object.py] WARNING: The function 'set_external_force_and_torque' will be deprecated in a future release. Please use 'permanent_wrench_composer.set_forces_and_torques' instead.[0m
Agent Steps: 0024M | FPS: 18334.1 | Last FPS: 18563.9 | Collect Time: 21.8 min | Train RL Time: 0.2 min | Mean Rewards: -432.82 | Current Best: -363.77
Agent Steps: 0024M | FPS: 18334.7 | Last FPS: 18790.3 | Collect Time: 21.9 min | Train RL Time: 0.2 min | Mean Rewards: -427.73 | Current Best: -363.77
Agent Steps: 0024M | FPS: 18335.2 | Last FPS: 18669.3 | Collect Time: 21.9 min | Train RL Time: 0.2 min | Mean Rewards: -425.11 | Current Best: -363.77
[33m11:14:25 [rigid_object.py] WARNING: The function 'set_external_force_and_torque' will be deprecated in a future release. Please use 'permanent_wrench_composer.set_forces_and_torques' instead.[0m
Agent Steps: 0024M | FPS: 18335.7 | Last FPS: 18704.1 | Collect Time: 21.9 min | Train RL Time: 0.2 min | Mean Rewards: -424.69 | Current Best: -363.77
Agent Steps: 0024M | FPS: 18336.1 | Last FPS: 18669.5 | Collect Time: 22.0 min | Train RL Time: 0.2 min | Mean Rewards: -406.86 | Current Best: -363.77
[33m11:14:30 [rigid_object.py] WARNING: The function 'set_external_force_and_torque' will be deprecated in a future release. Please use 'permanent_wrench_composer.set_forces_and_torques' instead.[0m
Agent Steps: 0024M | FPS: 18336.4 | Last FPS: 18570.5 | Collect Time: 22.0 min | Train RL Time: 0.2 min | Mean Rewards: -429.89 | Current Best: -363.77
Agent Steps: 0024M | FPS: 18336.4 | Last FPS: 18306.7 | Collect Time: 22.0 min | Train RL Time: 0.2 min | Mean Rewards: -417.64 | Current Best: -363.77
Agent Steps: 0024M | FPS: 18336.7 | Last FPS: 18595.2 | Collect Time: 22.0 min | Train RL Time: 0.2 min | Mean Rewards: -429.62 | Current Best: -363.77
[33m11:14:35 [rigid_object.py] WARNING: The function 'set_external_force_and_torque' will be deprecated in a future release. Please use 'permanent_wrench_composer.set_forces_and_torques' instead.[0m
Agent Steps: 0024M | FPS: 18337.2 | Last FPS: 18705.5 | Collect Time: 22.1 min | Train RL Time: 0.2 min | Mean Rewards: -430.03 | Current Best: -363.77
Agent Steps: 0024M | FPS: 18337.3 | Last FPS: 18400.0 | Collect Time: 22.1 min | Train RL Time: 0.2 min | Mean Rewards: -414.77 | Current Best: -363.77
Agent Steps: 0024M | FPS: 18337.7 | Last FPS: 18626.6 | Collect Time: 22.1 min | Train RL Time: 0.2 min | Mean Rewards: -423.13 | Current Best: -363.77
[33m11:14:40 [rigid_object.py] WARNING: The function 'set_external_force_and_torque' will be deprecated in a future release. Please use 'permanent_wrench_composer.set_forces_and_torques' instead.[0m
[gravity schedule] step=6000 target_z=-0.6262 actual_z=-0.6212
Agent Steps: 0024M | FPS: 18337.6 | Last FPS: 18298.0 | Collect Time: 22.2 min | Train RL Time: 0.2 min | Mean Rewards: -425.34 | Current Best: -363.77
Agent Steps: 0024M | FPS: 18337.9 | Last FPS: 18549.4 | Collect Time: 22.2 min | Train RL Time: 0.2 min | Mean Rewards: -432.68 | Current Best: -363.77
Agent Steps: 0024M | FPS: 18338.1 | Last FPS: 18462.9 | Collect Time: 22.2 min | Train RL Time: 0.2 min | Mean Rewards: -441.49 | Current Best: -363.77
[33m11:14:45 [rigid_object.py] WARNING: The function 'set_external_force_and_torque' will be deprecated in a future release. Please use 'permanent_wrench_composer.set_forces_and_torques' instead.[0m
Agent Steps: 0024M | FPS: 18338.6 | Last FPS: 18754.4 | Collect Time: 22.3 min | Train RL Time: 0.2 min | Mean Rewards: -449.50 | Current Best: -363.77
Agent Steps: 0024M | FPS: 18338.6 | Last FPS: 18303.2 | Collect Time: 22.3 min | Train RL Time: 0.2 min | Mean Rewards: -431.00 | Current Best: -363.77
Agent Steps: 0024M | FPS: 18338.9 | Last FPS: 18628.5 | Collect Time: 22.3 min | Train RL Time: 0.2 min | Mean Rewards: -429.39 | Current Best: -363.77
[33m11:14:50 [rigid_object.py] WARNING: The function 'set_external_force_and_torque' will be deprecated in a future release. Please use 'permanent_wrench_composer.set_forces_and_torques' instead.[0m
Agent Steps: 0024M | FPS: 18339.3 | Last FPS: 18605.3 | Collect Time: 22.3 min | Train RL Time: 0.2 min | Mean Rewards: -420.59 | Current Best: -363.77
Agent Steps: 0024M | FPS: 18339.7 | Last FPS: 18705.5 | Collect Time: 22.4 min | Train RL Time: 0.2 min | Mean Rewards: -446.69 | Current Best: -363.77
Agent Steps: 0024M | FPS: 18339.6 | Last FPS: 18229.0 | Collect Time: 22.4 min | Train RL Time: 0.2 min | Mean Rewards: -441.17 | Current Best: -363.77
[33m11:14:56 [rigid_object.py] WARNING: The function 'set_external_force_and_torque' will be deprecated in a future release. Please use 'permanent_wrench_composer.set_forces_and_torques' instead.[0m
Agent Steps: 0024M | FPS: 18340.0 | Last FPS: 18671.2 | Collect Time: 22.4 min | Train RL Time: 0.2 min | Mean Rewards: -417.51 | Current Best: -363.77
Agent Steps: 0024M | FPS: 18340.6 | Last FPS: 18768.7 | Collect Time: 22.5 min | Train RL Time: 0.2 min | Mean Rewards: -440.56 | Current Best: -363.77
Agent Steps: 0024M | FPS: 18340.9 | Last FPS: 18587.4 | Collect Time: 22.5 min | Train RL Time: 0.2 min | Mean Rewards: -448.20 | Current Best: -363.77
[33m11:15:01 [rigid_object.py] WARNING: The function 'set_external_force_and_torque' will be deprecated in a future release. Please use 'permanent_wrench_composer.set_forces_and_torques' instead.[0m
Agent Steps: 0025M | FPS: 18341.4 | Last FPS: 18756.6 | Collect Time: 22.5 min | Train RL Time: 0.2 min | Mean Rewards: -437.04 | Current Best: -363.77
Agent Steps: 0025M | FPS: 18341.9 | Last FPS: 18679.2 | Collect Time: 22.5 min | Train RL Time: 0.2 min | Mean Rewards: -424.78 | Current Best: -363.77
Agent Steps: 0025M | FPS: 18342.3 | Last FPS: 18694.2 | Collect Time: 22.6 min | Train RL Time: 0.2 min | Mean Rewards: -418.07 | Current Best: -363.77
[33m11:15:06 [rigid_object.py] WARNING: The function 'set_external_force_and_torque' will be deprecated in a future release. Please use 'permanent_wrench_composer.set_forces_and_torques' instead.[0m
Agent Steps: 0025M | FPS: 18342.7 | Last FPS: 18640.2 | Collect Time: 22.6 min | Train RL Time: 0.2 min | Mean Rewards: -425.06 | Current Best: -363.77
Agent Steps: 0025M | FPS: 18343.1 | Last FPS: 18675.5 | Collect Time: 22.6 min | Train RL Time: 0.2 min | Mean Rewards: -431.84 | Current Best: -363.77
[33m11:15:11 [rigid_object.py] WARNING: The function 'set_external_force_and_torque' will be deprecated in a future release. Please use 'permanent_wrench_composer.set_forces_and_torques' instead.[0m
Agent Steps: 0025M | FPS: 18343.6 | Last FPS: 18693.7 | Collect Time: 22.7 min | Train RL Time: 0.2 min | Mean Rewards: -438.20 | Current Best: -363.77
Agent Steps: 0025M | FPS: 18344.2 | Last FPS: 18840.6 | Collect Time: 22.7 min | Train RL Time: 0.2 min | Mean Rewards: -409.97 | Current Best: -363.77
Agent Steps: 0025M | FPS: 18344.9 | Last FPS: 18909.9 | Collect Time: 22.7 min | Train RL Time: 0.2 min | Mean Rewards: -440.31 | Current Best: -363.77
[33m11:15:16 [rigid_object.py] WARNING: The function 'set_external_force_and_torque' will be deprecated in a future release. Please use 'permanent_wrench_composer.set_forces_and_torques' instead.[0m
Agent Steps: 0025M | FPS: 18345.1 | Last FPS: 18509.9 | Collect Time: 22.7 min | Train RL Time: 0.2 min | Mean Rewards: -443.31 | Current Best: -363.77
Agent Steps: 0025M | FPS: 18345.6 | Last FPS: 18702.2 | Collect Time: 22.8 min | Train RL Time: 0.2 min | Mean Rewards: -433.41 | Current Best: -363.77
Agent Steps: 0025M | FPS: 18346.1 | Last FPS: 18788.0 | Collect Time: 22.8 min | Train RL Time: 0.2 min | Mean Rewards: -409.92 | Current Best: -363.77
[33m11:15:21 [rigid_object.py] WARNING: The function 'set_external_force_and_torque' will be deprecated in a future release. Please use 'permanent_wrench_composer.set_forces_and_torques' instead.[0m
Agent Steps: 0025M | FPS: 18346.6 | Last FPS: 18718.2 | Collect Time: 22.8 min | Train RL Time: 0.2 min | Mean Rewards: -446.56 | Current Best: -363.77
Agent Steps: 0025M | FPS: 18347.3 | Last FPS: 18859.0 | Collect Time: 22.9 min | Train RL Time: 0.2 min | Mean Rewards: -427.20 | Current Best: -363.77
[gravity schedule] step=6200 target_z=-0.6679 actual_z=-0.6612
Agent Steps: 0025M | FPS: 18347.3 | Last FPS: 18391.7 | Collect Time: 22.9 min | Train RL Time: 0.2 min | Mean Rewards: -441.08 | Current Best: -363.77
[33m11:15:26 [rigid_object.py] WARNING: The function 'set_external_force_and_torque' will be deprecated in a future release. Please use 'permanent_wrench_composer.set_forces_and_torques' instead.[0m
Agent Steps: 0025M | FPS: 18347.8 | Last FPS: 18758.5 | Collect Time: 22.9 min | Train RL Time: 0.2 min | Mean Rewards: -435.28 | Current Best: -363.77
Agent Steps: 0025M | FPS: 18348.0 | Last FPS: 18515.4 | Collect Time: 22.9 min | Train RL Time: 0.2 min | Mean Rewards: -422.06 | Current Best: -363.77
Agent Steps: 0025M | FPS: 18348.5 | Last FPS: 18712.1 | Collect Time: 23.0 min | Train RL Time: 0.2 min | Mean Rewards: -410.77 | Current Best: -363.77
[33m11:15:31 [rigid_object.py] WARNING: The function 'set_external_force_and_torque' will be deprecated in a future release. Please use 'permanent_wrench_composer.set_forces_and_torques' instead.[0m
Agent Steps: 0025M | FPS: 18348.9 | Last FPS: 18649.2 | Collect Time: 23.0 min | Train RL Time: 0.2 min | Mean Rewards: -424.55 | Current Best: -363.77
Agent Steps: 0025M | FPS: 18349.1 | Last FPS: 18554.6 | Collect Time: 23.0 min | Train RL Time: 0.2 min | Mean Rewards: -438.44 | Current Best: -363.77
Agent Steps: 0025M | FPS: 18349.6 | Last FPS: 18705.3 | Collect Time: 23.1 min | Train RL Time: 0.2 min | Mean Rewards: -421.89 | Current Best: -363.77
[33m11:15:36 [rigid_object.py] WARNING: The function 'set_external_force_and_torque' will be deprecated in a future release. Please use 'permanent_wrench_composer.set_forces_and_torques' instead.[0m
Agent Steps: 0025M | FPS: 18350.0 | Last FPS: 18688.0 | Collect Time: 23.1 min | Train RL Time: 0.2 min | Mean Rewards: -429.86 | Current Best: -363.77
Agent Steps: 0025M | FPS: 18350.6 | Last FPS: 18851.7 | Collect Time: 23.1 min | Train RL Time: 0.2 min | Mean Rewards: -418.55 | Current Best: -363.77
Agent Steps: 0025M | FPS: 18351.3 | Last FPS: 18900.6 | Collect Time: 23.2 min | Train RL Time: 0.2 min | Mean Rewards: -436.62 | Current Best: -363.77
[33m11:15:41 [rigid_object.py] WARNING: The function 'set_external_force_and_torque' will be deprecated in a future release. Please use 'permanent_wrench_composer.set_forces_and_torques' instead.[0m
Agent Steps: 0025M | FPS: 18351.9 | Last FPS: 18797.3 | Collect Time: 23.2 min | Train RL Time: 0.2 min | Mean Rewards: -421.35 | Current Best: -363.77
Agent Steps: 0025M | FPS: 18352.5 | Last FPS: 18885.2 | Collect Time: 23.2 min | Train RL Time: 0.2 min | Mean Rewards: -447.37 | Current Best: -363.77
Agent Steps: 0025M | FPS: 18353.0 | Last FPS: 18766.2 | Collect Time: 23.2 min | Train RL Time: 0.2 min | Mean Rewards: -428.29 | Current Best: -363.77
[33m11:15:46 [rigid_object.py] WARNING: The function 'set_external_force_and_torque' will be deprecated in a future release. Please use 'permanent_wrench_composer.set_forces_and_torques' instead.[0m
Agent Steps: 0025M | FPS: 18353.2 | Last FPS: 18490.3 | Collect Time: 23.3 min | Train RL Time: 0.2 min | Mean Rewards: -419.66 | Current Best: -363.77
Agent Steps: 0025M | FPS: 18353.8 | Last FPS: 18837.4 | Collect Time: 23.3 min | Train RL Time: 0.2 min | Mean Rewards: -420.87 | Current Best: -363.77
[33m11:15:51 [rigid_object.py] WARNING: The function 'set_external_force_and_torque' will be deprecated in a future release. Please use 'permanent_wrench_composer.set_forces_and_torques' instead.[0m
Agent Steps: 0025M | FPS: 18354.4 | Last FPS: 18816.4 | Collect Time: 23.3 min | Train RL Time: 0.2 min | Mean Rewards: -415.95 | Current Best: -363.77
Agent Steps: 0025M | FPS: 18354.9 | Last FPS: 18801.0 | Collect Time: 23.4 min | Train RL Time: 0.2 min | Mean Rewards: -437.80 | Current Best: -363.77
Agent Steps: 0025M | FPS: 18355.3 | Last FPS: 18613.3 | Collect Time: 23.4 min | Train RL Time: 0.2 min | Mean Rewards: -429.65 | Current Best: -363.77
[33m11:15:56 [rigid_object.py] WARNING: The function 'set_external_force_and_torque' will be deprecated in a future release. Please use 'permanent_wrench_composer.set_forces_and_torques' instead.[0m
Agent Steps: 0026M | FPS: 18355.7 | Last FPS: 18720.6 | Collect Time: 23.4 min | Train RL Time: 0.2 min | Mean Rewards: -434.46 | Current Best: -363.77
Agent Steps: 0026M | FPS: 18355.7 | Last FPS: 18372.3 | Collect Time: 23.4 min | Train RL Time: 0.2 min | Mean Rewards: -427.38 | Current Best: -363.77
Agent Steps: 0026M | FPS: 18355.8 | Last FPS: 18447.3 | Collect Time: 23.5 min | Train RL Time: 0.2 min | Mean Rewards: -430.40 | Current Best: -363.77
[33m11:16:01 [rigid_object.py] WARNING: The function 'set_external_force_and_torque' will be deprecated in a future release. Please use 'permanent_wrench_composer.set_forces_and_torques' instead.[0m
Agent Steps: 0026M | FPS: 18356.1 | Last FPS: 18542.3 | Collect Time: 23.5 min | Train RL Time: 0.2 min | Mean Rewards: -419.51 | Current Best: -363.77
Agent Steps: 0026M | FPS: 18356.0 | Last FPS: 18293.3 | Collect Time: 23.5 min | Train RL Time: 0.2 min | Mean Rewards: -435.97 | Current Best: -363.77
Agent Steps: 0026M | FPS: 18356.2 | Last FPS: 18544.6 | Collect Time: 23.6 min | Train RL Time: 0.2 min | Mean Rewards: -453.72 | Current Best: -363.77
[33m11:16:06 [rigid_object.py] WARNING: The function 'set_external_force_and_torque' will be deprecated in a future release. Please use 'permanent_wrench_composer.set_forces_and_torques' instead.[0m
Agent Steps: 0026M | FPS: 18356.8 | Last FPS: 18835.6 | Collect Time: 23.6 min | Train RL Time: 0.2 min | Mean Rewards: -438.78 | Current Best: -363.77
[gravity schedule] step=6400 target_z=-0.7097 actual_z=-0.7013
Agent Steps: 0026M | FPS: 18357.2 | Last FPS: 18700.0 | Collect Time: 23.6 min | Train RL Time: 0.2 min | Mean Rewards: -427.05 | Current Best: -363.77
Agent Steps: 0026M | FPS: 18357.5 | Last FPS: 18563.3 | Collect Time: 23.6 min | Train RL Time: 0.2 min | Mean Rewards: -440.09 | Current Best: -363.77
[33m11:16:11 [rigid_object.py] WARNING: The function 'set_external_force_and_torque' will be deprecated in a future release. Please use 'permanent_wrench_composer.set_forces_and_torques' instead.[0m
Agent Steps: 0026M | FPS: 18358.1 | Last FPS: 18876.3 | Collect Time: 23.7 min | Train RL Time: 0.2 min | Mean Rewards: -436.05 | Current Best: -363.77
Agent Steps: 0026M | FPS: 18358.2 | Last FPS: 18394.0 | Collect Time: 23.7 min | Train RL Time: 0.2 min | Mean Rewards: -432.69 | Current Best: -363.77
Agent Steps: 0026M | FPS: 18358.9 | Last FPS: 19006.2 | Collect Time: 23.7 min | Train RL Time: 0.2 min | Mean Rewards: -430.28 | Current Best: -363.77
[33m11:16:16 [rigid_object.py] WARNING: The function 'set_external_force_and_torque' will be deprecated in a future release. Please use 'permanent_wrench_composer.set_forces_and_torques' instead.[0m
Agent Steps: 0026M | FPS: 18359.4 | Last FPS: 18764.6 | Collect Time: 23.8 min | Train RL Time: 0.2 min | Mean Rewards: -420.14 | Current Best: -363.77
Agent Steps: 0026M | FPS: 18359.8 | Last FPS: 18675.7 | Collect Time: 23.8 min | Train RL Time: 0.2 min | Mean Rewards: -444.21 | Current Best: -363.77
Agent Steps: 0026M | FPS: 18360.4 | Last FPS: 18838.8 | Collect Time: 23.8 min | Train RL Time: 0.2 min | Mean Rewards: -429.89 | Current Best: -363.77
[33m11:16:21 [rigid_object.py] WARNING: The function 'set_external_force_and_torque' will be deprecated in a future release. Please use 'permanent_wrench_composer.set_forces_and_torques' instead.[0m
Agent Steps: 0026M | FPS: 18360.9 | Last FPS: 18805.6 | Collect Time: 23.8 min | Train RL Time: 0.2 min | Mean Rewards: -446.79 | Current Best: -363.77
Agent Steps: 0026M | FPS: 18361.5 | Last FPS: 18861.8 | Collect Time: 23.9 min | Train RL Time: 0.2 min | Mean Rewards: -414.16 | Current Best: -363.77
Agent Steps: 0026M | FPS: 18361.9 | Last FPS: 18658.5 | Collect Time: 23.9 min | Train RL Time: 0.2 min | Mean Rewards: -432.95 | Current Best: -363.77
[33m11:16:26 [rigid_object.py] WARNING: The function 'set_external_force_and_torque' will be deprecated in a future release. Please use 'permanent_wrench_composer.set_forces_and_torques' instead.[0m
Agent Steps: 0026M | FPS: 18362.2 | Last FPS: 18627.7 | Collect Time: 23.9 min | Train RL Time: 0.2 min | Mean Rewards: -419.22 | Current Best: -363.77
Agent Steps: 0026M | FPS: 18362.5 | Last FPS: 18627.9 | Collect Time: 24.0 min | Train RL Time: 0.2 min | Mean Rewards: -430.49 | Current Best: -363.77
[33m11:16:31 [rigid_object.py] WARNING: The function 'set_external_force_and_torque' will be deprecated in a future release. Please use 'permanent_wrench_composer.set_forces_and_torques' instead.[0m
Agent Steps: 0026M | FPS: 18362.9 | Last FPS: 18673.7 | Collect Time: 24.0 min | Train RL Time: 0.2 min | Mean Rewards: -439.31 | Current Best: -363.77
Agent Steps: 0026M | FPS: 18363.7 | Last FPS: 19013.8 | Collect Time: 24.0 min | Train RL Time: 0.2 min | Mean Rewards: -441.91 | Current Best: -363.77
Agent Steps: 0026M | FPS: 18364.5 | Last FPS: 19042.8 | Collect Time: 24.0 min | Train RL Time: 0.2 min | Mean Rewards: -439.64 | Current Best: -363.77
[33m11:16:36 [rigid_object.py] WARNING: The function 'set_external_force_and_torque' will be deprecated in a future release. Please use 'permanent_wrench_composer.set_forces_and_torques' instead.[0m
Agent Steps: 0026M | FPS: 18365.1 | Last FPS: 18873.1 | Collect Time: 24.1 min | Train RL Time: 0.2 min | Mean Rewards: -420.53 | Current Best: -363.77
Agent Steps: 0026M | FPS: 18365.5 | Last FPS: 18688.6 | Collect Time: 24.1 min | Train RL Time: 0.2 min | Mean Rewards: -427.64 | Current Best: -363.77
Agent Steps: 0026M | FPS: 18366.0 | Last FPS: 18810.6 | Collect Time: 24.1 min | Train RL Time: 0.2 min | Mean Rewards: -431.57 | Current Best: -363.77
[33m11:16:41 [rigid_object.py] WARNING: The function 'set_external_force_and_torque' will be deprecated in a future release. Please use 'permanent_wrench_composer.set_forces_and_torques' instead.[0m
Agent Steps: 0026M | FPS: 18366.6 | Last FPS: 18892.3 | Collect Time: 24.2 min | Train RL Time: 0.2 min | Mean Rewards: -429.14 | Current Best: -363.77
Agent Steps: 0026M | FPS: 18367.6 | Last FPS: 19202.7 | Collect Time: 24.2 min | Train RL Time: 0.2 min | Mean Rewards: -440.87 | Current Best: -363.77
Agent Steps: 0026M | FPS: 18367.8 | Last FPS: 18529.9 | Collect Time: 24.2 min | Train RL Time: 0.2 min | Mean Rewards: -452.25 | Current Best: -363.77
[33m11:16:47 [rigid_object.py] WARNING: The function 'set_external_force_and_torque' will be deprecated in a future release. Please use 'permanent_wrench_composer.set_forces_and_torques' instead.[0m
Agent Steps: 0026M | FPS: 18368.0 | Last FPS: 18564.8 | Collect Time: 24.2 min | Train RL Time: 0.2 min | Mean Rewards: -435.78 | Current Best: -363.77
Agent Steps: 0027M | FPS: 18368.5 | Last FPS: 18722.8 | Collect Time: 24.3 min | Train RL Time: 0.2 min | Mean Rewards: -449.87 | Current Best: -363.77
Agent Steps: 0027M | FPS: 18368.7 | Last FPS: 18586.9 | Collect Time: 24.3 min | Train RL Time: 0.2 min | Mean Rewards: -442.71 | Current Best: -363.77
[33m11:16:52 [rigid_object.py] WARNING: The function 'set_external_force_and_torque' will be deprecated in a future release. Please use 'permanent_wrench_composer.set_forces_and_torques' instead.[0m
[gravity schedule] step=6600 target_z=-0.7514 actual_z=-0.7414
Agent Steps: 0027M | FPS: 18369.2 | Last FPS: 18775.5 | Collect Time: 24.3 min | Train RL Time: 0.2 min | Mean Rewards: -426.06 | Current Best: -363.77
Agent Steps: 0027M | FPS: 18369.7 | Last FPS: 18772.4 | Collect Time: 24.4 min | Train RL Time: 0.2 min | Mean Rewards: -449.56 | Current Best: -363.77
Agent Steps: 0027M | FPS: 18369.9 | Last FPS: 18548.7 | Collect Time: 24.4 min | Train RL Time: 0.2 min | Mean Rewards: -450.92 | Current Best: -363.77
[33m11:16:57 [rigid_object.py] WARNING: The function 'set_external_force_and_torque' will be deprecated in a future release. Please use 'permanent_wrench_composer.set_forces_and_torques' instead.[0m
Agent Steps: 0027M | FPS: 18370.2 | Last FPS: 18602.9 | Collect Time: 24.4 min | Train RL Time: 0.2 min | Mean Rewards: -419.75 | Current Best: -363.77
Agent Steps: 0027M | FPS: 18370.8 | Last FPS: 18940.8 | Collect Time: 24.5 min | Train RL Time: 0.2 min | Mean Rewards: -447.49 | Current Best: -363.77
Agent Steps: 0027M | FPS: 18371.2 | Last FPS: 18694.6 | Collect Time: 24.5 min | Train RL Time: 0.2 min | Mean Rewards: -430.08 | Current Best: -363.77
[33m11:17:02 [rigid_object.py] WARNING: The function 'set_external_force_and_torque' will be deprecated in a future release. Please use 'permanent_wrench_composer.set_forces_and_torques' instead.[0m
Agent Steps: 0027M | FPS: 18371.7 | Last FPS: 18759.1 | Collect Time: 24.5 min | Train RL Time: 0.2 min | Mean Rewards: -428.31 | Current Best: -363.77
Agent Steps: 0027M | FPS: 18371.8 | Last FPS: 18458.1 | Collect Time: 24.5 min | Train RL Time: 0.2 min | Mean Rewards: -427.74 | Current Best: -363.77
Agent Steps: 0027M | FPS: 18372.1 | Last FPS: 18651.9 | Collect Time: 24.6 min | Train RL Time: 0.2 min | Mean Rewards: -451.72 | Current Best: -363.77
[33m11:17:07 [rigid_object.py] WARNING: The function 'set_external_force_and_torque' will be deprecated in a future release. Please use 'permanent_wrench_composer.set_forces_and_torques' instead.[0m
Agent Steps: 0027M | FPS: 18372.4 | Last FPS: 18640.9 | Collect Time: 24.6 min | Train RL Time: 0.2 min | Mean Rewards: -424.42 | Current Best: -363.77
Agent Steps: 0027M | FPS: 18373.1 | Last FPS: 18948.5 | Collect Time: 24.6 min | Train RL Time: 0.2 min | Mean Rewards: -439.53 | Current Best: -363.77
Agent Steps: 0027M | FPS: 18373.3 | Last FPS: 18528.1 | Collect Time: 24.7 min | Train RL Time: 0.2 min | Mean Rewards: -424.94 | Current Best: -363.77
[33m11:17:12 [rigid_object.py] WARNING: The function 'set_external_force_and_torque' will be deprecated in a future release. Please use 'permanent_wrench_composer.set_forces_and_torques' instead.[0m
Agent Steps: 0027M | FPS: 18373.7 | Last FPS: 18763.5 | Collect Time: 24.7 min | Train RL Time: 0.2 min | Mean Rewards: -438.85 | Current Best: -363.77
Agent Steps: 0027M | FPS: 18374.4 | Last FPS: 18923.9 | Collect Time: 24.7 min | Train RL Time: 0.2 min | Mean Rewards: -451.46 | Current Best: -363.77
Agent Steps: 0027M | FPS: 18374.8 | Last FPS: 18724.0 | Collect Time: 24.7 min | Train RL Time: 0.2 min | Mean Rewards: -463.73 | Current Best: -363.77
[33m11:17:17 [rigid_object.py] WARNING: The function 'set_external_force_and_torque' will be deprecated in a future release. Please use 'permanent_wrench_composer.set_forces_and_torques' instead.[0m
Agent Steps: 0027M | FPS: 18375.0 | Last FPS: 18521.1 | Collect Time: 24.8 min | Train RL Time: 0.2 min | Mean Rewards: -409.80 | Current Best: -363.77
Agent Steps: 0027M | FPS: 18375.5 | Last FPS: 18819.9 | Collect Time: 24.8 min | Train RL Time: 0.2 min | Mean Rewards: -462.60 | Current Best: -363.77
[33m11:17:22 [rigid_object.py] WARNING: The function 'set_external_force_and_torque' will be deprecated in a future release. Please use 'permanent_wrench_composer.set_forces_and_torques' instead.[0m
Agent Steps: 0027M | FPS: 18376.1 | Last FPS: 18937.3 | Collect Time: 24.8 min | Train RL Time: 0.2 min | Mean Rewards: -450.58 | Current Best: -363.77
Agent Steps: 0027M | FPS: 18376.5 | Last FPS: 18700.1 | Collect Time: 24.9 min | Train RL Time: 0.2 min | Mean Rewards: -444.43 | Current Best: -363.77
Agent Steps: 0027M | FPS: 18376.8 | Last FPS: 18608.5 | Collect Time: 24.9 min | Train RL Time: 0.2 min | Mean Rewards: -453.89 | Current Best: -363.77
[33m11:17:27 [rigid_object.py] WARNING: The function 'set_external_force_and_torque' will be deprecated in a future release. Please use 'permanent_wrench_composer.set_forces_and_torques' instead.[0m
Agent Steps: 0027M | FPS: 18377.5 | Last FPS: 18982.4 | Collect Time: 24.9 min | Train RL Time: 0.2 min | Mean Rewards: -426.47 | Current Best: -363.77
Agent Steps: 0027M | FPS: 18377.8 | Last FPS: 18662.9 | Collect Time: 24.9 min | Train RL Time: 0.2 min | Mean Rewards: -430.88 | Current Best: -363.77
Agent Steps: 0027M | FPS: 18378.3 | Last FPS: 18859.8 | Collect Time: 25.0 min | Train RL Time: 0.2 min | Mean Rewards: -440.31 | Current Best: -363.77
[33m11:17:32 [rigid_object.py] WARNING: The function 'set_external_force_and_torque' will be deprecated in a future release. Please use 'permanent_wrench_composer.set_forces_and_torques' instead.[0m
Agent Steps: 0027M | FPS: 18378.6 | Last FPS: 18611.8 | Collect Time: 25.0 min | Train RL Time: 0.2 min | Mean Rewards: -445.71 | Current Best: -363.77
Agent Steps: 0027M | FPS: 18379.3 | Last FPS: 18929.0 | Collect Time: 25.0 min | Train RL Time: 0.2 min | Mean Rewards: -426.54 | Current Best: -363.77
[gravity schedule] step=6800 target_z=-0.7931 actual_z=-0.7915
Agent Steps: 0027M | FPS: 18379.8 | Last FPS: 18842.0 | Collect Time: 25.1 min | Train RL Time: 0.2 min | Mean Rewards: -448.45 | Current Best: -363.77
[33m11:17:37 [rigid_object.py] WARNING: The function 'set_external_force_and_torque' will be deprecated in a future release. Please use 'permanent_wrench_composer.set_forces_and_torques' instead.[0m
Agent Steps: 0027M | FPS: 18380.6 | Last FPS: 19096.3 | Collect Time: 25.1 min | Train RL Time: 0.2 min | Mean Rewards: -453.11 | Current Best: -363.77
Agent Steps: 0027M | FPS: 18380.8 | Last FPS: 18564.1 | Collect Time: 25.1 min | Train RL Time: 0.2 min | Mean Rewards: -421.58 | Current Best: -363.77
Agent Steps: 0027M | FPS: 18381.3 | Last FPS: 18852.8 | Collect Time: 25.1 min | Train RL Time: 0.2 min | Mean Rewards: -434.63 | Current Best: -363.77
[33m11:17:42 [rigid_object.py] WARNING: The function 'set_external_force_and_torque' will be deprecated in a future release. Please use 'permanent_wrench_composer.set_forces_and_torques' instead.[0m
Agent Steps: 0028M | FPS: 18381.7 | Last FPS: 18690.6 | Collect Time: 25.2 min | Train RL Time: 0.2 min | Mean Rewards: -435.77 | Current Best: -363.77
Agent Steps: 0028M | FPS: 18382.1 | Last FPS: 18692.9 | Collect Time: 25.2 min | Train RL Time: 0.2 min | Mean Rewards: -437.40 | Current Best: -363.77
Agent Steps: 0028M | FPS: 18382.5 | Last FPS: 18744.5 | Collect Time: 25.2 min | Train RL Time: 0.2 min | Mean Rewards: -434.30 | Current Best: -363.77
[33m11:17:47 [rigid_object.py] WARNING: The function 'set_external_force_and_torque' will be deprecated in a future release. Please use 'permanent_wrench_composer.set_forces_and_torques' instead.[0m
Agent Steps: 0028M | FPS: 18382.9 | Last FPS: 18746.9 | Collect Time: 25.3 min | Train RL Time: 0.2 min | Mean Rewards: -430.37 | Current Best: -363.77
Agent Steps: 0028M | FPS: 18383.1 | Last FPS: 18529.8 | Collect Time: 25.3 min | Train RL Time: 0.2 min | Mean Rewards: -438.45 | Current Best: -363.77
Agent Steps: 0028M | FPS: 18383.3 | Last FPS: 18615.8 | Collect Time: 25.3 min | Train RL Time: 0.2 min | Mean Rewards: -442.87 | Current Best: -363.77
[33m11:17:52 [rigid_object.py] WARNING: The function 'set_external_force_and_torque' will be deprecated in a future release. Please use 'permanent_wrench_composer.set_forces_and_torques' instead.[0m
Agent Steps: 0028M | FPS: 18384.0 | Last FPS: 19010.9 | Collect Time: 25.3 min | Train RL Time: 0.2 min | Mean Rewards: -432.54 | Current Best: -363.77
Agent Steps: 0028M | FPS: 18384.4 | Last FPS: 18695.0 | Collect Time: 25.4 min | Train RL Time: 0.2 min | Mean Rewards: -432.29 | Current Best: -363.77
Agent Steps: 0028M | FPS: 18385.0 | Last FPS: 18901.2 | Collect Time: 25.4 min | Train RL Time: 0.2 min | Mean Rewards: -452.89 | Current Best: -363.77
[33m11:17:58 [rigid_object.py] WARNING: The function 'set_external_force_and_torque' will be deprecated in a future release. Please use 'permanent_wrench_composer.set_forces_and_torques' instead.[0m
Agent Steps: 0028M | FPS: 18385.2 | Last FPS: 18597.1 | Collect Time: 25.4 min | Train RL Time: 0.2 min | Mean Rewards: -420.31 | Current Best: -363.77
Agent Steps: 0028M | FPS: 18385.6 | Last FPS: 18690.3 | Collect Time: 25.5 min | Train RL Time: 0.2 min | Mean Rewards: -436.55 | Current Best: -363.77
Agent Steps: 0028M | FPS: 18385.9 | Last FPS: 18714.6 | Collect Time: 25.5 min | Train RL Time: 0.2 min | Mean Rewards: -440.32 | Current Best: -363.77
[33m11:18:03 [rigid_object.py] WARNING: The function 'set_external_force_and_torque' will be deprecated in a future release. Please use 'permanent_wrench_composer.set_forces_and_torques' instead.[0m
Agent Steps: 0028M | FPS: 18386.4 | Last FPS: 18810.1 | Collect Time: 25.5 min | Train RL Time: 0.2 min | Mean Rewards: -421.48 | Current Best: -363.77
Agent Steps: 0028M | FPS: 18386.6 | Last FPS: 18553.4 | Collect Time: 25.5 min | Train RL Time: 0.2 min | Mean Rewards: -466.43 | Current Best: -363.77
Agent Steps: 0028M | FPS: 18386.7 | Last FPS: 18445.1 | Collect Time: 25.6 min | Train RL Time: 0.2 min | Mean Rewards: -430.47 | Current Best: -363.77
[33m11:18:08 [rigid_object.py] WARNING: The function 'set_external_force_and_torque' will be deprecated in a future release. Please use 'permanent_wrench_composer.set_forces_and_torques' instead.[0m
Agent Steps: 0028M | FPS: 18387.1 | Last FPS: 18728.6 | Collect Time: 25.6 min | Train RL Time: 0.2 min | Mean Rewards: -447.39 | Current Best: -363.77
Agent Steps: 0028M | FPS: 18387.6 | Last FPS: 18879.5 | Collect Time: 25.6 min | Train RL Time: 0.2 min | Mean Rewards: -443.22 | Current Best: -363.77
[33m11:18:13 [rigid_object.py] WARNING: The function 'set_external_force_and_torque' will be deprecated in a future release. Please use 'permanent_wrench_composer.set_forces_and_torques' instead.[0m
Agent Steps: 0028M | FPS: 18388.0 | Last FPS: 18741.0 | Collect Time: 25.7 min | Train RL Time: 0.2 min | Mean Rewards: -433.61 | Current Best: -363.77
Agent Steps: 0028M | FPS: 18388.3 | Last FPS: 18694.7 | Collect Time: 25.7 min | Train RL Time: 0.2 min | Mean Rewards: -462.91 | Current Best: -363.77
Agent Steps: 0028M | FPS: 18388.7 | Last FPS: 18693.7 | Collect Time: 25.7 min | Train RL Time: 0.2 min | Mean Rewards: -443.18 | Current Best: -363.77
[33m11:18:18 [rigid_object.py] WARNING: The function 'set_external_force_and_torque' will be deprecated in a future release. Please use 'permanent_wrench_composer.set_forces_and_torques' instead.[0m
Agent Steps: 0028M | FPS: 18389.1 | Last FPS: 18775.8 | Collect Time: 25.8 min | Train RL Time: 0.2 min | Mean Rewards: -442.03 | Current Best: -363.77
[gravity schedule] step=7000 target_z=-0.8349 actual_z=-0.8316
Agent Steps: 0028M | FPS: 18389.4 | Last FPS: 18665.6 | Collect Time: 25.8 min | Train RL Time: 0.2 min | Mean Rewards: -429.26 | Current Best: -363.77
Agent Steps: 0028M | FPS: 18389.9 | Last FPS: 18843.7 | Collect Time: 25.8 min | Train RL Time: 0.2 min | Mean Rewards: -448.55 | Current Best: -363.77
[33m11:18:23 [rigid_object.py] WARNING: The function 'set_external_force_and_torque' will be deprecated in a future release. Please use 'permanent_wrench_composer.set_forces_and_torques' instead.[0m
Agent Steps: 0028M | FPS: 18390.2 | Last FPS: 18598.9 | Collect Time: 25.8 min | Train RL Time: 0.2 min | Mean Rewards: -455.10 | Current Best: -363.77
Agent Steps: 0028M | FPS: 18390.6 | Last FPS: 18803.4 | Collect Time: 25.9 min | Train RL Time: 0.2 min | Mean Rewards: -443.37 | Current Best: -363.77
Agent Steps: 0028M | FPS: 18391.1 | Last FPS: 18799.4 | Collect Time: 25.9 min | Train RL Time: 0.2 min | Mean Rewards: -440.11 | Current Best: -363.77
[33m11:18:28 [rigid_object.py] WARNING: The function 'set_external_force_and_torque' will be deprecated in a future release. Please use 'permanent_wrench_composer.set_forces_and_torques' instead.[0m
Agent Steps: 0028M | FPS: 18391.3 | Last FPS: 18583.6 | Collect Time: 25.9 min | Train RL Time: 0.2 min | Mean Rewards: -432.34 | Current Best: -363.77
Agent Steps: 0028M | FPS: 18391.5 | Last FPS: 18545.5 | Collect Time: 26.0 min | Train RL Time: 0.2 min | Mean Rewards: -458.80 | Current Best: -363.77
Agent Steps: 0028M | FPS: 18391.9 | Last FPS: 18812.4 | Collect Time: 26.0 min | Train RL Time: 0.2 min | Mean Rewards: -446.24 | Current Best: -363.77
[33m11:18:33 [rigid_object.py] WARNING: The function 'set_external_force_and_torque' will be deprecated in a future release. Please use 'permanent_wrench_composer.set_forces_and_torques' instead.[0m
Agent Steps: 0028M | FPS: 18392.1 | Last FPS: 18569.2 | Collect Time: 26.0 min | Train RL Time: 0.2 min | Mean Rewards: -442.71 | Current Best: -363.77
Agent Steps: 0028M | FPS: 18392.7 | Last FPS: 18889.0 | Collect Time: 26.0 min | Train RL Time: 0.2 min | Mean Rewards: -461.61 | Current Best: -363.77
Agent Steps: 0029M | FPS: 18393.3 | Last FPS: 18910.2 | Collect Time: 26.1 min | Train RL Time: 0.2 min | Mean Rewards: -444.28 | Current Best: -363.77
[33m11:18:38 [rigid_object.py] WARNING: The function 'set_external_force_and_torque' will be deprecated in a future release. Please use 'permanent_wrench_composer.set_forces_and_torques' instead.[0m
Agent Steps: 0029M | FPS: 18393.6 | Last FPS: 18729.5 | Collect Time: 26.1 min | Train RL Time: 0.2 min | Mean Rewards: -434.34 | Current Best: -363.77
Agent Steps: 0029M | FPS: 18393.7 | Last FPS: 18492.0 | Collect Time: 26.1 min | Train RL Time: 0.2 min | Mean Rewards: -438.55 | Current Best: -363.77
Agent Steps: 0029M | FPS: 18394.2 | Last FPS: 18837.7 | Collect Time: 26.2 min | Train RL Time: 0.2 min | Mean Rewards: -436.73 | Current Best: -363.77
[33m11:18:43 [rigid_object.py] WARNING: The function 'set_external_force_and_torque' will be deprecated in a future release. Please use 'permanent_wrench_composer.set_forces_and_torques' instead.[0m
Agent Steps: 0029M | FPS: 18395.0 | Last FPS: 19125.9 | Collect Time: 26.2 min | Train RL Time: 0.2 min | Mean Rewards: -457.92 | Current Best: -363.77
Agent Steps: 0029M | FPS: 18395.4 | Last FPS: 18697.6 | Collect Time: 26.2 min | Train RL Time: 0.2 min | Mean Rewards: -433.78 | Current Best: -363.77
Agent Steps: 0029M | FPS: 18395.8 | Last FPS: 18822.1 | Collect Time: 26.2 min | Train RL Time: 0.2 min | Mean Rewards: -430.00 | Current Best: -363.77
[33m11:18:48 [rigid_object.py] WARNING: The function 'set_external_force_and_torque' will be deprecated in a future release. Please use 'permanent_wrench_composer.set_forces_and_torques' instead.[0m
Agent Steps: 0029M | FPS: 18396.1 | Last FPS: 18622.1 | Collect Time: 26.3 min | Train RL Time: 0.2 min | Mean Rewards: -450.32 | Current Best: -363.77
Agent Steps: 0029M | FPS: 18396.8 | Last FPS: 19046.1 | Collect Time: 26.3 min | Train RL Time: 0.2 min | Mean Rewards: -442.17 | Current Best: -363.77
Agent Steps: 0029M | FPS: 18396.8 | Last FPS: 18455.3 | Collect Time: 26.3 min | Train RL Time: 0.2 min | Mean Rewards: -438.57 | Current Best: -363.77
[33m11:18:53 [rigid_object.py] WARNING: The function 'set_external_force_and_torque' will be deprecated in a future release. Please use 'permanent_wrench_composer.set_forces_and_torques' instead.[0m
Agent Steps: 0029M | FPS: 18397.0 | Last FPS: 18506.3 | Collect Time: 26.4 min | Train RL Time: 0.2 min | Mean Rewards: -434.77 | Current Best: -363.77
Agent Steps: 0029M | FPS: 18397.2 | Last FPS: 18601.7 | Collect Time: 26.4 min | Train RL Time: 0.2 min | Mean Rewards: -466.85 | Current Best: -363.77
[33m11:18:58 [rigid_object.py] WARNING: The function 'set_external_force_and_torque' will be deprecated in a future release. Please use 'permanent_wrench_composer.set_forces_and_torques' instead.[0m
Agent Steps: 0029M | FPS: 18397.5 | Last FPS: 18728.2 | Collect Time: 26.4 min | Train RL Time: 0.2 min | Mean Rewards: -447.91 | Current Best: -363.77
Agent Steps: 0029M | FPS: 18397.9 | Last FPS: 18682.5 | Collect Time: 26.4 min | Train RL Time: 0.2 min | Mean Rewards: -449.98 | Current Best: -363.77
Agent Steps: 0029M | FPS: 18398.6 | Last FPS: 19131.9 | Collect Time: 26.5 min | Train RL Time: 0.2 min | Mean Rewards: -436.78 | Current Best: -363.77
[33m11:19:03 [rigid_object.py] WARNING: The function 'set_external_force_and_torque' will be deprecated in a future release. Please use 'permanent_wrench_composer.set_forces_and_torques' instead.[0m
[gravity schedule] step=7200 target_z=-0.8766 actual_z=-0.8716
Agent Steps: 0029M | FPS: 18398.7 | Last FPS: 18454.2 | Collect Time: 26.5 min | Train RL Time: 0.2 min | Mean Rewards: -440.33 | Current Best: -363.77
Agent Steps: 0029M | FPS: 18398.9 | Last FPS: 18597.8 | Collect Time: 26.5 min | Train RL Time: 0.2 min | Mean Rewards: -440.37 | Current Best: -363.77
Agent Steps: 0029M | FPS: 18399.5 | Last FPS: 18900.4 | Collect Time: 26.6 min | Train RL Time: 0.2 min | Mean Rewards: -458.31 | Current Best: -363.77
[33m11:19:08 [rigid_object.py] WARNING: The function 'set_external_force_and_torque' will be deprecated in a future release. Please use 'permanent_wrench_composer.set_forces_and_torques' instead.[0m
Agent Steps: 0029M | FPS: 18399.8 | Last FPS: 18697.2 | Collect Time: 26.6 min | Train RL Time: 0.2 min | Mean Rewards: -459.44 | Current Best: -363.77
Agent Steps: 0029M | FPS: 18400.4 | Last FPS: 19007.8 | Collect Time: 26.6 min | Train RL Time: 0.2 min | Mean Rewards: -432.25 | Current Best: -363.77
Agent Steps: 0029M | FPS: 18400.9 | Last FPS: 18830.1 | Collect Time: 26.6 min | Train RL Time: 0.2 min | Mean Rewards: -438.26 | Current Best: -363.77
[33m11:19:13 [rigid_object.py] WARNING: The function 'set_external_force_and_torque' will be deprecated in a future release. Please use 'permanent_wrench_composer.set_forces_and_torques' instead.[0m
Agent Steps: 0029M | FPS: 18401.4 | Last FPS: 18873.4 | Collect Time: 26.7 min | Train RL Time: 0.2 min | Mean Rewards: -444.58 | Current Best: -363.77
Agent Steps: 0029M | FPS: 18402.0 | Last FPS: 18972.5 | Collect Time: 26.7 min | Train RL Time: 0.2 min | Mean Rewards: -455.11 | Current Best: -363.77
Agent Steps: 0029M | FPS: 18402.6 | Last FPS: 18908.2 | Collect Time: 26.7 min | Train RL Time: 0.2 min | Mean Rewards: -460.58 | Current Best: -363.77
[33m11:19:18 [rigid_object.py] WARNING: The function 'set_external_force_and_torque' will be deprecated in a future release. Please use 'permanent_wrench_composer.set_forces_and_torques' instead.[0m
Agent Steps: 0029M | FPS: 18403.0 | Last FPS: 18789.8 | Collect Time: 26.8 min | Train RL Time: 0.2 min | Mean Rewards: -473.23 | Current Best: -363.77
Agent Steps: 0029M | FPS: 18403.7 | Last FPS: 19037.0 | Collect Time: 26.8 min | Train RL Time: 0.2 min | Mean Rewards: -449.55 | Current Best: -363.77
Agent Steps: 0029M | FPS: 18404.2 | Last FPS: 18907.0 | Collect Time: 26.8 min | Train RL Time: 0.2 min | Mean Rewards: -459.34 | Current Best: -363.77
[33m11:19:24 [rigid_object.py] WARNING: The function 'set_external_force_and_torque' will be deprecated in a future release. Please use 'permanent_wrench_composer.set_forces_and_torques' instead.[0m
Agent Steps: 0029M | FPS: 18404.6 | Last FPS: 18790.8 | Collect Time: 26.8 min | Train RL Time: 0.2 min | Mean Rewards: -452.76 | Current Best: -363.77
Agent Steps: 0029M | FPS: 18404.9 | Last FPS: 18728.1 | Collect Time: 26.9 min | Train RL Time: 0.2 min | Mean Rewards: -445.44 | Current Best: -363.77
Agent Steps: 0029M | FPS: 18405.2 | Last FPS: 18643.7 | Collect Time: 26.9 min | Train RL Time: 0.2 min | Mean Rewards: -427.59 | Current Best: -363.77
[33m11:19:29 [rigid_object.py] WARNING: The function 'set_external_force_and_torque' will be deprecated in a future release. Please use 'permanent_wrench_composer.set_forces_and_torques' instead.[0m
Agent Steps: 0030M | FPS: 18405.8 | Last FPS: 19004.8 | Collect Time: 26.9 min | Train RL Time: 0.2 min | Mean Rewards: -482.66 | Current Best: -363.77
Agent Steps: 0030M | FPS: 18406.2 | Last FPS: 18712.2 | Collect Time: 27.0 min | Train RL Time: 0.2 min | Mean Rewards: -422.48 | Current Best: -363.77
Agent Steps: 0030M | FPS: 18406.4 | Last FPS: 18614.0 | Collect Time: 27.0 min | Train RL Time: 0.2 min | Mean Rewards: -447.13 | Current Best: -363.77
[33m11:19:34 [rigid_object.py] WARNING: The function 'set_external_force_and_torque' will be deprecated in a future release. Please use 'permanent_wrench_composer.set_forces_and_torques' instead.[0m
Agent Steps: 0030M | FPS: 18406.6 | Last FPS: 18632.0 | Collect Time: 27.0 min | Train RL Time: 0.2 min | Mean Rewards: -453.13 | Current Best: -363.77
Agent Steps: 0030M | FPS: 18407.2 | Last FPS: 18928.7 | Collect Time: 27.0 min | Train RL Time: 0.2 min | Mean Rewards: -449.21 | Current Best: -363.77
Agent Steps: 0030M | FPS: 18407.7 | Last FPS: 18887.0 | Collect Time: 27.1 min | Train RL Time: 0.2 min | Mean Rewards: -445.57 | Current Best: -363.77
[33m11:19:39 [rigid_object.py] WARNING: The function 'set_external_force_and_torque' will be deprecated in a future release. Please use 'permanent_wrench_composer.set_forces_and_torques' instead.[0m
Agent Steps: 0030M | FPS: 18408.1 | Last FPS: 18813.6 | Collect Time: 27.1 min | Train RL Time: 0.2 min | Mean Rewards: -432.64 | Current Best: -363.77
Agent Steps: 0030M | FPS: 18408.8 | Last FPS: 19066.4 | Collect Time: 27.1 min | Train RL Time: 0.2 min | Mean Rewards: -447.37 | Current Best: -363.77
Agent Steps: 0030M | FPS: 18409.1 | Last FPS: 18646.2 | Collect Time: 27.2 min | Train RL Time: 0.2 min | Mean Rewards: -455.77 | Current Best: -363.77
[33m11:19:44 [rigid_object.py] WARNING: The function 'set_external_force_and_torque' will be deprecated in a future release. Please use 'permanent_wrench_composer.set_forces_and_torques' instead.[0m
Agent Steps: 0030M | FPS: 18409.7 | Last FPS: 18998.3 | Collect Time: 27.2 min | Train RL Time: 0.2 min | Mean Rewards: -454.47 | Current Best: -363.77
[gravity schedule] step=7400 target_z=-0.9184 actual_z=-0.9117
Agent Steps: 0030M | FPS: 18410.4 | Last FPS: 19070.1 | Collect Time: 27.2 min | Train RL Time: 0.2 min | Mean Rewards: -447.25 | Current Best: -363.77
Agent Steps: 0030M | FPS: 18410.7 | Last FPS: 18683.5 | Collect Time: 27.3 min | Train RL Time: 0.2 min | Mean Rewards: -426.69 | Current Best: -363.77
[33m11:19:49 [rigid_object.py] WARNING: The function 'set_external_force_and_torque' will be deprecated in a future release. Please use 'permanent_wrench_composer.set_forces_and_torques' instead.[0m
Agent Steps: 0030M | FPS: 18410.9 | Last FPS: 18670.6 | Collect Time: 27.3 min | Train RL Time: 0.2 min | Mean Rewards: -447.90 | Current Best: -363.77
Agent Steps: 0030M | FPS: 18411.5 | Last FPS: 18944.5 | Collect Time: 27.3 min | Train RL Time: 0.2 min | Mean Rewards: -467.06 | Current Best: -363.77
Agent Steps: 0030M | FPS: 18411.9 | Last FPS: 18745.0 | Collect Time: 27.3 min | Train RL Time: 0.2 min | Mean Rewards: -445.48 | Current Best: -363.77
[33m11:19:54 [rigid_object.py] WARNING: The function 'set_external_force_and_torque' will be deprecated in a future release. Please use 'permanent_wrench_composer.set_forces_and_torques' instead.[0m
Agent Steps: 0030M | FPS: 18412.2 | Last FPS: 18789.9 | Collect Time: 27.4 min | Train RL Time: 0.2 min | Mean Rewards: -451.75 | Current Best: -363.77
Agent Steps: 0030M | FPS: 18412.6 | Last FPS: 18705.7 | Collect Time: 27.4 min | Train RL Time: 0.2 min | Mean Rewards: -460.71 | Current Best: -363.77
Agent Steps: 0030M | FPS: 18413.3 | Last FPS: 19116.7 | Collect Time: 27.4 min | Train RL Time: 0.2 min | Mean Rewards: -450.45 | Current Best: -363.77
[33m11:20:00 [rigid_object.py] WARNING: The function 'set_external_force_and_torque' will be deprecated in a future release. Please use 'permanent_wrench_composer.set_forces_and_torques' instead.[0m
Agent Steps: 0030M | FPS: 18413.7 | Last FPS: 18833.2 | Collect Time: 27.5 min | Train RL Time: 0.2 min | Mean Rewards: -447.93 | Current Best: -363.77
Agent Steps: 0030M | FPS: 18414.5 | Last FPS: 19148.0 | Collect Time: 27.5 min | Train RL Time: 0.2 min | Mean Rewards: -463.93 | Current Best: -363.77
Agent Steps: 0030M | FPS: 18415.0 | Last FPS: 18925.6 | Collect Time: 27.5 min | Train RL Time: 0.2 min | Mean Rewards: -436.64 | Current Best: -363.77
[33m11:20:05 [rigid_object.py] WARNING: The function 'set_external_force_and_torque' will be deprecated in a future release. Please use 'permanent_wrench_composer.set_forces_and_torques' instead.[0m
Agent Steps: 0030M | FPS: 18415.2 | Last FPS: 18622.1 | Collect Time: 27.5 min | Train RL Time: 0.2 min | Mean Rewards: -439.27 | Current Best: -363.77
Agent Steps: 0030M | FPS: 18415.7 | Last FPS: 18819.9 | Collect Time: 27.6 min | Train RL Time: 0.2 min | Mean Rewards: -454.12 | Current Best: -363.77
Agent Steps: 0030M | FPS: 18416.2 | Last FPS: 18963.1 | Collect Time: 27.6 min | Train RL Time: 0.2 min | Mean Rewards: -443.09 | Current Best: -363.77
[33m11:20:10 [rigid_object.py] WARNING: The function 'set_external_force_and_torque' will be deprecated in a future release. Please use 'permanent_wrench_composer.set_forces_and_torques' instead.[0m
Agent Steps: 0030M | FPS: 18416.2 | Last FPS: 18407.4 | Collect Time: 27.6 min | Train RL Time: 0.2 min | Mean Rewards: -445.26 | Current Best: -363.77
Agent Steps: 0030M | FPS: 18416.5 | Last FPS: 18740.4 | Collect Time: 27.7 min | Train RL Time: 0.2 min | Mean Rewards: -437.21 | Current Best: -363.77
Agent Steps: 0030M | FPS: 18417.1 | Last FPS: 18923.9 | Collect Time: 27.7 min | Train RL Time: 0.2 min | Mean Rewards: -460.86 | Current Best: -363.77
[33m11:20:15 [rigid_object.py] WARNING: The function 'set_external_force_and_torque' will be deprecated in a future release. Please use 'permanent_wrench_composer.set_forces_and_torques' instead.[0m
Agent Steps: 0030M | FPS: 18417.3 | Last FPS: 18648.2 | Collect Time: 27.7 min | Train RL Time: 0.2 min | Mean Rewards: -452.21 | Current Best: -363.77
Agent Steps: 0030M | FPS: 18417.8 | Last FPS: 18918.0 | Collect Time: 27.7 min | Train RL Time: 0.2 min | Mean Rewards: -452.36 | Current Best: -363.77
Agent Steps: 0030M | FPS: 18418.5 | Last FPS: 19118.1 | Collect Time: 27.8 min | Train RL Time: 0.2 min | Mean Rewards: -442.96 | Current Best: -363.77
[33m11:20:20 [rigid_object.py] WARNING: The function 'set_external_force_and_torque' will be deprecated in a future release. Please use 'permanent_wrench_composer.set_forces_and_torques' instead.[0m
Agent Steps: 0030M | FPS: 18418.8 | Last FPS: 18667.9 | Collect Time: 27.8 min | Train RL Time: 0.2 min | Mean Rewards: -453.81 | Current Best: -363.77
Agent Steps: 0031M | FPS: 18419.3 | Last FPS: 18926.5 | Collect Time: 27.8 min | Train RL Time: 0.2 min | Mean Rewards: -441.63 | Current Best: -363.77
[33m11:20:25 [rigid_object.py] WARNING: The function 'set_external_force_and_torque' will be deprecated in a future release. Please use 'permanent_wrench_composer.set_forces_and_torques' instead.[0m
Agent Steps: 0031M | FPS: 18419.6 | Last FPS: 18670.3 | Collect Time: 27.9 min | Train RL Time: 0.2 min | Mean Rewards: -447.04 | Current Best: -363.77
Agent Steps: 0031M | FPS: 18420.1 | Last FPS: 18880.3 | Collect Time: 27.9 min | Train RL Time: 0.2 min | Mean Rewards: -456.99 | Current Best: -363.77
Agent Steps: 0031M | FPS: 18420.5 | Last FPS: 18894.5 | Collect Time: 27.9 min | Train RL Time: 0.2 min | Mean Rewards: -459.18 | Current Best: -363.77
[33m11:20:30 [rigid_object.py] WARNING: The function 'set_external_force_and_torque' will be deprecated in a future release. Please use 'permanent_wrench_composer.set_forces_and_torques' instead.[0m
[gravity schedule] step=7600 target_z=-0.9601 actual_z=-0.9518
Agent Steps: 0031M | FPS: 18421.0 | Last FPS: 18871.4 | Collect Time: 27.9 min | Train RL Time: 0.2 min | Mean Rewards: -480.54 | Current Best: -363.77
Agent Steps: 0031M | FPS: 18421.3 | Last FPS: 18709.4 | Collect Time: 28.0 min | Train RL Time: 0.2 min | Mean Rewards: -449.94 | Current Best: -363.77
Agent Steps: 0031M | FPS: 18421.7 | Last FPS: 18794.5 | Collect Time: 28.0 min | Train RL Time: 0.2 min | Mean Rewards: -425.22 | Current Best: -363.77
[33m11:20:35 [rigid_object.py] WARNING: The function 'set_external_force_and_torque' will be deprecated in a future release. Please use 'permanent_wrench_composer.set_forces_and_torques' instead.[0m
Agent Steps: 0031M | FPS: 18422.2 | Last FPS: 18879.8 | Collect Time: 28.0 min | Train RL Time: 0.2 min | Mean Rewards: -441.73 | Current Best: -363.77
Agent Steps: 0031M | FPS: 18422.7 | Last FPS: 18902.0 | Collect Time: 28.1 min | Train RL Time: 0.2 min | Mean Rewards: -459.18 | Current Best: -363.77
Agent Steps: 0031M | FPS: 18423.2 | Last FPS: 18926.4 | Collect Time: 28.1 min | Train RL Time: 0.2 min | Mean Rewards: -451.24 | Current Best: -363.77
[33m11:20:40 [rigid_object.py] WARNING: The function 'set_external_force_and_torque' will be deprecated in a future release. Please use 'permanent_wrench_composer.set_forces_and_torques' instead.[0m
Agent Steps: 0031M | FPS: 18423.8 | Last FPS: 19063.9 | Collect Time: 28.1 min | Train RL Time: 0.2 min | Mean Rewards: -446.07 | Current Best: -363.77
Agent Steps: 0031M | FPS: 18424.1 | Last FPS: 18698.8 | Collect Time: 28.1 min | Train RL Time: 0.2 min | Mean Rewards: -437.87 | Current Best: -363.77
Agent Steps: 0031M | FPS: 18424.6 | Last FPS: 18917.4 | Collect Time: 28.2 min | Train RL Time: 0.2 min | Mean Rewards: -441.90 | Current Best: -363.77
[33m11:20:45 [rigid_object.py] WARNING: The function 'set_external_force_and_torque' will be deprecated in a future release. Please use 'permanent_wrench_composer.set_forces_and_torques' instead.[0m
Agent Steps: 0031M | FPS: 18424.9 | Last FPS: 18730.8 | Collect Time: 28.2 min | Train RL Time: 0.2 min | Mean Rewards: -454.27 | Current Best: -363.77
Agent Steps: 0031M | FPS: 18425.4 | Last FPS: 18890.6 | Collect Time: 28.2 min | Train RL Time: 0.2 min | Mean Rewards: -460.22 | Current Best: -363.77
Agent Steps: 0031M | FPS: 18425.9 | Last FPS: 18932.5 | Collect Time: 28.3 min | Train RL Time: 0.2 min | Mean Rewards: -454.29 | Current Best: -363.77
[33m11:20:50 [rigid_object.py] WARNING: The function 'set_external_force_and_torque' will be deprecated in a future release. Please use 'permanent_wrench_composer.set_forces_and_torques' instead.[0m
Agent Steps: 0031M | FPS: 18426.1 | Last FPS: 18597.6 | Collect Time: 28.3 min | Train RL Time: 0.2 min | Mean Rewards: -452.69 | Current Best: -363.77
Agent Steps: 0031M | FPS: 18426.5 | Last FPS: 18799.1 | Collect Time: 28.3 min | Train RL Time: 0.2 min | Mean Rewards: -458.54 | Current Best: -363.77
Agent Steps: 0031M | FPS: 18427.0 | Last FPS: 18984.0 | Collect Time: 28.3 min | Train RL Time: 0.2 min | Mean Rewards: -429.81 | Current Best: -363.77
[33m11:20:55 [rigid_object.py] WARNING: The function 'set_external_force_and_torque' will be deprecated in a future release. Please use 'permanent_wrench_composer.set_forces_and_torques' instead.[0m
Agent Steps: 0031M | FPS: 18427.6 | Last FPS: 19037.7 | Collect Time: 28.4 min | Train RL Time: 0.2 min | Mean Rewards: -457.82 | Current Best: -363.77
Agent Steps: 0031M | FPS: 18428.3 | Last FPS: 19149.2 | Collect Time: 28.4 min | Train RL Time: 0.2 min | Mean Rewards: -468.19 | Current Best: -363.77
Agent Steps: 0031M | FPS: 18428.9 | Last FPS: 18986.3 | Collect Time: 28.4 min | Train RL Time: 0.2 min | Mean Rewards: -444.18 | Current Best: -363.77
[33m11:21:01 [rigid_object.py] WARNING: The function 'set_external_force_and_torque' will be deprecated in a future release. Please use 'permanent_wrench_composer.set_forces_and_torques' instead.[0m
Agent Steps: 0031M | FPS: 18429.3 | Last FPS: 18819.8 | Collect Time: 28.5 min | Train RL Time: 0.2 min | Mean Rewards: -466.78 | Current Best: -363.77
Agent Steps: 0031M | FPS: 18429.5 | Last FPS: 18649.1 | Collect Time: 28.5 min | Train RL Time: 0.2 min | Mean Rewards: -468.37 | Current Best: -363.77
Agent Steps: 0031M | FPS: 18430.0 | Last FPS: 18955.9 | Collect Time: 28.5 min | Train RL Time: 0.2 min | Mean Rewards: -444.90 | Current Best: -363.77
[33m11:21:06 [rigid_object.py] WARNING: The function 'set_external_force_and_torque' will be deprecated in a future release. Please use 'permanent_wrench_composer.set_forces_and_torques' instead.[0m
Agent Steps: 0031M | FPS: 18430.4 | Last FPS: 18791.1 | Collect Time: 28.5 min | Train RL Time: 0.2 min | Mean Rewards: -452.09 | Current Best: -363.77
Agent Steps: 0031M | FPS: 18431.0 | Last FPS: 19006.9 | Collect Time: 28.6 min | Train RL Time: 0.2 min | Mean Rewards: -449.30 | Current Best: -363.77
Agent Steps: 0031M | FPS: 18431.4 | Last FPS: 18864.3 | Collect Time: 28.6 min | Train RL Time: 0.2 min | Mean Rewards: -454.87 | Current Best: -363.77
[33m11:21:11 [rigid_object.py] WARNING: The function 'set_external_force_and_torque' will be deprecated in a future release. Please use 'permanent_wrench_composer.set_forces_and_torques' instead.[0m
Agent Steps: 0031M | FPS: 18432.0 | Last FPS: 19054.3 | Collect Time: 28.6 min | Train RL Time: 0.2 min | Mean Rewards: -435.82 | Current Best: -363.77
[gravity schedule] step=7800 target_z=-1.0019 actual_z=-0.9919
Agent Steps: 0031M | FPS: 18432.4 | Last FPS: 18823.9 | Collect Time: 28.7 min | Train RL Time: 0.2 min | Mean Rewards: -448.74 | Current Best: -363.77
Agent Steps: 0032M | FPS: 18432.6 | Last FPS: 18570.1 | Collect Time: 28.7 min | Train RL Time: 0.2 min | Mean Rewards: -481.36 | Current Best: -363.77
[33m11:21:16 [rigid_object.py] WARNING: The function 'set_external_force_and_torque' will be deprecated in a future release. Please use 'permanent_wrench_composer.set_forces_and_torques' instead.[0m
Agent Steps: 0032M | FPS: 18432.8 | Last FPS: 18688.8 | Collect Time: 28.7 min | Train RL Time: 0.2 min | Mean Rewards: -432.88 | Current Best: -363.77
Agent Steps: 0032M | FPS: 18433.3 | Last FPS: 18880.7 | Collect Time: 28.7 min | Train RL Time: 0.2 min | Mean Rewards: -453.86 | Current Best: -363.77
Agent Steps: 0032M | FPS: 18433.8 | Last FPS: 19006.7 | Collect Time: 28.8 min | Train RL Time: 0.2 min | Mean Rewards: -450.78 | Current Best: -363.77
[33m11:21:21 [rigid_object.py] WARNING: The function 'set_external_force_and_torque' will be deprecated in a future release. Please use 'permanent_wrench_composer.set_forces_and_torques' instead.[0m
Agent Steps: 0032M | FPS: 18434.1 | Last FPS: 18706.1 | Collect Time: 28.8 min | Train RL Time: 0.2 min | Mean Rewards: -440.84 | Current Best: -363.77
Agent Steps: 0032M | FPS: 18434.9 | Last FPS: 19186.7 | Collect Time: 28.8 min | Train RL Time: 0.2 min | Mean Rewards: -455.32 | Current Best: -363.77
Agent Steps: 0032M | FPS: 18435.1 | Last FPS: 18722.4 | Collect Time: 28.9 min | Train RL Time: 0.2 min | Mean Rewards: -445.70 | Current Best: -363.77
[33m11:21:26 [rigid_object.py] WARNING: The function 'set_external_force_and_torque' will be deprecated in a future release. Please use 'permanent_wrench_composer.set_forces_and_torques' instead.[0m
Agent Steps: 0032M | FPS: 18435.5 | Last FPS: 18793.3 | Collect Time: 28.9 min | Train RL Time: 0.2 min | Mean Rewards: -472.68 | Current Best: -363.77
Agent Steps: 0032M | FPS: 18435.7 | Last FPS: 18665.8 | Collect Time: 28.9 min | Train RL Time: 0.2 min | Mean Rewards: -444.47 | Current Best: -363.77
[33m11:21:31 [rigid_object.py] WARNING: The function 'set_external_force_and_torque' will be deprecated in a future release. Please use 'permanent_wrench_composer.set_forces_and_torques' instead.[0m
Agent Steps: 0032M | FPS: 18435.5 | Last FPS: 18238.9 | Collect Time: 28.9 min | Train RL Time: 0.2 min | Mean Rewards: -457.29 | Current Best: -363.77
Agent Steps: 0032M | FPS: 18435.8 | Last FPS: 18742.5 | Collect Time: 29.0 min | Train RL Time: 0.2 min | Mean Rewards: -458.24 | Current Best: -363.77
Agent Steps: 0032M | FPS: 18436.1 | Last FPS: 18737.5 | Collect Time: 29.0 min | Train RL Time: 0.2 min | Mean Rewards: -450.92 | Current Best: -363.77
[33m11:21:37 [rigid_object.py] WARNING: The function 'set_external_force_and_torque' will be deprecated in a future release. Please use 'permanent_wrench_composer.set_forces_and_torques' instead.[0m
Agent Steps: 0032M | FPS: 18436.8 | Last FPS: 19102.2 | Collect Time: 29.0 min | Train RL Time: 0.2 min | Mean Rewards: -468.26 | Current Best: -363.77
Agent Steps: 0032M | FPS: 18437.4 | Last FPS: 19024.8 | Collect Time: 29.1 min | Train RL Time: 0.2 min | Mean Rewards: -468.71 | Current Best: -363.77
Agent Steps: 0032M | FPS: 18438.0 | Last FPS: 19044.4 | Collect Time: 29.1 min | Train RL Time: 0.2 min | Mean Rewards: -451.83 | Current Best: -363.77
[33m11:21:42 [rigid_object.py] WARNING: The function 'set_external_force_and_torque' will be deprecated in a future release. Please use 'permanent_wrench_composer.set_forces_and_torques' instead.[0m
Agent Steps: 0032M | FPS: 18438.4 | Last FPS: 18896.7 | Collect Time: 29.1 min | Train RL Time: 0.2 min | Mean Rewards: -463.21 | Current Best: -363.77
Agent Steps: 0032M | FPS: 18438.6 | Last FPS: 18621.0 | Collect Time: 29.1 min | Train RL Time: 0.2 min | Mean Rewards: -447.67 | Current Best: -363.77
Agent Steps: 0032M | FPS: 18439.1 | Last FPS: 18984.7 | Collect Time: 29.2 min | Train RL Time: 0.2 min | Mean Rewards: -458.82 | Current Best: -363.77
[33m11:21:47 [rigid_object.py] WARNING: The function 'set_external_force_and_torque' will be deprecated in a future release. Please use 'permanent_wrench_composer.set_forces_and_torques' instead.[0m
Agent Steps: 0032M | FPS: 18439.7 | Last FPS: 19017.4 | Collect Time: 29.2 min | Train RL Time: 0.2 min | Mean Rewards: -444.49 | Current Best: -363.77
Agent Steps: 0032M | FPS: 18440.2 | Last FPS: 19020.3 | Collect Time: 29.2 min | Train RL Time: 0.2 min | Mean Rewards: -464.31 | Current Best: -363.77
Agent Steps: 0032M | FPS: 18441.0 | Last FPS: 19238.4 | Collect Time: 29.3 min | Train RL Time: 0.2 min | Mean Rewards: -468.64 | Current Best: -363.77
[33m11:21:52 [rigid_object.py] WARNING: The function 'set_external_force_and_torque' will be deprecated in a future release. Please use 'permanent_wrench_composer.set_forces_and_torques' instead.[0m
Agent Steps: 0032M | FPS: 18441.5 | Last FPS: 18901.2 | Collect Time: 29.3 min | Train RL Time: 0.2 min | Mean Rewards: -451.76 | Current Best: -363.77
Agent Steps: 0032M | FPS: 18441.8 | Last FPS: 18825.4 | Collect Time: 29.3 min | Train RL Time: 0.2 min | Mean Rewards: -474.43 | Current Best: -363.77
Agent Steps: 0032M | FPS: 18442.2 | Last FPS: 18766.5 | Collect Time: 29.3 min | Train RL Time: 0.2 min | Mean Rewards: -452.45 | Current Best: -363.77
[33m11:21:57 [rigid_object.py] WARNING: The function 'set_external_force_and_torque' will be deprecated in a future release. Please use 'permanent_wrench_composer.set_forces_and_torques' instead.[0m
[gravity schedule] step=8000 target_z=-1.0436 actual_z=-1.0419
Agent Steps: 0032M | FPS: 18442.7 | Last FPS: 19041.0 | Collect Time: 29.4 min | Train RL Time: 0.2 min | Mean Rewards: -457.73 | Current Best: -363.77
Agent Steps: 0032M | FPS: 18442.9 | Last FPS: 18643.6 | Collect Time: 29.4 min | Train RL Time: 0.2 min | Mean Rewards: -454.91 | Current Best: -363.77
Agent Steps: 0032M | FPS: 18443.5 | Last FPS: 19027.0 | Collect Time: 29.4 min | Train RL Time: 0.2 min | Mean Rewards: -447.94 | Current Best: -363.77
[33m11:22:02 [rigid_object.py] WARNING: The function 'set_external_force_and_torque' will be deprecated in a future release. Please use 'permanent_wrench_composer.set_forces_and_torques' instead.[0m
Agent Steps: 0032M | FPS: 18444.0 | Last FPS: 18990.0 | Collect Time: 29.5 min | Train RL Time: 0.2 min | Mean Rewards: -456.72 | Current Best: -363.77
Agent Steps: 0032M | FPS: 18444.4 | Last FPS: 18786.4 | Collect Time: 29.5 min | Train RL Time: 0.2 min | Mean Rewards: -455.42 | Current Best: -363.77
Agent Steps: 0032M | FPS: 18445.0 | Last FPS: 19139.3 | Collect Time: 29.5 min | Train RL Time: 0.2 min | Mean Rewards: -463.93 | Current Best: -363.77
[33m11:22:08 [rigid_object.py] WARNING: The function 'set_external_force_and_torque' will be deprecated in a future release. Please use 'permanent_wrench_composer.set_forces_and_torques' instead.[0m
Agent Steps: 0032M | FPS: 18445.8 | Last FPS: 19271.1 | Collect Time: 29.5 min | Train RL Time: 0.2 min | Mean Rewards: -432.20 | Current Best: -363.77
Agent Steps: 0033M | FPS: 18446.4 | Last FPS: 19090.5 | Collect Time: 29.6 min | Train RL Time: 0.2 min | Mean Rewards: -452.35 | Current Best: -363.77
Agent Steps: 0033M | FPS: 18446.9 | Last FPS: 18970.6 | Collect Time: 29.6 min | Train RL Time: 0.2 min | Mean Rewards: -454.33 | Current Best: -363.77
[33m11:22:13 [rigid_object.py] WARNING: The function 'set_external_force_and_torque' will be deprecated in a future release. Please use 'permanent_wrench_composer.set_forces_and_torques' instead.[0m
Agent Steps: 0033M | FPS: 18447.8 | Last FPS: 19328.4 | Collect Time: 29.6 min | Train RL Time: 0.2 min | Mean Rewards: -472.80 | Current Best: -363.77
Agent Steps: 0033M | FPS: 18448.7 | Last FPS: 19400.9 | Collect Time: 29.7 min | Train RL Time: 0.2 min | Mean Rewards: -454.41 | Current Best: -363.77
Agent Steps: 0033M | FPS: 18449.4 | Last FPS: 19207.7 | Collect Time: 29.7 min | Train RL Time: 0.2 min | Mean Rewards: -429.75 | Current Best: -363.77
[33m11:22:18 [rigid_object.py] WARNING: The function 'set_external_force_and_torque' will be deprecated in a future release. Please use 'permanent_wrench_composer.set_forces_and_torques' instead.[0m
Agent Steps: 0033M | FPS: 18450.0 | Last FPS: 19122.5 | Collect Time: 29.7 min | Train RL Time: 0.2 min | Mean Rewards: -447.77 | Current Best: -363.77
Agent Steps: 0033M | FPS: 18450.8 | Last FPS: 19232.1 | Collect Time: 29.7 min | Train RL Time: 0.2 min | Mean Rewards: -467.63 | Current Best: -363.77
Agent Steps: 0033M | FPS: 18451.6 | Last FPS: 19346.3 | Collect Time: 29.8 min | Train RL Time: 0.2 min | Mean Rewards: -477.75 | Current Best: -363.77
[33m11:22:23 [rigid_object.py] WARNING: The function 'set_external_force_and_torque' will be deprecated in a future release. Please use 'permanent_wrench_composer.set_forces_and_torques' instead.[0m
Agent Steps: 0033M | FPS: 18452.0 | Last FPS: 18848.0 | Collect Time: 29.8 min | Train RL Time: 0.2 min | Mean Rewards: -445.36 | Current Best: -363.77
Agent Steps: 0033M | FPS: 18452.7 | Last FPS: 19143.6 | Collect Time: 29.8 min | Train RL Time: 0.2 min | Mean Rewards: -465.79 | Current Best: -363.77
Agent Steps: 0033M | FPS: 18453.3 | Last FPS: 19170.9 | Collect Time: 29.9 min | Train RL Time: 0.2 min | Mean Rewards: -447.80 | Current Best: -363.77
[33m11:22:28 [rigid_object.py] WARNING: The function 'set_external_force_and_torque' will be deprecated in a future release. Please use 'permanent_wrench_composer.set_forces_and_torques' instead.[0m
Agent Steps: 0033M | FPS: 18454.2 | Last FPS: 19417.3 | Collect Time: 29.9 min | Train RL Time: 0.2 min | Mean Rewards: -460.97 | Current Best: -363.77
Agent Steps: 0033M | FPS: 18454.9 | Last FPS: 19182.5 | Collect Time: 29.9 min | Train RL Time: 0.2 min | Mean Rewards: -464.51 | Current Best: -363.77
Agent Steps: 0033M | FPS: 18455.7 | Last FPS: 19283.5 | Collect Time: 29.9 min | Train RL Time: 0.2 min | Mean Rewards: -455.84 | Current Best: -363.77
[33m11:22:33 [rigid_object.py] WARNING: The function 'set_external_force_and_torque' will be deprecated in a future release. Please use 'permanent_wrench_composer.set_forces_and_torques' instead.[0m
Agent Steps: 0033M | FPS: 18456.5 | Last FPS: 19342.5 | Collect Time: 30.0 min | Train RL Time: 0.2 min | Mean Rewards: -474.07 | Current Best: -363.77
Agent Steps: 0033M | FPS: 18457.1 | Last FPS: 19102.5 | Collect Time: 30.0 min | Train RL Time: 0.2 min | Mean Rewards: -455.41 | Current Best: -363.77
Agent Steps: 0033M | FPS: 18457.8 | Last FPS: 19176.0 | Collect Time: 30.0 min | Train RL Time: 0.2 min | Mean Rewards: -461.64 | Current Best: -363.77
[33m11:22:38 [rigid_object.py] WARNING: The function 'set_external_force_and_torque' will be deprecated in a future release. Please use 'permanent_wrench_composer.set_forces_and_torques' instead.[0m
Agent Steps: 0033M | FPS: 18458.4 | Last FPS: 19083.7 | Collect Time: 30.1 min | Train RL Time: 0.2 min | Mean Rewards: -466.03 | Current Best: -363.77
[gravity schedule] step=8200 target_z=-1.0854 actual_z=-1.0820
Agent Steps: 0033M | FPS: 18459.1 | Last FPS: 19206.6 | Collect Time: 30.1 min | Train RL Time: 0.2 min | Mean Rewards: -465.07 | Current Best: -363.77
Agent Steps: 0033M | FPS: 18459.9 | Last FPS: 19314.3 | Collect Time: 30.1 min | Train RL Time: 0.2 min | Mean Rewards: -476.29 | Current Best: -363.77
[33m11:22:43 [rigid_object.py] WARNING: The function 'set_external_force_and_torque' will be deprecated in a future release. Please use 'permanent_wrench_composer.set_forces_and_torques' instead.[0m
Agent Steps: 0033M | FPS: 18460.4 | Last FPS: 19022.8 | Collect Time: 30.1 min | Train RL Time: 0.2 min | Mean Rewards: -476.15 | Current Best: -363.77
Agent Steps: 0033M | FPS: 18461.1 | Last FPS: 19182.2 | Collect Time: 30.2 min | Train RL Time: 0.2 min | Mean Rewards: -439.77 | Current Best: -363.77
Agent Steps: 0033M | FPS: 18461.9 | Last FPS: 19298.9 | Collect Time: 30.2 min | Train RL Time: 0.2 min | Mean Rewards: -470.49 | Current Best: -363.77
[33m11:22:49 [rigid_object.py] WARNING: The function 'set_external_force_and_torque' will be deprecated in a future release. Please use 'permanent_wrench_composer.set_forces_and_torques' instead.[0m
Agent Steps: 0033M | FPS: 18462.8 | Last FPS: 19410.5 | Collect Time: 30.2 min | Train RL Time: 0.2 min | Mean Rewards: -469.97 | Current Best: -363.77
Agent Steps: 0033M | FPS: 18463.4 | Last FPS: 19205.7 | Collect Time: 30.2 min | Train RL Time: 0.2 min | Mean Rewards: -473.77 | Current Best: -363.77
Agent Steps: 0033M | FPS: 18464.2 | Last FPS: 19323.3 | Collect Time: 30.3 min | Train RL Time: 0.2 min | Mean Rewards: -469.82 | Current Best: -363.77
[33m11:22:54 [rigid_object.py] WARNING: The function 'set_external_force_and_torque' will be deprecated in a future release. Please use 'permanent_wrench_composer.set_forces_and_torques' instead.[0m
Agent Steps: 0033M | FPS: 18464.9 | Last FPS: 19183.5 | Collect Time: 30.3 min | Train RL Time: 0.2 min | Mean Rewards: -476.57 | Current Best: -363.77
Agent Steps: 0033M | FPS: 18465.3 | Last FPS: 18861.2 | Collect Time: 30.3 min | Train RL Time: 0.2 min | Mean Rewards: -461.96 | Current Best: -363.77
Agent Steps: 0033M | FPS: 18466.0 | Last FPS: 19192.5 | Collect Time: 30.4 min | Train RL Time: 0.2 min | Mean Rewards: -446.98 | Current Best: -363.77
[33m11:22:59 [rigid_object.py] WARNING: The function 'set_external_force_and_torque' will be deprecated in a future release. Please use 'permanent_wrench_composer.set_forces_and_torques' instead.[0m
Agent Steps: 0033M | FPS: 18466.8 | Last FPS: 19323.2 | Collect Time: 30.4 min | Train RL Time: 0.2 min | Mean Rewards: -459.97 | Current Best: -363.77
Agent Steps: 0034M | FPS: 18467.6 | Last FPS: 19420.0 | Collect Time: 30.4 min | Train RL Time: 0.2 min | Mean Rewards: -463.46 | Current Best: -363.77
Agent Steps: 0034M | FPS: 18468.5 | Last FPS: 19392.3 | Collect Time: 30.4 min | Train RL Time: 0.2 min | Mean Rewards: -478.30 | Current Best: -363.77
[33m11:23:04 [rigid_object.py] WARNING: The function 'set_external_force_and_torque' will be deprecated in a future release. Please use 'permanent_wrench_composer.set_forces_and_torques' instead.[0m
Agent Steps: 0034M | FPS: 18469.4 | Last FPS: 19502.9 | Collect Time: 30.5 min | Train RL Time: 0.2 min | Mean Rewards: -472.23 | Current Best: -363.77
Agent Steps: 0034M | FPS: 18470.2 | Last FPS: 19344.4 | Collect Time: 30.5 min | Train RL Time: 0.2 min | Mean Rewards: -450.16 | Current Best: -363.77
Agent Steps: 0034M | FPS: 18470.9 | Last FPS: 19251.2 | Collect Time: 30.5 min | Train RL Time: 0.2 min | Mean Rewards: -459.96 | Current Best: -363.77
[33m11:23:09 [rigid_object.py] WARNING: The function 'set_external_force_and_torque' will be deprecated in a future release. Please use 'permanent_wrench_composer.set_forces_and_torques' instead.[0m
Agent Steps: 0034M | FPS: 18471.6 | Last FPS: 19176.4 | Collect Time: 30.6 min | Train RL Time: 0.2 min | Mean Rewards: -450.00 | Current Best: -363.77
Agent Steps: 0034M | FPS: 18472.4 | Last FPS: 19366.9 | Collect Time: 30.6 min | Train RL Time: 0.2 min | Mean Rewards: -445.05 | Current Best: -363.77
Agent Steps: 0034M | FPS: 18473.2 | Last FPS: 19301.2 | Collect Time: 30.6 min | Train RL Time: 0.2 min | Mean Rewards: -459.39 | Current Best: -363.77
[33m11:23:14 [rigid_object.py] WARNING: The function 'set_external_force_and_torque' will be deprecated in a future release. Please use 'permanent_wrench_composer.set_forces_and_torques' instead.[0m
Agent Steps: 0034M | FPS: 18473.8 | Last FPS: 19211.6 | Collect Time: 30.6 min | Train RL Time: 0.2 min | Mean Rewards: -455.55 | Current Best: -363.77
Agent Steps: 0034M | FPS: 18474.7 | Last FPS: 19406.3 | Collect Time: 30.7 min | Train RL Time: 0.2 min | Mean Rewards: -469.70 | Current Best: -363.77
Agent Steps: 0034M | FPS: 18475.3 | Last FPS: 19122.1 | Collect Time: 30.7 min | Train RL Time: 0.2 min | Mean Rewards: -469.82 | Current Best: -363.77
[33m11:23:19 [rigid_object.py] WARNING: The function 'set_external_force_and_torque' will be deprecated in a future release. Please use 'permanent_wrench_composer.set_forces_and_torques' instead.[0m
Agent Steps: 0034M | FPS: 18476.2 | Last FPS: 19519.9 | Collect Time: 30.7 min | Train RL Time: 0.2 min | Mean Rewards: -475.69 | Current Best: -363.77
Agent Steps: 0034M | FPS: 18477.0 | Last FPS: 19300.1 | Collect Time: 30.8 min | Train RL Time: 0.2 min | Mean Rewards: -465.09 | Current Best: -363.77
[gravity schedule] step=8400 target_z=-1.1271 actual_z=-1.1221
Agent Steps: 0034M | FPS: 18477.5 | Last FPS: 19091.8 | Collect Time: 30.8 min | Train RL Time: 0.2 min | Mean Rewards: -446.38 | Current Best: -363.77
[33m11:23:24 [rigid_object.py] WARNING: The function 'set_external_force_and_torque' will be deprecated in a future release. Please use 'permanent_wrench_composer.set_forces_and_torques' instead.[0m
Agent Steps: 0034M | FPS: 18478.3 | Last FPS: 19276.0 | Collect Time: 30.8 min | Train RL Time: 0.2 min | Mean Rewards: -452.75 | Current Best: -363.77
Agent Steps: 0034M | FPS: 18478.6 | Last FPS: 18873.2 | Collect Time: 30.8 min | Train RL Time: 0.2 min | Mean Rewards: -460.95 | Current Best: -363.77
Agent Steps: 0034M | FPS: 18479.3 | Last FPS: 19241.7 | Collect Time: 30.9 min | Train RL Time: 0.2 min | Mean Rewards: -457.05 | Current Best: -363.77
[33m11:23:29 [rigid_object.py] WARNING: The function 'set_external_force_and_torque' will be deprecated in a future release. Please use 'permanent_wrench_composer.set_forces_and_torques' instead.[0m
Agent Steps: 0034M | FPS: 18480.2 | Last FPS: 19382.2 | Collect Time: 30.9 min | Train RL Time: 0.2 min | Mean Rewards: -465.48 | Current Best: -363.77
Agent Steps: 0034M | FPS: 18480.9 | Last FPS: 19247.9 | Collect Time: 30.9 min | Train RL Time: 0.2 min | Mean Rewards: -470.26 | Current Best: -363.77
Agent Steps: 0034M | FPS: 18481.6 | Last FPS: 19362.5 | Collect Time: 31.0 min | Train RL Time: 0.3 min | Mean Rewards: -440.15 | Current Best: -363.77
[33m11:23:34 [rigid_object.py] WARNING: The function 'set_external_force_and_torque' will be deprecated in a future release. Please use 'permanent_wrench_composer.set_forces_and_torques' instead.[0m
Agent Steps: 0034M | FPS: 18482.6 | Last FPS: 19528.9 | Collect Time: 31.0 min | Train RL Time: 0.3 min | Mean Rewards: -458.52 | Current Best: -363.77
Agent Steps: 0034M | FPS: 18483.5 | Last FPS: 19548.8 | Collect Time: 31.0 min | Train RL Time: 0.3 min | Mean Rewards: -466.09 | Current Best: -363.77
Agent Steps: 0034M | FPS: 18484.4 | Last FPS: 19505.3 | Collect Time: 31.0 min | Train RL Time: 0.3 min | Mean Rewards: -467.12 | Current Best: -363.77
[33m11:23:40 [rigid_object.py] WARNING: The function 'set_external_force_and_torque' will be deprecated in a future release. Please use 'permanent_wrench_composer.set_forces_and_torques' instead.[0m
Agent Steps: 0034M | FPS: 18485.0 | Last FPS: 19048.7 | Collect Time: 31.1 min | Train RL Time: 0.3 min | Mean Rewards: -465.86 | Current Best: -363.77
Agent Steps: 0034M | FPS: 18485.8 | Last FPS: 19446.1 | Collect Time: 31.1 min | Train RL Time: 0.3 min | Mean Rewards: -439.95 | Current Best: -363.77
Agent Steps: 0034M | FPS: 18486.9 | Last FPS: 19643.7 | Collect Time: 31.1 min | Train RL Time: 0.3 min | Mean Rewards: -459.50 | Current Best: -363.77
[33m11:23:45 [rigid_object.py] WARNING: The function 'set_external_force_and_torque' will be deprecated in a future release. Please use 'permanent_wrench_composer.set_forces_and_torques' instead.[0m
Agent Steps: 0034M | FPS: 18487.7 | Last FPS: 19400.9 | Collect Time: 31.1 min | Train RL Time: 0.3 min | Mean Rewards: -469.79 | Current Best: -363.77
Agent Steps: 0034M | FPS: 18488.3 | Last FPS: 19219.7 | Collect Time: 31.2 min | Train RL Time: 0.3 min | Mean Rewards: -454.59 | Current Best: -363.77
Agent Steps: 0034M | FPS: 18489.0 | Last FPS: 19240.5 | Collect Time: 31.2 min | Train RL Time: 0.3 min | Mean Rewards: -470.64 | Current Best: -363.77
[33m11:23:50 [rigid_object.py] WARNING: The function 'set_external_force_and_torque' will be deprecated in a future release. Please use 'permanent_wrench_composer.set_forces_and_torques' instead.[0m
Agent Steps: 0034M | FPS: 18489.8 | Last FPS: 19408.6 | Collect Time: 31.2 min | Train RL Time: 0.3 min | Mean Rewards: -475.90 | Current Best: -363.77
Agent Steps: 0034M | FPS: 18490.6 | Last FPS: 19365.2 | Collect Time: 31.3 min | Train RL Time: 0.3 min | Mean Rewards: -447.15 | Current Best: -363.77
Agent Steps: 0035M | FPS: 18491.2 | Last FPS: 19195.7 | Collect Time: 31.3 min | Train RL Time: 0.3 min | Mean Rewards: -466.20 | Current Best: -363.77
[33m11:23:55 [rigid_object.py] WARNING: The function 'set_external_force_and_torque' will be deprecated in a future release. Please use 'permanent_wrench_composer.set_forces_and_torques' instead.[0m
Agent Steps: 0035M | FPS: 18491.8 | Last FPS: 19057.7 | Collect Time: 31.3 min | Train RL Time: 0.3 min | Mean Rewards: -472.12 | Current Best: -363.77
Agent Steps: 0035M | FPS: 18492.5 | Last FPS: 19266.1 | Collect Time: 31.3 min | Train RL Time: 0.3 min | Mean Rewards: -462.24 | Current Best: -363.77
Agent Steps: 0035M | FPS: 18493.3 | Last FPS: 19389.5 | Collect Time: 31.4 min | Train RL Time: 0.3 min | Mean Rewards: -452.46 | Current Best: -363.77
[33m11:24:00 [rigid_object.py] WARNING: The function 'set_external_force_and_torque' will be deprecated in a future release. Please use 'permanent_wrench_composer.set_forces_and_torques' instead.[0m
Agent Steps: 0035M | FPS: 18493.9 | Last FPS: 19207.3 | Collect Time: 31.4 min | Train RL Time: 0.3 min | Mean Rewards: -456.17 | Current Best: -363.77
Agent Steps: 0035M | FPS: 18494.7 | Last FPS: 19375.8 | Collect Time: 31.4 min | Train RL Time: 0.3 min | Mean Rewards: -464.94 | Current Best: -363.77
Agent Steps: 0035M | FPS: 18495.4 | Last FPS: 19278.9 | Collect Time: 31.5 min | Train RL Time: 0.3 min | Mean Rewards: -478.69 | Current Best: -363.77
[33m11:24:05 [rigid_object.py] WARNING: The function 'set_external_force_and_torque' will be deprecated in a future release. Please use 'permanent_wrench_composer.set_forces_and_torques' instead.[0m
[gravity schedule] step=8600 target_z=-1.1689 actual_z=-1.1622
Agent Steps: 0035M | FPS: 18495.9 | Last FPS: 19078.9 | Collect Time: 31.5 min | Train RL Time: 0.3 min | Mean Rewards: -441.14 | Current Best: -363.77
Agent Steps: 0035M | FPS: 18496.6 | Last FPS: 19238.0 | Collect Time: 31.5 min | Train RL Time: 0.3 min | Mean Rewards: -474.92 | Current Best: -363.77
Agent Steps: 0035M | FPS: 18497.3 | Last FPS: 19268.2 | Collect Time: 31.5 min | Train RL Time: 0.3 min | Mean Rewards: -456.75 | Current Best: -363.77
[33m11:24:10 [rigid_object.py] WARNING: The function 'set_external_force_and_torque' will be deprecated in a future release. Please use 'permanent_wrench_composer.set_forces_and_torques' instead.[0m
Agent Steps: 0035M | FPS: 18498.0 | Last FPS: 19319.8 | Collect Time: 31.6 min | Train RL Time: 0.3 min | Mean Rewards: -444.13 | Current Best: -363.77
Agent Steps: 0035M | FPS: 18498.7 | Last FPS: 19333.7 | Collect Time: 31.6 min | Train RL Time: 0.3 min | Mean Rewards: -464.39 | Current Best: -363.77
Agent Steps: 0035M | FPS: 18499.4 | Last FPS: 19281.1 | Collect Time: 31.6 min | Train RL Time: 0.3 min | Mean Rewards: -460.58 | Current Best: -363.77
[33m11:24:15 [rigid_object.py] WARNING: The function 'set_external_force_and_torque' will be deprecated in a future release. Please use 'permanent_wrench_composer.set_forces_and_torques' instead.[0m
Agent Steps: 0035M | FPS: 18500.2 | Last FPS: 19405.7 | Collect Time: 31.7 min | Train RL Time: 0.3 min | Mean Rewards: -468.23 | Current Best: -363.77
Agent Steps: 0035M | FPS: 18501.0 | Last FPS: 19437.5 | Collect Time: 31.7 min | Train RL Time: 0.3 min | Mean Rewards: -469.34 | Current Best: -363.77
Agent Steps: 0035M | FPS: 18501.6 | Last FPS: 19159.8 | Collect Time: 31.7 min | Train RL Time: 0.3 min | Mean Rewards: -434.67 | Current Best: -363.77
[33m11:24:20 [rigid_object.py] WARNING: The function 'set_external_force_and_torque' will be deprecated in a future release. Please use 'permanent_wrench_composer.set_forces_and_torques' instead.[0m
Agent Steps: 0035M | FPS: 18502.3 | Last FPS: 19296.6 | Collect Time: 31.7 min | Train RL Time: 0.3 min | Mean Rewards: -457.20 | Current Best: -363.77
Agent Steps: 0035M | FPS: 18503.0 | Last FPS: 19278.5 | Collect Time: 31.8 min | Train RL Time: 0.3 min | Mean Rewards: -464.76 | Current Best: -363.77
Agent Steps: 0035M | FPS: 18503.8 | Last FPS: 19420.0 | Collect Time: 31.8 min | Train RL Time: 0.3 min | Mean Rewards: -459.29 | Current Best: -363.77
[33m11:24:25 [rigid_object.py] WARNING: The function 'set_external_force_and_torque' will be deprecated in a future release. Please use 'permanent_wrench_composer.set_forces_and_torques' instead.[0m
Agent Steps: 0035M | FPS: 18504.6 | Last FPS: 19437.1 | Collect Time: 31.8 min | Train RL Time: 0.3 min | Mean Rewards: -470.90 | Current Best: -363.77
Agent Steps: 0035M | FPS: 18505.3 | Last FPS: 19213.1 | Collect Time: 31.8 min | Train RL Time: 0.3 min | Mean Rewards: -458.85 | Current Best: -363.77
Agent Steps: 0035M | FPS: 18506.1 | Last FPS: 19497.6 | Collect Time: 31.9 min | Train RL Time: 0.3 min | Mean Rewards: -477.20 | Current Best: -363.77
[33m11:24:30 [rigid_object.py] WARNING: The function 'set_external_force_and_torque' will be deprecated in a future release. Please use 'permanent_wrench_composer.set_forces_and_torques' instead.[0m
Agent Steps: 0035M | FPS: 18506.9 | Last FPS: 19347.2 | Collect Time: 31.9 min | Train RL Time: 0.3 min | Mean Rewards: -475.83 | Current Best: -363.77
Agent Steps: 0035M | FPS: 18507.8 | Last FPS: 19593.5 | Collect Time: 31.9 min | Train RL Time: 0.3 min | Mean Rewards: -482.63 | Current Best: -363.77
Agent Steps: 0035M | FPS: 18508.4 | Last FPS: 19195.9 | Collect Time: 32.0 min | Train RL Time: 0.3 min | Mean Rewards: -472.84 | Current Best: -363.77
[33m11:24:36 [rigid_object.py] WARNING: The function 'set_external_force_and_torque' will be deprecated in a future release. Please use 'permanent_wrench_composer.set_forces_and_torques' instead.[0m
Agent Steps: 0035M | FPS: 18509.1 | Last FPS: 19253.1 | Collect Time: 32.0 min | Train RL Time: 0.3 min | Mean Rewards: -470.53 | Current Best: -363.77
Agent Steps: 0035M | FPS: 18509.8 | Last FPS: 19351.2 | Collect Time: 32.0 min | Train RL Time: 0.3 min | Mean Rewards: -449.44 | Current Best: -363.77
Agent Steps: 0035M | FPS: 18510.4 | Last FPS: 19143.5 | Collect Time: 32.0 min | Train RL Time: 0.3 min | Mean Rewards: -457.91 | Current Best: -363.77
[33m11:24:41 [rigid_object.py] WARNING: The function 'set_external_force_and_torque' will be deprecated in a future release. Please use 'permanent_wrench_composer.set_forces_and_torques' instead.[0m
Agent Steps: 0035M | FPS: 18511.1 | Last FPS: 19406.2 | Collect Time: 32.1 min | Train RL Time: 0.3 min | Mean Rewards: -450.95 | Current Best: -363.77
Agent Steps: 0035M | FPS: 18511.8 | Last FPS: 19297.7 | Collect Time: 32.1 min | Train RL Time: 0.3 min | Mean Rewards: -485.86 | Current Best: -363.77
Agent Steps: 0036M | FPS: 18512.3 | Last FPS: 19051.3 | Collect Time: 32.1 min | Train RL Time: 0.3 min | Mean Rewards: -462.38 | Current Best: -363.77
[33m11:24:46 [rigid_object.py] WARNING: The function 'set_external_force_and_torque' will be deprecated in a future release. Please use 'permanent_wrench_composer.set_forces_and_torques' instead.[0m
Agent Steps: 0036M | FPS: 18512.9 | Last FPS: 19248.7 | Collect Time: 32.2 min | Train RL Time: 0.3 min | Mean Rewards: -494.58 | Current Best: -363.77
[gravity schedule] step=8800 target_z=-1.2106 actual_z=-1.2022
Agent Steps: 0036M | FPS: 18513.6 | Last FPS: 19277.0 | Collect Time: 32.2 min | Train RL Time: 0.3 min | Mean Rewards: -450.74 | Current Best: -363.77
Agent Steps: 0036M | FPS: 18514.2 | Last FPS: 19240.3 | Collect Time: 32.2 min | Train RL Time: 0.3 min | Mean Rewards: -464.25 | Current Best: -363.77
[33m11:24:51 [rigid_object.py] WARNING: The function 'set_external_force_and_torque' will be deprecated in a future release. Please use 'permanent_wrench_composer.set_forces_and_torques' instead.[0m
Agent Steps: 0036M | FPS: 18514.6 | Last FPS: 18965.2 | Collect Time: 32.2 min | Train RL Time: 0.3 min | Mean Rewards: -460.19 | Current Best: -363.77
Agent Steps: 0036M | FPS: 18515.5 | Last FPS: 19487.1 | Collect Time: 32.3 min | Train RL Time: 0.3 min | Mean Rewards: -464.87 | Current Best: -363.77
Agent Steps: 0036M | FPS: 18515.9 | Last FPS: 18954.3 | Collect Time: 32.3 min | Train RL Time: 0.3 min | Mean Rewards: -493.89 | Current Best: -363.77
[33m11:24:56 [rigid_object.py] WARNING: The function 'set_external_force_and_torque' will be deprecated in a future release. Please use 'permanent_wrench_composer.set_forces_and_torques' instead.[0m
Agent Steps: 0036M | FPS: 18516.5 | Last FPS: 19181.4 | Collect Time: 32.3 min | Train RL Time: 0.3 min | Mean Rewards: -463.76 | Current Best: -363.77
Agent Steps: 0036M | FPS: 18516.8 | Last FPS: 18850.9 | Collect Time: 32.4 min | Train RL Time: 0.3 min | Mean Rewards: -446.79 | Current Best: -363.77
Agent Steps: 0036M | FPS: 18517.2 | Last FPS: 19018.8 | Collect Time: 32.4 min | Train RL Time: 0.3 min | Mean Rewards: -451.00 | Current Best: -363.77
[33m11:25:01 [rigid_object.py] WARNING: The function 'set_external_force_and_torque' will be deprecated in a future release. Please use 'permanent_wrench_composer.set_forces_and_torques' instead.[0m
Agent Steps: 0036M | FPS: 18517.8 | Last FPS: 19240.8 | Collect Time: 32.4 min | Train RL Time: 0.3 min | Mean Rewards: -472.54 | Current Best: -363.77
Agent Steps: 0036M | FPS: 18518.2 | Last FPS: 18988.2 | Collect Time: 32.4 min | Train RL Time: 0.3 min | Mean Rewards: -448.66 | Current Best: -363.77
Agent Steps: 0036M | FPS: 18518.8 | Last FPS: 19122.9 | Collect Time: 32.5 min | Train RL Time: 0.3 min | Mean Rewards: -486.90 | Current Best: -363.77
[33m11:25:06 [rigid_object.py] WARNING: The function 'set_external_force_and_torque' will be deprecated in a future release. Please use 'permanent_wrench_composer.set_forces_and_torques' instead.[0m
Agent Steps: 0036M | FPS: 18519.4 | Last FPS: 19264.2 | Collect Time: 32.5 min | Train RL Time: 0.3 min | Mean Rewards: -471.70 | Current Best: -363.77
Agent Steps: 0036M | FPS: 18519.9 | Last FPS: 19045.7 | Collect Time: 32.5 min | Train RL Time: 0.3 min | Mean Rewards: -466.28 | Current Best: -363.77
Agent Steps: 0036M | FPS: 18520.5 | Last FPS: 19210.9 | Collect Time: 32.6 min | Train RL Time: 0.3 min | Mean Rewards: -470.01 | Current Best: -363.77
[33m11:25:11 [rigid_object.py] WARNING: The function 'set_external_force_and_torque' will be deprecated in a future release. Please use 'permanent_wrench_composer.set_forces_and_torques' instead.[0m
Agent Steps: 0036M | FPS: 18521.1 | Last FPS: 19215.5 | Collect Time: 32.6 min | Train RL Time: 0.3 min | Mean Rewards: -479.87 | Current Best: -363.77
Agent Steps: 0036M | FPS: 18521.8 | Last FPS: 19436.6 | Collect Time: 32.6 min | Train RL Time: 0.3 min | Mean Rewards: -476.99 | Current Best: -363.77
Agent Steps: 0036M | FPS: 18522.6 | Last FPS: 19423.7 | Collect Time: 32.6 min | Train RL Time: 0.3 min | Mean Rewards: -492.10 | Current Best: -363.77
[33m11:25:16 [rigid_object.py] WARNING: The function 'set_external_force_and_torque' will be deprecated in a future release. Please use 'permanent_wrench_composer.set_forces_and_torques' instead.[0m
Agent Steps: 0036M | FPS: 18523.4 | Last FPS: 19399.7 | Collect Time: 32.7 min | Train RL Time: 0.3 min | Mean Rewards: -462.90 | Current Best: -363.77
Agent Steps: 0036M | FPS: 18524.3 | Last FPS: 19615.1 | Collect Time: 32.7 min | Train RL Time: 0.3 min | Mean Rewards: -472.82 | Current Best: -363.77
Agent Steps: 0036M | FPS: 18525.0 | Last FPS: 19300.3 | Collect Time: 32.7 min | Train RL Time: 0.3 min | Mean Rewards: -470.41 | Current Best: -363.77
[33m11:25:22 [rigid_object.py] WARNING: The function 'set_external_force_and_torque' will be deprecated in a future release. Please use 'permanent_wrench_composer.set_forces_and_torques' instead.[0m
Agent Steps: 0036M | FPS: 18525.5 | Last FPS: 19108.2 | Collect Time: 32.7 min | Train RL Time: 0.3 min | Mean Rewards: -482.24 | Current Best: -363.77
Agent Steps: 0036M | FPS: 18526.1 | Last FPS: 19327.8 | Collect Time: 32.8 min | Train RL Time: 0.3 min | Mean Rewards: -475.71 | Current Best: -363.77
Agent Steps: 0036M | FPS: 18526.9 | Last FPS: 19432.5 | Collect Time: 32.8 min | Train RL Time: 0.3 min | Mean Rewards: -471.77 | Current Best: -363.77
[33m11:25:27 [rigid_object.py] WARNING: The function 'set_external_force_and_torque' will be deprecated in a future release. Please use 'permanent_wrench_composer.set_forces_and_torques' instead.[0m
Agent Steps: 0036M | FPS: 18527.7 | Last FPS: 19490.9 | Collect Time: 32.8 min | Train RL Time: 0.3 min | Mean Rewards: -443.99 | Current Best: -363.77
Agent Steps: 0036M | FPS: 18528.4 | Last FPS: 19277.7 | Collect Time: 32.9 min | Train RL Time: 0.3 min | Mean Rewards: -479.72 | Current Best: -363.77
[gravity schedule] step=9000 target_z=-1.2523 actual_z=-1.2423
Agent Steps: 0036M | FPS: 18529.1 | Last FPS: 19368.6 | Collect Time: 32.9 min | Train RL Time: 0.3 min | Mean Rewards: -474.02 | Current Best: -363.77
[33m11:25:32 [rigid_object.py] WARNING: The function 'set_external_force_and_torque' will be deprecated in a future release. Please use 'permanent_wrench_composer.set_forces_and_torques' instead.[0m
Agent Steps: 0036M | FPS: 18529.6 | Last FPS: 19147.1 | Collect Time: 32.9 min | Train RL Time: 0.3 min | Mean Rewards: -465.11 | Current Best: -363.77
Agent Steps: 0036M | FPS: 18530.4 | Last FPS: 19494.0 | Collect Time: 32.9 min | Train RL Time: 0.3 min | Mean Rewards: -482.51 | Current Best: -363.77
Agent Steps: 0036M | FPS: 18531.1 | Last FPS: 19295.3 | Collect Time: 33.0 min | Train RL Time: 0.3 min | Mean Rewards: -458.94 | Current Best: -363.77
[33m11:25:37 [rigid_object.py] WARNING: The function 'set_external_force_and_torque' will be deprecated in a future release. Please use 'permanent_wrench_composer.set_forces_and_torques' instead.[0m
Agent Steps: 0037M | FPS: 18531.8 | Last FPS: 19413.4 | Collect Time: 33.0 min | Train RL Time: 0.3 min | Mean Rewards: -460.41 | Current Best: -363.77
Agent Steps: 0037M | FPS: 18532.6 | Last FPS: 19468.1 | Collect Time: 33.0 min | Train RL Time: 0.3 min | Mean Rewards: -467.97 | Current Best: -363.77
Agent Steps: 0037M | FPS: 18533.3 | Last FPS: 19308.9 | Collect Time: 33.1 min | Train RL Time: 0.3 min | Mean Rewards: -467.37 | Current Best: -363.77
[33m11:25:42 [rigid_object.py] WARNING: The function 'set_external_force_and_torque' will be deprecated in a future release. Please use 'permanent_wrench_composer.set_forces_and_torques' instead.[0m
Agent Steps: 0037M | FPS: 18534.2 | Last FPS: 19655.1 | Collect Time: 33.1 min | Train RL Time: 0.3 min | Mean Rewards: -488.18 | Current Best: -363.77
Agent Steps: 0037M | FPS: 18534.8 | Last FPS: 19189.6 | Collect Time: 33.1 min | Train RL Time: 0.3 min | Mean Rewards: -489.14 | Current Best: -363.77
Agent Steps: 0037M | FPS: 18535.1 | Last FPS: 18880.2 | Collect Time: 33.1 min | Train RL Time: 0.3 min | Mean Rewards: -462.26 | Current Best: -363.77
[33m11:25:47 [rigid_object.py] WARNING: The function 'set_external_force_and_torque' will be deprecated in a future release. Please use 'permanent_wrench_composer.set_forces_and_torques' instead.[0m
Agent Steps: 0037M | FPS: 18535.8 | Last FPS: 19469.4 | Collect Time: 33.2 min | Train RL Time: 0.3 min | Mean Rewards: -474.33 | Current Best: -363.77
Agent Steps: 0037M | FPS: 18536.4 | Last FPS: 19149.9 | Collect Time: 33.2 min | Train RL Time: 0.3 min | Mean Rewards: -466.86 | Current Best: -363.77
Agent Steps: 0037M | FPS: 18536.9 | Last FPS: 19128.5 | Collect Time: 33.2 min | Train RL Time: 0.3 min | Mean Rewards: -475.17 | Current Best: -363.77
[33m11:25:52 [rigid_object.py] WARNING: The function 'set_external_force_and_torque' will be deprecated in a future release. Please use 'permanent_wrench_composer.set_forces_and_torques' instead.[0m
Agent Steps: 0037M | FPS: 18537.3 | Last FPS: 19099.4 | Collect Time: 33.3 min | Train RL Time: 0.3 min | Mean Rewards: -485.08 | Current Best: -363.77
Agent Steps: 0037M | FPS: 18537.9 | Last FPS: 19200.3 | Collect Time: 33.3 min | Train RL Time: 0.3 min | Mean Rewards: -458.28 | Current Best: -363.77
Agent Steps: 0037M | FPS: 18538.5 | Last FPS: 19239.0 | Collect Time: 33.3 min | Train RL Time: 0.3 min | Mean Rewards: -479.55 | Current Best: -363.77
[33m11:25:57 [rigid_object.py] WARNING: The function 'set_external_force_and_torque' will be deprecated in a future release. Please use 'permanent_wrench_composer.set_forces_and_torques' instead.[0m
Agent Steps: 0037M | FPS: 18539.1 | Last FPS: 19247.7 | Collect Time: 33.3 min | Train RL Time: 0.3 min | Mean Rewards: -463.72 | Current Best: -363.77
Agent Steps: 0037M | FPS: 18539.6 | Last FPS: 19177.9 | Collect Time: 33.4 min | Train RL Time: 0.3 min | Mean Rewards: -480.82 | Current Best: -363.77
Agent Steps: 0037M | FPS: 18540.1 | Last FPS: 19123.1 | Collect Time: 33.4 min | Train RL Time: 0.3 min | Mean Rewards: -471.66 | Current Best: -363.77
[33m11:26:02 [rigid_object.py] WARNING: The function 'set_external_force_and_torque' will be deprecated in a future release. Please use 'permanent_wrench_composer.set_forces_and_torques' instead.[0m
Agent Steps: 0037M | FPS: 18540.8 | Last FPS: 19359.1 | Collect Time: 33.4 min | Train RL Time: 0.3 min | Mean Rewards: -491.68 | Current Best: -363.77
Agent Steps: 0037M | FPS: 18541.4 | Last FPS: 19229.8 | Collect Time: 33.4 min | Train RL Time: 0.3 min | Mean Rewards: -486.91 | Current Best: -363.77
Agent Steps: 0037M | FPS: 18542.2 | Last FPS: 19480.0 | Collect Time: 33.5 min | Train RL Time: 0.3 min | Mean Rewards: -494.16 | Current Best: -363.77
[33m11:26:07 [rigid_object.py] WARNING: The function 'set_external_force_and_torque' will be deprecated in a future release. Please use 'permanent_wrench_composer.set_forces_and_torques' instead.[0m
Agent Steps: 0037M | FPS: 18543.0 | Last FPS: 19483.7 | Collect Time: 33.5 min | Train RL Time: 0.3 min | Mean Rewards: -471.92 | Current Best: -363.77
Agent Steps: 0037M | FPS: 18543.5 | Last FPS: 19206.3 | Collect Time: 33.5 min | Train RL Time: 0.3 min | Mean Rewards: -467.07 | Current Best: -363.77
Agent Steps: 0037M | FPS: 18544.2 | Last FPS: 19397.2 | Collect Time: 33.6 min | Train RL Time: 0.3 min | Mean Rewards: -467.91 | Current Best: -363.77
[33m11:26:13 [rigid_object.py] WARNING: The function 'set_external_force_and_torque' will be deprecated in a future release. Please use 'permanent_wrench_composer.set_forces_and_torques' instead.[0m
[gravity schedule] step=9200 target_z=-1.2941 actual_z=-1.2924
Agent Steps: 0037M | FPS: 18544.8 | Last FPS: 19173.0 | Collect Time: 33.6 min | Train RL Time: 0.3 min | Mean Rewards: -443.25 | Current Best: -363.77
Agent Steps: 0037M | FPS: 18545.4 | Last FPS: 19355.1 | Collect Time: 33.6 min | Train RL Time: 0.3 min | Mean Rewards: -493.13 | Current Best: -363.77
Agent Steps: 0037M | FPS: 18545.8 | Last FPS: 18994.2 | Collect Time: 33.6 min | Train RL Time: 0.3 min | Mean Rewards: -471.67 | Current Best: -363.77
[33m11:26:18 [rigid_object.py] WARNING: The function 'set_external_force_and_torque' will be deprecated in a future release. Please use 'permanent_wrench_composer.set_forces_and_torques' instead.[0m
Agent Steps: 0037M | FPS: 18546.6 | Last FPS: 19468.9 | Collect Time: 33.7 min | Train RL Time: 0.3 min | Mean Rewards: -478.33 | Current Best: -363.77
Agent Steps: 0037M | FPS: 18547.2 | Last FPS: 19365.3 | Collect Time: 33.7 min | Train RL Time: 0.3 min | Mean Rewards: -477.06 | Current Best: -363.77
Agent Steps: 0037M | FPS: 18547.9 | Last FPS: 19354.4 | Collect Time: 33.7 min | Train RL Time: 0.3 min | Mean Rewards: -467.46 | Current Best: -363.77
[33m11:26:23 [rigid_object.py] WARNING: The function 'set_external_force_and_torque' will be deprecated in a future release. Please use 'permanent_wrench_composer.set_forces_and_torques' instead.[0m
Agent Steps: 0037M | FPS: 18548.7 | Last FPS: 19470.2 | Collect Time: 33.8 min | Train RL Time: 0.3 min | Mean Rewards: -469.77 | Current Best: -363.77
Agent Steps: 0037M | FPS: 18549.4 | Last FPS: 19421.3 | Collect Time: 33.8 min | Train RL Time: 0.3 min | Mean Rewards: -490.66 | Current Best: -363.77
Agent Steps: 0037M | FPS: 18550.0 | Last FPS: 19241.4 | Collect Time: 33.8 min | Train RL Time: 0.3 min | Mean Rewards: -484.71 | Current Best: -363.77
[33m11:26:28 [rigid_object.py] WARNING: The function 'set_external_force_and_torque' will be deprecated in a future release. Please use 'permanent_wrench_composer.set_forces_and_torques' instead.[0m
Agent Steps: 0038M | FPS: 18550.6 | Last FPS: 19296.5 | Collect Time: 33.8 min | Train RL Time: 0.3 min | Mean Rewards: -469.16 | Current Best: -363.77
Agent Steps: 0038M | FPS: 18551.2 | Last FPS: 19295.9 | Collect Time: 33.9 min | Train RL Time: 0.3 min | Mean Rewards: -470.48 | Current Best: -363.77
Agent Steps: 0038M | FPS: 18552.0 | Last FPS: 19469.6 | Collect Time: 33.9 min | Train RL Time: 0.3 min | Mean Rewards: -462.21 | Current Best: -363.77
[33m11:26:33 [rigid_object.py] WARNING: The function 'set_external_force_and_torque' will be deprecated in a future release. Please use 'permanent_wrench_composer.set_forces_and_torques' instead.[0m
Agent Steps: 0038M | FPS: 18552.8 | Last FPS: 19591.4 | Collect Time: 33.9 min | Train RL Time: 0.3 min | Mean Rewards: -475.87 | Current Best: -363.77
Agent Steps: 0038M | FPS: 18553.8 | Last FPS: 19803.6 | Collect Time: 34.0 min | Train RL Time: 0.3 min | Mean Rewards: -501.93 | Current Best: -363.77
Agent Steps: 0038M | FPS: 18554.6 | Last FPS: 19569.1 | Collect Time: 34.0 min | Train RL Time: 0.3 min | Mean Rewards: -468.76 | Current Best: -363.77
[33m11:26:38 [rigid_object.py] WARNING: The function 'set_external_force_and_torque' will be deprecated in a future release. Please use 'permanent_wrench_composer.set_forces_and_torques' instead.[0m
Agent Steps: 0038M | FPS: 18555.3 | Last FPS: 19398.8 | Collect Time: 34.0 min | Train RL Time: 0.3 min | Mean Rewards: -469.47 | Current Best: -363.77
Agent Steps: 0038M | FPS: 18555.7 | Last FPS: 19033.4 | Collect Time: 34.0 min | Train RL Time: 0.3 min | Mean Rewards: -468.64 | Current Best: -363.77
Agent Steps: 0038M | FPS: 18556.5 | Last FPS: 19453.0 | Collect Time: 34.1 min | Train RL Time: 0.3 min | Mean Rewards: -475.95 | Current Best: -363.77
[33m11:26:43 [rigid_object.py] WARNING: The function 'set_external_force_and_torque' will be deprecated in a future release. Please use 'permanent_wrench_composer.set_forces_and_torques' instead.[0m
Agent Steps: 0038M | FPS: 18557.0 | Last FPS: 19177.5 | Collect Time: 34.1 min | Train RL Time: 0.3 min | Mean Rewards: -472.80 | Current Best: -363.77
Agent Steps: 0038M | FPS: 18557.6 | Last FPS: 19313.2 | Collect Time: 34.1 min | Train RL Time: 0.3 min | Mean Rewards: -461.36 | Current Best: -363.77
Agent Steps: 0038M | FPS: 18558.3 | Last FPS: 19356.3 | Collect Time: 34.1 min | Train RL Time: 0.3 min | Mean Rewards: -491.63 | Current Best: -363.77
[33m11:26:48 [rigid_object.py] WARNING: The function 'set_external_force_and_torque' will be deprecated in a future release. Please use 'permanent_wrench_composer.set_forces_and_torques' instead.[0m
Agent Steps: 0038M | FPS: 18558.9 | Last FPS: 19304.2 | Collect Time: 34.2 min | Train RL Time: 0.3 min | Mean Rewards: -459.48 | Current Best: -363.77
Agent Steps: 0038M | FPS: 18559.6 | Last FPS: 19467.5 | Collect Time: 34.2 min | Train RL Time: 0.3 min | Mean Rewards: -472.72 | Current Best: -363.77
Agent Steps: 0038M | FPS: 18560.3 | Last FPS: 19411.0 | Collect Time: 34.2 min | Train RL Time: 0.3 min | Mean Rewards: -505.09 | Current Best: -363.77
[33m11:26:53 [rigid_object.py] WARNING: The function 'set_external_force_and_torque' will be deprecated in a future release. Please use 'permanent_wrench_composer.set_forces_and_torques' instead.[0m
Agent Steps: 0038M | FPS: 18561.0 | Last FPS: 19459.1 | Collect Time: 34.3 min | Train RL Time: 0.3 min | Mean Rewards: -477.19 | Current Best: -363.77
[gravity schedule] step=9400 target_z=-1.3358 actual_z=-1.3325
Agent Steps: 0038M | FPS: 18561.4 | Last FPS: 19058.5 | Collect Time: 34.3 min | Train RL Time: 0.3 min | Mean Rewards: -478.77 | Current Best: -363.77
Agent Steps: 0038M | FPS: 18562.1 | Last FPS: 19354.0 | Collect Time: 34.3 min | Train RL Time: 0.3 min | Mean Rewards: -465.06 | Current Best: -363.77
[33m11:26:58 [rigid_object.py] WARNING: The function 'set_external_force_and_torque' will be deprecated in a future release. Please use 'permanent_wrench_composer.set_forces_and_torques' instead.[0m
Agent Steps: 0038M | FPS: 18562.8 | Last FPS: 19503.4 | Collect Time: 34.3 min | Train RL Time: 0.3 min | Mean Rewards: -485.48 | Current Best: -363.77
Agent Steps: 0038M | FPS: 18563.5 | Last FPS: 19388.5 | Collect Time: 34.4 min | Train RL Time: 0.3 min | Mean Rewards: -474.03 | Current Best: -363.77
Agent Steps: 0038M | FPS: 18564.0 | Last FPS: 19113.7 | Collect Time: 34.4 min | Train RL Time: 0.3 min | Mean Rewards: -478.17 | Current Best: -363.77
[33m11:27:03 [rigid_object.py] WARNING: The function 'set_external_force_and_torque' will be deprecated in a future release. Please use 'permanent_wrench_composer.set_forces_and_torques' instead.[0m
Agent Steps: 0038M | FPS: 18564.4 | Last FPS: 19116.9 | Collect Time: 34.4 min | Train RL Time: 0.3 min | Mean Rewards: -450.35 | Current Best: -363.77
Agent Steps: 0038M | FPS: 18565.0 | Last FPS: 19335.4 | Collect Time: 34.5 min | Train RL Time: 0.3 min | Mean Rewards: -466.04 | Current Best: -363.77
Agent Steps: 0038M | FPS: 18565.9 | Last FPS: 19601.5 | Collect Time: 34.5 min | Train RL Time: 0.3 min | Mean Rewards: -479.95 | Current Best: -363.77
[33m11:27:08 [rigid_object.py] WARNING: The function 'set_external_force_and_torque' will be deprecated in a future release. Please use 'permanent_wrench_composer.set_forces_and_torques' instead.[0m
Agent Steps: 0038M | FPS: 18566.5 | Last FPS: 19288.2 | Collect Time: 34.5 min | Train RL Time: 0.3 min | Mean Rewards: -467.07 | Current Best: -363.77
Agent Steps: 0038M | FPS: 18567.1 | Last FPS: 19311.1 | Collect Time: 34.5 min | Train RL Time: 0.3 min | Mean Rewards: -468.49 | Current Best: -363.77
Agent Steps: 0038M | FPS: 18567.8 | Last FPS: 19473.4 | Collect Time: 34.6 min | Train RL Time: 0.3 min | Mean Rewards: -479.16 | Current Best: -363.77
[33m11:27:13 [rigid_object.py] WARNING: The function 'set_external_force_and_torque' will be deprecated in a future release. Please use 'permanent_wrench_composer.set_forces_and_torques' instead.[0m
Agent Steps: 0038M | FPS: 18568.4 | Last FPS: 19250.8 | Collect Time: 34.6 min | Train RL Time: 0.3 min | Mean Rewards: -482.51 | Current Best: -363.77
Agent Steps: 0038M | FPS: 18568.8 | Last FPS: 19126.7 | Collect Time: 34.6 min | Train RL Time: 0.3 min | Mean Rewards: -474.82 | Current Best: -363.77
Agent Steps: 0038M | FPS: 18569.4 | Last FPS: 19353.4 | Collect Time: 34.7 min | Train RL Time: 0.3 min | Mean Rewards: -507.64 | Current Best: -363.77
[33m11:27:19 [rigid_object.py] WARNING: The function 'set_external_force_and_torque' will be deprecated in a future release. Please use 'permanent_wrench_composer.set_forces_and_torques' instead.[0m
Agent Steps: 0038M | FPS: 18569.9 | Last FPS: 19173.0 | Collect Time: 34.7 min | Train RL Time: 0.3 min | Mean Rewards: -485.62 | Current Best: -363.77
Agent Steps: 0039M | FPS: 18570.6 | Last FPS: 19412.6 | Collect Time: 34.7 min | Train RL Time: 0.3 min | Mean Rewards: -485.12 | Current Best: -363.77
Agent Steps: 0039M | FPS: 18571.2 | Last FPS: 19295.8 | Collect Time: 34.7 min | Train RL Time: 0.3 min | Mean Rewards: -476.46 | Current Best: -363.77
[33m11:27:24 [rigid_object.py] WARNING: The function 'set_external_force_and_torque' will be deprecated in a future release. Please use 'permanent_wrench_composer.set_forces_and_torques' instead.[0m
Agent Steps: 0039M | FPS: 18571.4 | Last FPS: 18830.7 | Collect Time: 34.8 min | Train RL Time: 0.3 min | Mean Rewards: -479.80 | Current Best: -363.77
Agent Steps: 0039M | FPS: 18572.0 | Last FPS: 19342.9 | Collect Time: 34.8 min | Train RL Time: 0.3 min | Mean Rewards: -502.69 | Current Best: -363.77
Agent Steps: 0039M | FPS: 18572.6 | Last FPS: 19310.1 | Collect Time: 34.8 min | Train RL Time: 0.3 min | Mean Rewards: -485.80 | Current Best: -363.77
[33m11:27:29 [rigid_object.py] WARNING: The function 'set_external_force_and_torque' will be deprecated in a future release. Please use 'permanent_wrench_composer.set_forces_and_torques' instead.[0m
Agent Steps: 0039M | FPS: 18573.2 | Last FPS: 19227.9 | Collect Time: 34.8 min | Train RL Time: 0.3 min | Mean Rewards: -489.22 | Current Best: -363.77
Agent Steps: 0039M | FPS: 18573.7 | Last FPS: 19217.0 | Collect Time: 34.9 min | Train RL Time: 0.3 min | Mean Rewards: -471.40 | Current Best: -363.77
Agent Steps: 0039M | FPS: 18574.1 | Last FPS: 19117.7 | Collect Time: 34.9 min | Train RL Time: 0.3 min | Mean Rewards: -474.51 | Current Best: -363.77
[33m11:27:34 [rigid_object.py] WARNING: The function 'set_external_force_and_torque' will be deprecated in a future release. Please use 'permanent_wrench_composer.set_forces_and_torques' instead.[0m
Agent Steps: 0039M | FPS: 18574.7 | Last FPS: 19275.2 | Collect Time: 34.9 min | Train RL Time: 0.3 min | Mean Rewards: -484.77 | Current Best: -363.77
Agent Steps: 0039M | FPS: 18575.3 | Last FPS: 19292.0 | Collect Time: 35.0 min | Train RL Time: 0.3 min | Mean Rewards: -448.75 | Current Best: -363.77
[gravity schedule] step=9600 target_z=-1.3776 actual_z=-1.3726
Agent Steps: 0039M | FPS: 18575.9 | Last FPS: 19380.4 | Collect Time: 35.0 min | Train RL Time: 0.3 min | Mean Rewards: -475.67 | Current Best: -363.77
[33m11:27:39 [rigid_object.py] WARNING: The function 'set_external_force_and_torque' will be deprecated in a future release. Please use 'permanent_wrench_composer.set_forces_and_torques' instead.[0m
Agent Steps: 0039M | FPS: 18576.5 | Last FPS: 19273.7 | Collect Time: 35.0 min | Train RL Time: 0.3 min | Mean Rewards: -475.93 | Current Best: -363.77
Agent Steps: 0039M | FPS: 18577.0 | Last FPS: 19294.0 | Collect Time: 35.0 min | Train RL Time: 0.3 min | Mean Rewards: -480.97 | Current Best: -363.77
Agent Steps: 0039M | FPS: 18577.4 | Last FPS: 19042.7 | Collect Time: 35.1 min | Train RL Time: 0.3 min | Mean Rewards: -477.16 | Current Best: -363.77
[33m11:27:44 [rigid_object.py] WARNING: The function 'set_external_force_and_torque' will be deprecated in a future release. Please use 'permanent_wrench_composer.set_forces_and_torques' instead.[0m
Agent Steps: 0039M | FPS: 18577.9 | Last FPS: 19227.2 | Collect Time: 35.1 min | Train RL Time: 0.3 min | Mean Rewards: -488.37 | Current Best: -363.77
Agent Steps: 0039M | FPS: 18578.5 | Last FPS: 19257.5 | Collect Time: 35.1 min | Train RL Time: 0.3 min | Mean Rewards: -452.29 | Current Best: -363.77
Agent Steps: 0039M | FPS: 18579.1 | Last FPS: 19327.8 | Collect Time: 35.2 min | Train RL Time: 0.3 min | Mean Rewards: -473.23 | Current Best: -363.77
[33m11:27:49 [rigid_object.py] WARNING: The function 'set_external_force_and_torque' will be deprecated in a future release. Please use 'permanent_wrench_composer.set_forces_and_torques' instead.[0m
Agent Steps: 0039M | FPS: 18579.4 | Last FPS: 18946.0 | Collect Time: 35.2 min | Train RL Time: 0.3 min | Mean Rewards: -474.53 | Current Best: -363.77
Agent Steps: 0039M | FPS: 18579.9 | Last FPS: 19259.1 | Collect Time: 35.2 min | Train RL Time: 0.3 min | Mean Rewards: -478.45 | Current Best: -363.77
Agent Steps: 0039M | FPS: 18580.5 | Last FPS: 19273.5 | Collect Time: 35.2 min | Train RL Time: 0.3 min | Mean Rewards: -481.65 | Current Best: -363.77
[33m11:27:54 [rigid_object.py] WARNING: The function 'set_external_force_and_torque' will be deprecated in a future release. Please use 'permanent_wrench_composer.set_forces_and_torques' instead.[0m
Agent Steps: 0039M | FPS: 18580.6 | Last FPS: 18782.2 | Collect Time: 35.3 min | Train RL Time: 0.3 min | Mean Rewards: -469.74 | Current Best: -363.77
Agent Steps: 0039M | FPS: 18580.9 | Last FPS: 18862.0 | Collect Time: 35.3 min | Train RL Time: 0.3 min | Mean Rewards: -494.08 | Current Best: -363.77
Agent Steps: 0039M | FPS: 18581.1 | Last FPS: 18828.3 | Collect Time: 35.3 min | Train RL Time: 0.3 min | Mean Rewards: -491.60 | Current Best: -363.77
[33m11:28:00 [rigid_object.py] WARNING: The function 'set_external_force_and_torque' will be deprecated in a future release. Please use 'permanent_wrench_composer.set_forces_and_torques' instead.[0m
Agent Steps: 0039M | FPS: 18581.7 | Last FPS: 19430.8 | Collect Time: 35.4 min | Train RL Time: 0.3 min | Mean Rewards: -455.11 | Current Best: -363.77
Agent Steps: 0039M | FPS: 18582.4 | Last FPS: 19457.6 | Collect Time: 35.4 min | Train RL Time: 0.3 min | Mean Rewards: -480.84 | Current Best: -363.77
Agent Steps: 0039M | FPS: 18583.1 | Last FPS: 19445.9 | Collect Time: 35.4 min | Train RL Time: 0.3 min | Mean Rewards: -509.43 | Current Best: -363.77
[33m11:28:05 [rigid_object.py] WARNING: The function 'set_external_force_and_torque' will be deprecated in a future release. Please use 'permanent_wrench_composer.set_forces_and_torques' instead.[0m
Agent Steps: 0039M | FPS: 18583.6 | Last FPS: 19255.9 | Collect Time: 35.4 min | Train RL Time: 0.3 min | Mean Rewards: -461.05 | Current Best: -363.77
Agent Steps: 0039M | FPS: 18584.1 | Last FPS: 19220.3 | Collect Time: 35.5 min | Train RL Time: 0.3 min | Mean Rewards: -472.82 | Current Best: -363.77
Agent Steps: 0039M | FPS: 18584.7 | Last FPS: 19298.5 | Collect Time: 35.5 min | Train RL Time: 0.3 min | Mean Rewards: -507.41 | Current Best: -363.77
[33m11:28:10 [rigid_object.py] WARNING: The function 'set_external_force_and_torque' will be deprecated in a future release. Please use 'permanent_wrench_composer.set_forces_and_torques' instead.[0m
Agent Steps: 0039M | FPS: 18585.4 | Last FPS: 19443.8 | Collect Time: 35.5 min | Train RL Time: 0.3 min | Mean Rewards: -455.96 | Current Best: -363.77
Agent Steps: 0040M | FPS: 18585.9 | Last FPS: 19240.4 | Collect Time: 35.6 min | Train RL Time: 0.3 min | Mean Rewards: -463.85 | Current Best: -363.77
Agent Steps: 0040M | FPS: 18586.6 | Last FPS: 19446.0 | Collect Time: 35.6 min | Train RL Time: 0.3 min | Mean Rewards: -480.97 | Current Best: -363.77
[33m11:28:15 [rigid_object.py] WARNING: The function 'set_external_force_and_torque' will be deprecated in a future release. Please use 'permanent_wrench_composer.set_forces_and_torques' instead.[0m
Agent Steps: 0040M | FPS: 18586.9 | Last FPS: 19041.7 | Collect Time: 35.6 min | Train RL Time: 0.3 min | Mean Rewards: -478.12 | Current Best: -363.77
Agent Steps: 0040M | FPS: 18587.4 | Last FPS: 19176.6 | Collect Time: 35.6 min | Train RL Time: 0.3 min | Mean Rewards: -451.90 | Current Best: -363.77
Agent Steps: 0040M | FPS: 18588.0 | Last FPS: 19302.2 | Collect Time: 35.7 min | Train RL Time: 0.3 min | Mean Rewards: -483.95 | Current Best: -363.77
[33m11:28:20 [rigid_object.py] WARNING: The function 'set_external_force_and_torque' will be deprecated in a future release. Please use 'permanent_wrench_composer.set_forces_and_torques' instead.[0m
[gravity schedule] step=9800 target_z=-1.4193 actual_z=-1.4126
Agent Steps: 0040M | FPS: 18588.6 | Last FPS: 19455.0 | Collect Time: 35.7 min | Train RL Time: 0.3 min | Mean Rewards: -468.56 | Current Best: -363.77
Agent Steps: 0040M | FPS: 18589.1 | Last FPS: 19169.6 | Collect Time: 35.7 min | Train RL Time: 0.3 min | Mean Rewards: -489.99 | Current Best: -363.77
Agent Steps: 0040M | FPS: 18589.7 | Last FPS: 19320.9 | Collect Time: 35.7 min | Train RL Time: 0.3 min | Mean Rewards: -500.65 | Current Best: -363.77
[33m11:28:25 [rigid_object.py] WARNING: The function 'set_external_force_and_torque' will be deprecated in a future release. Please use 'permanent_wrench_composer.set_forces_and_torques' instead.[0m
Agent Steps: 0040M | FPS: 18590.3 | Last FPS: 19455.8 | Collect Time: 35.8 min | Train RL Time: 0.3 min | Mean Rewards: -490.56 | Current Best: -363.77
Agent Steps: 0040M | FPS: 18591.0 | Last FPS: 19483.0 | Collect Time: 35.8 min | Train RL Time: 0.3 min | Mean Rewards: -460.34 | Current Best: -363.77
Agent Steps: 0040M | FPS: 18591.5 | Last FPS: 19204.8 | Collect Time: 35.8 min | Train RL Time: 0.3 min | Mean Rewards: -498.27 | Current Best: -363.77
[33m11:28:30 [rigid_object.py] WARNING: The function 'set_external_force_and_torque' will be deprecated in a future release. Please use 'permanent_wrench_composer.set_forces_and_torques' instead.[0m
Agent Steps: 0040M | FPS: 18592.0 | Last FPS: 19171.8 | Collect Time: 35.9 min | Train RL Time: 0.3 min | Mean Rewards: -481.56 | Current Best: -363.77
Agent Steps: 0040M | FPS: 18592.4 | Last FPS: 19134.6 | Collect Time: 35.9 min | Train RL Time: 0.3 min | Mean Rewards: -468.99 | Current Best: -363.77
Agent Steps: 0040M | FPS: 18592.9 | Last FPS: 19274.0 | Collect Time: 35.9 min | Train RL Time: 0.3 min | Mean Rewards: -489.14 | Current Best: -363.77
[33m11:28:35 [rigid_object.py] WARNING: The function 'set_external_force_and_torque' will be deprecated in a future release. Please use 'permanent_wrench_composer.set_forces_and_torques' instead.[0m
Agent Steps: 0040M | FPS: 18593.3 | Last FPS: 19119.9 | Collect Time: 35.9 min | Train RL Time: 0.3 min | Mean Rewards: -485.31 | Current Best: -363.77
Agent Steps: 0040M | FPS: 18593.9 | Last FPS: 19288.9 | Collect Time: 36.0 min | Train RL Time: 0.3 min | Mean Rewards: -500.62 | Current Best: -363.77
Agent Steps: 0040M | FPS: 18594.4 | Last FPS: 19274.1 | Collect Time: 36.0 min | Train RL Time: 0.3 min | Mean Rewards: -476.25 | Current Best: -363.77
[33m11:28:40 [rigid_object.py] WARNING: The function 'set_external_force_and_torque' will be deprecated in a future release. Please use 'permanent_wrench_composer.set_forces_and_torques' instead.[0m
Agent Steps: 0040M | FPS: 18594.8 | Last FPS: 19049.8 | Collect Time: 36.0 min | Train RL Time: 0.3 min | Mean Rewards: -465.51 | Current Best: -363.77
Agent Steps: 0040M | FPS: 18595.3 | Last FPS: 19228.0 | Collect Time: 36.1 min | Train RL Time: 0.3 min | Mean Rewards: -487.58 | Current Best: -363.77
Agent Steps: 0040M | FPS: 18595.7 | Last FPS: 19176.7 | Collect Time: 36.1 min | Train RL Time: 0.3 min | Mean Rewards: -476.01 | Current Best: -363.77
[33m11:28:45 [rigid_object.py] WARNING: The function 'set_external_force_and_torque' will be deprecated in a future release. Please use 'permanent_wrench_composer.set_forces_and_torques' instead.[0m
Agent Steps: 0040M | FPS: 18596.1 | Last FPS: 19037.0 | Collect Time: 36.1 min | Train RL Time: 0.3 min | Mean Rewards: -480.97 | Current Best: -363.77
Agent Steps: 0040M | FPS: 18596.5 | Last FPS: 19107.0 | Collect Time: 36.1 min | Train RL Time: 0.3 min | Mean Rewards: -490.64 | Current Best: -363.77
Agent Steps: 0040M | FPS: 18597.0 | Last FPS: 19226.9 | Collect Time: 36.2 min | Train RL Time: 0.3 min | Mean Rewards: -463.04 | Current Best: -363.77
[33m11:28:51 [rigid_object.py] WARNING: The function 'set_external_force_and_torque' will be deprecated in a future release. Please use 'permanent_wrench_composer.set_forces_and_torques' instead.[0m
Agent Steps: 0040M | FPS: 18597.2 | Last FPS: 18925.3 | Collect Time: 36.2 min | Train RL Time: 0.3 min | Mean Rewards: -501.05 | Current Best: -363.77
Agent Steps: 0040M | FPS: 18597.7 | Last FPS: 19172.9 | Collect Time: 36.2 min | Train RL Time: 0.3 min | Mean Rewards: -491.71 | Current Best: -363.77
Agent Steps: 0040M | FPS: 18598.1 | Last FPS: 19166.0 | Collect Time: 36.3 min | Train RL Time: 0.3 min | Mean Rewards: -466.93 | Current Best: -363.77
[33m11:28:56 [rigid_object.py] WARNING: The function 'set_external_force_and_torque' will be deprecated in a future release. Please use 'permanent_wrench_composer.set_forces_and_torques' instead.[0m
Agent Steps: 0040M | FPS: 18598.5 | Last FPS: 19126.8 | Collect Time: 36.3 min | Train RL Time: 0.3 min | Mean Rewards: -485.81 | Current Best: -363.77
Agent Steps: 0040M | FPS: 18598.9 | Last FPS: 19141.5 | Collect Time: 36.3 min | Train RL Time: 0.3 min | Mean Rewards: -484.17 | Current Best: -363.77
Agent Steps: 0040M | FPS: 18599.3 | Last FPS: 19038.8 | Collect Time: 36.3 min | Train RL Time: 0.3 min | Mean Rewards: -472.58 | Current Best: -363.77
[33m11:29:01 [rigid_object.py] WARNING: The function 'set_external_force_and_torque' will be deprecated in a future release. Please use 'permanent_wrench_composer.set_forces_and_torques' instead.[0m
Agent Steps: 0040M | FPS: 18599.6 | Last FPS: 19015.3 | Collect Time: 36.4 min | Train RL Time: 0.3 min | Mean Rewards: -502.24 | Current Best: -363.77
[gravity schedule] step=10000 target_z=-1.4611 actual_z=-1.4527
Agent Steps: 0040M | FPS: 18600.0 | Last FPS: 19142.8 | Collect Time: 36.4 min | Train RL Time: 0.3 min | Mean Rewards: -459.55 | Current Best: -363.77
Agent Steps: 0041M | FPS: 18600.6 | Last FPS: 19344.8 | Collect Time: 36.4 min | Train RL Time: 0.3 min | Mean Rewards: -494.97 | Current Best: -363.77
[33m11:29:06 [rigid_object.py] WARNING: The function 'set_external_force_and_torque' will be deprecated in a future release. Please use 'permanent_wrench_composer.set_forces_and_torques' instead.[0m
Agent Steps: 0041M | FPS: 18601.1 | Last FPS: 19254.1 | Collect Time: 36.5 min | Train RL Time: 0.3 min | Mean Rewards: -499.57 | Current Best: -363.77
Agent Steps: 0041M | FPS: 18601.5 | Last FPS: 19153.6 | Collect Time: 36.5 min | Train RL Time: 0.3 min | Mean Rewards: -480.90 | Current Best: -363.77
Agent Steps: 0041M | FPS: 18602.2 | Last FPS: 19397.8 | Collect Time: 36.5 min | Train RL Time: 0.3 min | Mean Rewards: -489.51 | Current Best: -363.77
[33m11:29:11 [rigid_object.py] WARNING: The function 'set_external_force_and_torque' will be deprecated in a future release. Please use 'permanent_wrench_composer.set_forces_and_torques' instead.[0m
Agent Steps: 0041M | FPS: 18602.6 | Last FPS: 19182.4 | Collect Time: 36.5 min | Train RL Time: 0.3 min | Mean Rewards: -485.27 | Current Best: -363.77
Agent Steps: 0041M | FPS: 18603.2 | Last FPS: 19323.0 | Collect Time: 36.6 min | Train RL Time: 0.3 min | Mean Rewards: -480.45 | Current Best: -363.77
Agent Steps: 0041M | FPS: 18603.6 | Last FPS: 19167.9 | Collect Time: 36.6 min | Train RL Time: 0.3 min | Mean Rewards: -487.85 | Current Best: -363.77
[33m11:29:16 [rigid_object.py] WARNING: The function 'set_external_force_and_torque' will be deprecated in a future release. Please use 'permanent_wrench_composer.set_forces_and_torques' instead.[0m
Agent Steps: 0041M | FPS: 18604.3 | Last FPS: 19556.7 | Collect Time: 36.6 min | Train RL Time: 0.3 min | Mean Rewards: -483.27 | Current Best: -363.77
Agent Steps: 0041M | FPS: 18604.9 | Last FPS: 19411.5 | Collect Time: 36.6 min | Train RL Time: 0.3 min | Mean Rewards: -481.37 | Current Best: -363.77
Agent Steps: 0041M | FPS: 18605.6 | Last FPS: 19468.8 | Collect Time: 36.7 min | Train RL Time: 0.3 min | Mean Rewards: -473.53 | Current Best: -363.77
[33m11:29:21 [rigid_object.py] WARNING: The function 'set_external_force_and_torque' will be deprecated in a future release. Please use 'permanent_wrench_composer.set_forces_and_torques' instead.[0m
Agent Steps: 0041M | FPS: 18606.0 | Last FPS: 19168.4 | Collect Time: 36.7 min | Train RL Time: 0.3 min | Mean Rewards: -498.69 | Current Best: -363.77
Agent Steps: 0041M | FPS: 18606.6 | Last FPS: 19386.1 | Collect Time: 36.7 min | Train RL Time: 0.3 min | Mean Rewards: -506.52 | Current Best: -363.77
Agent Steps: 0041M | FPS: 18607.3 | Last FPS: 19499.1 | Collect Time: 36.8 min | Train RL Time: 0.3 min | Mean Rewards: -502.62 | Current Best: -363.77
[33m11:29:26 [rigid_object.py] WARNING: The function 'set_external_force_and_torque' will be deprecated in a future release. Please use 'permanent_wrench_composer.set_forces_and_torques' instead.[0m
Agent Steps: 0041M | FPS: 18607.8 | Last FPS: 19332.2 | Collect Time: 36.8 min | Train RL Time: 0.3 min | Mean Rewards: -498.95 | Current Best: -363.77
Agent Steps: 0041M | FPS: 18608.1 | Last FPS: 18970.9 | Collect Time: 36.8 min | Train RL Time: 0.3 min | Mean Rewards: -480.04 | Current Best: -363.77
Agent Steps: 0041M | FPS: 18608.7 | Last FPS: 19412.5 | Collect Time: 36.8 min | Train RL Time: 0.3 min | Mean Rewards: -494.18 | Current Best: -363.77
[33m11:29:31 [rigid_object.py] WARNING: The function 'set_external_force_and_torque' will be deprecated in a future release. Please use 'permanent_wrench_composer.set_forces_and_torques' instead.[0m
Agent Steps: 0041M | FPS: 18609.3 | Last FPS: 19341.7 | Collect Time: 36.9 min | Train RL Time: 0.3 min | Mean Rewards: -475.69 | Current Best: -363.77
Agent Steps: 0041M | FPS: 18610.1 | Last FPS: 19773.6 | Collect Time: 36.9 min | Train RL Time: 0.3 min | Mean Rewards: -503.69 | Current Best: -363.77
Agent Steps: 0041M | FPS: 18610.5 | Last FPS: 19105.3 | Collect Time: 36.9 min | Train RL Time: 0.3 min | Mean Rewards: -486.44 | Current Best: -363.77
[33m11:29:37 [rigid_object.py] WARNING: The function 'set_external_force_and_torque' will be deprecated in a future release. Please use 'permanent_wrench_composer.set_forces_and_torques' instead.[0m
Agent Steps: 0041M | FPS: 18610.9 | Last FPS: 19161.1 | Collect Time: 37.0 min | Train RL Time: 0.3 min | Mean Rewards: -490.10 | Current Best: -363.77
Agent Steps: 0041M | FPS: 18611.4 | Last FPS: 19238.2 | Collect Time: 37.0 min | Train RL Time: 0.3 min | Mean Rewards: -488.20 | Current Best: -363.77
Agent Steps: 0041M | FPS: 18611.9 | Last FPS: 19198.7 | Collect Time: 37.0 min | Train RL Time: 0.3 min | Mean Rewards: -475.57 | Current Best: -363.77
[33m11:29:42 [rigid_object.py] WARNING: The function 'set_external_force_and_torque' will be deprecated in a future release. Please use 'permanent_wrench_composer.set_forces_and_torques' instead.[0m
Agent Steps: 0041M | FPS: 18612.4 | Last FPS: 19267.2 | Collect Time: 37.0 min | Train RL Time: 0.3 min | Mean Rewards: -476.97 | Current Best: -363.77
Agent Steps: 0041M | FPS: 18612.8 | Last FPS: 19219.4 | Collect Time: 37.1 min | Train RL Time: 0.3 min | Mean Rewards: -491.42 | Current Best: -363.77
[gravity schedule] step=10200 target_z=-1.5028 actual_z=-1.4928
Agent Steps: 0041M | FPS: 18613.3 | Last FPS: 19197.2 | Collect Time: 37.1 min | Train RL Time: 0.3 min | Mean Rewards: -497.36 | Current Best: -363.77
[33m11:29:47 [rigid_object.py] WARNING: The function 'set_external_force_and_torque' will be deprecated in a future release. Please use 'permanent_wrench_composer.set_forces_and_torques' instead.[0m
Agent Steps: 0041M | FPS: 18613.9 | Last FPS: 19395.6 | Collect Time: 37.1 min | Train RL Time: 0.3 min | Mean Rewards: -502.38 | Current Best: -363.77
Agent Steps: 0041M | FPS: 18614.5 | Last FPS: 19439.1 | Collect Time: 37.2 min | Train RL Time: 0.3 min | Mean Rewards: -478.55 | Current Best: -363.77
Agent Steps: 0041M | FPS: 18615.2 | Last FPS: 19582.8 | Collect Time: 37.2 min | Train RL Time: 0.3 min | Mean Rewards: -468.88 | Current Best: -363.77
[33m11:29:52 [rigid_object.py] WARNING: The function 'set_external_force_and_torque' will be deprecated in a future release. Please use 'permanent_wrench_composer.set_forces_and_torques' instead.[0m
Agent Steps: 0041M | FPS: 18615.9 | Last FPS: 19550.6 | Collect Time: 37.2 min | Train RL Time: 0.3 min | Mean Rewards: -504.02 | Current Best: -363.77
Agent Steps: 0041M | FPS: 18616.5 | Last FPS: 19476.6 | Collect Time: 37.2 min | Train RL Time: 0.3 min | Mean Rewards: -481.80 | Current Best: -363.77
Agent Steps: 0042M | FPS: 18617.1 | Last FPS: 19342.0 | Collect Time: 37.3 min | Train RL Time: 0.3 min | Mean Rewards: -472.25 | Current Best: -363.77
[33m11:29:57 [rigid_object.py] WARNING: The function 'set_external_force_and_torque' will be deprecated in a future release. Please use 'permanent_wrench_composer.set_forces_and_torques' instead.[0m
Agent Steps: 0042M | FPS: 18617.6 | Last FPS: 19298.2 | Collect Time: 37.3 min | Train RL Time: 0.3 min | Mean Rewards: -464.17 | Current Best: -363.77
Agent Steps: 0042M | FPS: 18618.3 | Last FPS: 19535.7 | Collect Time: 37.3 min | Train RL Time: 0.3 min | Mean Rewards: -487.90 | Current Best: -363.77
Agent Steps: 0042M | FPS: 18618.7 | Last FPS: 19262.8 | Collect Time: 37.3 min | Train RL Time: 0.3 min | Mean Rewards: -501.88 | Current Best: -363.77
[33m11:30:02 [rigid_object.py] WARNING: The function 'set_external_force_and_torque' will be deprecated in a future release. Please use 'permanent_wrench_composer.set_forces_and_torques' instead.[0m
Agent Steps: 0042M | FPS: 18619.3 | Last FPS: 19358.6 | Collect Time: 37.4 min | Train RL Time: 0.3 min | Mean Rewards: -496.94 | Current Best: -363.77
Agent Steps: 0042M | FPS: 18619.7 | Last FPS: 19182.5 | Collect Time: 37.4 min | Train RL Time: 0.3 min | Mean Rewards: -487.92 | Current Best: -363.77
Agent Steps: 0042M | FPS: 18620.3 | Last FPS: 19329.9 | Collect Time: 37.4 min | Train RL Time: 0.3 min | Mean Rewards: -498.42 | Current Best: -363.77
[33m11:30:07 [rigid_object.py] WARNING: The function 'set_external_force_and_torque' will be deprecated in a future release. Please use 'permanent_wrench_composer.set_forces_and_torques' instead.[0m
Agent Steps: 0042M | FPS: 18620.9 | Last FPS: 19461.2 | Collect Time: 37.5 min | Train RL Time: 0.3 min | Mean Rewards: -478.96 | Current Best: -363.77
Agent Steps: 0042M | FPS: 18621.1 | Last FPS: 18962.9 | Collect Time: 37.5 min | Train RL Time: 0.3 min | Mean Rewards: -476.19 | Current Best: -363.77
Agent Steps: 0042M | FPS: 18621.6 | Last FPS: 19262.9 | Collect Time: 37.5 min | Train RL Time: 0.3 min | Mean Rewards: -483.50 | Current Best: -363.77
[33m11:30:12 [rigid_object.py] WARNING: The function 'set_external_force_and_torque' will be deprecated in a future release. Please use 'permanent_wrench_composer.set_forces_and_torques' instead.[0m
Agent Steps: 0042M | FPS: 18622.2 | Last FPS: 19445.3 | Collect Time: 37.5 min | Train RL Time: 0.3 min | Mean Rewards: -472.12 | Current Best: -363.77
Agent Steps: 0042M | FPS: 18622.6 | Last FPS: 19144.8 | Collect Time: 37.6 min | Train RL Time: 0.3 min | Mean Rewards: -474.00 | Current Best: -363.77
Agent Steps: 0042M | FPS: 18623.3 | Last FPS: 19513.3 | Collect Time: 37.6 min | Train RL Time: 0.3 min | Mean Rewards: -467.06 | Current Best: -363.77
[33m11:30:17 [rigid_object.py] WARNING: The function 'set_external_force_and_torque' will be deprecated in a future release. Please use 'permanent_wrench_composer.set_forces_and_torques' instead.[0m
Agent Steps: 0042M | FPS: 18623.9 | Last FPS: 19425.6 | Collect Time: 37.6 min | Train RL Time: 0.3 min | Mean Rewards: -485.65 | Current Best: -363.77
Agent Steps: 0042M | FPS: 18624.4 | Last FPS: 19357.0 | Collect Time: 37.7 min | Train RL Time: 0.3 min | Mean Rewards: -484.28 | Current Best: -363.77
Agent Steps: 0042M | FPS: 18624.9 | Last FPS: 19314.5 | Collect Time: 37.7 min | Train RL Time: 0.3 min | Mean Rewards: -483.15 | Current Best: -363.77
[33m11:30:22 [rigid_object.py] WARNING: The function 'set_external_force_and_torque' will be deprecated in a future release. Please use 'permanent_wrench_composer.set_forces_and_torques' instead.[0m
Agent Steps: 0042M | FPS: 18625.3 | Last FPS: 19088.6 | Collect Time: 37.7 min | Train RL Time: 0.3 min | Mean Rewards: -496.63 | Current Best: -363.77
Agent Steps: 0042M | FPS: 18625.8 | Last FPS: 19361.8 | Collect Time: 37.7 min | Train RL Time: 0.3 min | Mean Rewards: -475.21 | Current Best: -363.77
Agent Steps: 0042M | FPS: 18626.3 | Last FPS: 19260.2 | Collect Time: 37.8 min | Train RL Time: 0.3 min | Mean Rewards: -521.44 | Current Best: -363.77
[33m11:30:27 [rigid_object.py] WARNING: The function 'set_external_force_and_torque' will be deprecated in a future release. Please use 'permanent_wrench_composer.set_forces_and_torques' instead.[0m
[gravity schedule] step=10400 target_z=-1.5446 actual_z=-1.5429
Agent Steps: 0042M | FPS: 18626.8 | Last FPS: 19328.2 | Collect Time: 37.8 min | Train RL Time: 0.3 min | Mean Rewards: -460.58 | Current Best: -363.77
Agent Steps: 0042M | FPS: 18627.3 | Last FPS: 19306.0 | Collect Time: 37.8 min | Train RL Time: 0.3 min | Mean Rewards: -478.34 | Current Best: -363.77
Agent Steps: 0042M | FPS: 18627.9 | Last FPS: 19395.2 | Collect Time: 37.9 min | Train RL Time: 0.3 min | Mean Rewards: -493.79 | Current Best: -363.77
[33m11:30:33 [rigid_object.py] WARNING: The function 'set_external_force_and_torque' will be deprecated in a future release. Please use 'permanent_wrench_composer.set_forces_and_torques' instead.[0m
Agent Steps: 0042M | FPS: 18628.5 | Last FPS: 19409.0 | Collect Time: 37.9 min | Train RL Time: 0.3 min | Mean Rewards: -498.45 | Current Best: -363.77
Agent Steps: 0042M | FPS: 18629.1 | Last FPS: 19505.8 | Collect Time: 37.9 min | Train RL Time: 0.3 min | Mean Rewards: -503.51 | Current Best: -363.77
Agent Steps: 0042M | FPS: 18629.4 | Last FPS: 19057.9 | Collect Time: 37.9 min | Train RL Time: 0.3 min | Mean Rewards: -485.28 | Current Best: -363.77
[33m11:30:38 [rigid_object.py] WARNING: The function 'set_external_force_and_torque' will be deprecated in a future release. Please use 'permanent_wrench_composer.set_forces_and_torques' instead.[0m
Agent Steps: 0042M | FPS: 18630.0 | Last FPS: 19383.4 | Collect Time: 38.0 min | Train RL Time: 0.3 min | Mean Rewards: -492.75 | Current Best: -363.77
Agent Steps: 0042M | FPS: 18630.5 | Last FPS: 19340.1 | Collect Time: 38.0 min | Train RL Time: 0.3 min | Mean Rewards: -494.59 | Current Best: -363.77
Agent Steps: 0042M | FPS: 18631.0 | Last FPS: 19358.9 | Collect Time: 38.0 min | Train RL Time: 0.3 min | Mean Rewards: -500.39 | Current Best: -363.77
[33m11:30:43 [rigid_object.py] WARNING: The function 'set_external_force_and_torque' will be deprecated in a future release. Please use 'permanent_wrench_composer.set_forces_and_torques' instead.[0m
Agent Steps: 0042M | FPS: 18631.7 | Last FPS: 19588.5 | Collect Time: 38.0 min | Train RL Time: 0.3 min | Mean Rewards: -480.25 | Current Best: -363.77
Agent Steps: 0042M | FPS: 18632.3 | Last FPS: 19405.6 | Collect Time: 38.1 min | Train RL Time: 0.3 min | Mean Rewards: -481.77 | Current Best: -363.77
Agent Steps: 0042M | FPS: 18632.6 | Last FPS: 19039.4 | Collect Time: 38.1 min | Train RL Time: 0.3 min | Mean Rewards: -486.35 | Current Best: -363.77
[33m11:30:48 [rigid_object.py] WARNING: The function 'set_external_force_and_torque' will be deprecated in a future release. Please use 'permanent_wrench_composer.set_forces_and_torques' instead.[0m
Agent Steps: 0043M | FPS: 18633.0 | Last FPS: 19202.3 | Collect Time: 38.1 min | Train RL Time: 0.3 min | Mean Rewards: -487.06 | Current Best: -363.77
Agent Steps: 0043M | FPS: 18633.5 | Last FPS: 19331.1 | Collect Time: 38.2 min | Train RL Time: 0.3 min | Mean Rewards: -502.10 | Current Best: -363.77
Agent Steps: 0043M | FPS: 18634.0 | Last FPS: 19275.7 | Collect Time: 38.2 min | Train RL Time: 0.3 min | Mean Rewards: -516.13 | Current Best: -363.77
[33m11:30:53 [rigid_object.py] WARNING: The function 'set_external_force_and_torque' will be deprecated in a future release. Please use 'permanent_wrench_composer.set_forces_and_torques' instead.[0m
Agent Steps: 0043M | FPS: 18634.5 | Last FPS: 19262.2 | Collect Time: 38.2 min | Train RL Time: 0.3 min | Mean Rewards: -481.25 | Current Best: -363.77
Agent Steps: 0043M | FPS: 18634.7 | Last FPS: 18999.6 | Collect Time: 38.2 min | Train RL Time: 0.3 min | Mean Rewards: -508.48 | Current Best: -363.77
Agent Steps: 0043M | FPS: 18635.1 | Last FPS: 19137.2 | Collect Time: 38.3 min | Train RL Time: 0.3 min | Mean Rewards: -499.12 | Current Best: -363.77
[33m11:30:58 [rigid_object.py] WARNING: The function 'set_external_force_and_torque' will be deprecated in a future release. Please use 'permanent_wrench_composer.set_forces_and_torques' instead.[0m
Agent Steps: 0043M | FPS: 18635.6 | Last FPS: 19239.7 | Collect Time: 38.3 min | Train RL Time: 0.3 min | Mean Rewards: -486.36 | Current Best: -363.77
Agent Steps: 0043M | FPS: 18636.1 | Last FPS: 19349.4 | Collect Time: 38.3 min | Train RL Time: 0.3 min | Mean Rewards: -478.48 | Current Best: -363.77
Agent Steps: 0043M | FPS: 18636.6 | Last FPS: 19362.3 | Collect Time: 38.4 min | Train RL Time: 0.3 min | Mean Rewards: -471.52 | Current Best: -363.77
[33m11:31:03 [rigid_object.py] WARNING: The function 'set_external_force_and_torque' will be deprecated in a future release. Please use 'permanent_wrench_composer.set_forces_and_torques' instead.[0m
Agent Steps: 0043M | FPS: 18636.9 | Last FPS: 19010.3 | Collect Time: 38.4 min | Train RL Time: 0.3 min | Mean Rewards: -469.91 | Current Best: -363.77
Agent Steps: 0043M | FPS: 18637.4 | Last FPS: 19278.8 | Collect Time: 38.4 min | Train RL Time: 0.3 min | Mean Rewards: -485.70 | Current Best: -363.77
Agent Steps: 0043M | FPS: 18637.7 | Last FPS: 19061.2 | Collect Time: 38.4 min | Train RL Time: 0.3 min | Mean Rewards: -507.74 | Current Best: -363.77
[33m11:31:08 [rigid_object.py] WARNING: The function 'set_external_force_and_torque' will be deprecated in a future release. Please use 'permanent_wrench_composer.set_forces_and_torques' instead.[0m
Agent Steps: 0043M | FPS: 18638.1 | Last FPS: 19183.0 | Collect Time: 38.5 min | Train RL Time: 0.3 min | Mean Rewards: -483.30 | Current Best: -363.77
[gravity schedule] step=10600 target_z=-1.5863 actual_z=-1.5830
Agent Steps: 0043M | FPS: 18638.5 | Last FPS: 19229.4 | Collect Time: 38.5 min | Train RL Time: 0.3 min | Mean Rewards: -489.31 | Current Best: -363.77
Agent Steps: 0043M | FPS: 18639.0 | Last FPS: 19377.0 | Collect Time: 38.5 min | Train RL Time: 0.3 min | Mean Rewards: -478.43 | Current Best: -363.77
[33m11:31:13 [rigid_object.py] WARNING: The function 'set_external_force_and_torque' will be deprecated in a future release. Please use 'permanent_wrench_composer.set_forces_and_torques' instead.[0m
Agent Steps: 0043M | FPS: 18639.5 | Last FPS: 19223.4 | Collect Time: 38.6 min | Train RL Time: 0.3 min | Mean Rewards: -484.26 | Current Best: -363.77
Agent Steps: 0043M | FPS: 18640.0 | Last FPS: 19358.9 | Collect Time: 38.6 min | Train RL Time: 0.3 min | Mean Rewards: -488.98 | Current Best: -363.77
Agent Steps: 0043M | FPS: 18640.5 | Last FPS: 19374.1 | Collect Time: 38.6 min | Train RL Time: 0.3 min | Mean Rewards: -502.16 | Current Best: -363.77
[33m11:31:18 [rigid_object.py] WARNING: The function 'set_external_force_and_torque' will be deprecated in a future release. Please use 'permanent_wrench_composer.set_forces_and_torques' instead.[0m
Agent Steps: 0043M | FPS: 18641.0 | Last FPS: 19323.9 | Collect Time: 38.6 min | Train RL Time: 0.3 min | Mean Rewards: -509.78 | Current Best: -363.77
Agent Steps: 0043M | FPS: 18641.3 | Last FPS: 19078.9 | Collect Time: 38.7 min | Train RL Time: 0.3 min | Mean Rewards: -515.13 | Current Best: -363.77
Agent Steps: 0043M | FPS: 18641.6 | Last FPS: 19030.9 | Collect Time: 38.7 min | Train RL Time: 0.3 min | Mean Rewards: -488.21 | Current Best: -363.77
[33m11:31:24 [rigid_object.py] WARNING: The function 'set_external_force_and_torque' will be deprecated in a future release. Please use 'permanent_wrench_composer.set_forces_and_torques' instead.[0m
Agent Steps: 0043M | FPS: 18642.3 | Last FPS: 19560.3 | Collect Time: 38.7 min | Train RL Time: 0.3 min | Mean Rewards: -478.20 | Current Best: -363.77
Agent Steps: 0043M | FPS: 18642.6 | Last FPS: 19089.0 | Collect Time: 38.8 min | Train RL Time: 0.3 min | Mean Rewards: -493.60 | Current Best: -363.77
Agent Steps: 0043M | FPS: 18643.0 | Last FPS: 19121.7 | Collect Time: 38.8 min | Train RL Time: 0.3 min | Mean Rewards: -489.03 | Current Best: -363.77
[33m11:31:29 [rigid_object.py] WARNING: The function 'set_external_force_and_torque' will be deprecated in a future release. Please use 'permanent_wrench_composer.set_forces_and_torques' instead.[0m
Agent Steps: 0043M | FPS: 18643.2 | Last FPS: 19001.0 | Collect Time: 38.8 min | Train RL Time: 0.3 min | Mean Rewards: -489.01 | Current Best: -363.77
Agent Steps: 0043M | FPS: 18643.5 | Last FPS: 19062.7 | Collect Time: 38.8 min | Train RL Time: 0.3 min | Mean Rewards: -491.74 | Current Best: -363.77
Agent Steps: 0043M | FPS: 18643.8 | Last FPS: 18992.9 | Collect Time: 38.9 min | Train RL Time: 0.3 min | Mean Rewards: -501.76 | Current Best: -363.77
[33m11:31:34 [rigid_object.py] WARNING: The function 'set_external_force_and_torque' will be deprecated in a future release. Please use 'permanent_wrench_composer.set_forces_and_torques' instead.[0m
Agent Steps: 0043M | FPS: 18644.1 | Last FPS: 19071.2 | Collect Time: 38.9 min | Train RL Time: 0.3 min | Mean Rewards: -500.00 | Current Best: -363.77
Agent Steps: 0043M | FPS: 18644.5 | Last FPS: 19182.9 | Collect Time: 38.9 min | Train RL Time: 0.3 min | Mean Rewards: -494.01 | Current Best: -363.77
Agent Steps: 0043M | FPS: 18644.9 | Last FPS: 19165.9 | Collect Time: 39.0 min | Train RL Time: 0.3 min | Mean Rewards: -521.33 | Current Best: -363.77
[33m11:31:39 [rigid_object.py] WARNING: The function 'set_external_force_and_torque' will be deprecated in a future release. Please use 'permanent_wrench_composer.set_forces_and_torques' instead.[0m
Agent Steps: 0044M | FPS: 18645.2 | Last FPS: 19157.0 | Collect Time: 39.0 min | Train RL Time: 0.3 min | Mean Rewards: -482.87 | Current Best: -363.77
Agent Steps: 0044M | FPS: 18645.6 | Last FPS: 19093.5 | Collect Time: 39.0 min | Train RL Time: 0.3 min | Mean Rewards: -495.63 | Current Best: -363.77
Agent Steps: 0044M | FPS: 18646.0 | Last FPS: 19225.6 | Collect Time: 39.0 min | Train RL Time: 0.3 min | Mean Rewards: -504.16 | Current Best: -363.77
[33m11:31:44 [rigid_object.py] WARNING: The function 'set_external_force_and_torque' will be deprecated in a future release. Please use 'permanent_wrench_composer.set_forces_and_torques' instead.[0m
Agent Steps: 0044M | FPS: 18646.2 | Last FPS: 19000.9 | Collect Time: 39.1 min | Train RL Time: 0.3 min | Mean Rewards: -481.84 | Current Best: -363.77
Agent Steps: 0044M | FPS: 18646.6 | Last FPS: 19160.8 | Collect Time: 39.1 min | Train RL Time: 0.3 min | Mean Rewards: -490.07 | Current Best: -363.77
Agent Steps: 0044M | FPS: 18647.0 | Last FPS: 19214.5 | Collect Time: 39.1 min | Train RL Time: 0.3 min | Mean Rewards: -509.05 | Current Best: -363.77
[33m11:31:49 [rigid_object.py] WARNING: The function 'set_external_force_and_torque' will be deprecated in a future release. Please use 'permanent_wrench_composer.set_forces_and_torques' instead.[0m
Agent Steps: 0044M | FPS: 18647.3 | Last FPS: 18983.4 | Collect Time: 39.1 min | Train RL Time: 0.3 min | Mean Rewards: -497.03 | Current Best: -363.77
Agent Steps: 0044M | FPS: 18647.5 | Last FPS: 18999.0 | Collect Time: 39.2 min | Train RL Time: 0.3 min | Mean Rewards: -481.71 | Current Best: -363.77
[gravity schedule] step=10800 target_z=-1.6280 actual_z=-1.6230
Agent Steps: 0044M | FPS: 18648.0 | Last FPS: 19264.1 | Collect Time: 39.2 min | Train RL Time: 0.3 min | Mean Rewards: -515.71 | Current Best: -363.77
[33m11:31:54 [rigid_object.py] WARNING: The function 'set_external_force_and_torque' will be deprecated in a future release. Please use 'permanent_wrench_composer.set_forces_and_torques' instead.[0m
Agent Steps: 0044M | FPS: 18648.3 | Last FPS: 19060.2 | Collect Time: 39.2 min | Train RL Time: 0.3 min | Mean Rewards: -492.52 | Current Best: -363.77
Agent Steps: 0044M | FPS: 18648.6 | Last FPS: 19184.0 | Collect Time: 39.3 min | Train RL Time: 0.3 min | Mean Rewards: -503.53 | Current Best: -363.77
Agent Steps: 0044M | FPS: 18649.0 | Last FPS: 19135.1 | Collect Time: 39.3 min | Train RL Time: 0.3 min | Mean Rewards: -481.13 | Current Best: -363.77
[33m11:32:00 [rigid_object.py] WARNING: The function 'set_external_force_and_torque' will be deprecated in a future release. Please use 'permanent_wrench_composer.set_forces_and_torques' instead.[0m
Agent Steps: 0044M | FPS: 18649.4 | Last FPS: 19165.8 | Collect Time: 39.3 min | Train RL Time: 0.3 min | Mean Rewards: -494.05 | Current Best: -363.77
Agent Steps: 0044M | FPS: 18649.6 | Last FPS: 19031.2 | Collect Time: 39.3 min | Train RL Time: 0.3 min | Mean Rewards: -486.47 | Current Best: -363.77
Agent Steps: 0044M | FPS: 18649.9 | Last FPS: 19052.6 | Collect Time: 39.4 min | Train RL Time: 0.3 min | Mean Rewards: -512.50 | Current Best: -363.77
[33m11:32:05 [rigid_object.py] WARNING: The function 'set_external_force_and_torque' will be deprecated in a future release. Please use 'permanent_wrench_composer.set_forces_and_torques' instead.[0m
Agent Steps: 0044M | FPS: 18650.5 | Last FPS: 19422.5 | Collect Time: 39.4 min | Train RL Time: 0.3 min | Mean Rewards: -508.96 | Current Best: -363.77
Agent Steps: 0044M | FPS: 18650.6 | Last FPS: 18761.2 | Collect Time: 39.4 min | Train RL Time: 0.3 min | Mean Rewards: -508.16 | Current Best: -363.77
Agent Steps: 0044M | FPS: 18650.8 | Last FPS: 18972.5 | Collect Time: 39.5 min | Train RL Time: 0.3 min | Mean Rewards: -490.65 | Current Best: -363.77
[33m11:32:10 [rigid_object.py] WARNING: The function 'set_external_force_and_torque' will be deprecated in a future release. Please use 'permanent_wrench_composer.set_forces_and_torques' instead.[0m
Agent Steps: 0044M | FPS: 18651.2 | Last FPS: 19214.4 | Collect Time: 39.5 min | Train RL Time: 0.3 min | Mean Rewards: -496.26 | Current Best: -363.77
Agent Steps: 0044M | FPS: 18651.5 | Last FPS: 19086.8 | Collect Time: 39.5 min | Train RL Time: 0.3 min | Mean Rewards: -483.83 | Current Best: -363.77
Agent Steps: 0044M | FPS: 18651.7 | Last FPS: 18931.8 | Collect Time: 39.5 min | Train RL Time: 0.3 min | Mean Rewards: -489.50 | Current Best: -363.77
[33m11:32:15 [rigid_object.py] WARNING: The function 'set_external_force_and_torque' will be deprecated in a future release. Please use 'permanent_wrench_composer.set_forces_and_torques' instead.[0m
Agent Steps: 0044M | FPS: 18652.1 | Last FPS: 19169.4 | Collect Time: 39.6 min | Train RL Time: 0.3 min | Mean Rewards: -503.26 | Current Best: -363.77
Agent Steps: 0044M | FPS: 18652.4 | Last FPS: 19100.9 | Collect Time: 39.6 min | Train RL Time: 0.3 min | Mean Rewards: -486.19 | Current Best: -363.77
Agent Steps: 0044M | FPS: 18652.8 | Last FPS: 19243.7 | Collect Time: 39.6 min | Train RL Time: 0.3 min | Mean Rewards: -487.65 | Current Best: -363.77
[33m11:32:20 [rigid_object.py] WARNING: The function 'set_external_force_and_torque' will be deprecated in a future release. Please use 'permanent_wrench_composer.set_forces_and_torques' instead.[0m
Agent Steps: 0044M | FPS: 18653.3 | Last FPS: 19327.1 | Collect Time: 39.7 min | Train RL Time: 0.3 min | Mean Rewards: -495.99 | Current Best: -363.77
Agent Steps: 0044M | FPS: 18653.4 | Last FPS: 18787.2 | Collect Time: 39.7 min | Train RL Time: 0.3 min | Mean Rewards: -501.54 | Current Best: -363.77
Agent Steps: 0044M | FPS: 18653.9 | Last FPS: 19412.7 | Collect Time: 39.7 min | Train RL Time: 0.3 min | Mean Rewards: -496.90 | Current Best: -363.77
[33m11:32:25 [rigid_object.py] WARNING: The function 'set_external_force_and_torque' will be deprecated in a future release. Please use 'permanent_wrench_composer.set_forces_and_torques' instead.[0m
Agent Steps: 0044M | FPS: 18654.3 | Last FPS: 19142.0 | Collect Time: 39.7 min | Train RL Time: 0.3 min | Mean Rewards: -485.83 | Current Best: -363.77
Agent Steps: 0044M | FPS: 18654.8 | Last FPS: 19341.6 | Collect Time: 39.8 min | Train RL Time: 0.3 min | Mean Rewards: -492.91 | Current Best: -363.77
Agent Steps: 0044M | FPS: 18655.0 | Last FPS: 19007.6 | Collect Time: 39.8 min | Train RL Time: 0.3 min | Mean Rewards: -485.07 | Current Best: -363.77
[33m11:32:30 [rigid_object.py] WARNING: The function 'set_external_force_and_torque' will be deprecated in a future release. Please use 'permanent_wrench_composer.set_forces_and_torques' instead.[0m
Agent Steps: 0044M | FPS: 18655.3 | Last FPS: 19086.2 | Collect Time: 39.8 min | Train RL Time: 0.3 min | Mean Rewards: -492.58 | Current Best: -363.77
Agent Steps: 0045M | FPS: 18655.9 | Last FPS: 19435.2 | Collect Time: 39.9 min | Train RL Time: 0.3 min | Mean Rewards: -500.07 | Current Best: -363.77
Agent Steps: 0045M | FPS: 18656.1 | Last FPS: 19024.8 | Collect Time: 39.9 min | Train RL Time: 0.3 min | Mean Rewards: -520.42 | Current Best: -363.77
[33m11:32:36 [rigid_object.py] WARNING: The function 'set_external_force_and_torque' will be deprecated in a future release. Please use 'permanent_wrench_composer.set_forces_and_torques' instead.[0m
[gravity schedule] step=11000 target_z=-1.6698 actual_z=-1.6631
Agent Steps: 0045M | FPS: 18656.3 | Last FPS: 18866.8 | Collect Time: 39.9 min | Train RL Time: 0.3 min | Mean Rewards: -496.72 | Current Best: -363.77
Agent Steps: 0045M | FPS: 18656.6 | Last FPS: 19086.5 | Collect Time: 39.9 min | Train RL Time: 0.3 min | Mean Rewards: -500.01 | Current Best: -363.77
Agent Steps: 0045M | FPS: 18656.9 | Last FPS: 19149.4 | Collect Time: 40.0 min | Train RL Time: 0.3 min | Mean Rewards: -483.35 | Current Best: -363.77
[33m11:32:41 [rigid_object.py] WARNING: The function 'set_external_force_and_torque' will be deprecated in a future release. Please use 'permanent_wrench_composer.set_forces_and_torques' instead.[0m
Agent Steps: 0045M | FPS: 18657.0 | Last FPS: 18776.9 | Collect Time: 40.0 min | Train RL Time: 0.3 min | Mean Rewards: -476.92 | Current Best: -363.77
Agent Steps: 0045M | FPS: 18657.3 | Last FPS: 19047.8 | Collect Time: 40.0 min | Train RL Time: 0.3 min | Mean Rewards: -482.29 | Current Best: -363.77
Agent Steps: 0045M | FPS: 18657.7 | Last FPS: 19281.5 | Collect Time: 40.1 min | Train RL Time: 0.3 min | Mean Rewards: -522.75 | Current Best: -363.77
[33m11:32:46 [rigid_object.py] WARNING: The function 'set_external_force_and_torque' will be deprecated in a future release. Please use 'permanent_wrench_composer.set_forces_and_torques' instead.[0m
Agent Steps: 0045M | FPS: 18658.1 | Last FPS: 19165.0 | Collect Time: 40.1 min | Train RL Time: 0.3 min | Mean Rewards: -482.33 | Current Best: -363.77
Agent Steps: 0045M | FPS: 18658.5 | Last FPS: 19196.3 | Collect Time: 40.1 min | Train RL Time: 0.3 min | Mean Rewards: -493.71 | Current Best: -363.77
Agent Steps: 0045M | FPS: 18658.8 | Last FPS: 19205.2 | Collect Time: 40.1 min | Train RL Time: 0.3 min | Mean Rewards: -483.94 | Current Best: -363.77
[33m11:32:51 [rigid_object.py] WARNING: The function 'set_external_force_and_torque' will be deprecated in a future release. Please use 'permanent_wrench_composer.set_forces_and_torques' instead.[0m
Agent Steps: 0045M | FPS: 18659.2 | Last FPS: 19189.3 | Collect Time: 40.2 min | Train RL Time: 0.3 min | Mean Rewards: -516.36 | Current Best: -363.77
Agent Steps: 0045M | FPS: 18659.5 | Last FPS: 19095.1 | Collect Time: 40.2 min | Train RL Time: 0.3 min | Mean Rewards: -496.81 | Current Best: -363.77
Agent Steps: 0045M | FPS: 18660.2 | Last FPS: 19629.3 | Collect Time: 40.2 min | Train RL Time: 0.3 min | Mean Rewards: -513.83 | Current Best: -363.77
[33m11:32:56 [rigid_object.py] WARNING: The function 'set_external_force_and_torque' will be deprecated in a future release. Please use 'permanent_wrench_composer.set_forces_and_torques' instead.[0m
Agent Steps: 0045M | FPS: 18660.5 | Last FPS: 19085.4 | Collect Time: 40.3 min | Train RL Time: 0.3 min | Mean Rewards: -518.89 | Current Best: -363.77
Agent Steps: 0045M | FPS: 18661.1 | Last FPS: 19550.7 | Collect Time: 40.3 min | Train RL Time: 0.3 min | Mean Rewards: -498.25 | Current Best: -363.77
Agent Steps: 0045M | FPS: 18661.6 | Last FPS: 19328.5 | Collect Time: 40.3 min | Train RL Time: 0.3 min | Mean Rewards: -501.40 | Current Best: -363.77
[33m11:33:01 [rigid_object.py] WARNING: The function 'set_external_force_and_torque' will be deprecated in a future release. Please use 'permanent_wrench_composer.set_forces_and_torques' instead.[0m
Agent Steps: 0045M | FPS: 18662.0 | Last FPS: 19301.6 | Collect Time: 40.3 min | Train RL Time: 0.3 min | Mean Rewards: -497.50 | Current Best: -363.77
Agent Steps: 0045M | FPS: 18662.3 | Last FPS: 19092.3 | Collect Time: 40.4 min | Train RL Time: 0.3 min | Mean Rewards: -506.27 | Current Best: -363.77
Agent Steps: 0045M | FPS: 18662.8 | Last FPS: 19367.5 | Collect Time: 40.4 min | Train RL Time: 0.3 min | Mean Rewards: -498.21 | Current Best: -363.77
[33m11:33:06 [rigid_object.py] WARNING: The function 'set_external_force_and_torque' will be deprecated in a future release. Please use 'permanent_wrench_composer.set_forces_and_torques' instead.[0m
Agent Steps: 0045M | FPS: 18663.2 | Last FPS: 19271.2 | Collect Time: 40.4 min | Train RL Time: 0.3 min | Mean Rewards: -500.10 | Current Best: -363.77
Agent Steps: 0045M | FPS: 18663.8 | Last FPS: 19490.3 | Collect Time: 40.4 min | Train RL Time: 0.3 min | Mean Rewards: -507.78 | Current Best: -363.77
Agent Steps: 0045M | FPS: 18664.2 | Last FPS: 19328.8 | Collect Time: 40.5 min | Train RL Time: 0.3 min | Mean Rewards: -500.89 | Current Best: -363.77
[33m11:33:11 [rigid_object.py] WARNING: The function 'set_external_force_and_torque' will be deprecated in a future release. Please use 'permanent_wrench_composer.set_forces_and_torques' instead.[0m
Agent Steps: 0045M | FPS: 18664.7 | Last FPS: 19356.0 | Collect Time: 40.5 min | Train RL Time: 0.3 min | Mean Rewards: -506.16 | Current Best: -363.77
Agent Steps: 0045M | FPS: 18665.2 | Last FPS: 19370.4 | Collect Time: 40.5 min | Train RL Time: 0.3 min | Mean Rewards: -519.46 | Current Best: -363.77
Agent Steps: 0045M | FPS: 18665.7 | Last FPS: 19388.1 | Collect Time: 40.6 min | Train RL Time: 0.3 min | Mean Rewards: -488.36 | Current Best: -363.77
[33m11:33:16 [rigid_object.py] WARNING: The function 'set_external_force_and_torque' will be deprecated in a future release. Please use 'permanent_wrench_composer.set_forces_and_torques' instead.[0m
Agent Steps: 0045M | FPS: 18666.2 | Last FPS: 19321.6 | Collect Time: 40.6 min | Train RL Time: 0.3 min | Mean Rewards: -493.15 | Current Best: -363.77
[gravity schedule] step=11200 target_z=-1.7115 actual_z=-1.7032
Agent Steps: 0045M | FPS: 18666.6 | Last FPS: 19338.4 | Collect Time: 40.6 min | Train RL Time: 0.3 min | Mean Rewards: -503.66 | Current Best: -363.77
Agent Steps: 0045M | FPS: 18667.1 | Last FPS: 19319.0 | Collect Time: 40.6 min | Train RL Time: 0.3 min | Mean Rewards: -492.42 | Current Best: -363.77
[33m11:33:21 [rigid_object.py] WARNING: The function 'set_external_force_and_torque' will be deprecated in a future release. Please use 'permanent_wrench_composer.set_forces_and_torques' instead.[0m
Agent Steps: 0045M | FPS: 18667.5 | Last FPS: 19323.3 | Collect Time: 40.7 min | Train RL Time: 0.3 min | Mean Rewards: -501.71 | Current Best: -363.77
Agent Steps: 0046M | FPS: 18668.1 | Last FPS: 19541.7 | Collect Time: 40.7 min | Train RL Time: 0.3 min | Mean Rewards: -491.03 | Current Best: -363.77
Agent Steps: 0046M | FPS: 18668.5 | Last FPS: 19274.6 | Collect Time: 40.7 min | Train RL Time: 0.3 min | Mean Rewards: -516.63 | Current Best: -363.77
[33m11:33:27 [rigid_object.py] WARNING: The function 'set_external_force_and_torque' will be deprecated in a future release. Please use 'permanent_wrench_composer.set_forces_and_torques' instead.[0m
Agent Steps: 0046M | FPS: 18669.0 | Last FPS: 19265.3 | Collect Time: 40.8 min | Train RL Time: 0.3 min | Mean Rewards: -511.04 | Current Best: -363.77
Agent Steps: 0046M | FPS: 18669.2 | Last FPS: 19054.4 | Collect Time: 40.8 min | Train RL Time: 0.3 min | Mean Rewards: -501.99 | Current Best: -363.77
Agent Steps: 0046M | FPS: 18669.6 | Last FPS: 19215.7 | Collect Time: 40.8 min | Train RL Time: 0.3 min | Mean Rewards: -497.35 | Current Best: -363.77
[33m11:33:32 [rigid_object.py] WARNING: The function 'set_external_force_and_torque' will be deprecated in a future release. Please use 'permanent_wrench_composer.set_forces_and_torques' instead.[0m
Agent Steps: 0046M | FPS: 18670.0 | Last FPS: 19230.1 | Collect Time: 40.8 min | Train RL Time: 0.3 min | Mean Rewards: -518.15 | Current Best: -363.77
Agent Steps: 0046M | FPS: 18670.2 | Last FPS: 18982.2 | Collect Time: 40.9 min | Train RL Time: 0.3 min | Mean Rewards: -503.05 | Current Best: -363.77
Agent Steps: 0046M | FPS: 18670.5 | Last FPS: 19124.4 | Collect Time: 40.9 min | Train RL Time: 0.3 min | Mean Rewards: -503.82 | Current Best: -363.77
[33m11:33:37 [rigid_object.py] WARNING: The function 'set_external_force_and_torque' will be deprecated in a future release. Please use 'permanent_wrench_composer.set_forces_and_torques' instead.[0m
Agent Steps: 0046M | FPS: 18670.6 | Last FPS: 18802.1 | Collect Time: 40.9 min | Train RL Time: 0.3 min | Mean Rewards: -509.72 | Current Best: -363.77
Agent Steps: 0046M | FPS: 18671.0 | Last FPS: 19184.1 | Collect Time: 41.0 min | Train RL Time: 0.3 min | Mean Rewards: -506.71 | Current Best: -363.77
Agent Steps: 0046M | FPS: 18671.4 | Last FPS: 19264.7 | Collect Time: 41.0 min | Train RL Time: 0.3 min | Mean Rewards: -487.54 | Current Best: -363.77
[33m11:33:42 [rigid_object.py] WARNING: The function 'set_external_force_and_torque' will be deprecated in a future release. Please use 'permanent_wrench_composer.set_forces_and_torques' instead.[0m
Agent Steps: 0046M | FPS: 18671.7 | Last FPS: 19227.7 | Collect Time: 41.0 min | Train RL Time: 0.3 min | Mean Rewards: -512.29 | Current Best: -363.77
Agent Steps: 0046M | FPS: 18672.0 | Last FPS: 19022.8 | Collect Time: 41.0 min | Train RL Time: 0.3 min | Mean Rewards: -477.64 | Current Best: -363.77
Agent Steps: 0046M | FPS: 18672.1 | Last FPS: 18824.1 | Collect Time: 41.1 min | Train RL Time: 0.3 min | Mean Rewards: -510.64 | Current Best: -363.77
[33m11:33:47 [rigid_object.py] WARNING: The function 'set_external_force_and_torque' will be deprecated in a future release. Please use 'permanent_wrench_composer.set_forces_and_torques' instead.[0m
Agent Steps: 0046M | FPS: 18672.3 | Last FPS: 19017.1 | Collect Time: 41.1 min | Train RL Time: 0.3 min | Mean Rewards: -503.35 | Current Best: -363.77
Agent Steps: 0046M | FPS: 18672.7 | Last FPS: 19169.0 | Collect Time: 41.1 min | Train RL Time: 0.3 min | Mean Rewards: -527.87 | Current Best: -363.77
Agent Steps: 0046M | FPS: 18672.9 | Last FPS: 18966.4 | Collect Time: 41.2 min | Train RL Time: 0.3 min | Mean Rewards: -501.49 | Current Best: -363.77
[33m11:33:52 [rigid_object.py] WARNING: The function 'set_external_force_and_torque' will be deprecated in a future release. Please use 'permanent_wrench_composer.set_forces_and_torques' instead.[0m
Agent Steps: 0046M | FPS: 18673.2 | Last FPS: 19115.2 | Collect Time: 41.2 min | Train RL Time: 0.3 min | Mean Rewards: -480.45 | Current Best: -363.77
Agent Steps: 0046M | FPS: 18673.3 | Last FPS: 18807.0 | Collect Time: 41.2 min | Train RL Time: 0.3 min | Mean Rewards: -525.67 | Current Best: -363.77
Agent Steps: 0046M | FPS: 18673.4 | Last FPS: 18783.7 | Collect Time: 41.2 min | Train RL Time: 0.3 min | Mean Rewards: -493.27 | Current Best: -363.77
[33m11:33:57 [rigid_object.py] WARNING: The function 'set_external_force_and_torque' will be deprecated in a future release. Please use 'permanent_wrench_composer.set_forces_and_torques' instead.[0m
Agent Steps: 0046M | FPS: 18673.5 | Last FPS: 18850.9 | Collect Time: 41.3 min | Train RL Time: 0.3 min | Mean Rewards: -483.52 | Current Best: -363.77
Agent Steps: 0046M | FPS: 18673.6 | Last FPS: 18776.9 | Collect Time: 41.3 min | Train RL Time: 0.3 min | Mean Rewards: -475.15 | Current Best: -363.77
[gravity schedule] step=11400 target_z=-1.7533 actual_z=-1.7433
Agent Steps: 0046M | FPS: 18673.7 | Last FPS: 18853.3 | Collect Time: 41.3 min | Train RL Time: 0.3 min | Mean Rewards: -515.33 | Current Best: -363.77
[33m11:34:03 [rigid_object.py] WARNING: The function 'set_external_force_and_torque' will be deprecated in a future release. Please use 'permanent_wrench_composer.set_forces_and_torques' instead.[0m
Agent Steps: 0046M | FPS: 18673.9 | Last FPS: 19032.3 | Collect Time: 41.4 min | Train RL Time: 0.3 min | Mean Rewards: -512.43 | Current Best: -363.77
Agent Steps: 0046M | FPS: 18674.3 | Last FPS: 19174.6 | Collect Time: 41.4 min | Train RL Time: 0.3 min | Mean Rewards: -514.06 | Current Best: -363.77
Agent Steps: 0046M | FPS: 18674.3 | Last FPS: 18684.9 | Collect Time: 41.4 min | Train RL Time: 0.3 min | Mean Rewards: -505.51 | Current Best: -363.77
[33m11:34:08 [rigid_object.py] WARNING: The function 'set_external_force_and_torque' will be deprecated in a future release. Please use 'permanent_wrench_composer.set_forces_and_torques' instead.[0m
Agent Steps: 0046M | FPS: 18674.5 | Last FPS: 19016.2 | Collect Time: 41.4 min | Train RL Time: 0.3 min | Mean Rewards: -497.50 | Current Best: -363.77
Agent Steps: 0046M | FPS: 18674.6 | Last FPS: 18860.1 | Collect Time: 41.5 min | Train RL Time: 0.3 min | Mean Rewards: -508.75 | Current Best: -363.77
Agent Steps: 0046M | FPS: 18674.7 | Last FPS: 18755.0 | Collect Time: 41.5 min | Train RL Time: 0.3 min | Mean Rewards: -508.01 | Current Best: -363.77
[33m11:34:13 [rigid_object.py] WARNING: The function 'set_external_force_and_torque' will be deprecated in a future release. Please use 'permanent_wrench_composer.set_forces_and_torques' instead.[0m
Agent Steps: 0046M | FPS: 18674.9 | Last FPS: 19021.0 | Collect Time: 41.5 min | Train RL Time: 0.3 min | Mean Rewards: -497.73 | Current Best: -363.77
Agent Steps: 0046M | FPS: 18675.2 | Last FPS: 19099.2 | Collect Time: 41.6 min | Train RL Time: 0.3 min | Mean Rewards: -495.29 | Current Best: -363.77
Agent Steps: 0047M | FPS: 18675.5 | Last FPS: 19059.9 | Collect Time: 41.6 min | Train RL Time: 0.3 min | Mean Rewards: -494.45 | Current Best: -363.77
[33m11:34:18 [rigid_object.py] WARNING: The function 'set_external_force_and_torque' will be deprecated in a future release. Please use 'permanent_wrench_composer.set_forces_and_torques' instead.[0m
Agent Steps: 0047M | FPS: 18675.7 | Last FPS: 18926.5 | Collect Time: 41.6 min | Train RL Time: 0.3 min | Mean Rewards: -495.46 | Current Best: -363.77
Agent Steps: 0047M | FPS: 18675.9 | Last FPS: 19094.8 | Collect Time: 41.6 min | Train RL Time: 0.3 min | Mean Rewards: -494.76 | Current Best: -363.77
Agent Steps: 0047M | FPS: 18676.0 | Last FPS: 18768.9 | Collect Time: 41.7 min | Train RL Time: 0.3 min | Mean Rewards: -523.02 | Current Best: -363.77
[33m11:34:23 [rigid_object.py] WARNING: The function 'set_external_force_and_torque' will be deprecated in a future release. Please use 'permanent_wrench_composer.set_forces_and_torques' instead.[0m
Agent Steps: 0047M | FPS: 18676.2 | Last FPS: 18983.9 | Collect Time: 41.7 min | Train RL Time: 0.3 min | Mean Rewards: -494.90 | Current Best: -363.77
Agent Steps: 0047M | FPS: 18676.4 | Last FPS: 18961.5 | Collect Time: 41.7 min | Train RL Time: 0.3 min | Mean Rewards: -502.40 | Current Best: -363.77
Agent Steps: 0047M | FPS: 18676.6 | Last FPS: 18970.7 | Collect Time: 41.8 min | Train RL Time: 0.3 min | Mean Rewards: -513.34 | Current Best: -363.77
[33m11:34:28 [rigid_object.py] WARNING: The function 'set_external_force_and_torque' will be deprecated in a future release. Please use 'permanent_wrench_composer.set_forces_and_torques' instead.[0m
Agent Steps: 0047M | FPS: 18677.0 | Last FPS: 19196.0 | Collect Time: 41.8 min | Train RL Time: 0.3 min | Mean Rewards: -492.70 | Current Best: -363.77
Agent Steps: 0047M | FPS: 18677.0 | Last FPS: 18796.6 | Collect Time: 41.8 min | Train RL Time: 0.3 min | Mean Rewards: -498.44 | Current Best: -363.77
Agent Steps: 0047M | FPS: 18677.3 | Last FPS: 19113.4 | Collect Time: 41.8 min | Train RL Time: 0.3 min | Mean Rewards: -504.51 | Current Best: -363.77
[33m11:34:34 [rigid_object.py] WARNING: The function 'set_external_force_and_torque' will be deprecated in a future release. Please use 'permanent_wrench_composer.set_forces_and_torques' instead.[0m
Agent Steps: 0047M | FPS: 18677.5 | Last FPS: 18903.3 | Collect Time: 41.9 min | Train RL Time: 0.3 min | Mean Rewards: -502.93 | Current Best: -363.77
Agent Steps: 0047M | FPS: 18677.5 | Last FPS: 18673.7 | Collect Time: 41.9 min | Train RL Time: 0.3 min | Mean Rewards: -521.05 | Current Best: -363.77
Agent Steps: 0047M | FPS: 18677.6 | Last FPS: 18900.6 | Collect Time: 41.9 min | Train RL Time: 0.3 min | Mean Rewards: -604.15 | Current Best: -363.77
[33m11:34:39 [rigid_object.py] WARNING: The function 'set_external_force_and_torque' will be deprecated in a future release. Please use 'permanent_wrench_composer.set_forces_and_torques' instead.[0m
Agent Steps: 0047M | FPS: 18677.8 | Last FPS: 18974.9 | Collect Time: 42.0 min | Train RL Time: 0.3 min | Mean Rewards: -494.43 | Current Best: -363.77
Agent Steps: 0047M | FPS: 18678.0 | Last FPS: 18964.8 | Collect Time: 42.0 min | Train RL Time: 0.3 min | Mean Rewards: -512.44 | Current Best: -363.77
Agent Steps: 0047M | FPS: 18678.1 | Last FPS: 18828.7 | Collect Time: 42.0 min | Train RL Time: 0.3 min | Mean Rewards: -482.46 | Current Best: -363.77
[33m11:34:44 [rigid_object.py] WARNING: The function 'set_external_force_and_torque' will be deprecated in a future release. Please use 'permanent_wrench_composer.set_forces_and_torques' instead.[0m
[gravity schedule] step=11600 target_z=-1.7950 actual_z=-1.7934
Agent Steps: 0047M | FPS: 18678.3 | Last FPS: 18874.6 | Collect Time: 42.0 min | Train RL Time: 0.3 min | Mean Rewards: -508.66 | Current Best: -363.77
Agent Steps: 0047M | FPS: 18678.3 | Last FPS: 18741.9 | Collect Time: 42.1 min | Train RL Time: 0.3 min | Mean Rewards: -503.13 | Current Best: -363.77
Agent Steps: 0047M | FPS: 18678.5 | Last FPS: 18887.7 | Collect Time: 42.1 min | Train RL Time: 0.3 min | Mean Rewards: -505.10 | Current Best: -363.77
[33m11:34:49 [rigid_object.py] WARNING: The function 'set_external_force_and_torque' will be deprecated in a future release. Please use 'permanent_wrench_composer.set_forces_and_torques' instead.[0m
Agent Steps: 0047M | FPS: 18678.8 | Last FPS: 19125.2 | Collect Time: 42.1 min | Train RL Time: 0.3 min | Mean Rewards: -495.89 | Current Best: -363.77
Agent Steps: 0047M | FPS: 18678.8 | Last FPS: 18685.9 | Collect Time: 42.2 min | Train RL Time: 0.3 min | Mean Rewards: -518.04 | Current Best: -363.77
Agent Steps: 0047M | FPS: 18679.1 | Last FPS: 19164.4 | Collect Time: 42.2 min | Train RL Time: 0.3 min | Mean Rewards: -493.58 | Current Best: -363.77
[33m11:34:54 [rigid_object.py] WARNING: The function 'set_external_force_and_torque' will be deprecated in a future release. Please use 'permanent_wrench_composer.set_forces_and_torques' instead.[0m
Agent Steps: 0047M | FPS: 18679.3 | Last FPS: 19048.5 | Collect Time: 42.2 min | Train RL Time: 0.3 min | Mean Rewards: -522.99 | Current Best: -363.77
Agent Steps: 0047M | FPS: 18679.6 | Last FPS: 19027.2 | Collect Time: 42.2 min | Train RL Time: 0.3 min | Mean Rewards: -508.94 | Current Best: -363.77
Agent Steps: 0047M | FPS: 18679.7 | Last FPS: 18790.4 | Collect Time: 42.3 min | Train RL Time: 0.3 min | Mean Rewards: -495.81 | Current Best: -363.77
[33m11:34:59 [rigid_object.py] WARNING: The function 'set_external_force_and_torque' will be deprecated in a future release. Please use 'permanent_wrench_composer.set_forces_and_torques' instead.[0m
Agent Steps: 0047M | FPS: 18679.9 | Last FPS: 19029.3 | Collect Time: 42.3 min | Train RL Time: 0.3 min | Mean Rewards: -500.07 | Current Best: -363.77
Agent Steps: 0047M | FPS: 18680.1 | Last FPS: 19039.5 | Collect Time: 42.3 min | Train RL Time: 0.3 min | Mean Rewards: -500.55 | Current Best: -363.77
Agent Steps: 0047M | FPS: 18680.3 | Last FPS: 18967.2 | Collect Time: 42.4 min | Train RL Time: 0.3 min | Mean Rewards: -499.27 | Current Best: -363.77
[33m11:35:05 [rigid_object.py] WARNING: The function 'set_external_force_and_torque' will be deprecated in a future release. Please use 'permanent_wrench_composer.set_forces_and_torques' instead.[0m
Agent Steps: 0047M | FPS: 18680.5 | Last FPS: 19006.2 | Collect Time: 42.4 min | Train RL Time: 0.3 min | Mean Rewards: -508.09 | Current Best: -363.77
Agent Steps: 0047M | FPS: 18680.7 | Last FPS: 18950.0 | Collect Time: 42.4 min | Train RL Time: 0.3 min | Mean Rewards: -501.44 | Current Best: -363.77
Agent Steps: 0048M | FPS: 18680.8 | Last FPS: 18794.2 | Collect Time: 42.4 min | Train RL Time: 0.3 min | Mean Rewards: -500.81 | Current Best: -363.77
[33m11:35:10 [rigid_object.py] WARNING: The function 'set_external_force_and_torque' will be deprecated in a future release. Please use 'permanent_wrench_composer.set_forces_and_torques' instead.[0m
Agent Steps: 0048M | FPS: 18680.7 | Last FPS: 18476.6 | Collect Time: 42.5 min | Train RL Time: 0.3 min | Mean Rewards: -477.86 | Current Best: -363.77
Agent Steps: 0048M | FPS: 18680.6 | Last FPS: 18621.1 | Collect Time: 42.5 min | Train RL Time: 0.3 min | Mean Rewards: -483.96 | Current Best: -363.77
Agent Steps: 0048M | FPS: 18680.7 | Last FPS: 18844.3 | Collect Time: 42.5 min | Train RL Time: 0.3 min | Mean Rewards: -519.25 | Current Best: -363.77
[33m11:35:15 [rigid_object.py] WARNING: The function 'set_external_force_and_torque' will be deprecated in a future release. Please use 'permanent_wrench_composer.set_forces_and_torques' instead.[0m
Agent Steps: 0048M | FPS: 18680.9 | Last FPS: 18904.5 | Collect Time: 42.6 min | Train RL Time: 0.3 min | Mean Rewards: -497.96 | Current Best: -363.77
Agent Steps: 0048M | FPS: 18681.2 | Last FPS: 19113.2 | Collect Time: 42.6 min | Train RL Time: 0.3 min | Mean Rewards: -502.23 | Current Best: -363.77
Agent Steps: 0048M | FPS: 18681.3 | Last FPS: 18917.7 | Collect Time: 42.6 min | Train RL Time: 0.3 min | Mean Rewards: -496.73 | Current Best: -363.77
[33m11:35:20 [rigid_object.py] WARNING: The function 'set_external_force_and_torque' will be deprecated in a future release. Please use 'permanent_wrench_composer.set_forces_and_torques' instead.[0m
Agent Steps: 0048M | FPS: 18681.3 | Last FPS: 18583.5 | Collect Time: 42.6 min | Train RL Time: 0.3 min | Mean Rewards: -494.26 | Current Best: -363.77
Agent Steps: 0048M | FPS: 18681.3 | Last FPS: 18685.8 | Collect Time: 42.7 min | Train RL Time: 0.3 min | Mean Rewards: -495.28 | Current Best: -363.77
Agent Steps: 0048M | FPS: 18681.5 | Last FPS: 18980.5 | Collect Time: 42.7 min | Train RL Time: 0.3 min | Mean Rewards: -504.89 | Current Best: -363.77
[33m11:35:25 [rigid_object.py] WARNING: The function 'set_external_force_and_torque' will be deprecated in a future release. Please use 'permanent_wrench_composer.set_forces_and_torques' instead.[0m
Agent Steps: 0048M | FPS: 18681.5 | Last FPS: 18754.8 | Collect Time: 42.7 min | Train RL Time: 0.3 min | Mean Rewards: -499.65 | Current Best: -363.77
[gravity schedule] step=11800 target_z=-1.8368 actual_z=-1.8334
Agent Steps: 0048M | FPS: 18681.7 | Last FPS: 18962.8 | Collect Time: 42.8 min | Train RL Time: 0.3 min | Mean Rewards: -511.96 | Current Best: -363.77
Agent Steps: 0048M | FPS: 18681.9 | Last FPS: 19004.3 | Collect Time: 42.8 min | Train RL Time: 0.3 min | Mean Rewards: -509.72 | Current Best: -363.77
[33m11:35:30 [rigid_object.py] WARNING: The function 'set_external_force_and_torque' will be deprecated in a future release. Please use 'permanent_wrench_composer.set_forces_and_torques' instead.[0m
Agent Steps: 0048M | FPS: 18682.1 | Last FPS: 18970.0 | Collect Time: 42.8 min | Train RL Time: 0.3 min | Mean Rewards: -503.86 | Current Best: -363.77
Agent Steps: 0048M | FPS: 18682.3 | Last FPS: 18999.1 | Collect Time: 42.8 min | Train RL Time: 0.3 min | Mean Rewards: -524.76 | Current Best: -363.77
Agent Steps: 0048M | FPS: 18682.6 | Last FPS: 19059.0 | Collect Time: 42.9 min | Train RL Time: 0.3 min | Mean Rewards: -514.54 | Current Best: -363.77
[33m11:35:35 [rigid_object.py] WARNING: The function 'set_external_force_and_torque' will be deprecated in a future release. Please use 'permanent_wrench_composer.set_forces_and_torques' instead.[0m
Agent Steps: 0048M | FPS: 18682.6 | Last FPS: 18696.8 | Collect Time: 42.9 min | Train RL Time: 0.3 min | Mean Rewards: -485.92 | Current Best: -363.77
Agent Steps: 0048M | FPS: 18682.8 | Last FPS: 18982.8 | Collect Time: 42.9 min | Train RL Time: 0.4 min | Mean Rewards: -493.62 | Current Best: -363.77
Agent Steps: 0048M | FPS: 18683.0 | Last FPS: 19093.6 | Collect Time: 43.0 min | Train RL Time: 0.4 min | Mean Rewards: -542.97 | Current Best: -363.77
[33m11:35:41 [rigid_object.py] WARNING: The function 'set_external_force_and_torque' will be deprecated in a future release. Please use 'permanent_wrench_composer.set_forces_and_torques' instead.[0m
Agent Steps: 0048M | FPS: 18683.2 | Last FPS: 18984.5 | Collect Time: 43.0 min | Train RL Time: 0.4 min | Mean Rewards: -487.71 | Current Best: -363.77
Agent Steps: 0048M | FPS: 18683.4 | Last FPS: 18875.7 | Collect Time: 43.0 min | Train RL Time: 0.4 min | Mean Rewards: -495.66 | Current Best: -363.77
Agent Steps: 0048M | FPS: 18683.5 | Last FPS: 18927.2 | Collect Time: 43.0 min | Train RL Time: 0.4 min | Mean Rewards: -510.85 | Current Best: -363.77
[33m11:35:46 [rigid_object.py] WARNING: The function 'set_external_force_and_torque' will be deprecated in a future release. Please use 'permanent_wrench_composer.set_forces_and_torques' instead.[0m
Agent Steps: 0048M | FPS: 18683.7 | Last FPS: 18908.6 | Collect Time: 43.1 min | Train RL Time: 0.4 min | Mean Rewards: -514.65 | Current Best: -363.77
Agent Steps: 0048M | FPS: 18683.9 | Last FPS: 18962.1 | Collect Time: 43.1 min | Train RL Time: 0.4 min | Mean Rewards: -503.01 | Current Best: -363.77
Agent Steps: 0048M | FPS: 18684.1 | Last FPS: 19070.7 | Collect Time: 43.1 min | Train RL Time: 0.4 min | Mean Rewards: -502.73 | Current Best: -363.77
[33m11:35:51 [rigid_object.py] WARNING: The function 'set_external_force_and_torque' will be deprecated in a future release. Please use 'permanent_wrench_composer.set_forces_and_torques' instead.[0m
Agent Steps: 0048M | FPS: 18684.2 | Last FPS: 18853.0 | Collect Time: 43.2 min | Train RL Time: 0.4 min | Mean Rewards: -508.97 | Current Best: -363.77
Agent Steps: 0048M | FPS: 18684.4 | Last FPS: 18965.9 | Collect Time: 43.2 min | Train RL Time: 0.4 min | Mean Rewards: -508.29 | Current Best: -363.77
Agent Steps: 0048M | FPS: 18684.6 | Last FPS: 18991.5 | Collect Time: 43.2 min | Train RL Time: 0.4 min | Mean Rewards: -512.65 | Current Best: -363.77
[33m11:35:56 [rigid_object.py] WARNING: The function 'set_external_force_and_torque' will be deprecated in a future release. Please use 'permanent_wrench_composer.set_forces_and_torques' instead.[0m
Agent Steps: 0048M | FPS: 18684.9 | Last FPS: 19060.7 | Collect Time: 43.2 min | Train RL Time: 0.4 min | Mean Rewards: -504.67 | Current Best: -363.77
Agent Steps: 0048M | FPS: 18685.1 | Last FPS: 19095.3 | Collect Time: 43.3 min | Train RL Time: 0.4 min | Mean Rewards: -515.48 | Current Best: -363.77
Agent Steps: 0048M | FPS: 18685.3 | Last FPS: 18916.6 | Collect Time: 43.3 min | Train RL Time: 0.4 min | Mean Rewards: -498.67 | Current Best: -363.77
[33m11:36:01 [rigid_object.py] WARNING: The function 'set_external_force_and_torque' will be deprecated in a future release. Please use 'permanent_wrench_composer.set_forces_and_torques' instead.[0m
Agent Steps: 0049M | FPS: 18685.5 | Last FPS: 19045.2 | Collect Time: 43.3 min | Train RL Time: 0.4 min | Mean Rewards: -523.29 | Current Best: -363.77
Agent Steps: 0049M | FPS: 18685.6 | Last FPS: 18858.8 | Collect Time: 43.4 min | Train RL Time: 0.4 min | Mean Rewards: -527.19 | Current Best: -363.77
Agent Steps: 0049M | FPS: 18685.8 | Last FPS: 18942.7 | Collect Time: 43.4 min | Train RL Time: 0.4 min | Mean Rewards: -510.14 | Current Best: -363.77
[33m11:36:07 [rigid_object.py] WARNING: The function 'set_external_force_and_torque' will be deprecated in a future release. Please use 'permanent_wrench_composer.set_forces_and_torques' instead.[0m
Agent Steps: 0049M | FPS: 18686.1 | Last FPS: 19052.8 | Collect Time: 43.4 min | Train RL Time: 0.4 min | Mean Rewards: -512.98 | Current Best: -363.77
Agent Steps: 0049M | FPS: 18686.0 | Last FPS: 18660.0 | Collect Time: 43.4 min | Train RL Time: 0.4 min | Mean Rewards: -512.40 | Current Best: -363.77
[gravity schedule] step=12000 target_z=-1.8785 actual_z=-1.8735
Agent Steps: 0049M | FPS: 18686.2 | Last FPS: 18981.2 | Collect Time: 43.5 min | Train RL Time: 0.4 min | Mean Rewards: -524.67 | Current Best: -363.77
[33m11:36:12 [rigid_object.py] WARNING: The function 'set_external_force_and_torque' will be deprecated in a future release. Please use 'permanent_wrench_composer.set_forces_and_torques' instead.[0m
Agent Steps: 0049M | FPS: 18686.4 | Last FPS: 18871.3 | Collect Time: 43.5 min | Train RL Time: 0.4 min | Mean Rewards: -532.03 | Current Best: -363.77
Agent Steps: 0049M | FPS: 18686.6 | Last FPS: 19097.7 | Collect Time: 43.5 min | Train RL Time: 0.4 min | Mean Rewards: -510.88 | Current Best: -363.77
Agent Steps: 0049M | FPS: 18686.7 | Last FPS: 18785.1 | Collect Time: 43.6 min | Train RL Time: 0.4 min | Mean Rewards: -516.64 | Current Best: -363.77
[33m11:36:17 [rigid_object.py] WARNING: The function 'set_external_force_and_torque' will be deprecated in a future release. Please use 'permanent_wrench_composer.set_forces_and_torques' instead.[0m
Agent Steps: 0049M | FPS: 18686.8 | Last FPS: 18795.8 | Collect Time: 43.6 min | Train RL Time: 0.4 min | Mean Rewards: -529.39 | Current Best: -363.77
Agent Steps: 0049M | FPS: 18687.0 | Last FPS: 19126.1 | Collect Time: 43.6 min | Train RL Time: 0.4 min | Mean Rewards: -517.12 | Current Best: -363.77
Agent Steps: 0049M | FPS: 18687.0 | Last FPS: 18664.6 | Collect Time: 43.6 min | Train RL Time: 0.4 min | Mean Rewards: -483.68 | Current Best: -363.77
[33m11:36:22 [rigid_object.py] WARNING: The function 'set_external_force_and_torque' will be deprecated in a future release. Please use 'permanent_wrench_composer.set_forces_and_torques' instead.[0m
Agent Steps: 0049M | FPS: 18687.1 | Last FPS: 18791.5 | Collect Time: 43.7 min | Train RL Time: 0.4 min | Mean Rewards: -514.13 | Current Best: -363.77
Agent Steps: 0049M | FPS: 18687.4 | Last FPS: 19092.2 | Collect Time: 43.7 min | Train RL Time: 0.4 min | Mean Rewards: -513.65 | Current Best: -363.77
Agent Steps: 0049M | FPS: 18687.4 | Last FPS: 18746.0 | Collect Time: 43.7 min | Train RL Time: 0.4 min | Mean Rewards: -499.37 | Current Best: -363.77
[33m11:36:27 [rigid_object.py] WARNING: The function 'set_external_force_and_torque' will be deprecated in a future release. Please use 'permanent_wrench_composer.set_forces_and_torques' instead.[0m
Agent Steps: 0049M | FPS: 18687.3 | Last FPS: 18561.5 | Collect Time: 43.8 min | Train RL Time: 0.4 min | Mean Rewards: -498.19 | Current Best: -363.77
Agent Steps: 0049M | FPS: 18687.4 | Last FPS: 18885.0 | Collect Time: 43.8 min | Train RL Time: 0.4 min | Mean Rewards: -516.33 | Current Best: -363.77
Agent Steps: 0049M | FPS: 18687.6 | Last FPS: 18870.5 | Collect Time: 43.8 min | Train RL Time: 0.4 min | Mean Rewards: -508.02 | Current Best: -363.77
[33m11:36:32 [rigid_object.py] WARNING: The function 'set_external_force_and_torque' will be deprecated in a future release. Please use 'permanent_wrench_composer.set_forces_and_torques' instead.[0m
Agent Steps: 0049M | FPS: 18687.6 | Last FPS: 18769.0 | Collect Time: 43.8 min | Train RL Time: 0.4 min | Mean Rewards: -505.69 | Current Best: -363.77
Agent Steps: 0049M | FPS: 18687.7 | Last FPS: 18823.5 | Collect Time: 43.9 min | Train RL Time: 0.4 min | Mean Rewards: -497.69 | Current Best: -363.77
Agent Steps: 0049M | FPS: 18687.8 | Last FPS: 18859.2 | Collect Time: 43.9 min | Train RL Time: 0.4 min | Mean Rewards: -500.72 | Current Best: -363.77
[33m11:36:37 [rigid_object.py] WARNING: The function 'set_external_force_and_torque' will be deprecated in a future release. Please use 'permanent_wrench_composer.set_forces_and_torques' instead.[0m
Agent Steps: 0049M | FPS: 18687.8 | Last FPS: 18728.6 | Collect Time: 43.9 min | Train RL Time: 0.4 min | Mean Rewards: -522.75 | Current Best: -363.77
Agent Steps: 0049M | FPS: 18687.9 | Last FPS: 18808.4 | Collect Time: 44.0 min | Train RL Time: 0.4 min | Mean Rewards: -513.57 | Current Best: -363.77
[33m11:36:42 [rigid_object.py] WARNING: The function 'set_external_force_and_torque' will be deprecated in a future release. Please use 'permanent_wrench_composer.set_forces_and_torques' instead.[0m
Agent Steps: 0049M | FPS: 18688.0 | Last FPS: 18799.2 | Collect Time: 44.0 min | Train RL Time: 0.4 min | Mean Rewards: -530.23 | Current Best: -363.77
Agent Steps: 0049M | FPS: 18688.1 | Last FPS: 18848.1 | Collect Time: 44.0 min | Train RL Time: 0.4 min | Mean Rewards: -506.21 | Current Best: -363.77
Agent Steps: 0049M | FPS: 18688.2 | Last FPS: 18826.8 | Collect Time: 44.0 min | Train RL Time: 0.4 min | Mean Rewards: -514.44 | Current Best: -363.77
[33m11:36:47 [rigid_object.py] WARNING: The function 'set_external_force_and_torque' will be deprecated in a future release. Please use 'permanent_wrench_composer.set_forces_and_torques' instead.[0m
Agent Steps: 0049M | FPS: 18688.3 | Last FPS: 18857.0 | Collect Time: 44.1 min | Train RL Time: 0.4 min | Mean Rewards: -517.51 | Current Best: -363.77
Agent Steps: 0049M | FPS: 18688.4 | Last FPS: 18917.9 | Collect Time: 44.1 min | Train RL Time: 0.4 min | Mean Rewards: -513.57 | Current Best: -363.77
Agent Steps: 0049M | FPS: 18688.4 | Last FPS: 18667.7 | Collect Time: 44.1 min | Train RL Time: 0.4 min | Mean Rewards: -554.43 | Current Best: -363.77
[33m11:36:52 [rigid_object.py] WARNING: The function 'set_external_force_and_torque' will be deprecated in a future release. Please use 'permanent_wrench_composer.set_forces_and_torques' instead.[0m
Agent Steps: 0049M | FPS: 18688.4 | Last FPS: 18710.2 | Collect Time: 44.2 min | Train RL Time: 0.4 min | Mean Rewards: -501.43 | Current Best: -363.77
[gravity schedule] step=12200 target_z=-1.9203 actual_z=-1.9136
Agent Steps: 0050M | FPS: 18688.3 | Last FPS: 18489.1 | Collect Time: 44.2 min | Train RL Time: 0.4 min | Mean Rewards: -501.19 | Current Best: -363.77
Agent Steps: 0050M | FPS: 18688.2 | Last FPS: 18472.7 | Collect Time: 44.2 min | Train RL Time: 0.4 min | Mean Rewards: -491.93 | Current Best: -363.77
[33m11:36:57 [rigid_object.py] WARNING: The function 'set_external_force_and_torque' will be deprecated in a future release. Please use 'permanent_wrench_composer.set_forces_and_torques' instead.[0m
Agent Steps: 0050M | FPS: 18688.0 | Last FPS: 18410.1 | Collect Time: 44.2 min | Train RL Time: 0.4 min | Mean Rewards: -503.83 | Current Best: -363.77
Agent Steps: 0050M | FPS: 18688.0 | Last FPS: 18637.1 | Collect Time: 44.3 min | Train RL Time: 0.4 min | Mean Rewards: -512.90 | Current Best: -363.77
Agent Steps: 0050M | FPS: 18688.0 | Last FPS: 18730.1 | Collect Time: 44.3 min | Train RL Time: 0.4 min | Mean Rewards: -516.31 | Current Best: -363.77
[33m11:37:02 [rigid_object.py] WARNING: The function 'set_external_force_and_torque' will be deprecated in a future release. Please use 'permanent_wrench_composer.set_forces_and_torques' instead.[0m
Agent Steps: 0050M | FPS: 18687.8 | Last FPS: 18390.3 | Collect Time: 44.3 min | Train RL Time: 0.4 min | Mean Rewards: -519.45 | Current Best: -363.77
Agent Steps: 0050M | FPS: 18687.6 | Last FPS: 18401.0 | Collect Time: 44.4 min | Train RL Time: 0.4 min | Mean Rewards: -512.48 | Current Best: -363.77
Agent Steps: 0050M | FPS: 18687.6 | Last FPS: 18662.0 | Collect Time: 44.4 min | Train RL Time: 0.4 min | Mean Rewards: -491.42 | Current Best: -363.77
[33m11:37:07 [rigid_object.py] WARNING: The function 'set_external_force_and_torque' will be deprecated in a future release. Please use 'permanent_wrench_composer.set_forces_and_torques' instead.[0m
Agent Steps: 0050M | FPS: 18687.6 | Last FPS: 18771.9 | Collect Time: 44.4 min | Train RL Time: 0.4 min | Mean Rewards: -504.75 | Current Best: -363.77
Agent Steps: 0050M | FPS: 18687.6 | Last FPS: 18622.6 | Collect Time: 44.5 min | Train RL Time: 0.4 min | Mean Rewards: -522.84 | Current Best: -363.77
Agent Steps: 0050M | FPS: 18687.7 | Last FPS: 18824.6 | Collect Time: 44.5 min | Train RL Time: 0.4 min | Mean Rewards: -522.13 | Current Best: -363.77
[33m11:37:12 [rigid_object.py] WARNING: The function 'set_external_force_and_torque' will be deprecated in a future release. Please use 'permanent_wrench_composer.set_forces_and_torques' instead.[0m
Agent Steps: 0050M | FPS: 18687.8 | Last FPS: 18836.2 | Collect Time: 44.5 min | Train RL Time: 0.4 min | Mean Rewards: -503.12 | Current Best: -363.77
Agent Steps: 0050M | FPS: 18687.7 | Last FPS: 18585.1 | Collect Time: 44.5 min | Train RL Time: 0.4 min | Mean Rewards: -523.65 | Current Best: -363.77
Agent Steps: 0050M | FPS: 18687.6 | Last FPS: 18476.0 | Collect Time: 44.6 min | Train RL Time: 0.4 min | Mean Rewards: -509.90 | Current Best: -363.77
[33m11:37:18 [rigid_object.py] WARNING: The function 'set_external_force_and_torque' will be deprecated in a future release. Please use 'permanent_wrench_composer.set_forces_and_torques' instead.[0m
Agent Steps: 0050M | FPS: 18687.7 | Last FPS: 18881.9 | Collect Time: 44.6 min | Train RL Time: 0.4 min | Mean Rewards: -533.95 | Current Best: -363.77
Agent Steps: 0050M | FPS: 18687.8 | Last FPS: 18781.2 | Collect Time: 44.6 min | Train RL Time: 0.4 min | Mean Rewards: -487.18 | Current Best: -363.77
Agent Steps: 0050M | FPS: 18687.9 | Last FPS: 18880.4 | Collect Time: 44.7 min | Train RL Time: 0.4 min | Mean Rewards: -520.62 | Current Best: -363.77
[33m11:37:23 [rigid_object.py] WARNING: The function 'set_external_force_and_torque' will be deprecated in a future release. Please use 'permanent_wrench_composer.set_forces_and_torques' instead.[0m
Agent Steps: 0050M | FPS: 18687.9 | Last FPS: 18751.2 | Collect Time: 44.7 min | Train RL Time: 0.4 min | Mean Rewards: -503.47 | Current Best: -363.77
Agent Steps: 0050M | FPS: 18688.0 | Last FPS: 18752.4 | Collect Time: 44.7 min | Train RL Time: 0.4 min | Mean Rewards: -499.87 | Current Best: -363.77
[33m11:37:28 [rigid_object.py] WARNING: The function 'set_external_force_and_torque' will be deprecated in a future release. Please use 'permanent_wrench_composer.set_forces_and_torques' instead.[0m
Agent Steps: 0050M | FPS: 18687.7 | Last FPS: 18253.4 | Collect Time: 44.7 min | Train RL Time: 0.4 min | Mean Rewards: -531.68 | Current Best: -363.77
Agent Steps: 0050M | FPS: 18687.6 | Last FPS: 18536.9 | Collect Time: 44.8 min | Train RL Time: 0.4 min | Mean Rewards: -525.89 | Current Best: -363.77
Agent Steps: 0050M | FPS: 18687.5 | Last FPS: 18508.9 | Collect Time: 44.8 min | Train RL Time: 0.4 min | Mean Rewards: -501.67 | Current Best: -363.77
[33m11:37:33 [rigid_object.py] WARNING: The function 'set_external_force_and_torque' will be deprecated in a future release. Please use 'permanent_wrench_composer.set_forces_and_torques' instead.[0m
Agent Steps: 0050M | FPS: 18687.5 | Last FPS: 18743.8 | Collect Time: 44.8 min | Train RL Time: 0.4 min | Mean Rewards: -492.03 | Current Best: -363.77
Agent Steps: 0050M | FPS: 18687.7 | Last FPS: 18969.9 | Collect Time: 44.9 min | Train RL Time: 0.4 min | Mean Rewards: -516.78 | Current Best: -363.77
Agent Steps: 0050M | FPS: 18687.7 | Last FPS: 18713.2 | Collect Time: 44.9 min | Train RL Time: 0.4 min | Mean Rewards: -504.49 | Current Best: -363.77
[33m11:37:38 [rigid_object.py] WARNING: The function 'set_external_force_and_torque' will be deprecated in a future release. Please use 'permanent_wrench_composer.set_forces_and_torques' instead.[0m
[gravity schedule] step=12400 target_z=-1.9620 actual_z=-1.9537
Agent Steps: 0050M | FPS: 18687.8 | Last FPS: 18868.9 | Collect Time: 44.9 min | Train RL Time: 0.4 min | Mean Rewards: -512.47 | Current Best: -363.77
Agent Steps: 0050M | FPS: 18687.8 | Last FPS: 18608.3 | Collect Time: 44.9 min | Train RL Time: 0.4 min | Mean Rewards: -505.93 | Current Best: -363.77
Agent Steps: 0050M | FPS: 18687.8 | Last FPS: 18723.8 | Collect Time: 45.0 min | Train RL Time: 0.4 min | Mean Rewards: -509.00 | Current Best: -363.77
[33m11:37:43 [rigid_object.py] WARNING: The function 'set_external_force_and_torque' will be deprecated in a future release. Please use 'permanent_wrench_composer.set_forces_and_torques' instead.[0m
